{
"type": "FeatureCollection",
"name": "corridor_streets",
"crs": { "type": "name", "properties": { "name": "urn:ogc:def:crs:OGC:1.3:CRS84" } },
"features": [
{ "type": "Feature", "properties": { "Street": "MORRIS AVENUE", "FeatureTyp": "0", "NonPed": " ", "TrafDir": "W", "SegmentID": "0173490", "PhysicalID": 172965.0, "StreetWidth_Min": 30.0, "StreetWidth_Max": 30.0, "Snow_Priority": "C", "Number_Travel_Lanes": " 2", "Number_Park_Lanes": "  ", "TRUCK_ROUTE_TYPE": " " }, "geometry": { "type": "MultiLineString", "coordinates": [ [ [ -73.926706694995033, 40.811608546872115 ], [ -73.92670437720345, 40.811629878483018 ], [ -73.926704265508249, 40.811716868287043 ] ] ] } },
{ "type": "Feature", "properties": { "Street": "EAST 135 STREET", "FeatureTyp": "0", "NonPed": " ", "TrafDir": "A", "SegmentID": "0069588", "PhysicalID": 57301.0, "StreetWidth_Min": 26.0, "StreetWidth_Max": 30.0, "Snow_Priority": "C", "Number_Travel_Lanes": " 1", "Number_Park_Lanes": " 1", "TRUCK_ROUTE_TYPE": "3" }, "geometry": { "type": "MultiLineString", "coordinates": [ [ [ -73.930865475512675, 40.810864093754802 ], [ -73.930480445931423, 40.810529122095119 ] ] ] } },
{ "type": "Feature", "properties": { "Street": "EAST 138 STREET", "FeatureTyp": "0", "NonPed": " ", "TrafDir": "T", "SegmentID": "0173418", "PhysicalID": 57250.0, "StreetWidth_Min": 104.0, "StreetWidth_Max": 104.0, "Snow_Priority": "C", "Number_Travel_Lanes": " 6", "Number_Park_Lanes": " 2", "TRUCK_ROUTE_TYPE": "2" }, "geometry": { "type": "MultiLineString", "coordinates": [ [ [ -73.930396051155768, 40.813303747299081 ], [ -73.930278126576425, 40.813248024611269 ] ] ] } },
{ "type": "Feature", "properties": { "Street": "LINCOLN AVENUE", "FeatureTyp": "0", "NonPed": " ", "TrafDir": "T", "SegmentID": "0069568", "PhysicalID": 58234.0, "StreetWidth_Min": 28.0, "StreetWidth_Max": 92.0, "Snow_Priority": "H", "Number_Travel_Lanes": " 1", "Number_Park_Lanes": " 1", "TRUCK_ROUTE_TYPE": " " }, "geometry": { "type": "MultiLineString", "coordinates": [ [ [ -73.930136633805233, 40.806760140121192 ], [ -73.930031353674423, 40.807048109352287 ] ] ] } },
{ "type": "Feature", "properties": { "Street": "LINCOLN AVENUE", "FeatureTyp": "0", "NonPed": " ", "TrafDir": "T", "SegmentID": "0069568", "PhysicalID": 58234.0, "StreetWidth_Min": 28.0, "StreetWidth_Max": 92.0, "Snow_Priority": "H", "Number_Travel_Lanes": " 1", "Number_Park_Lanes": " 1", "TRUCK_ROUTE_TYPE": " " }, "geometry": { "type": "MultiLineString", "coordinates": [ [ [ -73.930136633805233, 40.806760140121192 ], [ -73.930031353674423, 40.807048109352287 ] ] ] } },
{ "type": "Feature", "properties": { "Street": "EAST 147 STREET", "FeatureTyp": "0", "NonPed": " ", "TrafDir": "A", "SegmentID": "9001789", "PhysicalID": 60941.0, "StreetWidth_Min": 34.0, "StreetWidth_Max": 34.0, "Snow_Priority": "C", "Number_Travel_Lanes": " 1", "Number_Park_Lanes": " 2", "TRUCK_ROUTE_TYPE": " " }, "geometry": { "type": "MultiLineString", "coordinates": [ [ [ -73.91571885041887, 40.813615736542893 ], [ -73.913796427237202, 40.812980314509701 ] ] ] } },
{ "type": "Feature", "properties": { "Street": "EAST 147 STREET", "FeatureTyp": "0", "NonPed": " ", "TrafDir": "A", "SegmentID": "9001789", "PhysicalID": 60941.0, "StreetWidth_Min": 34.0, "StreetWidth_Max": 34.0, "Snow_Priority": "C", "Number_Travel_Lanes": " 1", "Number_Park_Lanes": " 2", "TRUCK_ROUTE_TYPE": " " }, "geometry": { "type": "MultiLineString", "coordinates": [ [ [ -73.91571885041887, 40.813615736542893 ], [ -73.913796427237202, 40.812980314509701 ] ] ] } },
{ "type": "Feature", "properties": { "Street": "WILLIS AVENUE", "FeatureTyp": "0", "NonPed": " ", "TrafDir": "T", "SegmentID": "0069921", "PhysicalID": 62168.0, "StreetWidth_Min": 64.0, "StreetWidth_Max": 64.0, "Snow_Priority": "C", "Number_Travel_Lanes": " 4", "Number_Park_Lanes": " 2", "TRUCK_ROUTE_TYPE": "2" }, "geometry": { "type": "MultiLineString", "coordinates": [ [ [ -73.922886298233593, 40.809105863935592 ], [ -73.922399454864745, 40.809780514853756 ] ] ] } },
{ "type": "Feature", "properties": { "Street": "EAST 141 STREET", "FeatureTyp": "0", "NonPed": " ", "TrafDir": "T", "SegmentID": "0070161", "PhysicalID": 59717.0, "StreetWidth_Min": 42.0, "StreetWidth_Max": 44.0, "Snow_Priority": "S", "Number_Travel_Lanes": " 2", "Number_Park_Lanes": " 2", "TRUCK_ROUTE_TYPE": " " }, "geometry": { "type": "MultiLineString", "coordinates": [ [ [ -73.91618405399683, 40.808789298694705 ], [ -73.915391993865398, 40.808453383407219 ] ] ] } },
{ "type": "Feature", "properties": { "Street": "EAST 135 STREET", "FeatureTyp": "0", "NonPed": " ", "TrafDir": "A", "SegmentID": "0173486", "PhysicalID": 146360.0, "StreetWidth_Min": 50.0, "StreetWidth_Max": 50.0, "Snow_Priority": "C", "Number_Travel_Lanes": " 4", "Number_Park_Lanes": "  ", "TRUCK_ROUTE_TYPE": "3" }, "geometry": { "type": "MultiLineString", "coordinates": [ [ [ -73.924763132778892, 40.807389403315348 ], [ -73.924279807978365, 40.807186717759876 ] ] ] } },
{ "type": "Feature", "properties": { "Street": "EAST 135 STREET", "FeatureTyp": "0", "NonPed": " ", "TrafDir": "A", "SegmentID": "9008557", "PhysicalID": 57313.0, "StreetWidth_Min": 48.0, "StreetWidth_Max": 50.0, "Snow_Priority": "C", "Number_Travel_Lanes": " 2", "Number_Park_Lanes": " 2", "TRUCK_ROUTE_TYPE": " " }, "geometry": { "type": "MultiLineString", "coordinates": [ [ [ -73.917089952722179, 40.804190278864652 ], [ -73.915877122982351, 40.803688659416196 ] ] ] } },
{ "type": "Feature", "properties": { "Street": "EAST 135 STREET", "FeatureTyp": "0", "NonPed": " ", "TrafDir": "A", "SegmentID": "9008557", "PhysicalID": 57313.0, "StreetWidth_Min": 48.0, "StreetWidth_Max": 50.0, "Snow_Priority": "C", "Number_Travel_Lanes": " 2", "Number_Park_Lanes": " 2", "TRUCK_ROUTE_TYPE": " " }, "geometry": { "type": "MultiLineString", "coordinates": [ [ [ -73.917089952722179, 40.804190278864652 ], [ -73.915877122982351, 40.803688659416196 ] ] ] } },
{ "type": "Feature", "properties": { "Street": "3 AVENUE", "FeatureTyp": "0", "NonPed": " ", "TrafDir": "T", "SegmentID": "9002355", "PhysicalID": 36009.0, "StreetWidth_Min": 58.0, "StreetWidth_Max": 58.0, "Snow_Priority": "C", "Number_Travel_Lanes": " 2", "Number_Park_Lanes": " 2", "TRUCK_ROUTE_TYPE": "2" }, "geometry": { "type": "MultiLineString", "coordinates": [ [ [ -73.926387382958538, 40.811483603189735 ], [ -73.925698417055315, 40.8118609023538 ] ] ] } },
{ "type": "Feature", "properties": { "Street": "EAST 133 STREET", "FeatureTyp": "0", "NonPed": " ", "TrafDir": "W", "SegmentID": "0070119", "PhysicalID": 62305.0, "StreetWidth_Min": 32.0, "StreetWidth_Max": 34.0, "Snow_Priority": "C", "Number_Travel_Lanes": " 2", "Number_Park_Lanes": " 2", "TRUCK_ROUTE_TYPE": " " }, "geometry": { "type": "MultiLineString", "coordinates": [ [ [ -73.916129042479312, 40.802024360325717 ], [ -73.913706661895262, 40.801000262341482 ] ] ] } },
{ "type": "Feature", "properties": { "Street": "EAST 132 STREET", "FeatureTyp": "W", "NonPed": " ", "TrafDir": "P", "SegmentID": "0069571", "PhysicalID": 62382.0, "StreetWidth_Min": null, "StreetWidth_Max": null, "Snow_Priority": " ", "Number_Travel_Lanes": "  ", "Number_Park_Lanes": "  ", "TRUCK_ROUTE_TYPE": " " }, "geometry": { "type": "MultiLineString", "coordinates": [ [ [ -73.930031353674423, 40.807048109352287 ], [ -73.92798051368267, 40.806162421870994 ] ] ] } },
{ "type": "Feature", "properties": { "Street": "EAST 140 STREET", "FeatureTyp": "0", "NonPed": " ", "TrafDir": "W", "SegmentID": "0069926", "PhysicalID": 62405.0, "StreetWidth_Min": 30.0, "StreetWidth_Max": 30.0, "Snow_Priority": "C", "Number_Travel_Lanes": " 1", "Number_Park_Lanes": " 2", "TRUCK_ROUTE_TYPE": " " }, "geometry": { "type": "MultiLineString", "coordinates": [ [ [ -73.921949720483013, 40.81040559820979 ], [ -73.918431646825226, 40.808923662166464 ] ] ] } },
{ "type": "Feature", "properties": { "Street": "EAST 140 STREET", "FeatureTyp": "0", "NonPed": " ", "TrafDir": "W", "SegmentID": "0069926", "PhysicalID": 62405.0, "StreetWidth_Min": 30.0, "StreetWidth_Max": 30.0, "Snow_Priority": "C", "Number_Travel_Lanes": " 1", "Number_Park_Lanes": " 2", "TRUCK_ROUTE_TYPE": " " }, "geometry": { "type": "MultiLineString", "coordinates": [ [ [ -73.921949720483013, 40.81040559820979 ], [ -73.918431646825226, 40.808923662166464 ] ] ] } },
{ "type": "Feature", "properties": { "Street": "EAST 140 STREET", "FeatureTyp": "0", "NonPed": " ", "TrafDir": "W", "SegmentID": "0069926", "PhysicalID": 62405.0, "StreetWidth_Min": 30.0, "StreetWidth_Max": 30.0, "Snow_Priority": "C", "Number_Travel_Lanes": " 1", "Number_Park_Lanes": " 2", "TRUCK_ROUTE_TYPE": " " }, "geometry": { "type": "MultiLineString", "coordinates": [ [ [ -73.921949720483013, 40.81040559820979 ], [ -73.918431646825226, 40.808923662166464 ] ] ] } },
{ "type": "Feature", "properties": { "Street": "EAST 140 STREET", "FeatureTyp": "0", "NonPed": " ", "TrafDir": "W", "SegmentID": "0069926", "PhysicalID": 62405.0, "StreetWidth_Min": 30.0, "StreetWidth_Max": 30.0, "Snow_Priority": "C", "Number_Travel_Lanes": " 1", "Number_Park_Lanes": " 2", "TRUCK_ROUTE_TYPE": " " }, "geometry": { "type": "MultiLineString", "coordinates": [ [ [ -73.921949720483013, 40.81040559820979 ], [ -73.918431646825226, 40.808923662166464 ] ] ] } },
{ "type": "Feature", "properties": { "Street": "EAST 140 STREET", "FeatureTyp": "0", "NonPed": " ", "TrafDir": "W", "SegmentID": "0069926", "PhysicalID": 62405.0, "StreetWidth_Min": 30.0, "StreetWidth_Max": 30.0, "Snow_Priority": "C", "Number_Travel_Lanes": " 1", "Number_Park_Lanes": " 2", "TRUCK_ROUTE_TYPE": " " }, "geometry": { "type": "MultiLineString", "coordinates": [ [ [ -73.921949720483013, 40.81040559820979 ], [ -73.918431646825226, 40.808923662166464 ] ] ] } },
{ "type": "Feature", "properties": { "Street": "EAST 140 STREET", "FeatureTyp": "0", "NonPed": " ", "TrafDir": "W", "SegmentID": "0069926", "PhysicalID": 62405.0, "StreetWidth_Min": 30.0, "StreetWidth_Max": 30.0, "Snow_Priority": "C", "Number_Travel_Lanes": " 1", "Number_Park_Lanes": " 2", "TRUCK_ROUTE_TYPE": " " }, "geometry": { "type": "MultiLineString", "coordinates": [ [ [ -73.921949720483013, 40.81040559820979 ], [ -73.918431646825226, 40.808923662166464 ] ] ] } },
{ "type": "Feature", "properties": { "Street": "EAST 140 STREET", "FeatureTyp": "0", "NonPed": " ", "TrafDir": "W", "SegmentID": "0069926", "PhysicalID": 62405.0, "StreetWidth_Min": 30.0, "StreetWidth_Max": 30.0, "Snow_Priority": "C", "Number_Travel_Lanes": " 1", "Number_Park_Lanes": " 2", "TRUCK_ROUTE_TYPE": " " }, "geometry": { "type": "MultiLineString", "coordinates": [ [ [ -73.921949720483013, 40.81040559820979 ], [ -73.918431646825226, 40.808923662166464 ] ] ] } },
{ "type": "Feature", "properties": { "Street": "LINCOLN AVENUE", "FeatureTyp": "0", "NonPed": " ", "TrafDir": "T", "SegmentID": "0185959", "PhysicalID": 58239.0, "StreetWidth_Min": 58.0, "StreetWidth_Max": 58.0, "Snow_Priority": "C", "Number_Travel_Lanes": " 4", "Number_Park_Lanes": "  ", "TRUCK_ROUTE_TYPE": " " }, "geometry": { "type": "MultiLineString", "coordinates": [ [ [ -73.92869784659274, 40.808849729823798 ], [ -73.928656234457819, 40.808906696629101 ] ] ] } },
{ "type": "Feature", "properties": { "Street": "ALEXANDER AVENUE", "FeatureTyp": "0", "NonPed": " ", "TrafDir": "T", "SegmentID": "0069778", "PhysicalID": 63163.0, "StreetWidth_Min": 62.0, "StreetWidth_Max": 62.0, "Snow_Priority": "C", "Number_Travel_Lanes": " 2", "Number_Park_Lanes": " 2", "TRUCK_ROUTE_TYPE": " " }, "geometry": { "type": "MultiLineString", "coordinates": [ [ [ -73.925142339823466, 40.810053211821234 ], [ -73.924648081271968, 40.810728141503937 ] ] ] } },
{ "type": "Feature", "properties": { "Street": "RIDER AVENUE", "FeatureTyp": "0", "NonPed": " ", "TrafDir": "T", "SegmentID": "0069611", "PhysicalID": 62447.0, "StreetWidth_Min": 30.0, "StreetWidth_Max": 30.0, "Snow_Priority": "S", "Number_Travel_Lanes": " 2", "Number_Park_Lanes": " 2", "TRUCK_ROUTE_TYPE": " " }, "geometry": { "type": "MultiLineString", "coordinates": [ [ [ -73.928900705864848, 40.811149474826351 ], [ -73.92812468376728, 40.811724565072211 ] ] ] } },
{ "type": "Feature", "properties": { "Street": "LINCOLN AVENUE", "FeatureTyp": "0", "NonPed": " ", "TrafDir": "T", "SegmentID": "0069766", "PhysicalID": 58241.0, "StreetWidth_Min": 62.0, "StreetWidth_Max": 64.0, "Snow_Priority": "C", "Number_Travel_Lanes": " 4", "Number_Park_Lanes": " 2", "TRUCK_ROUTE_TYPE": " " }, "geometry": { "type": "MultiLineString", "coordinates": [ [ [ -73.928556021368493, 40.809046238920402 ], [ -73.928134623206603, 40.809621557138009 ] ] ] } },
{ "type": "Feature", "properties": { "Street": "3 AVENUE", "FeatureTyp": "0", "NonPed": " ", "TrafDir": "T", "SegmentID": "9008567", "PhysicalID": 36007.0, "StreetWidth_Min": 50.0, "StreetWidth_Max": 50.0, "Snow_Priority": "C", "Number_Travel_Lanes": " 2", "Number_Park_Lanes": " 2", "TRUCK_ROUTE_TYPE": "2" }, "geometry": { "type": "MultiLineString", "coordinates": [ [ [ -73.924522498383197, 40.812467007698586 ], [ -73.924165665306262, 40.812650937291998 ] ] ] } },
{ "type": "Feature", "properties": { "Street": "EAST 139 STREET", "FeatureTyp": "0", "NonPed": " ", "TrafDir": "A", "SegmentID": "0069918", "PhysicalID": 63203.0, "StreetWidth_Min": 32.0, "StreetWidth_Max": 34.0, "Snow_Priority": "C", "Number_Travel_Lanes": " 1", "Number_Park_Lanes": " 2", "TRUCK_ROUTE_TYPE": " " }, "geometry": { "type": "MultiLineString", "coordinates": [ [ [ -73.924648081271968, 40.810728141503937 ], [ -73.922399454864745, 40.809780514853756 ] ] ] } },
{ "type": "Feature", "properties": { "Street": "EAST 139 STREET", "FeatureTyp": "0", "NonPed": " ", "TrafDir": "A", "SegmentID": "0069918", "PhysicalID": 63203.0, "StreetWidth_Min": 32.0, "StreetWidth_Max": 34.0, "Snow_Priority": "C", "Number_Travel_Lanes": " 1", "Number_Park_Lanes": " 2", "TRUCK_ROUTE_TYPE": " " }, "geometry": { "type": "MultiLineString", "coordinates": [ [ [ -73.924648081271968, 40.810728141503937 ], [ -73.922399454864745, 40.809780514853756 ] ] ] } },
{ "type": "Feature", "properties": { "Street": "ALEXANDER AVENUE", "FeatureTyp": "0", "NonPed": " ", "TrafDir": "T", "SegmentID": "0069917", "PhysicalID": 63172.0, "StreetWidth_Min": 62.0, "StreetWidth_Max": 62.0, "Snow_Priority": "C", "Number_Travel_Lanes": " 2", "Number_Park_Lanes": " 2", "TRUCK_ROUTE_TYPE": " " }, "geometry": { "type": "MultiLineString", "coordinates": [ [ [ -73.924648081271968, 40.810728141503937 ], [ -73.924190413082584, 40.811349716161693 ] ] ] } },
{ "type": "Feature", "properties": { "Street": "EAST 135 STREET", "FeatureTyp": "0", "NonPed": " ", "TrafDir": "A", "SegmentID": "9008564", "PhysicalID": 151184.0, "StreetWidth_Min": 48.0, "StreetWidth_Max": 52.0, "Snow_Priority": "C", "Number_Travel_Lanes": " 2", "Number_Park_Lanes": " 2", "TRUCK_ROUTE_TYPE": " " }, "geometry": { "type": "MultiLineString", "coordinates": [ [ [ -73.919751380101175, 40.805292490322493 ], [ -73.91881906860047, 40.8049053883691 ] ] ] } },
{ "type": "Feature", "properties": { "Street": "WILLIS AVENUE", "FeatureTyp": "0", "NonPed": " ", "TrafDir": "T", "SegmentID": "9004591", "PhysicalID": 169020.0, "StreetWidth_Min": 70.0, "StreetWidth_Max": 70.0, "Snow_Priority": "C", "Number_Travel_Lanes": " 4", "Number_Park_Lanes": " 2", "TRUCK_ROUTE_TYPE": "2" }, "geometry": { "type": "MultiLineString", "coordinates": [ [ [ -73.923972365068863, 40.807619106562555 ], [ -73.923837115871578, 40.807809318936172 ] ] ] } },
{ "type": "Feature", "properties": { "Street": "EAST 135 STREET", "FeatureTyp": "0", "NonPed": " ", "TrafDir": "A", "SegmentID": "0069912", "PhysicalID": 57310.0, "StreetWidth_Min": 28.0, "StreetWidth_Max": 32.0, "Snow_Priority": "C", "Number_Travel_Lanes": " 2", "Number_Park_Lanes": " 1", "TRUCK_ROUTE_TYPE": " " }, "geometry": { "type": "MultiLineString", "coordinates": [ [ [ -73.922693898030772, 40.806495100045645 ], [ -73.921448636774059, 40.805988700162636 ] ] ] } },
{ "type": "Feature", "properties": { "Street": "MAJOR DEEGAN EXPWY NB ET 2", "FeatureTyp": "0", "NonPed": "V", "TrafDir": "W", "SegmentID": "0173536", "PhysicalID": null, "StreetWidth_Min": null, "StreetWidth_Max": null, "Snow_Priority": "C", "Number_Travel_Lanes": "  ", "Number_Park_Lanes": "  ", "TRUCK_ROUTE_TYPE": " " }, "geometry": { "type": "MultiLineString", "coordinates": [ [ [ -73.921242960255697, 40.805529747101609 ], [ -73.921419327947376, 40.805688706380458 ] ] ] } },
{ "type": "Feature", "properties": { "Street": "ALEXANDER AVENUE", "FeatureTyp": "0", "NonPed": " ", "TrafDir": "T", "SegmentID": "0069756", "PhysicalID": 63170.0, "StreetWidth_Min": 46.0, "StreetWidth_Max": 50.0, "Snow_Priority": "C", "Number_Travel_Lanes": " 2", "Number_Park_Lanes": " 2", "TRUCK_ROUTE_TYPE": " " }, "geometry": { "type": "MultiLineString", "coordinates": [ [ [ -73.927491454078719, 40.806839380085066 ], [ -73.927004230202215, 40.807507953832136 ] ] ] } },
{ "type": "Feature", "properties": { "Street": "ST ANNS AVENUE", "FeatureTyp": "0", "NonPed": " ", "TrafDir": "T", "SegmentID": "0070008", "PhysicalID": 59544.0, "StreetWidth_Min": 50.0, "StreetWidth_Max": 52.0, "Snow_Priority": "C", "Number_Travel_Lanes": " 2", "Number_Park_Lanes": " 2", "TRUCK_ROUTE_TYPE": " " }, "geometry": { "type": "MultiLineString", "coordinates": [ [ [ -73.919780188757329, 40.803592305871312 ], [ -73.919290035122842, 40.804257369438815 ] ] ] } },
{ "type": "Feature", "properties": { "Street": "ST ANNS AVENUE", "FeatureTyp": "0", "NonPed": " ", "TrafDir": "T", "SegmentID": "0120953", "PhysicalID": 59543.0, "StreetWidth_Min": 50.0, "StreetWidth_Max": 52.0, "Snow_Priority": "C", "Number_Travel_Lanes": " 2", "Number_Park_Lanes": " 2", "TRUCK_ROUTE_TYPE": " " }, "geometry": { "type": "MultiLineString", "coordinates": [ [ [ -73.919290035122842, 40.804257369438815 ], [ -73.919162734401183, 40.804436812243125 ] ] ] } },
{ "type": "Feature", "properties": { "Street": "EAST 146 STREET", "FeatureTyp": "0", "NonPed": " ", "TrafDir": "W", "SegmentID": "9005063", "PhysicalID": 65902.0, "StreetWidth_Min": 30.0, "StreetWidth_Max": 30.0, "Snow_Priority": "C", "Number_Travel_Lanes": " 1", "Number_Park_Lanes": " 2", "TRUCK_ROUTE_TYPE": " " }, "geometry": { "type": "MultiLineString", "coordinates": [ [ [ -73.918895908279993, 40.814006787526665 ], [ -73.91870169816292, 40.813919328512391 ], [ -73.918194214747473, 40.813705668961475 ], [ -73.91780276600133, 40.81355197265448 ] ] ] } },
{ "type": "Feature", "properties": { "Street": "3 AVENUE", "FeatureTyp": "0", "NonPed": " ", "TrafDir": "A", "SegmentID": "0144360", "PhysicalID": 66025.0, "StreetWidth_Min": null, "StreetWidth_Max": 20.0, "Snow_Priority": "C", "Number_Travel_Lanes": "  ", "Number_Park_Lanes": "  ", "TRUCK_ROUTE_TYPE": "2" }, "geometry": { "type": "MultiLineString", "coordinates": [ [ [ -73.929627648758185, 40.80941867746936 ], [ -73.929526621055942, 40.809489836399777 ] ] ] } },
{ "type": "Feature", "properties": { "Street": "MAJOR DEEGAN EXPRESSWAY", "FeatureTyp": "0", "NonPed": "V", "TrafDir": "T", "SegmentID": "0173387", "PhysicalID": null, "StreetWidth_Min": null, "StreetWidth_Max": null, "Snow_Priority": "C", "Number_Travel_Lanes": "  ", "Number_Park_Lanes": "  ", "TRUCK_ROUTE_TYPE": " " }, "geometry": { "type": "MultiLineString", "coordinates": [ [ [ -73.929364932468872, 40.809442515025431 ], [ -73.929480202994313, 40.809530393148762 ] ] ] } },
{ "type": "Feature", "properties": { "Street": "LINCOLN AVENUE", "FeatureTyp": "0", "NonPed": " ", "TrafDir": "T", "SegmentID": "0173369", "PhysicalID": 58240.0, "StreetWidth_Min": 58.0, "StreetWidth_Max": 58.0, "Snow_Priority": "C", "Number_Travel_Lanes": " 4", "Number_Park_Lanes": "  ", "TRUCK_ROUTE_TYPE": " " }, "geometry": { "type": "MultiLineString", "coordinates": [ [ [ -73.928619777687302, 40.808951987261146 ], [ -73.928556021368493, 40.809046238920402 ] ] ] } },
{ "type": "Feature", "properties": { "Street": "GRAND CONCOURSE", "FeatureTyp": "0", "NonPed": " ", "TrafDir": "W", "SegmentID": "0173423", "PhysicalID": 35625.0, "StreetWidth_Min": 32.0, "StreetWidth_Max": 32.0, "Snow_Priority": "C", "Number_Travel_Lanes": " 1", "Number_Park_Lanes": " 2", "TRUCK_ROUTE_TYPE": " " }, "geometry": { "type": "MultiLineString", "coordinates": [ [ [ -73.929880996945187, 40.813040704367097 ], [ -73.928918123438834, 40.814493672264163 ] ] ] } },
{ "type": "Feature", "properties": { "Street": "EAST 138 STREET", "FeatureTyp": "0", "NonPed": " ", "TrafDir": "T", "SegmentID": "0116337", "PhysicalID": 57261.0, "StreetWidth_Min": 68.0, "StreetWidth_Max": 68.0, "Snow_Priority": "C", "Number_Travel_Lanes": " 4", "Number_Park_Lanes": "  ", "TRUCK_ROUTE_TYPE": "2" }, "geometry": { "type": "MultiLineString", "coordinates": [ [ [ -73.927294323716865, 40.811079651804008 ], [ -73.927142998495341, 40.810949808818982 ] ] ] } },
{ "type": "Feature", "properties": { "Street": "ST ANNS PLACE", "FeatureTyp": "0", "NonPed": " ", "TrafDir": "T", "SegmentID": "0173554", "PhysicalID": 71920.0, "StreetWidth_Min": 44.0, "StreetWidth_Max": 44.0, "Snow_Priority": "V", "Number_Travel_Lanes": " 2", "Number_Park_Lanes": "  ", "TRUCK_ROUTE_TYPE": " " }, "geometry": { "type": "MultiLineString", "coordinates": [ [ [ -73.918872370346236, 40.803274253344632 ], [ -73.918830962391681, 40.803334206906726 ] ] ] } },
{ "type": "Feature", "properties": { "Street": "BRUCKNER BOULEVARD", "FeatureTyp": "0", "NonPed": " ", "TrafDir": "A", "SegmentID": "0154678", "PhysicalID": 206030.0, "StreetWidth_Min": 22.0, "StreetWidth_Max": 24.0, "Snow_Priority": "H", "Number_Travel_Lanes": " 1", "Number_Park_Lanes": "  ", "TRUCK_ROUTE_TYPE": "2" }, "geometry": { "type": "MultiLineString", "coordinates": [ [ [ -73.929643006356144, 40.807839969258133 ], [ -73.929545032974104, 40.807704105394542 ] ] ] } },
{ "type": "Feature", "properties": { "Street": "CYPRESS PLACE", "FeatureTyp": "0", "NonPed": " ", "TrafDir": "W", "SegmentID": "0187242", "PhysicalID": 165134.0, "StreetWidth_Min": 28.0, "StreetWidth_Max": 42.0, "Snow_Priority": "S", "Number_Travel_Lanes": " 1", "Number_Park_Lanes": " 2", "TRUCK_ROUTE_TYPE": " " }, "geometry": { "type": "MultiLineString", "coordinates": [ [ [ -73.918257273288418, 40.802933160336252 ], [ -73.918149637629853, 40.803056560444702 ] ] ] } },
{ "type": "Feature", "properties": { "Street": "BRUCKNER EXPRESSWAY", "FeatureTyp": "0", "NonPed": "V", "TrafDir": "W", "SegmentID": "0070127", "PhysicalID": 40955.0, "StreetWidth_Min": 26.0, "StreetWidth_Max": 44.0, "Snow_Priority": "C", "Number_Travel_Lanes": " 2", "Number_Park_Lanes": "  ", "TRUCK_ROUTE_TYPE": "3" }, "geometry": { "type": "MultiLineString", "coordinates": [ [ [ -73.916413578285116, 40.802208610298678 ], [ -73.916347908838603, 40.802287442250311 ], [ -73.916278744590542, 40.802364529116062 ], [ -73.916206165763114, 40.802439781471385 ], [ -73.916130256540143, 40.802513112019426 ], [ -73.916051104969924, 40.802584435692587 ], [ -73.91596880286292, 40.802653669751045 ], [ -73.915883445685395, 40.802720733878822 ], [ -73.915795132581962, 40.802785550278919 ], [ -73.915703965860359, 40.802848043761152 ], [ -73.915610051272978, 40.802908141828375 ], [ -73.915513497760784, 40.802965774762129 ], [ -73.915414417327113, 40.80302087570351 ], [ -73.915312924907681, 40.803073380730858 ], [ -73.915209138237074, 40.803123228933693 ] ] ] } },
{ "type": "Feature", "properties": { "Street": "BRUCKNER BOULEVARD", "FeatureTyp": "0", "NonPed": " ", "TrafDir": "W", "SegmentID": "0189373", "PhysicalID": 41458.0, "StreetWidth_Min": 34.0, "StreetWidth_Max": 34.0, "Snow_Priority": "C", "Number_Travel_Lanes": " 2", "Number_Park_Lanes": " 1", "TRUCK_ROUTE_TYPE": " " }, "geometry": { "type": "MultiLineString", "coordinates": [ [ [ -73.915609110336334, 40.802669134512826 ], [ -73.91509509255286, 40.802896547463419 ] ] ] } },
{ "type": "Feature", "properties": { "Street": "BRUCKNER EXPRESSWAY EB EXIT 48", "FeatureTyp": "0", "NonPed": "V", "TrafDir": "W", "SegmentID": "0138574", "PhysicalID": 137463.0, "StreetWidth_Min": 20.0, "StreetWidth_Max": 20.0, "Snow_Priority": "V", "Number_Travel_Lanes": " 1", "Number_Park_Lanes": "  ", "TRUCK_ROUTE_TYPE": "3" }, "geometry": { "type": "MultiLineString", "coordinates": [ [ [ -73.9145178351705, 40.803236527387853 ], [ -73.914043351679894, 40.803355608065594 ] ] ] } },
{ "type": "Feature", "properties": { "Street": "RFK BRIDGE BRONX ENTRANCE RAMP", "FeatureTyp": "0", "NonPed": "V", "TrafDir": "W", "SegmentID": "0138357", "PhysicalID": 73455.0, "StreetWidth_Min": 16.0, "StreetWidth_Max": 20.0, "Snow_Priority": "V", "Number_Travel_Lanes": " 1", "Number_Park_Lanes": "  ", "TRUCK_ROUTE_TYPE": " " }, "geometry": { "type": "MultiLineString", "coordinates": [ [ [ -73.916981493517738, 40.803144329285239 ], [ -73.916774851953576, 40.802878743225854 ] ] ] } },
{ "type": "Feature", "properties": { "Street": "WILLIS AVENUE BRIDGE", "FeatureTyp": "0", "NonPed": " ", "TrafDir": "W", "SegmentID": "0173533", "PhysicalID": 62173.0, "StreetWidth_Min": 40.0, "StreetWidth_Max": 40.0, "Snow_Priority": "C", "Number_Travel_Lanes": " 3", "Number_Park_Lanes": "  ", "TRUCK_ROUTE_TYPE": "3" }, "geometry": { "type": "MultiLineString", "coordinates": [ [ [ -73.924485464014339, 40.806836588961943 ], [ -73.924453300694623, 40.806883615222169 ] ] ] } },
{ "type": "Feature", "properties": { "Street": "BRUCKNER BOULEVARD", "FeatureTyp": "0", "NonPed": "V", "TrafDir": "A", "SegmentID": "0138029", "PhysicalID": 41649.0, "StreetWidth_Min": 26.0, "StreetWidth_Max": 35.0, "Snow_Priority": "C", "Number_Travel_Lanes": " 2", "Number_Park_Lanes": "  ", "TRUCK_ROUTE_TYPE": "2" }, "geometry": { "type": "MultiLineString", "coordinates": [ [ [ -73.915615443741544, 40.803384783903411 ], [ -73.915220269185667, 40.803471984867464 ] ] ] } },
{ "type": "Feature", "properties": { "Street": "BRUCKNER EP EB EN MJR DEEGAN EP", "FeatureTyp": "0", "NonPed": "V", "TrafDir": "W", "SegmentID": "0138028", "PhysicalID": 78895.0, "StreetWidth_Min": 24.0, "StreetWidth_Max": 35.0, "Snow_Priority": "C", "Number_Travel_Lanes": " 2", "Number_Park_Lanes": "  ", "TRUCK_ROUTE_TYPE": "3" }, "geometry": { "type": "MultiLineString", "coordinates": [ [ [ -73.915615443741544, 40.803384783903411 ], [ -73.915210330250773, 40.803386909140087 ] ] ] } },
{ "type": "Feature", "properties": { "Street": "BRUCKNER BOULEVARD", "FeatureTyp": "0", "NonPed": "V", "TrafDir": "A", "SegmentID": "0138026", "PhysicalID": 41650.0, "StreetWidth_Min": 26.0, "StreetWidth_Max": 26.0, "Snow_Priority": "C", "Number_Travel_Lanes": " 2", "Number_Park_Lanes": "  ", "TRUCK_ROUTE_TYPE": "2" }, "geometry": { "type": "MultiLineString", "coordinates": [ [ [ -73.916175448677407, 40.803312062793587 ], [ -73.915615443741544, 40.803384783903411 ] ] ] } },
{ "type": "Feature", "properties": { "Street": "BRUCKNER BOULEVARD", "FeatureTyp": "0", "NonPed": "V", "TrafDir": "A", "SegmentID": "0138025", "PhysicalID": 41651.0, "StreetWidth_Min": 26.0, "StreetWidth_Max": 26.0, "Snow_Priority": "C", "Number_Travel_Lanes": " 2", "Number_Park_Lanes": "  ", "TRUCK_ROUTE_TYPE": "2" }, "geometry": { "type": "MultiLineString", "coordinates": [ [ [ -73.916369981273206, 40.803299002771638 ], [ -73.916175448677407, 40.803312062793587 ] ] ] } },
{ "type": "Feature", "properties": { "Street": "BRUCKNER BOULEVARD", "FeatureTyp": "0", "NonPed": "V", "TrafDir": "A", "SegmentID": "0138024", "PhysicalID": 41652.0, "StreetWidth_Min": 26.0, "StreetWidth_Max": 26.0, "Snow_Priority": "C", "Number_Travel_Lanes": " 2", "Number_Park_Lanes": "  ", "TRUCK_ROUTE_TYPE": "2" }, "geometry": { "type": "MultiLineString", "coordinates": [ [ [ -73.916460277542285, 40.803293773665054 ], [ -73.916369981273206, 40.803299002771638 ] ] ] } },
{ "type": "Feature", "properties": { "Street": "ROBERT F KENNEDY BRIDGE", "FeatureTyp": "0", "NonPed": "V", "TrafDir": "W", "SegmentID": "0140510", "PhysicalID": 78900.0, "StreetWidth_Min": 40.0, "StreetWidth_Max": 42.0, "Snow_Priority": "C", "Number_Travel_Lanes": " 4", "Number_Park_Lanes": "  ", "TRUCK_ROUTE_TYPE": "3" }, "geometry": { "type": "MultiLineString", "coordinates": [ [ [ -73.918774328733534, 40.799085319163638 ], [ -73.918377663063353, 40.799615127844625 ] ] ] } },
{ "type": "Feature", "properties": { "Street": "EAST 147 STREET", "FeatureTyp": "0", "NonPed": " ", "TrafDir": "A", "SegmentID": "9006253", "PhysicalID": 60942.0, "StreetWidth_Min": 32.0, "StreetWidth_Max": 32.0, "Snow_Priority": "C", "Number_Travel_Lanes": " 1", "Number_Park_Lanes": " 2", "TRUCK_ROUTE_TYPE": " " }, "geometry": { "type": "MultiLineString", "coordinates": [ [ [ -73.918538081362115, 40.814684509573787 ], [ -73.917183062435001, 40.814106352820666 ] ] ] } },
{ "type": "Feature", "properties": { "Street": "EAST 147 STREET", "FeatureTyp": "0", "NonPed": " ", "TrafDir": "A", "SegmentID": "9006253", "PhysicalID": 60942.0, "StreetWidth_Min": 32.0, "StreetWidth_Max": 32.0, "Snow_Priority": "C", "Number_Travel_Lanes": " 1", "Number_Park_Lanes": " 2", "TRUCK_ROUTE_TYPE": " " }, "geometry": { "type": "MultiLineString", "coordinates": [ [ [ -73.918538081362115, 40.814684509573787 ], [ -73.917183062435001, 40.814106352820666 ] ] ] } },
{ "type": "Feature", "properties": { "Street": "MAJOR DEEGAN EXPRESSWAY", "FeatureTyp": "0", "NonPed": "V", "TrafDir": "A", "SegmentID": "0138460", "PhysicalID": 50711.0, "StreetWidth_Min": 34.0, "StreetWidth_Max": 36.0, "Snow_Priority": "C", "Number_Travel_Lanes": " 3", "Number_Park_Lanes": "  ", "TRUCK_ROUTE_TYPE": "3" }, "geometry": { "type": "MultiLineString", "coordinates": [ [ [ -73.924167661857467, 40.806633648366429 ], [ -73.924462881489049, 40.806754036440566 ] ] ] } },
{ "type": "Feature", "properties": { "Street": "ROBERT F KENNEDY BRIDGE", "FeatureTyp": "0", "NonPed": "V", "TrafDir": "W", "SegmentID": "0141118", "PhysicalID": 78902.0, "StreetWidth_Min": 40.0, "StreetWidth_Max": 42.0, "Snow_Priority": "C", "Number_Travel_Lanes": " 4", "Number_Park_Lanes": "  ", "TRUCK_ROUTE_TYPE": "3" }, "geometry": { "type": "MultiLineString", "coordinates": [ [ [ -73.918890926488956, 40.798915894507367 ], [ -73.918885900607876, 40.798923044282809 ], [ -73.918885324248848, 40.798923862629835 ], [ -73.918794131336853, 40.79905358374161 ] ] ] } },
{ "type": "Feature", "properties": { "Street": "ROBERT F KENNEDY BRIDGE", "FeatureTyp": "0", "NonPed": "V", "TrafDir": "W", "SegmentID": "0141117", "PhysicalID": 78901.0, "StreetWidth_Min": 40.0, "StreetWidth_Max": 42.0, "Snow_Priority": "C", "Number_Travel_Lanes": " 4", "Number_Park_Lanes": "  ", "TRUCK_ROUTE_TYPE": "3" }, "geometry": { "type": "MultiLineString", "coordinates": [ [ [ -73.918794131336853, 40.79905358374161 ], [ -73.918774328733534, 40.799085319163638 ] ] ] } },
{ "type": "Feature", "properties": { "Street": "BRUCKNER EXPRESSWAY EB EXIT 47", "FeatureTyp": "0", "NonPed": "V", "TrafDir": "W", "SegmentID": "0132813", "PhysicalID": 79210.0, "StreetWidth_Min": 22.0, "StreetWidth_Max": 40.0, "Snow_Priority": "V", "Number_Travel_Lanes": " 2", "Number_Park_Lanes": "  ", "TRUCK_ROUTE_TYPE": "3" }, "geometry": { "type": "MultiLineString", "coordinates": [ [ [ -73.916534360743938, 40.803516115617967 ], [ -73.91672584069984, 40.803639532401824 ], [ -73.916832345311377, 40.803704396367102 ], [ -73.917776816267946, 40.804161184862814 ] ] ] } },
{ "type": "Feature", "properties": { "Street": "BRUCKNER BOULEVARD", "FeatureTyp": "0", "NonPed": "V", "TrafDir": "W", "SegmentID": "0137815", "PhysicalID": 41645.0, "StreetWidth_Min": 24.0, "StreetWidth_Max": 24.0, "Snow_Priority": "C", "Number_Travel_Lanes": " 2", "Number_Park_Lanes": "  ", "TRUCK_ROUTE_TYPE": "3" }, "geometry": { "type": "MultiLineString", "coordinates": [ [ [ -73.917287626035673, 40.803147507610852 ], [ -73.916981493517738, 40.803144329285239 ] ] ] } },
{ "type": "Feature", "properties": { "Street": "BRUCKNER EXPRESSWAY WB EXIT 47", "FeatureTyp": "0", "NonPed": "V", "TrafDir": "W", "SegmentID": "0136796", "PhysicalID": 79438.0, "StreetWidth_Min": 16.0, "StreetWidth_Max": 34.0, "Snow_Priority": "C", "Number_Travel_Lanes": " 2", "Number_Park_Lanes": "  ", "TRUCK_ROUTE_TYPE": "3" }, "geometry": { "type": "MultiLineString", "coordinates": [ [ [ -73.915141660809198, 40.803597089042256 ], [ -73.915325160760702, 40.803591620065198 ], [ -73.915404078734952, 40.803589267586503 ], [ -73.915667305617347, 40.803596907445581 ], [ -73.915928961277359, 40.803620016484565 ], [ -73.916186699115457, 40.803658322377728 ] ] ] } },
{ "type": "Feature", "properties": { "Street": "BROOK AVENUE", "FeatureTyp": "0", "NonPed": " ", "TrafDir": "A", "SegmentID": "0070189", "PhysicalID": 69912.0, "StreetWidth_Min": 42.0, "StreetWidth_Max": 44.0, "Snow_Priority": "C", "Number_Travel_Lanes": " 2", "Number_Park_Lanes": " 2", "TRUCK_ROUTE_TYPE": " " }, "geometry": { "type": "MultiLineString", "coordinates": [ [ [ -73.915340532814895, 40.814269472327375 ], [ -73.91495493657014, 40.81493646612909 ] ] ] } },
{ "type": "Feature", "properties": { "Street": "EAST 138 STREET", "FeatureTyp": "0", "NonPed": " ", "TrafDir": "T", "SegmentID": "9008566", "PhysicalID": 151199.0, "StreetWidth_Min": 50.0, "StreetWidth_Max": 60.0, "Snow_Priority": "C", "Number_Travel_Lanes": " 2", "Number_Park_Lanes": " 2", "TRUCK_ROUTE_TYPE": "2" }, "geometry": { "type": "MultiLineString", "coordinates": [ [ [ -73.92609807160332, 40.810484207655925 ], [ -73.925688756865043, 40.810298472884625 ] ] ] } },
{ "type": "Feature", "properties": { "Street": "EAST 134 STREET", "FeatureTyp": "0", "NonPed": "D", "TrafDir": "W", "SegmentID": "0070010", "PhysicalID": 86978.0, "StreetWidth_Min": 28.0, "StreetWidth_Max": 28.0, "Snow_Priority": "S", "Number_Travel_Lanes": " 1", "Number_Park_Lanes": " 2", "TRUCK_ROUTE_TYPE": " " }, "geometry": { "type": "MultiLineString", "coordinates": [ [ [ -73.919290035122842, 40.804257369438815 ], [ -73.918435186957495, 40.803907212029578 ] ] ] } },
{ "type": "Feature", "properties": { "Street": "WILLIS AVENUE", "FeatureTyp": "0", "NonPed": " ", "TrafDir": "T", "SegmentID": "9002044", "PhysicalID": 62184.0, "StreetWidth_Min": 60.0, "StreetWidth_Max": 60.0, "Snow_Priority": "C", "Number_Travel_Lanes": " 4", "Number_Park_Lanes": " 2", "TRUCK_ROUTE_TYPE": "2" }, "geometry": { "type": "MultiLineString", "coordinates": [ [ [ -73.918983435354505, 40.814439280009744 ], [ -73.918742608495151, 40.814767158038315 ] ] ] } },
{ "type": "Feature", "properties": { "Street": "ST ANNS AVENUE", "FeatureTyp": "0", "NonPed": " ", "TrafDir": "T", "SegmentID": "0070162", "PhysicalID": 59534.0, "StreetWidth_Min": 42.0, "StreetWidth_Max": 42.0, "Snow_Priority": "C", "Number_Travel_Lanes": " 2", "Number_Park_Lanes": " 2", "TRUCK_ROUTE_TYPE": " " }, "geometry": { "type": "MultiLineString", "coordinates": [ [ [ -73.91618405399683, 40.808789298694705 ], [ -73.91563333662306, 40.809696986282901 ] ] ] } },
{ "type": "Feature", "properties": { "Street": "BROWN PLACE", "FeatureTyp": "0", "NonPed": " ", "TrafDir": "T", "SegmentID": "0069893", "PhysicalID": 87839.0, "StreetWidth_Min": 32.0, "StreetWidth_Max": 34.0, "Snow_Priority": "C", "Number_Travel_Lanes": " 2", "Number_Park_Lanes": " 2", "TRUCK_ROUTE_TYPE": " " }, "geometry": { "type": "MultiLineString", "coordinates": [ [ [ -73.922387512666887, 40.804695391629956 ], [ -73.921895199441551, 40.805368254222444 ] ] ] } },
{ "type": "Feature", "properties": { "Street": "RIDER AVENUE", "FeatureTyp": "0", "NonPed": " ", "TrafDir": "W", "SegmentID": "0069812", "PhysicalID": 62443.0, "StreetWidth_Min": 28.0, "StreetWidth_Max": 30.0, "Snow_Priority": "C", "Number_Travel_Lanes": " 1", "Number_Park_Lanes": " 2", "TRUCK_ROUTE_TYPE": " " }, "geometry": { "type": "MultiLineString", "coordinates": [ [ [ -73.925959027119561, 40.814425272436573 ], [ -73.925461768806088, 40.815142927824837 ] ] ] } },
{ "type": "Feature", "properties": { "Street": "BRUCKNER BOULEVARD", "FeatureTyp": "0", "NonPed": " ", "TrafDir": "T", "SegmentID": "0069575", "PhysicalID": 41661.0, "StreetWidth_Min": 68.0, "StreetWidth_Max": 70.0, "Snow_Priority": "C", "Number_Travel_Lanes": " 4", "Number_Park_Lanes": " 2", "TRUCK_ROUTE_TYPE": "2" }, "geometry": { "type": "MultiLineString", "coordinates": [ [ [ -73.929545032974104, 40.807704105394542 ], [ -73.927491454078719, 40.806839380085066 ] ] ] } },
{ "type": "Feature", "properties": { "Street": "BROOK AVENUE", "FeatureTyp": "0", "NonPed": " ", "TrafDir": "A", "SegmentID": "0173561", "PhysicalID": 69927.0, "StreetWidth_Min": 42.0, "StreetWidth_Max": 44.0, "Snow_Priority": "C", "Number_Travel_Lanes": " 2", "Number_Park_Lanes": " 2", "TRUCK_ROUTE_TYPE": " " }, "geometry": { "type": "MultiLineString", "coordinates": [ [ [ -73.920863846586016, 40.805312836388516 ], [ -73.920830855418416, 40.805360405087214 ] ] ] } },
{ "type": "Feature", "properties": { "Street": "EAST 142 STREET", "FeatureTyp": "0", "NonPed": " ", "TrafDir": "W", "SegmentID": "0070168", "PhysicalID": 88116.0, "StreetWidth_Min": 30.0, "StreetWidth_Max": 30.0, "Snow_Priority": "S", "Number_Travel_Lanes": " 1", "Number_Park_Lanes": " 2", "TRUCK_ROUTE_TYPE": " " }, "geometry": { "type": "MultiLineString", "coordinates": [ [ [ -73.917599063090563, 40.810351367670322 ], [ -73.91563333662306, 40.809696986282901 ] ] ] } },
{ "type": "Feature", "properties": { "Street": "EAST 140 STREET", "FeatureTyp": "0", "NonPed": " ", "TrafDir": "T", "SegmentID": "0069919", "PhysicalID": 88123.0, "StreetWidth_Min": 36.0, "StreetWidth_Max": 38.0, "Snow_Priority": "H", "Number_Travel_Lanes": " 2", "Number_Park_Lanes": " 2", "TRUCK_ROUTE_TYPE": " " }, "geometry": { "type": "MultiLineString", "coordinates": [ [ [ -73.924190413082584, 40.811349716161693 ], [ -73.923334991361671, 40.810994633551012 ] ] ] } },
{ "type": "Feature", "properties": { "Street": "ALEXANDER AVENUE", "FeatureTyp": "0", "NonPed": " ", "TrafDir": "T", "SegmentID": "0069920", "PhysicalID": 63173.0, "StreetWidth_Min": 62.0, "StreetWidth_Max": 62.0, "Snow_Priority": "C", "Number_Travel_Lanes": " 2", "Number_Park_Lanes": " 2", "TRUCK_ROUTE_TYPE": " " }, "geometry": { "type": "MultiLineString", "coordinates": [ [ [ -73.924190413082584, 40.811349716161693 ], [ -73.923725462705548, 40.811979019306087 ] ] ] } },
{ "type": "Feature", "properties": { "Street": "ST ANNS AVENUE", "FeatureTyp": "0", "NonPed": " ", "TrafDir": "T", "SegmentID": "0113064", "PhysicalID": 59536.0, "StreetWidth_Min": 42.0, "StreetWidth_Max": 44.0, "Snow_Priority": "C", "Number_Travel_Lanes": " 2", "Number_Park_Lanes": " 2", "TRUCK_ROUTE_TYPE": " " }, "geometry": { "type": "MultiLineString", "coordinates": [ [ [ -73.916682242067751, 40.807995978218642 ], [ -73.916588704883608, 40.808133299975403 ] ] ] } },
{ "type": "Feature", "properties": { "Street": "ALEXANDER AVENUE", "FeatureTyp": "0", "NonPed": " ", "TrafDir": "T", "SegmentID": "9003040", "PhysicalID": 63174.0, "StreetWidth_Min": 62.0, "StreetWidth_Max": 65.0, "Snow_Priority": "C", "Number_Travel_Lanes": " 2", "Number_Park_Lanes": " 2", "TRUCK_ROUTE_TYPE": " " }, "geometry": { "type": "MultiLineString", "coordinates": [ [ [ -73.923725462705548, 40.811979019306087 ], [ -73.923308412935583, 40.812550280098158 ] ] ] } },
{ "type": "Feature", "properties": { "Street": "EAST 137 STREET", "FeatureTyp": "0", "NonPed": " ", "TrafDir": "A", "SegmentID": "9001335", "PhysicalID": 114341.0, "StreetWidth_Min": 32.0, "StreetWidth_Max": 34.0, "Snow_Priority": "S", "Number_Travel_Lanes": " 1", "Number_Park_Lanes": " 2", "TRUCK_ROUTE_TYPE": " " }, "geometry": { "type": "MultiLineString", "coordinates": [ [ [ -73.921292798015045, 40.807552981846158 ], [ -73.920538342474117, 40.807234582877754 ] ] ] } },
{ "type": "Feature", "properties": { "Street": "MAJOR DEEGAN EXPRESSWAY", "FeatureTyp": "0", "NonPed": "V", "TrafDir": "T", "SegmentID": "0173366", "PhysicalID": null, "StreetWidth_Min": null, "StreetWidth_Max": null, "Snow_Priority": "C", "Number_Travel_Lanes": "  ", "Number_Park_Lanes": "  ", "TRUCK_ROUTE_TYPE": " " }, "geometry": { "type": "MultiLineString", "coordinates": [ [ [ -73.928656234457819, 40.808906696629101 ], [ -73.929292186200257, 40.809387513375839 ] ] ] } },
{ "type": "Feature", "properties": { "Street": "ALEXANDER AVENUE", "FeatureTyp": "0", "NonPed": " ", "TrafDir": "T", "SegmentID": "0173478", "PhysicalID": 63169.0, "StreetWidth_Min": 46.0, "StreetWidth_Max": 50.0, "Snow_Priority": "C", "Number_Travel_Lanes": " 2", "Number_Park_Lanes": " 2", "TRUCK_ROUTE_TYPE": " " }, "geometry": { "type": "MultiLineString", "coordinates": [ [ [ -73.927004230202215, 40.807507953832136 ], [ -73.926852413765346, 40.807714000153567 ] ] ] } },
{ "type": "Feature", "properties": { "Street": "3 AVENUE", "FeatureTyp": "0", "NonPed": "V", "TrafDir": "A", "SegmentID": "0173390", "PhysicalID": 192228.0, "StreetWidth_Min": 45.0, "StreetWidth_Max": 45.0, "Snow_Priority": "C", "Number_Travel_Lanes": " 4", "Number_Park_Lanes": "  ", "TRUCK_ROUTE_TYPE": "2" }, "geometry": { "type": "MultiLineString", "coordinates": [ [ [ -73.929364932468872, 40.809442515025431 ], [ -73.929309435177871, 40.809482877306017 ] ] ] } },
{ "type": "Feature", "properties": { "Street": "EAST 143 STREET", "FeatureTyp": "0", "NonPed": " ", "TrafDir": "A", "SegmentID": "9006198", "PhysicalID": 89768.0, "StreetWidth_Min": 34.0, "StreetWidth_Max": 34.0, "Snow_Priority": "C", "Number_Travel_Lanes": " 1", "Number_Park_Lanes": " 2", "TRUCK_ROUTE_TYPE": " " }, "geometry": { "type": "MultiLineString", "coordinates": [ [ [ -73.917582930013396, 40.811122061340804 ], [ -73.917226061424117, 40.811001323297866 ] ] ] } },
{ "type": "Feature", "properties": { "Street": "RFK BRIDGE BRONX ENTRANCE RAMP", "FeatureTyp": "0", "NonPed": "V", "TrafDir": "W", "SegmentID": "0173585", "PhysicalID": 73456.0, "StreetWidth_Min": 22.0, "StreetWidth_Max": 45.0, "Snow_Priority": "V", "Number_Travel_Lanes": " 2", "Number_Park_Lanes": "  ", "TRUCK_ROUTE_TYPE": "3" }, "geometry": { "type": "MultiLineString", "coordinates": [ [ [ -73.916911820165168, 40.803143709282693 ], [ -73.916898995256233, 40.803125794384179 ], [ -73.916886622136474, 40.80310769695285 ], [ -73.916874705302931, 40.803089423566803 ], [ -73.916863249086603, 40.803070980867979 ], [ -73.916852257651215, 40.803052375559886 ], [ -73.916841734991536, 40.80303361440518 ], [ -73.916831684932021, 40.803014704223074 ], [ -73.916822111089147, 40.802995651814932 ], [ -73.916813016980271, 40.802976464177412 ], [ -73.916804405910412, 40.80295714828479 ], [ -73.916796281008985, 40.802937711157902 ], [ -73.91678864522892, 40.802918159861647 ], [ -73.916781501344971, 40.802898501502561 ], [ -73.916774851953576, 40.802878743225854 ] ] ] } },
{ "type": "Feature", "properties": { "Street": "ALEXANDER AVENUE", "FeatureTyp": "0", "NonPed": " ", "TrafDir": "A", "SegmentID": "0116338", "PhysicalID": 63176.0, "StreetWidth_Min": 30.0, "StreetWidth_Max": 30.0, "Snow_Priority": "C", "Number_Travel_Lanes": " 2", "Number_Park_Lanes": "  ", "TRUCK_ROUTE_TYPE": " " }, "geometry": { "type": "MultiLineString", "coordinates": [ [ [ -73.92294163114191, 40.813058915321406 ], [ -73.922659436875549, 40.813122733843343 ] ] ] } },
{ "type": "Feature", "properties": { "Street": "3 AVENUE", "FeatureTyp": "0", "NonPed": " ", "TrafDir": "W", "SegmentID": "0154480", "PhysicalID": 66036.0, "StreetWidth_Min": 20.0, "StreetWidth_Max": 24.0, "Snow_Priority": "H", "Number_Travel_Lanes": " 1", "Number_Park_Lanes": " 1", "TRUCK_ROUTE_TYPE": "2" }, "geometry": { "type": "MultiLineString", "coordinates": [ [ [ -73.930681156270126, 40.80833274919064 ], [ -73.92999875834542, 40.808776236165684 ] ] ] } },
{ "type": "Feature", "properties": { "Street": "3 AVENUE", "FeatureTyp": "0", "NonPed": " ", "TrafDir": "W", "SegmentID": "0154480", "PhysicalID": 66036.0, "StreetWidth_Min": 20.0, "StreetWidth_Max": 24.0, "Snow_Priority": "H", "Number_Travel_Lanes": " 1", "Number_Park_Lanes": " 1", "TRUCK_ROUTE_TYPE": "2" }, "geometry": { "type": "MultiLineString", "coordinates": [ [ [ -73.930681156270126, 40.80833274919064 ], [ -73.92999875834542, 40.808776236165684 ] ] ] } },
{ "type": "Feature", "properties": { "Street": "MAJOR DEEGAN EXPRESSWAY", "FeatureTyp": "0", "NonPed": "V", "TrafDir": "A", "SegmentID": "0146710", "PhysicalID": 50717.0, "StreetWidth_Min": 34.0, "StreetWidth_Max": 50.0, "Snow_Priority": "C", "Number_Travel_Lanes": " 3", "Number_Park_Lanes": "  ", "TRUCK_ROUTE_TYPE": "3" }, "geometry": { "type": "MultiLineString", "coordinates": [ [ [ -73.92941456143501, 40.809403121855333 ], [ -73.929526621055942, 40.809489836399777 ] ] ] } },
{ "type": "Feature", "properties": { "Street": "BRUCKNER BOULEVARD", "FeatureTyp": "0", "NonPed": "V", "TrafDir": "T", "SegmentID": "0173558", "PhysicalID": null, "StreetWidth_Min": null, "StreetWidth_Max": null, "Snow_Priority": "C", "Number_Travel_Lanes": "  ", "Number_Park_Lanes": "  ", "TRUCK_ROUTE_TYPE": " " }, "geometry": { "type": "MultiLineString", "coordinates": [ [ [ -73.918872370346236, 40.803274253344632 ], [ -73.918508568643404, 40.803228296216503 ] ] ] } },
{ "type": "Feature", "properties": { "Street": "MAJOR DEEGAN EXPWY NB ET 2", "FeatureTyp": "0", "NonPed": "V", "TrafDir": "W", "SegmentID": "0173535", "PhysicalID": 63270.0, "StreetWidth_Min": 16.0, "StreetWidth_Max": 22.0, "Snow_Priority": "C", "Number_Travel_Lanes": " 1", "Number_Park_Lanes": "  ", "TRUCK_ROUTE_TYPE": "3" }, "geometry": { "type": "MultiLineString", "coordinates": [ [ [ -73.921419327947376, 40.805688706380458 ], [ -73.922693898030772, 40.806495100045645 ] ] ] } },
{ "type": "Feature", "properties": { "Street": "BRUCKNER EXPRESSWAY EB EXIT 48", "FeatureTyp": "0", "NonPed": "V", "TrafDir": "W", "SegmentID": "0138552", "PhysicalID": 137463.0, "StreetWidth_Min": 20.0, "StreetWidth_Max": 20.0, "Snow_Priority": "V", "Number_Travel_Lanes": " 1", "Number_Park_Lanes": "  ", "TRUCK_ROUTE_TYPE": "3" }, "geometry": { "type": "MultiLineString", "coordinates": [ [ [ -73.915701497628604, 40.80273370484533 ], [ -73.915532376100401, 40.802848899111126 ], [ -73.91534915424721, 40.802953150525823 ], [ -73.915153752618323, 40.803045038118825 ], [ -73.914948390560127, 40.803123392016595 ], [ -73.914735544181909, 40.80318739552024 ], [ -73.9145178351705, 40.803236527387853 ] ] ] } },
{ "type": "Feature", "properties": { "Street": "MAJOR DEEGAN EXPRESSWAY", "FeatureTyp": "0", "NonPed": "V", "TrafDir": "A", "SegmentID": "0138534", "PhysicalID": 50714.0, "StreetWidth_Min": 34.0, "StreetWidth_Max": 50.0, "Snow_Priority": "C", "Number_Travel_Lanes": " 3", "Number_Park_Lanes": "  ", "TRUCK_ROUTE_TYPE": "3" }, "geometry": { "type": "MultiLineString", "coordinates": [ [ [ -73.926852413765346, 40.807714000153567 ], [ -73.926914973978995, 40.80773895644078 ], [ -73.92701902434095, 40.807785956049543 ], [ -73.927022495983877, 40.807787724203003 ], [ -73.927243032003531, 40.807900020177442 ], [ -73.92737401148122, 40.807966550349619 ] ] ] } },
{ "type": "Feature", "properties": { "Street": "BRUCKNER BOULEVARD", "FeatureTyp": "0", "NonPed": "V", "TrafDir": "T", "SegmentID": "0138359", "PhysicalID": null, "StreetWidth_Min": null, "StreetWidth_Max": null, "Snow_Priority": "C", "Number_Travel_Lanes": "  ", "Number_Park_Lanes": "  ", "TRUCK_ROUTE_TYPE": " " }, "geometry": { "type": "MultiLineString", "coordinates": [ [ [ -73.917290486695535, 40.803220243279547 ], [ -73.917038836635726, 40.803221594557044 ] ] ] } },
{ "type": "Feature", "properties": { "Street": "RFK BRIDGE BRONX ENTRANCE RAMP", "FeatureTyp": "0", "NonPed": "V", "TrafDir": "W", "SegmentID": "0138358", "PhysicalID": 73460.0, "StreetWidth_Min": 16.0, "StreetWidth_Max": 20.0, "Snow_Priority": "V", "Number_Travel_Lanes": " 1", "Number_Park_Lanes": "  ", "TRUCK_ROUTE_TYPE": " " }, "geometry": { "type": "MultiLineString", "coordinates": [ [ [ -73.917094244203099, 40.80328521821265 ], [ -73.917038836635726, 40.803221594557044 ] ] ] } },
{ "type": "Feature", "properties": { "Street": "BRUCKNER BOULEVARD", "FeatureTyp": "0", "NonPed": "V", "TrafDir": "T", "SegmentID": "0173594", "PhysicalID": null, "StreetWidth_Min": null, "StreetWidth_Max": null, "Snow_Priority": "C", "Number_Travel_Lanes": "  ", "Number_Park_Lanes": "  ", "TRUCK_ROUTE_TYPE": " " }, "geometry": { "type": "MultiLineString", "coordinates": [ [ [ -73.91559886691654, 40.803317855875285 ], [ -73.915210330250773, 40.803386909140087 ] ] ] } },
{ "type": "Feature", "properties": { "Street": "BRUCKNER EP EB EN MJR DEEGAN EP", "FeatureTyp": "0", "NonPed": "V", "TrafDir": "W", "SegmentID": "0138406", "PhysicalID": 50707.0, "StreetWidth_Min": 24.0, "StreetWidth_Max": 35.0, "Snow_Priority": "C", "Number_Travel_Lanes": " 2", "Number_Park_Lanes": "  ", "TRUCK_ROUTE_TYPE": "3" }, "geometry": { "type": "MultiLineString", "coordinates": [ [ [ -73.919094543683173, 40.804532947299926 ], [ -73.918578426749519, 40.804295149177307 ] ] ] } },
{ "type": "Feature", "properties": { "Street": "ROBERT F KENNEDY BRIDGE", "FeatureTyp": "0", "NonPed": "V", "TrafDir": "T", "SegmentID": "0189372", "PhysicalID": null, "StreetWidth_Min": null, "StreetWidth_Max": null, "Snow_Priority": "C", "Number_Travel_Lanes": "  ", "Number_Park_Lanes": "  ", "TRUCK_ROUTE_TYPE": " " }, "geometry": { "type": "MultiLineString", "coordinates": [ [ [ -73.918859245353886, 40.79908015053558 ], [ -73.918855957050965, 40.799084677572075 ], [ -73.918837072655165, 40.799110733984051 ] ] ] } },
{ "type": "Feature", "properties": { "Street": "ROBERT F KENNEDY BRIDGE", "FeatureTyp": "0", "NonPed": "V", "TrafDir": "A", "SegmentID": "0190700", "PhysicalID": 91383.0, "StreetWidth_Min": 40.0, "StreetWidth_Max": 42.0, "Snow_Priority": "C", "Number_Travel_Lanes": " 4", "Number_Park_Lanes": "  ", "TRUCK_ROUTE_TYPE": "3" }, "geometry": { "type": "MultiLineString", "coordinates": [ [ [ -73.918937094958267, 40.799113632535729 ], [ -73.918913015651967, 40.799144767720627 ] ] ] } },
{ "type": "Feature", "properties": { "Street": "BRUCKNER BOULEVARD", "FeatureTyp": "0", "NonPed": "V", "TrafDir": "W", "SegmentID": "0137816", "PhysicalID": 41644.0, "StreetWidth_Min": 24.0, "StreetWidth_Max": 24.0, "Snow_Priority": "C", "Number_Travel_Lanes": " 2", "Number_Park_Lanes": "  ", "TRUCK_ROUTE_TYPE": "3" }, "geometry": { "type": "MultiLineString", "coordinates": [ [ [ -73.916981493517738, 40.803144329285239 ], [ -73.916911820165168, 40.803143709282693 ] ] ] } },
{ "type": "Feature", "properties": { "Street": "RFK BRIDGE BRONX ENTRANCE RAMP", "FeatureTyp": "0", "NonPed": "V", "TrafDir": "W", "SegmentID": "0070015", "PhysicalID": 73461.0, "StreetWidth_Min": 16.0, "StreetWidth_Max": 20.0, "Snow_Priority": "V", "Number_Travel_Lanes": " 1", "Number_Park_Lanes": "  ", "TRUCK_ROUTE_TYPE": " " }, "geometry": { "type": "MultiLineString", "coordinates": [ [ [ -73.918435186957495, 40.803907212029578 ], [ -73.917533760038751, 40.803551558152492 ], [ -73.917213143967345, 40.803368477119733 ], [ -73.917094244203099, 40.80328521821265 ] ] ] } },
{ "type": "Feature", "properties": { "Street": "BRUCKNER BOULEVARD", "FeatureTyp": "0", "NonPed": "V", "TrafDir": "W", "SegmentID": "0137810", "PhysicalID": 41643.0, "StreetWidth_Min": 24.0, "StreetWidth_Max": 24.0, "Snow_Priority": "C", "Number_Travel_Lanes": " 2", "Number_Park_Lanes": "  ", "TRUCK_ROUTE_TYPE": "3" }, "geometry": { "type": "MultiLineString", "coordinates": [ [ [ -73.916911820165168, 40.803143709282693 ], [ -73.916669029304714, 40.803147926692183 ] ] ] } },
{ "type": "Feature", "properties": { "Street": "BRUCKNER BOULEVARD", "FeatureTyp": "0", "NonPed": "D", "TrafDir": "A", "SegmentID": "0137806", "PhysicalID": 41648.0, "StreetWidth_Min": 30.0, "StreetWidth_Max": 30.0, "Snow_Priority": "C", "Number_Travel_Lanes": " 2", "Number_Park_Lanes": "  ", "TRUCK_ROUTE_TYPE": "2" }, "geometry": { "type": "MultiLineString", "coordinates": [ [ [ -73.915220269185667, 40.803471984867464 ], [ -73.914747445423188, 40.803564524034378 ] ] ] } },
{ "type": "Feature", "properties": { "Street": "BRUCKNER EXPRESSWAY WB EXIT 47", "FeatureTyp": "0", "NonPed": "V", "TrafDir": "W", "SegmentID": "0136803", "PhysicalID": 79438.0, "StreetWidth_Min": 32.0, "StreetWidth_Max": 34.0, "Snow_Priority": "C", "Number_Travel_Lanes": " 2", "Number_Park_Lanes": "  ", "TRUCK_ROUTE_TYPE": "3" }, "geometry": { "type": "MultiLineString", "coordinates": [ [ [ -73.914352412820918, 40.803762017051298 ], [ -73.914547943334895, 40.803710104572041 ], [ -73.914742083622812, 40.803661009018178 ], [ -73.914940570354929, 40.803623244380759 ], [ -73.915141660809198, 40.803597089042256 ] ] ] } },
{ "type": "Feature", "properties": { "Street": "CYPRESS AVENUE", "FeatureTyp": "0", "NonPed": " ", "TrafDir": "T", "SegmentID": "0070154", "PhysicalID": 59648.0, "StreetWidth_Min": 42.0, "StreetWidth_Max": 42.0, "Snow_Priority": "S", "Number_Travel_Lanes": " 2", "Number_Park_Lanes": " 2", "TRUCK_ROUTE_TYPE": " " }, "geometry": { "type": "MultiLineString", "coordinates": [ [ [ -73.914521967353338, 40.805556502530948 ], [ -73.914099478793233, 40.806273959542395 ] ] ] } },
{ "type": "Feature", "properties": { "Street": "BROOK AVENUE", "FeatureTyp": "0", "NonPed": " ", "TrafDir": "A", "SegmentID": "0070187", "PhysicalID": 69913.0, "StreetWidth_Min": 44.0, "StreetWidth_Max": 44.0, "Snow_Priority": "C", "Number_Travel_Lanes": " 2", "Number_Park_Lanes": " 2", "TRUCK_ROUTE_TYPE": " " }, "geometry": { "type": "MultiLineString", "coordinates": [ [ [ -73.91571885041887, 40.813615736542893 ], [ -73.915340532814895, 40.814269472327375 ] ] ] } },
{ "type": "Feature", "properties": { "Street": "BROOK AVENUE", "FeatureTyp": "0", "NonPed": " ", "TrafDir": "A", "SegmentID": "0070029", "PhysicalID": 69923.0, "StreetWidth_Min": 42.0, "StreetWidth_Max": 44.0, "Snow_Priority": "C", "Number_Travel_Lanes": " 2", "Number_Park_Lanes": " 2", "TRUCK_ROUTE_TYPE": " " }, "geometry": { "type": "MultiLineString", "coordinates": [ [ [ -73.919721586638303, 40.806876836060049 ], [ -73.919214506468748, 40.807553721341392 ] ] ] } },
{ "type": "Feature", "properties": { "Street": "3 AVENUE", "FeatureTyp": "0", "NonPed": " ", "TrafDir": "W", "SegmentID": "0069771", "PhysicalID": 36010.0, "StreetWidth_Min": 28.0, "StreetWidth_Max": 30.0, "Snow_Priority": "C", "Number_Travel_Lanes": " 2", "Number_Park_Lanes": " 1", "TRUCK_ROUTE_TYPE": "2" }, "geometry": { "type": "MultiLineString", "coordinates": [ [ [ -73.926928167482771, 40.81116026339005 ], [ -73.926387382958538, 40.811483603189735 ] ] ] } },
{ "type": "Feature", "properties": { "Street": "ALEXANDER AVENUE", "FeatureTyp": "0", "NonPed": " ", "TrafDir": "T", "SegmentID": "0173479", "PhysicalID": 63168.0, "StreetWidth_Min": 46.0, "StreetWidth_Max": 50.0, "Snow_Priority": "C", "Number_Travel_Lanes": " 2", "Number_Park_Lanes": " 2", "TRUCK_ROUTE_TYPE": " " }, "geometry": { "type": "MultiLineString", "coordinates": [ [ [ -73.926852413765346, 40.807714000153567 ], [ -73.926819001862526, 40.807760678792022 ] ] ] } },
{ "type": "Feature", "properties": { "Street": "ALEXANDER AVENUE", "FeatureTyp": "0", "NonPed": " ", "TrafDir": "A", "SegmentID": "0069936", "PhysicalID": 63175.0, "StreetWidth_Min": 62.0, "StreetWidth_Max": 65.0, "Snow_Priority": "C", "Number_Travel_Lanes": " 2", "Number_Park_Lanes": " 2", "TRUCK_ROUTE_TYPE": " " }, "geometry": { "type": "MultiLineString", "coordinates": [ [ [ -73.923273041490006, 40.812598730011906 ], [ -73.92294163114191, 40.813058915321406 ] ] ] } },
{ "type": "Feature", "properties": { "Street": "BROOK AVENUE", "FeatureTyp": "0", "NonPed": " ", "TrafDir": "A", "SegmentID": "0070030", "PhysicalID": 69922.0, "StreetWidth_Min": 42.0, "StreetWidth_Max": 44.0, "Snow_Priority": "C", "Number_Travel_Lanes": " 2", "Number_Park_Lanes": " 2", "TRUCK_ROUTE_TYPE": " " }, "geometry": { "type": "MultiLineString", "coordinates": [ [ [ -73.919214506468748, 40.807553721341392 ], [ -73.918804332288687, 40.808261716550597 ] ] ] } },
{ "type": "Feature", "properties": { "Street": "RIDER AVENUE", "FeatureTyp": "0", "NonPed": " ", "TrafDir": "W", "SegmentID": "0069793", "PhysicalID": 62444.0, "StreetWidth_Min": 28.0, "StreetWidth_Max": 30.0, "Snow_Priority": "C", "Number_Travel_Lanes": " 1", "Number_Park_Lanes": " 2", "TRUCK_ROUTE_TYPE": " " }, "geometry": { "type": "MultiLineString", "coordinates": [ [ [ -73.926714645213508, 40.813340934606806 ], [ -73.925959027119561, 40.814425272436573 ] ] ] } },
{ "type": "Feature", "properties": { "Street": "EAST 141 STREET", "FeatureTyp": "0", "NonPed": " ", "TrafDir": "A", "SegmentID": "0069806", "PhysicalID": 95136.0, "StreetWidth_Min": 24.0, "StreetWidth_Max": 24.0, "Snow_Priority": "H", "Number_Travel_Lanes": " 1", "Number_Park_Lanes": " 2", "TRUCK_ROUTE_TYPE": " " }, "geometry": { "type": "MultiLineString", "coordinates": [ [ [ -73.926529004015691, 40.814681369352918 ], [ -73.925959027119561, 40.814425272436573 ] ] ] } },
{ "type": "Feature", "properties": { "Street": "ST ANNS AVENUE", "FeatureTyp": "0", "NonPed": " ", "TrafDir": "T", "SegmentID": "9001678", "PhysicalID": 151187.0, "StreetWidth_Min": 42.0, "StreetWidth_Max": 50.0, "Snow_Priority": "C", "Number_Travel_Lanes": " 2", "Number_Park_Lanes": " 2", "TRUCK_ROUTE_TYPE": " " }, "geometry": { "type": "MultiLineString", "coordinates": [ [ [ -73.918203045665976, 40.80577156993909 ], [ -73.917952243226779, 40.806124212473982 ] ] ] } },
{ "type": "Feature", "properties": { "Street": "BRUCKNER EXPRESSWAY", "FeatureTyp": "0", "NonPed": "V", "TrafDir": "A", "SegmentID": "0173592", "PhysicalID": 73446.0, "StreetWidth_Min": 20.0, "StreetWidth_Max": 40.0, "Snow_Priority": "C", "Number_Travel_Lanes": " 2", "Number_Park_Lanes": "  ", "TRUCK_ROUTE_TYPE": "3" }, "geometry": { "type": "MultiLineString", "coordinates": [ [ [ -73.916316979365817, 40.803228995730208 ], [ -73.916175448677407, 40.803312062793587 ] ] ] } },
{ "type": "Feature", "properties": { "Street": "BRUCKNER EXPRESSWAY EB EXIT 47", "FeatureTyp": "0", "NonPed": "V", "TrafDir": "W", "SegmentID": "0070120", "PhysicalID": 79213.0, "StreetWidth_Min": 22.0, "StreetWidth_Max": 40.0, "Snow_Priority": "V", "Number_Travel_Lanes": " 2", "Number_Park_Lanes": "  ", "TRUCK_ROUTE_TYPE": "3" }, "geometry": { "type": "MultiLineString", "coordinates": [ [ [ -73.91627419720102, 40.803154619344973 ], [ -73.916316979365817, 40.803228995730208 ] ] ] } },
{ "type": "Feature", "properties": { "Street": "EAST 139 STREET", "FeatureTyp": "0", "NonPed": " ", "TrafDir": "A", "SegmentID": "0069924", "PhysicalID": 63207.0, "StreetWidth_Min": 32.0, "StreetWidth_Max": 34.0, "Snow_Priority": "C", "Number_Travel_Lanes": " 1", "Number_Park_Lanes": " 2", "TRUCK_ROUTE_TYPE": " " }, "geometry": { "type": "MultiLineString", "coordinates": [ [ [ -73.922399454864745, 40.809780514853756 ], [ -73.918804332288687, 40.808261716550597 ] ] ] } },
{ "type": "Feature", "properties": { "Street": "EAST 139 STREET", "FeatureTyp": "0", "NonPed": " ", "TrafDir": "A", "SegmentID": "0069924", "PhysicalID": 63207.0, "StreetWidth_Min": 32.0, "StreetWidth_Max": 34.0, "Snow_Priority": "C", "Number_Travel_Lanes": " 1", "Number_Park_Lanes": " 2", "TRUCK_ROUTE_TYPE": " " }, "geometry": { "type": "MultiLineString", "coordinates": [ [ [ -73.922399454864745, 40.809780514853756 ], [ -73.918804332288687, 40.808261716550597 ] ] ] } },
{ "type": "Feature", "properties": { "Street": "BROOK AVENUE", "FeatureTyp": "0", "NonPed": " ", "TrafDir": "T", "SegmentID": "0069895", "PhysicalID": 69930.0, "StreetWidth_Min": 44.0, "StreetWidth_Max": 44.0, "Snow_Priority": "C", "Number_Travel_Lanes": " 2", "Number_Park_Lanes": " 2", "TRUCK_ROUTE_TYPE": " " }, "geometry": { "type": "MultiLineString", "coordinates": [ [ [ -73.922078864503831, 40.803678331206406 ], [ -73.92157135904877, 40.804345175693598 ] ] ] } },
{ "type": "Feature", "properties": { "Street": "MAJOR DEEGAN EXPRESSWAY", "FeatureTyp": "0", "NonPed": "V", "TrafDir": "T", "SegmentID": "0069763", "PhysicalID": null, "StreetWidth_Min": null, "StreetWidth_Max": null, "Snow_Priority": "C", "Number_Travel_Lanes": "  ", "Number_Park_Lanes": "  ", "TRUCK_ROUTE_TYPE": " " }, "geometry": { "type": "MultiLineString", "coordinates": [ [ [ -73.926353040213598, 40.807570475663866 ], [ -73.926819001862526, 40.807760678792022 ] ] ] } },
{ "type": "Feature", "properties": { "Street": "WILLIS AVENUE BRIDGE EXIT RAMP", "FeatureTyp": "0", "NonPed": "V", "TrafDir": "W", "SegmentID": "0111533", "PhysicalID": 146031.0, "StreetWidth_Min": 26.0, "StreetWidth_Max": 54.0, "Snow_Priority": "C", "Number_Travel_Lanes": " 2", "Number_Park_Lanes": "  ", "TRUCK_ROUTE_TYPE": " " }, "geometry": { "type": "MultiLineString", "coordinates": [ [ [ -73.925125150828606, 40.804968471744132 ], [ -73.924299496724529, 40.804766766068248 ] ] ] } },
{ "type": "Feature", "properties": { "Street": "ALEXANDER AVENUE", "FeatureTyp": "0", "NonPed": " ", "TrafDir": "T", "SegmentID": "9006662", "PhysicalID": 63164.0, "StreetWidth_Min": 62.0, "StreetWidth_Max": 62.0, "Snow_Priority": "C", "Number_Travel_Lanes": " 2", "Number_Park_Lanes": " 2", "TRUCK_ROUTE_TYPE": " " }, "geometry": { "type": "MultiLineString", "coordinates": [ [ [ -73.925420976701417, 40.809673148807995 ], [ -73.925142339823466, 40.810053211821234 ] ] ] } },
{ "type": "Feature", "properties": { "Street": "EAST 138 STREET", "FeatureTyp": "0", "NonPed": " ", "TrafDir": "T", "SegmentID": "0069643", "PhysicalID": 57257.0, "StreetWidth_Min": 60.0, "StreetWidth_Max": 60.0, "Snow_Priority": "C", "Number_Travel_Lanes": " 4", "Number_Park_Lanes": " 2", "TRUCK_ROUTE_TYPE": "2" }, "geometry": { "type": "MultiLineString", "coordinates": [ [ [ -73.929191789328002, 40.812519671353684 ], [ -73.928948562261283, 40.812338800680045 ] ] ] } },
{ "type": "Feature", "properties": { "Street": "EAST 142 STREET", "FeatureTyp": "0", "NonPed": " ", "TrafDir": "W", "SegmentID": "0069813", "PhysicalID": 95153.0, "StreetWidth_Min": 30.0, "StreetWidth_Max": 30.0, "Snow_Priority": "H", "Number_Travel_Lanes": " 1", "Number_Park_Lanes": " 2", "TRUCK_ROUTE_TYPE": " " }, "geometry": { "type": "MultiLineString", "coordinates": [ [ [ -73.925461768806088, 40.815142927824837 ], [ -73.924754589999495, 40.814379819045676 ] ] ] } },
{ "type": "Feature", "properties": { "Street": "EAST 137 STREET", "FeatureTyp": "0", "NonPed": " ", "TrafDir": "A", "SegmentID": "9001708", "PhysicalID": 88136.0, "StreetWidth_Min": 50.0, "StreetWidth_Max": 52.0, "Snow_Priority": "S", "Number_Travel_Lanes": " 2", "Number_Park_Lanes": " 2", "TRUCK_ROUTE_TYPE": " " }, "geometry": { "type": "MultiLineString", "coordinates": [ [ [ -73.915487683706175, 40.805078231026783 ], [ -73.914996746406572, 40.804872521189523 ] ] ] } },
{ "type": "Feature", "properties": { "Street": "LINCOLN AVENUE", "FeatureTyp": "0", "NonPed": " ", "TrafDir": "T", "SegmentID": "0069574", "PhysicalID": 58236.0, "StreetWidth_Min": 68.0, "StreetWidth_Max": 70.0, "Snow_Priority": "H", "Number_Travel_Lanes": " 2", "Number_Park_Lanes": " 2", "TRUCK_ROUTE_TYPE": " " }, "geometry": { "type": "MultiLineString", "coordinates": [ [ [ -73.929545032974104, 40.807704105394542 ], [ -73.929052649363598, 40.808378879935084 ] ] ] } },
{ "type": "Feature", "properties": { "Street": "EAST 138 STREET", "FeatureTyp": "0", "NonPed": " ", "TrafDir": "T", "SegmentID": "0069645", "PhysicalID": 57256.0, "StreetWidth_Min": 60.0, "StreetWidth_Max": 60.0, "Snow_Priority": "C", "Number_Travel_Lanes": " 4", "Number_Park_Lanes": " 2", "TRUCK_ROUTE_TYPE": "2" }, "geometry": { "type": "MultiLineString", "coordinates": [ [ [ -73.92932890524169, 40.812621628600105 ], [ -73.929191789328002, 40.812519671353684 ] ] ] } },
{ "type": "Feature", "properties": { "Street": "EAST 136 STREET", "FeatureTyp": "0", "NonPed": " ", "TrafDir": "W", "SegmentID": "0070023", "PhysicalID": 95239.0, "StreetWidth_Min": 34.0, "StreetWidth_Max": 34.0, "Snow_Priority": "C", "Number_Travel_Lanes": " 1", "Number_Park_Lanes": " 2", "TRUCK_ROUTE_TYPE": " " }, "geometry": { "type": "MultiLineString", "coordinates": [ [ [ -73.920994762673175, 40.806610887147549 ], [ -73.920171962360783, 40.806265447236584 ] ] ] } },
{ "type": "Feature", "properties": { "Street": "EAST 138 STREET", "FeatureTyp": "0", "NonPed": " ", "TrafDir": "T", "SegmentID": "0069780", "PhysicalID": 57259.0, "StreetWidth_Min": 60.0, "StreetWidth_Max": 60.0, "Snow_Priority": "C", "Number_Travel_Lanes": " 4", "Number_Park_Lanes": " 2", "TRUCK_ROUTE_TYPE": "2" }, "geometry": { "type": "MultiLineString", "coordinates": [ [ [ -73.928541409886677, 40.81203722461489 ], [ -73.92812468376728, 40.811724565072211 ] ] ] } },
{ "type": "Feature", "properties": { "Street": "BROOK AVENUE", "FeatureTyp": "0", "NonPed": " ", "TrafDir": "A", "SegmentID": "9001659", "PhysicalID": 69925.0, "StreetWidth_Min": 46.0, "StreetWidth_Max": 48.0, "Snow_Priority": "C", "Number_Travel_Lanes": " 2", "Number_Park_Lanes": " 2", "TRUCK_ROUTE_TYPE": " " }, "geometry": { "type": "MultiLineString", "coordinates": [ [ [ -73.9206150125774, 40.805651063646714 ], [ -73.920320711996709, 40.806059174780756 ] ] ] } },
{ "type": "Feature", "properties": { "Street": "CYPRESS AVENUE", "FeatureTyp": "0", "NonPed": " ", "TrafDir": "A", "SegmentID": "0070104", "PhysicalID": 95241.0, "StreetWidth_Min": 46.0, "StreetWidth_Max": 46.0, "Snow_Priority": "S", "Number_Travel_Lanes": " 2", "Number_Park_Lanes": " 2", "TRUCK_ROUTE_TYPE": " " }, "geometry": { "type": "MultiLineString", "coordinates": [ [ [ -73.917331496364383, 40.801688163214131 ], [ -73.916850065931953, 40.802316050481195 ] ] ] } },
{ "type": "Feature", "properties": { "Street": "BROOK AVENUE", "FeatureTyp": "0", "NonPed": " ", "TrafDir": "A", "SegmentID": "9001974", "PhysicalID": 69917.0, "StreetWidth_Min": 44.0, "StreetWidth_Max": 45.0, "Snow_Priority": "C", "Number_Travel_Lanes": " 2", "Number_Park_Lanes": " 2", "TRUCK_ROUTE_TYPE": " " }, "geometry": { "type": "MultiLineString", "coordinates": [ [ [ -73.917226061424117, 40.811001323297866 ], [ -73.916909747682624, 40.811535073457868 ] ] ] } },
{ "type": "Feature", "properties": { "Street": "EAST 142 STREET", "FeatureTyp": "0", "NonPed": " ", "TrafDir": "A", "SegmentID": "0069934", "PhysicalID": 95243.0, "StreetWidth_Min": 30.0, "StreetWidth_Max": 32.0, "Snow_Priority": "C", "Number_Travel_Lanes": " 1", "Number_Park_Lanes": " 2", "TRUCK_ROUTE_TYPE": " " }, "geometry": { "type": "MultiLineString", "coordinates": [ [ [ -73.923829635025726, 40.812824142168076 ], [ -73.923273041490006, 40.812598730011906 ] ] ] } },
{ "type": "Feature", "properties": { "Street": "EAST 132 STREET", "FeatureTyp": "0", "NonPed": " ", "TrafDir": "T", "SegmentID": "0069996", "PhysicalID": 90891.0, "StreetWidth_Min": 30.0, "StreetWidth_Max": 32.0, "Snow_Priority": "S", "Number_Travel_Lanes": " 2", "Number_Park_Lanes": " 2", "TRUCK_ROUTE_TYPE": " " }, "geometry": { "type": "MultiLineString", "coordinates": [ [ [ -73.920282883154911, 40.802915011189313 ], [ -73.917331496364383, 40.801688163214131 ] ] ] } },
{ "type": "Feature", "properties": { "Street": "WILLIS AVENUE", "FeatureTyp": "0", "NonPed": " ", "TrafDir": "T", "SegmentID": "0070043", "PhysicalID": 62182.0, "StreetWidth_Min": 60.0, "StreetWidth_Max": 62.0, "Snow_Priority": "C", "Number_Travel_Lanes": " 4", "Number_Park_Lanes": " 2", "TRUCK_ROUTE_TYPE": "2" }, "geometry": { "type": "MultiLineString", "coordinates": [ [ [ -73.920119353313098, 40.812893842137122 ], [ -73.919663632479043, 40.813511882358476 ] ] ] } },
{ "type": "Feature", "properties": { "Street": "WILLIS AVENUE", "FeatureTyp": "0", "NonPed": " ", "TrafDir": "T", "SegmentID": "0070043", "PhysicalID": 62182.0, "StreetWidth_Min": 60.0, "StreetWidth_Max": 62.0, "Snow_Priority": "C", "Number_Travel_Lanes": " 4", "Number_Park_Lanes": " 2", "TRUCK_ROUTE_TYPE": "2" }, "geometry": { "type": "MultiLineString", "coordinates": [ [ [ -73.920119353313098, 40.812893842137122 ], [ -73.919663632479043, 40.813511882358476 ] ] ] } },
{ "type": "Feature", "properties": { "Street": "EAST 138 STREET", "FeatureTyp": "0", "NonPed": " ", "TrafDir": "T", "SegmentID": "0070027", "PhysicalID": 57265.0, "StreetWidth_Min": 50.0, "StreetWidth_Max": 50.0, "Snow_Priority": "C", "Number_Travel_Lanes": " 2", "Number_Park_Lanes": " 2", "TRUCK_ROUTE_TYPE": "2" }, "geometry": { "type": "MultiLineString", "coordinates": [ [ [ -73.920045566290625, 40.807906797482666 ], [ -73.919214506468748, 40.807553721341392 ] ] ] } },
{ "type": "Feature", "properties": { "Street": "RFK BRIDGE BRONX ENTRANCE RAMP", "FeatureTyp": "0", "NonPed": "V", "TrafDir": "W", "SegmentID": "0185783", "PhysicalID": 73459.0, "StreetWidth_Min": 24.0, "StreetWidth_Max": 45.0, "Snow_Priority": "V", "Number_Travel_Lanes": " 2", "Number_Park_Lanes": "  ", "TRUCK_ROUTE_TYPE": "3" }, "geometry": { "type": "MultiLineString", "coordinates": [ [ [ -73.920305076028995, 40.805068897105315 ], [ -73.920225705548972, 40.804975820424445 ], [ -73.919162734401183, 40.804436812243125 ] ] ] } },
{ "type": "Feature", "properties": { "Street": "MAJOR DEEGAN EXPRESSWAY", "FeatureTyp": "0", "NonPed": "V", "TrafDir": "W", "SegmentID": "0152629", "PhysicalID": 192220.0, "StreetWidth_Min": 34.0, "StreetWidth_Max": 38.0, "Snow_Priority": "C", "Number_Travel_Lanes": " 3", "Number_Park_Lanes": "  ", "TRUCK_ROUTE_TYPE": "3" }, "geometry": { "type": "MultiLineString", "coordinates": [ [ [ -73.929309435177871, 40.809482877306017 ], [ -73.929421343617108, 40.809567718859455 ] ] ] } },
{ "type": "Feature", "properties": { "Street": "BROOK AVENUE", "FeatureTyp": "0", "NonPed": " ", "TrafDir": "A", "SegmentID": "0173562", "PhysicalID": 69927.0, "StreetWidth_Min": 42.0, "StreetWidth_Max": 44.0, "Snow_Priority": "C", "Number_Travel_Lanes": " 2", "Number_Park_Lanes": " 2", "TRUCK_ROUTE_TYPE": " " }, "geometry": { "type": "MultiLineString", "coordinates": [ [ [ -73.920830855418416, 40.805360405087214 ], [ -73.920794335181668, 40.805407313715165 ] ] ] } },
{ "type": "Feature", "properties": { "Street": "BRUCKNER EXPRESSWAY EB EXIT 47", "FeatureTyp": "0", "NonPed": "V", "TrafDir": "W", "SegmentID": "0173597", "PhysicalID": 79211.0, "StreetWidth_Min": 22.0, "StreetWidth_Max": 40.0, "Snow_Priority": "V", "Number_Travel_Lanes": " 2", "Number_Park_Lanes": "  ", "TRUCK_ROUTE_TYPE": "3" }, "geometry": { "type": "MultiLineString", "coordinates": [ [ [ -73.916369981273206, 40.803299002771638 ], [ -73.916534360743938, 40.803516115617967 ] ] ] } },
{ "type": "Feature", "properties": { "Street": "MAJOR DEEGAN EP NB EN CYPRESS AV", "FeatureTyp": "0", "NonPed": "V", "TrafDir": "W", "SegmentID": "0173606", "PhysicalID": 201734.0, "StreetWidth_Min": 12.0, "StreetWidth_Max": 12.0, "Snow_Priority": "C", "Number_Travel_Lanes": " 1", "Number_Park_Lanes": "  ", "TRUCK_ROUTE_TYPE": "3" }, "geometry": { "type": "MultiLineString", "coordinates": [ [ [ -73.916799639474675, 40.803939595565517 ], [ -73.916957600272724, 40.803988929145426 ], [ -73.917115052667327, 40.804039192599227 ], [ -73.91727198717949, 40.804090382901336 ], [ -73.917428394361195, 40.804142496970258 ], [ -73.917584264796446, 40.804195531668952 ], [ -73.917739589101032, 40.804249483805037 ], [ -73.917894357923913, 40.804304350130714 ], [ -73.918048562037299, 40.804360127223525 ], [ -73.918202192068435, 40.80441681184616 ], [ -73.918355238768044, 40.804474400586415 ], [ -73.918507692921693, 40.804532889977637 ], [ -73.918659545350636, 40.804592276498973 ], [ -73.918810786912246, 40.80465255657554 ], [ -73.918961408500678, 40.804713726578633 ] ] ] } },
{ "type": "Feature", "properties": { "Street": "EAST 138 STREET", "FeatureTyp": "0", "NonPed": " ", "TrafDir": "T", "SegmentID": "0173417", "PhysicalID": 57249.0, "StreetWidth_Min": 104.0, "StreetWidth_Max": 104.0, "Snow_Priority": "C", "Number_Travel_Lanes": " 6", "Number_Park_Lanes": " 2", "TRUCK_ROUTE_TYPE": "2" }, "geometry": { "type": "MultiLineString", "coordinates": [ [ [ -73.930569650397643, 40.813373298379119 ], [ -73.930396051155768, 40.813303747299081 ] ] ] } },
{ "type": "Feature", "properties": { "Street": "EAST 134 STREET", "FeatureTyp": "0", "NonPed": " ", "TrafDir": "T", "SegmentID": "0111529", "PhysicalID": 86971.0, "StreetWidth_Min": 30.0, "StreetWidth_Max": 32.0, "Snow_Priority": "H", "Number_Travel_Lanes": " 2", "Number_Park_Lanes": " 2", "TRUCK_ROUTE_TYPE": " " }, "geometry": { "type": "MultiLineString", "coordinates": [ [ [ -73.92999875834542, 40.808776236165684 ], [ -73.929052649363598, 40.808378879935084 ] ] ] } },
{ "type": "Feature", "properties": { "Street": "EAST 146 STREET", "FeatureTyp": "0", "NonPed": " ", "TrafDir": "W", "SegmentID": "9005069", "PhysicalID": 65902.0, "StreetWidth_Min": 30.0, "StreetWidth_Max": 30.0, "Snow_Priority": "C", "Number_Travel_Lanes": " 1", "Number_Park_Lanes": " 2", "TRUCK_ROUTE_TYPE": " " }, "geometry": { "type": "MultiLineString", "coordinates": [ [ [ -73.917424290596941, 40.813410393471841 ], [ -73.917155380350138, 40.813312229342365 ], [ -73.916625355622458, 40.813132945168491 ], [ -73.916089144122765, 40.812965567791188 ] ] ] } },
{ "type": "Feature", "properties": { "Street": "BRUCKNER BOULEVARD", "FeatureTyp": "0", "NonPed": "V", "TrafDir": "T", "SegmentID": "0173595", "PhysicalID": null, "StreetWidth_Min": null, "StreetWidth_Max": null, "Snow_Priority": "C", "Number_Travel_Lanes": "  ", "Number_Park_Lanes": "  ", "TRUCK_ROUTE_TYPE": " " }, "geometry": { "type": "MultiLineString", "coordinates": [ [ [ -73.916218012835159, 40.803240522512283 ], [ -73.91559886691654, 40.803317855875285 ] ] ] } },
{ "type": "Feature", "properties": { "Street": "EAST 138 STREET", "FeatureTyp": "0", "NonPed": " ", "TrafDir": "T", "SegmentID": "0116336", "PhysicalID": 57260.0, "StreetWidth_Min": 60.0, "StreetWidth_Max": 60.0, "Snow_Priority": "C", "Number_Travel_Lanes": " 4", "Number_Park_Lanes": " 2", "TRUCK_ROUTE_TYPE": "2" }, "geometry": { "type": "MultiLineString", "coordinates": [ [ [ -73.92812468376728, 40.811724565072211 ], [ -73.927294323716865, 40.811079651804008 ] ] ] } },
{ "type": "Feature", "properties": { "Street": "MORRIS AVENUE", "FeatureTyp": "0", "NonPed": " ", "TrafDir": "A", "SegmentID": "0114288", "PhysicalID": 188383.0, "StreetWidth_Min": 30.0, "StreetWidth_Max": 30.0, "Snow_Priority": "C", "Number_Travel_Lanes": " 2", "Number_Park_Lanes": "  ", "TRUCK_ROUTE_TYPE": " " }, "geometry": { "type": "MultiLineString", "coordinates": [ [ [ -73.927223147081705, 40.81115902216618 ], [ -73.926801143081136, 40.811670329381059 ] ] ] } },
{ "type": "Feature", "properties": { "Street": "MORRIS AVENUE", "FeatureTyp": "0", "NonPed": " ", "TrafDir": "A", "SegmentID": "0114288", "PhysicalID": 188383.0, "StreetWidth_Min": 30.0, "StreetWidth_Max": 30.0, "Snow_Priority": "C", "Number_Travel_Lanes": " 2", "Number_Park_Lanes": "  ", "TRUCK_ROUTE_TYPE": " " }, "geometry": { "type": "MultiLineString", "coordinates": [ [ [ -73.927223147081705, 40.81115902216618 ], [ -73.926801143081136, 40.811670329381059 ] ] ] } },
{ "type": "Feature", "properties": { "Street": "ST ANNS PLACE", "FeatureTyp": "0", "NonPed": " ", "TrafDir": "T", "SegmentID": "0173556", "PhysicalID": 62313.0, "StreetWidth_Min": 44.0, "StreetWidth_Max": 44.0, "Snow_Priority": "V", "Number_Travel_Lanes": " 2", "Number_Park_Lanes": "  ", "TRUCK_ROUTE_TYPE": " " }, "geometry": { "type": "MultiLineString", "coordinates": [ [ [ -73.918904387685458, 40.803227891636098 ], [ -73.918872370346236, 40.803274253344632 ] ] ] } },
{ "type": "Feature", "properties": { "Street": "BRUCKNER BOULEVARD", "FeatureTyp": "0", "NonPed": " ", "TrafDir": "W", "SegmentID": "0136706", "PhysicalID": 41646.0, "StreetWidth_Min": 42.0, "StreetWidth_Max": 46.0, "Snow_Priority": "C", "Number_Travel_Lanes": " 2", "Number_Park_Lanes": "  ", "TRUCK_ROUTE_TYPE": "3" }, "geometry": { "type": "MultiLineString", "coordinates": [ [ [ -73.919780188757329, 40.803592305871312 ], [ -73.919724935705375, 40.803508439338792 ] ] ] } },
{ "type": "Feature", "properties": { "Street": "BRUCKNER EXPRESSWAY", "FeatureTyp": "0", "NonPed": "V", "TrafDir": "A", "SegmentID": "0173598", "PhysicalID": 201386.0, "StreetWidth_Min": 30.0, "StreetWidth_Max": 40.0, "Snow_Priority": "C", "Number_Travel_Lanes": " 2", "Number_Park_Lanes": "  ", "TRUCK_ROUTE_TYPE": "3" }, "geometry": { "type": "MultiLineString", "coordinates": [ [ [ -73.915935410205023, 40.803418714140847 ], [ -73.915726653054591, 40.803467591323376 ] ] ] } },
{ "type": "Feature", "properties": { "Street": "MAJOR DEEGAN EXPRESSWAY", "FeatureTyp": "0", "NonPed": "V", "TrafDir": "A", "SegmentID": "0138463", "PhysicalID": 50711.0, "StreetWidth_Min": 34.0, "StreetWidth_Max": 36.0, "Snow_Priority": "C", "Number_Travel_Lanes": " 3", "Number_Park_Lanes": "  ", "TRUCK_ROUTE_TYPE": "3" }, "geometry": { "type": "MultiLineString", "coordinates": [ [ [ -73.924462881489049, 40.806754036440566 ], [ -73.9245271514244, 40.806779913533916 ] ] ] } },
{ "type": "Feature", "properties": { "Street": "BRUCKNER EXPRESSWAY EB EXIT 47", "FeatureTyp": "0", "NonPed": "V", "TrafDir": "W", "SegmentID": "0138454", "PhysicalID": 201724.0, "StreetWidth_Min": 46.0, "StreetWidth_Max": 50.0, "Snow_Priority": "C", "Number_Travel_Lanes": " 4", "Number_Park_Lanes": "  ", "TRUCK_ROUTE_TYPE": "3" }, "geometry": { "type": "MultiLineString", "coordinates": [ [ [ -73.919014552657998, 40.804642168016713 ], [ -73.920163594512587, 40.805140169496887 ] ] ] } },
{ "type": "Feature", "properties": { "Street": "BRUCKNER EXPRESSWAY", "FeatureTyp": "0", "NonPed": "V", "TrafDir": "W", "SegmentID": "0187787", "PhysicalID": 40955.0, "StreetWidth_Min": 26.0, "StreetWidth_Max": 44.0, "Snow_Priority": "C", "Number_Travel_Lanes": " 2", "Number_Park_Lanes": "  ", "TRUCK_ROUTE_TYPE": "3" }, "geometry": { "type": "MultiLineString", "coordinates": [ [ [ -73.916459834215345, 40.802152740320345 ], [ -73.916413578285116, 40.802208610298678 ] ] ] } },
{ "type": "Feature", "properties": { "Street": "ROBERT F KENNEDY BRIDGE", "FeatureTyp": "0", "NonPed": "V", "TrafDir": "T", "SegmentID": "0189371", "PhysicalID": null, "StreetWidth_Min": null, "StreetWidth_Max": null, "Snow_Priority": "C", "Number_Travel_Lanes": "  ", "Number_Park_Lanes": "  ", "TRUCK_ROUTE_TYPE": " " }, "geometry": { "type": "MultiLineString", "coordinates": [ [ [ -73.918955817192668, 40.798946917157352 ], [ -73.918862533306964, 40.799075613892221 ], [ -73.918859245353886, 40.79908015053558 ] ] ] } },
{ "type": "Feature", "properties": { "Street": "BRUCKNER EXPRESSWAY", "FeatureTyp": "0", "NonPed": "V", "TrafDir": "W", "SegmentID": "0138233", "PhysicalID": 40954.0, "StreetWidth_Min": 24.0, "StreetWidth_Max": 44.0, "Snow_Priority": "C", "Number_Travel_Lanes": " 2", "Number_Park_Lanes": "  ", "TRUCK_ROUTE_TYPE": "3" }, "geometry": { "type": "MultiLineString", "coordinates": [ [ [ -73.915209138237074, 40.803123228933693 ], [ -73.914416371765199, 40.803383386669729 ] ] ] } },
{ "type": "Feature", "properties": { "Street": "BRUCKNER BOULEVARD", "FeatureTyp": "0", "NonPed": "D", "TrafDir": "T", "SegmentID": "0138027", "PhysicalID": null, "StreetWidth_Min": null, "StreetWidth_Max": null, "Snow_Priority": "C", "Number_Travel_Lanes": "  ", "Number_Park_Lanes": "  ", "TRUCK_ROUTE_TYPE": " " }, "geometry": { "type": "MultiLineString", "coordinates": [ [ [ -73.915210330250773, 40.803386909140087 ], [ -73.914712597704309, 40.803486686624481 ] ] ] } },
{ "type": "Feature", "properties": { "Street": "RFK BRIDGE BRONX ENTRANCE RAMP", "FeatureTyp": "0", "NonPed": "V", "TrafDir": "W", "SegmentID": "0173583", "PhysicalID": 137468.0, "StreetWidth_Min": 24.0, "StreetWidth_Max": 45.0, "Snow_Priority": "V", "Number_Travel_Lanes": " 2", "Number_Park_Lanes": "  ", "TRUCK_ROUTE_TYPE": "3" }, "geometry": { "type": "MultiLineString", "coordinates": [ [ [ -73.916970155159873, 40.803223218843378 ], [ -73.916911820165168, 40.803143709282693 ] ] ] } },
{ "type": "Feature", "properties": { "Street": "CYPRESS PLACE", "FeatureTyp": "0", "NonPed": " ", "TrafDir": "A", "SegmentID": "0173577", "PhysicalID": 96788.0, "StreetWidth_Min": 28.0, "StreetWidth_Max": 30.0, "Snow_Priority": "S", "Number_Travel_Lanes": " 1", "Number_Park_Lanes": " 2", "TRUCK_ROUTE_TYPE": " " }, "geometry": { "type": "MultiLineString", "coordinates": [ [ [ -73.917621448907695, 40.802644853920178 ], [ -73.917379090743538, 40.803012021018169 ] ] ] } },
{ "type": "Feature", "properties": { "Street": "BRUCKNER EXPRESSWAY EB EXIT 47", "FeatureTyp": "0", "NonPed": "V", "TrafDir": "W", "SegmentID": "0138405", "PhysicalID": 50706.0, "StreetWidth_Min": 46.0, "StreetWidth_Max": 50.0, "Snow_Priority": "C", "Number_Travel_Lanes": " 4", "Number_Park_Lanes": "  ", "TRUCK_ROUTE_TYPE": "3" }, "geometry": { "type": "MultiLineString", "coordinates": [ [ [ -73.918449596299112, 40.804424613862743 ], [ -73.918869368648686, 40.804586262902845 ], [ -73.919014552657998, 40.804642168016713 ] ] ] } },
{ "type": "Feature", "properties": { "Street": "BRUCKNER BOULEVARD", "FeatureTyp": "0", "NonPed": " ", "TrafDir": "A", "SegmentID": "0173607", "PhysicalID": 123010.0, "StreetWidth_Min": 24.0, "StreetWidth_Max": 24.0, "Snow_Priority": "C", "Number_Travel_Lanes": " 1", "Number_Park_Lanes": " 2", "TRUCK_ROUTE_TYPE": "2" }, "geometry": { "type": "MultiLineString", "coordinates": [ [ [ -73.915143661877195, 40.803719504505494 ], [ -73.914783266853874, 40.803761003515419 ] ] ] } },
{ "type": "Feature", "properties": { "Street": "CANAL STREET WEST", "FeatureTyp": "0", "NonPed": " ", "TrafDir": "T", "SegmentID": "0069590", "PhysicalID": 98547.0, "StreetWidth_Min": 42.0, "StreetWidth_Max": 42.0, "Snow_Priority": "C", "Number_Travel_Lanes": " 2", "Number_Park_Lanes": " 2", "TRUCK_ROUTE_TYPE": " " }, "geometry": { "type": "MultiLineString", "coordinates": [ [ [ -73.930865475512675, 40.810864093754802 ], [ -73.928948562261283, 40.812338800680045 ] ] ] } },
{ "type": "Feature", "properties": { "Street": "CYPRESS AVENUE", "FeatureTyp": "0", "NonPed": " ", "TrafDir": "T", "SegmentID": "9001715", "PhysicalID": 59651.0, "StreetWidth_Min": 46.0, "StreetWidth_Max": 46.0, "Snow_Priority": "S", "Number_Travel_Lanes": " 2", "Number_Park_Lanes": " 2", "TRUCK_ROUTE_TYPE": " " }, "geometry": { "type": "MultiLineString", "coordinates": [ [ [ -73.915713858548202, 40.803909061932224 ], [ -73.915450480454624, 40.804264613072348 ] ] ] } },
{ "type": "Feature", "properties": { "Street": "ST MARYS STREET", "FeatureTyp": "0", "NonPed": " ", "TrafDir": "A", "SegmentID": "0070175", "PhysicalID": 87299.0, "StreetWidth_Min": 34.0, "StreetWidth_Max": 34.0, "Snow_Priority": "S", "Number_Travel_Lanes": " 1", "Number_Park_Lanes": " 2", "TRUCK_ROUTE_TYPE": " " }, "geometry": { "type": "MultiLineString", "coordinates": [ [ [ -73.915197762625425, 40.810386294798455 ], [ -73.914332881209575, 40.810255029311875 ] ] ] } },
{ "type": "Feature", "properties": { "Street": "EAST 135 STREET", "FeatureTyp": "0", "NonPed": " ", "TrafDir": "T", "SegmentID": "0070137", "PhysicalID": 87297.0, "StreetWidth_Min": 34.0, "StreetWidth_Max": 34.0, "Snow_Priority": "S", "Number_Travel_Lanes": " 2", "Number_Park_Lanes": " 2", "TRUCK_ROUTE_TYPE": " " }, "geometry": { "type": "MultiLineString", "coordinates": [ [ [ -73.914604299750806, 40.803113682597143 ], [ -73.912746695260466, 40.802311459729275 ] ] ] } },
{ "type": "Feature", "properties": { "Street": "CANAL PLACE", "FeatureTyp": "0", "NonPed": " ", "TrafDir": "A", "SegmentID": "0069789", "PhysicalID": 98774.0, "StreetWidth_Min": 40.0, "StreetWidth_Max": 40.0, "Snow_Priority": "S", "Number_Travel_Lanes": " 2", "Number_Park_Lanes": " 2", "TRUCK_ROUTE_TYPE": " " }, "geometry": { "type": "MultiLineString", "coordinates": [ [ [ -73.927288335385796, 40.81358898869231 ], [ -73.926529004015691, 40.814681369352918 ] ] ] } },
{ "type": "Feature", "properties": { "Street": "EAST 138 STREET", "FeatureTyp": "0", "NonPed": " ", "TrafDir": "T", "SegmentID": "0069922", "PhysicalID": 57264.0, "StreetWidth_Min": 50.0, "StreetWidth_Max": 50.0, "Snow_Priority": "C", "Number_Travel_Lanes": " 2", "Number_Park_Lanes": " 2", "TRUCK_ROUTE_TYPE": "2" }, "geometry": { "type": "MultiLineString", "coordinates": [ [ [ -73.922886298233593, 40.809105863935592 ], [ -73.920045566290625, 40.807906797482666 ] ] ] } },
{ "type": "Feature", "properties": { "Street": "EAST 138 STREET", "FeatureTyp": "0", "NonPed": " ", "TrafDir": "T", "SegmentID": "0069922", "PhysicalID": 57264.0, "StreetWidth_Min": 50.0, "StreetWidth_Max": 50.0, "Snow_Priority": "C", "Number_Travel_Lanes": " 2", "Number_Park_Lanes": " 2", "TRUCK_ROUTE_TYPE": "2" }, "geometry": { "type": "MultiLineString", "coordinates": [ [ [ -73.922886298233593, 40.809105863935592 ], [ -73.920045566290625, 40.807906797482666 ] ] ] } },
{ "type": "Feature", "properties": { "Street": "EAST 138 STREET", "FeatureTyp": "0", "NonPed": " ", "TrafDir": "T", "SegmentID": "0069922", "PhysicalID": 57264.0, "StreetWidth_Min": 50.0, "StreetWidth_Max": 50.0, "Snow_Priority": "C", "Number_Travel_Lanes": " 2", "Number_Park_Lanes": " 2", "TRUCK_ROUTE_TYPE": "2" }, "geometry": { "type": "MultiLineString", "coordinates": [ [ [ -73.922886298233593, 40.809105863935592 ], [ -73.920045566290625, 40.807906797482666 ] ] ] } },
{ "type": "Feature", "properties": { "Street": "EAST 138 STREET", "FeatureTyp": "0", "NonPed": " ", "TrafDir": "T", "SegmentID": "0069922", "PhysicalID": 57264.0, "StreetWidth_Min": 50.0, "StreetWidth_Max": 50.0, "Snow_Priority": "C", "Number_Travel_Lanes": " 2", "Number_Park_Lanes": " 2", "TRUCK_ROUTE_TYPE": "2" }, "geometry": { "type": "MultiLineString", "coordinates": [ [ [ -73.922886298233593, 40.809105863935592 ], [ -73.920045566290625, 40.807906797482666 ] ] ] } },
{ "type": "Feature", "properties": { "Street": "ALEXANDER AVENUE", "FeatureTyp": "0", "NonPed": " ", "TrafDir": "T", "SegmentID": "9006657", "PhysicalID": 151206.0, "StreetWidth_Min": 68.0, "StreetWidth_Max": 70.0, "Snow_Priority": "C", "Number_Travel_Lanes": " 2", "Number_Park_Lanes": " 2", "TRUCK_ROUTE_TYPE": " " }, "geometry": { "type": "MultiLineString", "coordinates": [ [ [ -73.92593714889577, 40.808968237362848 ], [ -73.92563785528796, 40.809379829061896 ] ] ] } },
{ "type": "Feature", "properties": { "Street": "ALEXANDER AVENUE", "FeatureTyp": "0", "NonPed": " ", "TrafDir": "T", "SegmentID": "9006657", "PhysicalID": 151206.0, "StreetWidth_Min": 68.0, "StreetWidth_Max": 70.0, "Snow_Priority": "C", "Number_Travel_Lanes": " 2", "Number_Park_Lanes": " 2", "TRUCK_ROUTE_TYPE": " " }, "geometry": { "type": "MultiLineString", "coordinates": [ [ [ -73.92593714889577, 40.808968237362848 ], [ -73.92563785528796, 40.809379829061896 ] ] ] } },
{ "type": "Feature", "properties": { "Street": "BROOK AVENUE", "FeatureTyp": "0", "NonPed": " ", "TrafDir": "A", "SegmentID": "0070185", "PhysicalID": 69914.0, "StreetWidth_Min": 44.0, "StreetWidth_Max": 44.0, "Snow_Priority": "C", "Number_Travel_Lanes": " 2", "Number_Park_Lanes": " 2", "TRUCK_ROUTE_TYPE": " " }, "geometry": { "type": "MultiLineString", "coordinates": [ [ [ -73.916089144122765, 40.812965567791188 ], [ -73.91571885041887, 40.813615736542893 ] ] ] } },
{ "type": "Feature", "properties": { "Street": "3 AVENUE", "FeatureTyp": "0", "NonPed": " ", "TrafDir": "T", "SegmentID": "9002388", "PhysicalID": 36002.0, "StreetWidth_Min": 50.0, "StreetWidth_Max": 52.0, "Snow_Priority": "C", "Number_Travel_Lanes": " 2", "Number_Park_Lanes": " 2", "TRUCK_ROUTE_TYPE": "2" }, "geometry": { "type": "MultiLineString", "coordinates": [ [ [ -73.922013950492058, 40.813771456587943 ], [ -73.921244447743277, 40.814188289371252 ] ] ] } },
{ "type": "Feature", "properties": { "Street": "EAST 133 STREET", "FeatureTyp": "0", "NonPed": " ", "TrafDir": "W", "SegmentID": "0188575", "PhysicalID": 62311.0, "StreetWidth_Min": 40.0, "StreetWidth_Max": 42.0, "Snow_Priority": "C", "Number_Travel_Lanes": " 2", "Number_Park_Lanes": " 2", "TRUCK_ROUTE_TYPE": " " }, "geometry": { "type": "MultiLineString", "coordinates": [ [ [ -73.918257273288418, 40.802933160336252 ], [ -73.917621448907695, 40.802644853920178 ] ] ] } },
{ "type": "Feature", "properties": { "Street": "EAST 135 STREET", "FeatureTyp": "0", "NonPed": " ", "TrafDir": "A", "SegmentID": "0069599", "PhysicalID": 57304.0, "StreetWidth_Min": 26.0, "StreetWidth_Max": 30.0, "Snow_Priority": "C", "Number_Travel_Lanes": " 1", "Number_Park_Lanes": " 1", "TRUCK_ROUTE_TYPE": "3" }, "geometry": { "type": "MultiLineString", "coordinates": [ [ [ -73.930095122732979, 40.810232507559213 ], [ -73.929218541431567, 40.809564721625016 ] ] ] } },
{ "type": "Feature", "properties": { "Street": "RIDER AVENUE", "FeatureTyp": "0", "NonPed": " ", "TrafDir": "T", "SegmentID": "0069598", "PhysicalID": 62449.0, "StreetWidth_Min": 30.0, "StreetWidth_Max": 30.0, "Snow_Priority": "S", "Number_Travel_Lanes": " 2", "Number_Park_Lanes": " 2", "TRUCK_ROUTE_TYPE": " " }, "geometry": { "type": "MultiLineString", "coordinates": [ [ [ -73.930095122732979, 40.810232507559213 ], [ -73.929731559802278, 40.81051139581816 ] ] ] } },
{ "type": "Feature", "properties": { "Street": "LINCOLN AVENUE", "FeatureTyp": "0", "NonPed": " ", "TrafDir": "T", "SegmentID": "0069570", "PhysicalID": 58235.0, "StreetWidth_Min": 60.0, "StreetWidth_Max": 92.0, "Snow_Priority": "H", "Number_Travel_Lanes": " 2", "Number_Park_Lanes": " 2", "TRUCK_ROUTE_TYPE": " " }, "geometry": { "type": "MultiLineString", "coordinates": [ [ [ -73.930031353674423, 40.807048109352287 ], [ -73.929545032974104, 40.807704105394542 ] ] ] } },
{ "type": "Feature", "properties": { "Street": "LINCOLN AVENUE", "FeatureTyp": "0", "NonPed": " ", "TrafDir": "T", "SegmentID": "0069570", "PhysicalID": 58235.0, "StreetWidth_Min": 60.0, "StreetWidth_Max": 92.0, "Snow_Priority": "H", "Number_Travel_Lanes": " 2", "Number_Park_Lanes": " 2", "TRUCK_ROUTE_TYPE": " " }, "geometry": { "type": "MultiLineString", "coordinates": [ [ [ -73.930031353674423, 40.807048109352287 ], [ -73.929545032974104, 40.807704105394542 ] ] ] } },
{ "type": "Feature", "properties": { "Street": "MORRIS AVENUE", "FeatureTyp": "0", "NonPed": " ", "TrafDir": "T", "SegmentID": "9006873", "PhysicalID": 151436.0, "StreetWidth_Min": 50.0, "StreetWidth_Max": 68.0, "Snow_Priority": "C", "Number_Travel_Lanes": " 2", "Number_Park_Lanes": " 2", "TRUCK_ROUTE_TYPE": " " }, "geometry": { "type": "MultiLineString", "coordinates": [ [ [ -73.925223005772708, 40.813742477144736 ], [ -73.92480323399397, 40.814313633271404 ] ] ] } },
{ "type": "Feature", "properties": { "Street": "BROOK AVENUE", "FeatureTyp": "0", "NonPed": " ", "TrafDir": "A", "SegmentID": "0070036", "PhysicalID": 69920.0, "StreetWidth_Min": 42.0, "StreetWidth_Max": 44.0, "Snow_Priority": "C", "Number_Travel_Lanes": " 2", "Number_Park_Lanes": " 2", "TRUCK_ROUTE_TYPE": " " }, "geometry": { "type": "MultiLineString", "coordinates": [ [ [ -73.918431646825226, 40.808923662166464 ], [ -73.918049000685457, 40.809574784121367 ] ] ] } },
{ "type": "Feature", "properties": { "Street": "RIDER AVENUE", "FeatureTyp": "0", "NonPed": " ", "TrafDir": "T", "SegmentID": "0069605", "PhysicalID": 62448.0, "StreetWidth_Min": 30.0, "StreetWidth_Max": 30.0, "Snow_Priority": "S", "Number_Travel_Lanes": " 2", "Number_Park_Lanes": " 2", "TRUCK_ROUTE_TYPE": " " }, "geometry": { "type": "MultiLineString", "coordinates": [ [ [ -73.929731559802278, 40.81051139581816 ], [ -73.928900705864848, 40.811149474826351 ] ] ] } },
{ "type": "Feature", "properties": { "Street": "EAST 136 STREET", "FeatureTyp": "0", "NonPed": " ", "TrafDir": "W", "SegmentID": "0111531", "PhysicalID": 98780.0, "StreetWidth_Min": 30.0, "StreetWidth_Max": 30.0, "Snow_Priority": "S", "Number_Travel_Lanes": " 1", "Number_Park_Lanes": "  ", "TRUCK_ROUTE_TYPE": " " }, "geometry": { "type": "MultiLineString", "coordinates": [ [ [ -73.929030292838078, 40.809984202509135 ], [ -73.928806172603913, 40.809899093174039 ] ] ] } },
{ "type": "Feature", "properties": { "Street": "BROWN PLACE", "FeatureTyp": "0", "NonPed": " ", "TrafDir": "T", "SegmentID": "0069902", "PhysicalID": 98783.0, "StreetWidth_Min": 30.0, "StreetWidth_Max": 30.0, "Snow_Priority": "C", "Number_Travel_Lanes": " 2", "Number_Park_Lanes": " 2", "TRUCK_ROUTE_TYPE": " " }, "geometry": { "type": "MultiLineString", "coordinates": [ [ [ -73.921448636774059, 40.805988700162636 ], [ -73.920994762673175, 40.806610887147549 ] ] ] } },
{ "type": "Feature", "properties": { "Street": "BROWN PLACE", "FeatureTyp": "0", "NonPed": " ", "TrafDir": "T", "SegmentID": "0069902", "PhysicalID": 98783.0, "StreetWidth_Min": 30.0, "StreetWidth_Max": 30.0, "Snow_Priority": "C", "Number_Travel_Lanes": " 2", "Number_Park_Lanes": " 2", "TRUCK_ROUTE_TYPE": " " }, "geometry": { "type": "MultiLineString", "coordinates": [ [ [ -73.921448636774059, 40.805988700162636 ], [ -73.920994762673175, 40.806610887147549 ] ] ] } },
{ "type": "Feature", "properties": { "Street": "BROWN PLACE", "FeatureTyp": "0", "NonPed": " ", "TrafDir": "T", "SegmentID": "0069902", "PhysicalID": 98783.0, "StreetWidth_Min": 30.0, "StreetWidth_Max": 30.0, "Snow_Priority": "C", "Number_Travel_Lanes": " 2", "Number_Park_Lanes": " 2", "TRUCK_ROUTE_TYPE": " " }, "geometry": { "type": "MultiLineString", "coordinates": [ [ [ -73.921448636774059, 40.805988700162636 ], [ -73.920994762673175, 40.806610887147549 ] ] ] } },
{ "type": "Feature", "properties": { "Street": "EAST 135 STREET", "FeatureTyp": "0", "NonPed": " ", "TrafDir": "A", "SegmentID": "0069607", "PhysicalID": 57305.0, "StreetWidth_Min": 26.0, "StreetWidth_Max": 32.0, "Snow_Priority": "C", "Number_Travel_Lanes": " 1", "Number_Park_Lanes": " 1", "TRUCK_ROUTE_TYPE": "3" }, "geometry": { "type": "MultiLineString", "coordinates": [ [ [ -73.929218541431567, 40.809564721625016 ], [ -73.928556021368493, 40.809046238920402 ] ] ] } },
{ "type": "Feature", "properties": { "Street": "EAST 136 STREET", "FeatureTyp": "0", "NonPed": " ", "TrafDir": "W", "SegmentID": "0069608", "PhysicalID": 98781.0, "StreetWidth_Min": 34.0, "StreetWidth_Max": 34.0, "Snow_Priority": "C", "Number_Travel_Lanes": " 1", "Number_Park_Lanes": " 2", "TRUCK_ROUTE_TYPE": " " }, "geometry": { "type": "MultiLineString", "coordinates": [ [ [ -73.928806172603913, 40.809899093174039 ], [ -73.928134623206603, 40.809621557138009 ] ] ] } },
{ "type": "Feature", "properties": { "Street": "EAST 143 STREET", "FeatureTyp": "0", "NonPed": " ", "TrafDir": "T", "SegmentID": "9008570", "PhysicalID": 151450.0, "StreetWidth_Min": 44.0, "StreetWidth_Max": 45.0, "Snow_Priority": "S", "Number_Travel_Lanes": " 2", "Number_Park_Lanes": " 2", "TRUCK_ROUTE_TYPE": " " }, "geometry": { "type": "MultiLineString", "coordinates": [ [ [ -73.923490749535162, 40.814087379277041 ], [ -73.922875482536384, 40.813315251760834 ] ] ] } },
{ "type": "Feature", "properties": { "Street": "EAST 143 STREET", "FeatureTyp": "0", "NonPed": " ", "TrafDir": "T", "SegmentID": "9008570", "PhysicalID": 151450.0, "StreetWidth_Min": 44.0, "StreetWidth_Max": 45.0, "Snow_Priority": "S", "Number_Travel_Lanes": " 2", "Number_Park_Lanes": " 2", "TRUCK_ROUTE_TYPE": " " }, "geometry": { "type": "MultiLineString", "coordinates": [ [ [ -73.923490749535162, 40.814087379277041 ], [ -73.922875482536384, 40.813315251760834 ] ] ] } },
{ "type": "Feature", "properties": { "Street": "EAST 143 STREET", "FeatureTyp": "0", "NonPed": " ", "TrafDir": "T", "SegmentID": "0070170", "PhysicalID": 89770.0, "StreetWidth_Min": 18.0, "StreetWidth_Max": 56.0, "Snow_Priority": "V", "Number_Travel_Lanes": " 1", "Number_Park_Lanes": " 2", "TRUCK_ROUTE_TYPE": " " }, "geometry": { "type": "MultiLineString", "coordinates": [ [ [ -73.917226061424117, 40.811001323297866 ], [ -73.915197762625425, 40.810386294798455 ] ] ] } },
{ "type": "Feature", "properties": { "Street": "EAST 143 STREET", "FeatureTyp": "0", "NonPed": " ", "TrafDir": "T", "SegmentID": "0070170", "PhysicalID": 89770.0, "StreetWidth_Min": 18.0, "StreetWidth_Max": 56.0, "Snow_Priority": "V", "Number_Travel_Lanes": " 1", "Number_Park_Lanes": " 2", "TRUCK_ROUTE_TYPE": " " }, "geometry": { "type": "MultiLineString", "coordinates": [ [ [ -73.917226061424117, 40.811001323297866 ], [ -73.915197762625425, 40.810386294798455 ] ] ] } },
{ "type": "Feature", "properties": { "Street": "EAST 143 STREET", "FeatureTyp": "0", "NonPed": " ", "TrafDir": "T", "SegmentID": "0070170", "PhysicalID": 89770.0, "StreetWidth_Min": 18.0, "StreetWidth_Max": 56.0, "Snow_Priority": "V", "Number_Travel_Lanes": " 1", "Number_Park_Lanes": " 2", "TRUCK_ROUTE_TYPE": " " }, "geometry": { "type": "MultiLineString", "coordinates": [ [ [ -73.917226061424117, 40.811001323297866 ], [ -73.915197762625425, 40.810386294798455 ] ] ] } },
{ "type": "Feature", "properties": { "Street": "EAST 143 STREET", "FeatureTyp": "0", "NonPed": " ", "TrafDir": "T", "SegmentID": "0070170", "PhysicalID": 89770.0, "StreetWidth_Min": 18.0, "StreetWidth_Max": 56.0, "Snow_Priority": "V", "Number_Travel_Lanes": " 1", "Number_Park_Lanes": " 2", "TRUCK_ROUTE_TYPE": " " }, "geometry": { "type": "MultiLineString", "coordinates": [ [ [ -73.917226061424117, 40.811001323297866 ], [ -73.915197762625425, 40.810386294798455 ] ] ] } },
{ "type": "Feature", "properties": { "Street": "EAST 143 STREET", "FeatureTyp": "0", "NonPed": " ", "TrafDir": "T", "SegmentID": "0070170", "PhysicalID": 89770.0, "StreetWidth_Min": 18.0, "StreetWidth_Max": 56.0, "Snow_Priority": "V", "Number_Travel_Lanes": " 1", "Number_Park_Lanes": " 2", "TRUCK_ROUTE_TYPE": " " }, "geometry": { "type": "MultiLineString", "coordinates": [ [ [ -73.917226061424117, 40.811001323297866 ], [ -73.915197762625425, 40.810386294798455 ] ] ] } },
{ "type": "Feature", "properties": { "Street": "EAST 143 STREET", "FeatureTyp": "0", "NonPed": " ", "TrafDir": "T", "SegmentID": "0070170", "PhysicalID": 89770.0, "StreetWidth_Min": 18.0, "StreetWidth_Max": 56.0, "Snow_Priority": "V", "Number_Travel_Lanes": " 1", "Number_Park_Lanes": " 2", "TRUCK_ROUTE_TYPE": " " }, "geometry": { "type": "MultiLineString", "coordinates": [ [ [ -73.917226061424117, 40.811001323297866 ], [ -73.915197762625425, 40.810386294798455 ] ] ] } },
{ "type": "Feature", "properties": { "Street": "EAST 143 STREET", "FeatureTyp": "0", "NonPed": " ", "TrafDir": "T", "SegmentID": "0070170", "PhysicalID": 89770.0, "StreetWidth_Min": 18.0, "StreetWidth_Max": 56.0, "Snow_Priority": "V", "Number_Travel_Lanes": " 1", "Number_Park_Lanes": " 2", "TRUCK_ROUTE_TYPE": " " }, "geometry": { "type": "MultiLineString", "coordinates": [ [ [ -73.917226061424117, 40.811001323297866 ], [ -73.915197762625425, 40.810386294798455 ] ] ] } },
{ "type": "Feature", "properties": { "Street": "EAST 143 STREET", "FeatureTyp": "0", "NonPed": " ", "TrafDir": "T", "SegmentID": "0070170", "PhysicalID": 89770.0, "StreetWidth_Min": 18.0, "StreetWidth_Max": 56.0, "Snow_Priority": "V", "Number_Travel_Lanes": " 1", "Number_Park_Lanes": " 2", "TRUCK_ROUTE_TYPE": " " }, "geometry": { "type": "MultiLineString", "coordinates": [ [ [ -73.917226061424117, 40.811001323297866 ], [ -73.915197762625425, 40.810386294798455 ] ] ] } },
{ "type": "Feature", "properties": { "Street": "EAST 143 STREET", "FeatureTyp": "0", "NonPed": " ", "TrafDir": "T", "SegmentID": "0070170", "PhysicalID": 89770.0, "StreetWidth_Min": 18.0, "StreetWidth_Max": 56.0, "Snow_Priority": "V", "Number_Travel_Lanes": " 1", "Number_Park_Lanes": " 2", "TRUCK_ROUTE_TYPE": " " }, "geometry": { "type": "MultiLineString", "coordinates": [ [ [ -73.917226061424117, 40.811001323297866 ], [ -73.915197762625425, 40.810386294798455 ] ] ] } },
{ "type": "Feature", "properties": { "Street": "RIDER AVENUE", "FeatureTyp": "0", "NonPed": " ", "TrafDir": "W", "SegmentID": "0069783", "PhysicalID": 62446.0, "StreetWidth_Min": 28.0, "StreetWidth_Max": 32.0, "Snow_Priority": "S", "Number_Travel_Lanes": " 1", "Number_Park_Lanes": " 2", "TRUCK_ROUTE_TYPE": " " }, "geometry": { "type": "MultiLineString", "coordinates": [ [ [ -73.92812468376728, 40.811724565072211 ], [ -73.927455683844613, 40.812268460538114 ] ] ] } },
{ "type": "Feature", "properties": { "Street": "BRUCKNER BOULEVARD", "FeatureTyp": "0", "NonPed": "V", "TrafDir": "T", "SegmentID": "0173559", "PhysicalID": null, "StreetWidth_Min": null, "StreetWidth_Max": null, "Snow_Priority": "C", "Number_Travel_Lanes": "  ", "Number_Park_Lanes": "  ", "TRUCK_ROUTE_TYPE": " " }, "geometry": { "type": "MultiLineString", "coordinates": [ [ [ -73.918508568643404, 40.803228296216503 ], [ -73.917290486695535, 40.803220243279547 ] ] ] } },
{ "type": "Feature", "properties": { "Street": "3 AVENUE", "FeatureTyp": "0", "NonPed": " ", "TrafDir": "T", "SegmentID": "9002366", "PhysicalID": 36006.0, "StreetWidth_Min": 50.0, "StreetWidth_Max": 52.0, "Snow_Priority": "C", "Number_Travel_Lanes": " 2", "Number_Park_Lanes": " 2", "TRUCK_ROUTE_TYPE": "2" }, "geometry": { "type": "MultiLineString", "coordinates": [ [ [ -73.923699954038582, 40.812890890960588 ], [ -73.922875482536384, 40.813315251760834 ] ] ] } },
{ "type": "Feature", "properties": { "Street": "3 AVENUE", "FeatureTyp": "0", "NonPed": " ", "TrafDir": "A", "SegmentID": "0144359", "PhysicalID": 66034.0, "StreetWidth_Min": null, "StreetWidth_Max": 22.0, "Snow_Priority": "V", "Number_Travel_Lanes": "  ", "Number_Park_Lanes": "  ", "TRUCK_ROUTE_TYPE": "2" }, "geometry": { "type": "MultiLineString", "coordinates": [ [ [ -73.929419378008788, 40.809264303807453 ], [ -73.929334674696776, 40.809342226231756 ] ] ] } },
{ "type": "Feature", "properties": { "Street": "LINCOLN AVENUE", "FeatureTyp": "0", "NonPed": " ", "TrafDir": "T", "SegmentID": "0173368", "PhysicalID": 58239.0, "StreetWidth_Min": 58.0, "StreetWidth_Max": 58.0, "Snow_Priority": "C", "Number_Travel_Lanes": " 4", "Number_Park_Lanes": "  ", "TRUCK_ROUTE_TYPE": " " }, "geometry": { "type": "MultiLineString", "coordinates": [ [ [ -73.928656234457819, 40.808906696629101 ], [ -73.928619777687302, 40.808951987261146 ] ] ] } },
{ "type": "Feature", "properties": { "Street": "BRUCKNER BOULEVARD", "FeatureTyp": "0", "NonPed": "V", "TrafDir": "W", "SegmentID": "0158470", "PhysicalID": 41645.0, "StreetWidth_Min": 24.0, "StreetWidth_Max": 24.0, "Snow_Priority": "C", "Number_Travel_Lanes": " 2", "Number_Park_Lanes": "  ", "TRUCK_ROUTE_TYPE": "3" }, "geometry": { "type": "MultiLineString", "coordinates": [ [ [ -73.918507186892768, 40.803166160936343 ], [ -73.917287626035673, 40.803147507610852 ] ] ] } },
{ "type": "Feature", "properties": { "Street": "WILLIS AVENUE BRIDGE EXIT RAMP", "FeatureTyp": "0", "NonPed": "V", "TrafDir": "W", "SegmentID": "0111538", "PhysicalID": 146031.0, "StreetWidth_Min": 40.0, "StreetWidth_Max": 54.0, "Snow_Priority": "C", "Number_Travel_Lanes": " 3", "Number_Park_Lanes": "  ", "TRUCK_ROUTE_TYPE": " " }, "geometry": { "type": "MultiLineString", "coordinates": [ [ [ -73.924299496724529, 40.804766766068248 ], [ -73.924266372184391, 40.804758245225905 ], [ -73.924232769309242, 40.804750884835975 ], [ -73.924198758467838, 40.804744700312121 ], [ -73.924164410883449, 40.804739704605524 ], [ -73.924129798484458, 40.804735908177825 ], [ -73.924094993753712, 40.804733318979267 ], [ -73.924060069576711, 40.804731942431914 ], [ -73.924025099166414, 40.804731781370272 ], [ -73.923990155675327, 40.804732836177102 ], [ -73.923955312279418, 40.80473510464347 ], [ -73.923920641945429, 40.804738582018913 ], [ -73.923886217277385, 40.804743261021365 ], [ -73.923852110365047, 40.804749131852425 ], [ -73.923818392632896, 40.804756182217737 ] ] ] } },
{ "type": "Feature", "properties": { "Street": "EAST 136 STREET", "FeatureTyp": "0", "NonPed": " ", "TrafDir": "W", "SegmentID": "0111530", "PhysicalID": 98780.0, "StreetWidth_Min": 30.0, "StreetWidth_Max": 30.0, "Snow_Priority": "S", "Number_Travel_Lanes": " 1", "Number_Park_Lanes": " 2", "TRUCK_ROUTE_TYPE": " " }, "geometry": { "type": "MultiLineString", "coordinates": [ [ [ -73.929731559802278, 40.81051139581816 ], [ -73.929030292838078, 40.809984202509135 ] ] ] } },
{ "type": "Feature", "properties": { "Street": "ST ANNS AVENUE", "FeatureTyp": "0", "NonPed": " ", "TrafDir": "T", "SegmentID": "0113065", "PhysicalID": 59535.0, "StreetWidth_Min": 42.0, "StreetWidth_Max": 44.0, "Snow_Priority": "C", "Number_Travel_Lanes": " 2", "Number_Park_Lanes": " 2", "TRUCK_ROUTE_TYPE": " " }, "geometry": { "type": "MultiLineString", "coordinates": [ [ [ -73.916588704883608, 40.808133299975403 ], [ -73.916506074257143, 40.80826724311158 ] ] ] } },
{ "type": "Feature", "properties": { "Street": "ST ANNS AVENUE", "FeatureTyp": "0", "NonPed": " ", "TrafDir": "T", "SegmentID": "0113065", "PhysicalID": 59535.0, "StreetWidth_Min": 42.0, "StreetWidth_Max": 44.0, "Snow_Priority": "C", "Number_Travel_Lanes": " 2", "Number_Park_Lanes": " 2", "TRUCK_ROUTE_TYPE": " " }, "geometry": { "type": "MultiLineString", "coordinates": [ [ [ -73.916588704883608, 40.808133299975403 ], [ -73.916506074257143, 40.80826724311158 ] ] ] } },
{ "type": "Feature", "properties": { "Street": "BRUCKNER BOULEVARD", "FeatureTyp": "0", "NonPed": "V", "TrafDir": "W", "SegmentID": "0158380", "PhysicalID": 41642.0, "StreetWidth_Min": 24.0, "StreetWidth_Max": 24.0, "Snow_Priority": "C", "Number_Travel_Lanes": " 2", "Number_Park_Lanes": "  ", "TRUCK_ROUTE_TYPE": "3" }, "geometry": { "type": "MultiLineString", "coordinates": [ [ [ -73.91639990179722, 40.803140455561689 ], [ -73.91627419720102, 40.803154619344973 ] ] ] } },
{ "type": "Feature", "properties": { "Street": "MAJOR DEEGAN EXPRESSWAY", "FeatureTyp": "0", "NonPed": "V", "TrafDir": "A", "SegmentID": "0154714", "PhysicalID": 50714.0, "StreetWidth_Min": 34.0, "StreetWidth_Max": 50.0, "Snow_Priority": "C", "Number_Travel_Lanes": " 3", "Number_Park_Lanes": "  ", "TRUCK_ROUTE_TYPE": "3" }, "geometry": { "type": "MultiLineString", "coordinates": [ [ [ -73.92737401148122, 40.807966550349619 ], [ -73.927426010322506, 40.807992967583154 ], [ -73.927713036083318, 40.80816995153446 ], [ -73.927934057498661, 40.808307938200791 ], [ -73.928261996891308, 40.808528990383863 ], [ -73.928309951979486, 40.808568983948156 ], [ -73.928550014506428, 40.808746963658812 ], [ -73.928552743403259, 40.80874886085649 ], [ -73.92869784659274, 40.808849729823798 ] ] ] } },
{ "type": "Feature", "properties": { "Street": "MAJOR DEEGAN EXPRESSWAY", "FeatureTyp": "0", "NonPed": "V", "TrafDir": "W", "SegmentID": "0154940", "PhysicalID": 50700.0, "StreetWidth_Min": 24.0, "StreetWidth_Max": 50.0, "Snow_Priority": "C", "Number_Travel_Lanes": " 2", "Number_Park_Lanes": "  ", "TRUCK_ROUTE_TYPE": "3" }, "geometry": { "type": "MultiLineString", "coordinates": [ [ [ -73.926786730827686, 40.807803278386316 ], [ -73.926872975899499, 40.807843963832056 ], [ -73.92711997866293, 40.807965984916677 ], [ -73.927170044141192, 40.807993022449118 ], [ -73.927251595275422, 40.808035235103027 ] ] ] } },
{ "type": "Feature", "properties": { "Street": "BRUCKNER BOULEVARD", "FeatureTyp": "0", "NonPed": " ", "TrafDir": "W", "SegmentID": "0154560", "PhysicalID": 132606.0, "StreetWidth_Min": 20.0, "StreetWidth_Max": 22.0, "Snow_Priority": "H", "Number_Travel_Lanes": " 1", "Number_Park_Lanes": "  ", "TRUCK_ROUTE_TYPE": "2" }, "geometry": { "type": "MultiLineString", "coordinates": [ [ [ -73.929731212205084, 40.807683879517931 ], [ -73.929545032974104, 40.807704105394542 ] ] ] } },
{ "type": "Feature", "properties": { "Street": "CANAL PLACE", "FeatureTyp": "0", "NonPed": " ", "TrafDir": "A", "SegmentID": "0106912", "PhysicalID": 98775.0, "StreetWidth_Min": 40.0, "StreetWidth_Max": 40.0, "Snow_Priority": "S", "Number_Travel_Lanes": " 2", "Number_Park_Lanes": " 2", "TRUCK_ROUTE_TYPE": " " }, "geometry": { "type": "MultiLineString", "coordinates": [ [ [ -73.928541409886677, 40.81203722461489 ], [ -73.928143710986902, 40.812357158386604 ] ] ] } },
{ "type": "Feature", "properties": { "Street": "BRUCKNER BOULEVARD", "FeatureTyp": "0", "NonPed": "V", "TrafDir": "W", "SegmentID": "0136709", "PhysicalID": 41645.0, "StreetWidth_Min": 24.0, "StreetWidth_Max": 24.0, "Snow_Priority": "C", "Number_Travel_Lanes": " 2", "Number_Park_Lanes": "  ", "TRUCK_ROUTE_TYPE": "3" }, "geometry": { "type": "MultiLineString", "coordinates": [ [ [ -73.918904387685458, 40.803227891636098 ], [ -73.918507186892768, 40.803166160936343 ] ] ] } },
{ "type": "Feature", "properties": { "Street": "EAST 133 STREET", "FeatureTyp": "0", "NonPed": " ", "TrafDir": "W", "SegmentID": "0188157", "PhysicalID": 62308.0, "StreetWidth_Min": 40.0, "StreetWidth_Max": 40.0, "Snow_Priority": "C", "Number_Travel_Lanes": " 2", "Number_Park_Lanes": " 2", "TRUCK_ROUTE_TYPE": " " }, "geometry": { "type": "MultiLineString", "coordinates": [ [ [ -73.916678489378683, 40.802240594258166 ], [ -73.916580927753486, 40.802199862759267 ] ] ] } },
{ "type": "Feature", "properties": { "Street": "CYPRESS PLACE", "FeatureTyp": "0", "NonPed": " ", "TrafDir": "W", "SegmentID": "0187241", "PhysicalID": 77546.0, "StreetWidth_Min": 28.0, "StreetWidth_Max": 42.0, "Snow_Priority": "S", "Number_Travel_Lanes": " 1", "Number_Park_Lanes": " 2", "TRUCK_ROUTE_TYPE": " " }, "geometry": { "type": "MultiLineString", "coordinates": [ [ [ -73.918149637629853, 40.803056560444702 ], [ -73.917379090743538, 40.803012021018169 ] ] ] } },
{ "type": "Feature", "properties": { "Street": "CYPRESS PLACE", "FeatureTyp": "0", "NonPed": " ", "TrafDir": "W", "SegmentID": "0187241", "PhysicalID": 77546.0, "StreetWidth_Min": 28.0, "StreetWidth_Max": 42.0, "Snow_Priority": "S", "Number_Travel_Lanes": " 1", "Number_Park_Lanes": " 2", "TRUCK_ROUTE_TYPE": " " }, "geometry": { "type": "MultiLineString", "coordinates": [ [ [ -73.918149637629853, 40.803056560444702 ], [ -73.917379090743538, 40.803012021018169 ] ] ] } },
{ "type": "Feature", "properties": { "Street": "CYPRESS PLACE", "FeatureTyp": "0", "NonPed": " ", "TrafDir": "W", "SegmentID": "0187241", "PhysicalID": 77546.0, "StreetWidth_Min": 28.0, "StreetWidth_Max": 42.0, "Snow_Priority": "S", "Number_Travel_Lanes": " 1", "Number_Park_Lanes": " 2", "TRUCK_ROUTE_TYPE": " " }, "geometry": { "type": "MultiLineString", "coordinates": [ [ [ -73.918149637629853, 40.803056560444702 ], [ -73.917379090743538, 40.803012021018169 ] ] ] } },
{ "type": "Feature", "properties": { "Street": "MAJOR DEEGAN EXPRESSWAY", "FeatureTyp": "0", "NonPed": "V", "TrafDir": "T", "SegmentID": "0173524", "PhysicalID": null, "StreetWidth_Min": null, "StreetWidth_Max": null, "Snow_Priority": "C", "Number_Travel_Lanes": "  ", "Number_Park_Lanes": "  ", "TRUCK_ROUTE_TYPE": " " }, "geometry": { "type": "MultiLineString", "coordinates": [ [ [ -73.924134833394177, 40.806696841631101 ], [ -73.924419826743204, 40.806811722654899 ] ] ] } },
{ "type": "Feature", "properties": { "Street": "EAST 135 STREET", "FeatureTyp": "0", "NonPed": " ", "TrafDir": "W", "SegmentID": "0173383", "PhysicalID": 94656.0, "StreetWidth_Min": 40.0, "StreetWidth_Max": 40.0, "Snow_Priority": "C", "Number_Travel_Lanes": " 2", "Number_Park_Lanes": "  ", "TRUCK_ROUTE_TYPE": "3" }, "geometry": { "type": "MultiLineString", "coordinates": [ [ [ -73.929508374368282, 40.809328662472083 ], [ -73.929419378008788, 40.809264303807453 ] ] ] } },
{ "type": "Feature", "properties": { "Street": "ST ANNS AVENUE", "FeatureTyp": "0", "NonPed": " ", "TrafDir": "T", "SegmentID": "0188400", "PhysicalID": 59542.0, "StreetWidth_Min": 50.0, "StreetWidth_Max": 52.0, "Snow_Priority": "C", "Number_Travel_Lanes": " 2", "Number_Park_Lanes": " 2", "TRUCK_ROUTE_TYPE": " " }, "geometry": { "type": "MultiLineString", "coordinates": [ [ [ -73.919162734401183, 40.804436812243125 ], [ -73.919094543683173, 40.804532947299926 ] ] ] } },
{ "type": "Feature", "properties": { "Street": "BRUCKNER EP EB EN MJR DEEGAN EP", "FeatureTyp": "0", "NonPed": "V", "TrafDir": "W", "SegmentID": "0138318", "PhysicalID": 78895.0, "StreetWidth_Min": 24.0, "StreetWidth_Max": 35.0, "Snow_Priority": "C", "Number_Travel_Lanes": " 2", "Number_Park_Lanes": "  ", "TRUCK_ROUTE_TYPE": "3" }, "geometry": { "type": "MultiLineString", "coordinates": [ [ [ -73.915210330250773, 40.803386909140087 ], [ -73.914545182679745, 40.803469506360649 ], [ -73.914435168503275, 40.803483167053798 ] ] ] } },
{ "type": "Feature", "properties": { "Street": "MDE SB ENTRANCE GRAND CNCRSE", "FeatureTyp": "0", "NonPed": "V", "TrafDir": "A", "SegmentID": "0151291", "PhysicalID": 196643.0, "StreetWidth_Min": 20.0, "StreetWidth_Max": 38.0, "Snow_Priority": "C", "Number_Travel_Lanes": " 2", "Number_Park_Lanes": "  ", "TRUCK_ROUTE_TYPE": " " }, "geometry": { "type": "MultiLineString", "coordinates": [ [ [ -73.929212979496569, 40.814381957956684 ], [ -73.929192044941246, 40.814496011339905 ] ] ] } },
{ "type": "Feature", "properties": { "Street": "BRUCKNER BOULEVARD", "FeatureTyp": "0", "NonPed": "V", "TrafDir": "A", "SegmentID": "0137812", "PhysicalID": 41654.0, "StreetWidth_Min": 26.0, "StreetWidth_Max": 30.0, "Snow_Priority": "C", "Number_Travel_Lanes": " 2", "Number_Park_Lanes": "  ", "TRUCK_ROUTE_TYPE": "2" }, "geometry": { "type": "MultiLineString", "coordinates": [ [ [ -73.917326027717749, 40.803286023098003 ], [ -73.917094244203099, 40.80328521821265 ] ] ] } },
{ "type": "Feature", "properties": { "Street": "BRUCKNER BOULEVARD", "FeatureTyp": "0", "NonPed": "V", "TrafDir": "T", "SegmentID": "0137811", "PhysicalID": null, "StreetWidth_Min": null, "StreetWidth_Max": null, "Snow_Priority": "C", "Number_Travel_Lanes": "  ", "Number_Park_Lanes": "  ", "TRUCK_ROUTE_TYPE": " " }, "geometry": { "type": "MultiLineString", "coordinates": [ [ [ -73.916970155159873, 40.803223218843378 ], [ -73.916671988978308, 40.803225858216351 ] ] ] } },
{ "type": "Feature", "properties": { "Street": "BRUCKNER BOULEVARD", "FeatureTyp": "0", "NonPed": "V", "TrafDir": "T", "SegmentID": "0173593", "PhysicalID": null, "StreetWidth_Min": null, "StreetWidth_Max": null, "Snow_Priority": "C", "Number_Travel_Lanes": "  ", "Number_Park_Lanes": "  ", "TRUCK_ROUTE_TYPE": " " }, "geometry": { "type": "MultiLineString", "coordinates": [ [ [ -73.916316979365817, 40.803228995730208 ], [ -73.916218012835159, 40.803240522512283 ] ] ] } },
{ "type": "Feature", "properties": { "Street": "BRUCKNER BOULEVARD", "FeatureTyp": "0", "NonPed": " ", "TrafDir": "T", "SegmentID": "0173564", "PhysicalID": null, "StreetWidth_Min": null, "StreetWidth_Max": null, "Snow_Priority": "C", "Number_Travel_Lanes": "  ", "Number_Park_Lanes": "  ", "TRUCK_ROUTE_TYPE": " " }, "geometry": { "type": "MultiLineString", "coordinates": [ [ [ -73.919780188757329, 40.803592305871312 ], [ -73.919688408468772, 40.803560147877775 ] ] ] } },
{ "type": "Feature", "properties": { "Street": "BRUCKNER EXPRESSWAY", "FeatureTyp": "0", "NonPed": "V", "TrafDir": "A", "SegmentID": "0136794", "PhysicalID": 73449.0, "StreetWidth_Min": 26.0, "StreetWidth_Max": 26.0, "Snow_Priority": "C", "Number_Travel_Lanes": " 2", "Number_Park_Lanes": "  ", "TRUCK_ROUTE_TYPE": "3" }, "geometry": { "type": "MultiLineString", "coordinates": [ [ [ -73.915220269185667, 40.803471984867464 ], [ -73.915149363327401, 40.803478327859814 ], [ -73.915078625816122, 40.803485676515194 ], [ -73.915008081350507, 40.803494028267799 ], [ -73.914937754562217, 40.803503380201469 ], [ -73.914867670006913, 40.803513729050842 ], [ -73.91479785215563, 40.803525071202522 ], [ -73.914728325386264, 40.8035374026962 ], [ -73.914659114125556, 40.803550719110561 ], [ -73.914590242386566, 40.80356501590942 ], [ -73.914521734217104, 40.803580288100889 ], [ -73.91445361353793, 40.803596530352479 ], [ -73.914385904134718, 40.803613736992929 ], [ -73.914318629649387, 40.803631902014331 ], [ -73.914251813572406, 40.803651019074032 ] ] ] } },
{ "type": "Feature", "properties": { "Street": "CYPRESS AVENUE", "FeatureTyp": "0", "NonPed": " ", "TrafDir": "T", "SegmentID": "0070146", "PhysicalID": 59650.0, "StreetWidth_Min": 46.0, "StreetWidth_Max": 48.0, "Snow_Priority": "S", "Number_Travel_Lanes": " 2", "Number_Park_Lanes": " 2", "TRUCK_ROUTE_TYPE": " " }, "geometry": { "type": "MultiLineString", "coordinates": [ [ [ -73.915450480454624, 40.804264613072348 ], [ -73.914996746406572, 40.804872521189523 ] ] ] } },
{ "type": "Feature", "properties": { "Street": "OAK TERRACE", "FeatureTyp": "0", "NonPed": " ", "TrafDir": "T", "SegmentID": "0108727", "PhysicalID": 100731.0, "StreetWidth_Min": 30.0, "StreetWidth_Max": 30.0, "Snow_Priority": "H", "Number_Travel_Lanes": " 2", "Number_Park_Lanes": " 2", "TRUCK_ROUTE_TYPE": " " }, "geometry": { "type": "MultiLineString", "coordinates": [ [ [ -73.914849353112245, 40.809054318450336 ], [ -73.913884484637137, 40.808722768047424 ] ] ] } },
{ "type": "Feature", "properties": { "Street": "WILLIS AVENUE", "FeatureTyp": "0", "NonPed": " ", "TrafDir": "T", "SegmentID": "0070045", "PhysicalID": 62183.0, "StreetWidth_Min": 60.0, "StreetWidth_Max": 60.0, "Snow_Priority": "C", "Number_Travel_Lanes": " 4", "Number_Park_Lanes": " 2", "TRUCK_ROUTE_TYPE": "2" }, "geometry": { "type": "MultiLineString", "coordinates": [ [ [ -73.919663632479043, 40.813511882358476 ], [ -73.919200388535714, 40.814143903102583 ] ] ] } },
{ "type": "Feature", "properties": { "Street": "BRUCKNER BOULEVARD", "FeatureTyp": "0", "NonPed": " ", "TrafDir": "T", "SegmentID": "0069894", "PhysicalID": 41657.0, "StreetWidth_Min": 68.0, "StreetWidth_Max": 70.0, "Snow_Priority": "C", "Number_Travel_Lanes": " 4", "Number_Park_Lanes": " 2", "TRUCK_ROUTE_TYPE": "3" }, "geometry": { "type": "MultiLineString", "coordinates": [ [ [ -73.922387512666887, 40.804695391629956 ], [ -73.92157135904877, 40.804345175693598 ] ] ] } },
{ "type": "Feature", "properties": { "Street": "WILLIS AVENUE", "FeatureTyp": "0", "NonPed": " ", "TrafDir": "T", "SegmentID": "0069923", "PhysicalID": 62177.0, "StreetWidth_Min": 64.0, "StreetWidth_Max": 65.0, "Snow_Priority": "C", "Number_Travel_Lanes": " 4", "Number_Park_Lanes": " 2", "TRUCK_ROUTE_TYPE": "2" }, "geometry": { "type": "MultiLineString", "coordinates": [ [ [ -73.922399454864745, 40.809780514853756 ], [ -73.921949720483013, 40.81040559820979 ] ] ] } },
{ "type": "Feature", "properties": { "Street": "EAST 147 STREET", "FeatureTyp": "0", "NonPed": " ", "TrafDir": "A", "SegmentID": "9006264", "PhysicalID": 60942.0, "StreetWidth_Min": 32.0, "StreetWidth_Max": 32.0, "Snow_Priority": "C", "Number_Travel_Lanes": " 1", "Number_Park_Lanes": " 2", "TRUCK_ROUTE_TYPE": " " }, "geometry": { "type": "MultiLineString", "coordinates": [ [ [ -73.916568514758936, 40.813900439856901 ], [ -73.91571885041887, 40.813615736542893 ] ] ] } },
{ "type": "Feature", "properties": { "Street": "EAST 147 STREET", "FeatureTyp": "0", "NonPed": " ", "TrafDir": "A", "SegmentID": "9006264", "PhysicalID": 60942.0, "StreetWidth_Min": 32.0, "StreetWidth_Max": 32.0, "Snow_Priority": "C", "Number_Travel_Lanes": " 1", "Number_Park_Lanes": " 2", "TRUCK_ROUTE_TYPE": " " }, "geometry": { "type": "MultiLineString", "coordinates": [ [ [ -73.916568514758936, 40.813900439856901 ], [ -73.91571885041887, 40.813615736542893 ] ] ] } },
{ "type": "Feature", "properties": { "Street": "EAST 147 STREET", "FeatureTyp": "0", "NonPed": " ", "TrafDir": "A", "SegmentID": "9006264", "PhysicalID": 60942.0, "StreetWidth_Min": 32.0, "StreetWidth_Max": 32.0, "Snow_Priority": "C", "Number_Travel_Lanes": " 1", "Number_Park_Lanes": " 2", "TRUCK_ROUTE_TYPE": " " }, "geometry": { "type": "MultiLineString", "coordinates": [ [ [ -73.916568514758936, 40.813900439856901 ], [ -73.91571885041887, 40.813615736542893 ] ] ] } },
{ "type": "Feature", "properties": { "Street": "ST ANNS PLACE", "FeatureTyp": "0", "NonPed": " ", "TrafDir": "T", "SegmentID": "0173555", "PhysicalID": 71921.0, "StreetWidth_Min": 28.0, "StreetWidth_Max": 30.0, "Snow_Priority": "S", "Number_Travel_Lanes": " 2", "Number_Park_Lanes": " 1", "TRUCK_ROUTE_TYPE": " " }, "geometry": { "type": "MultiLineString", "coordinates": [ [ [ -73.918830962391681, 40.803334206906726 ], [ -73.918435186957495, 40.803907212029578 ] ] ] } },
{ "type": "Feature", "properties": { "Street": "EAST 135 STREET", "FeatureTyp": "0", "NonPed": " ", "TrafDir": "A", "SegmentID": "0069901", "PhysicalID": 57311.0, "StreetWidth_Min": 30.0, "StreetWidth_Max": 32.0, "Snow_Priority": "C", "Number_Travel_Lanes": " 2", "Number_Park_Lanes": " 1", "TRUCK_ROUTE_TYPE": " " }, "geometry": { "type": "MultiLineString", "coordinates": [ [ [ -73.921448636774059, 40.805988700162636 ], [ -73.9206150125774, 40.805651063646714 ] ] ] } },
{ "type": "Feature", "properties": { "Street": "BROWN PLACE", "FeatureTyp": "0", "NonPed": " ", "TrafDir": "T", "SegmentID": "0070022", "PhysicalID": 98784.0, "StreetWidth_Min": 30.0, "StreetWidth_Max": 32.0, "Snow_Priority": "S", "Number_Travel_Lanes": " 2", "Number_Park_Lanes": " 2", "TRUCK_ROUTE_TYPE": " " }, "geometry": { "type": "MultiLineString", "coordinates": [ [ [ -73.920994762673175, 40.806610887147549 ], [ -73.920538342474117, 40.807234582877754 ] ] ] } },
{ "type": "Feature", "properties": { "Street": "BROOK AVENUE", "FeatureTyp": "0", "NonPed": " ", "TrafDir": "A", "SegmentID": "0070167", "PhysicalID": 69918.0, "StreetWidth_Min": 42.0, "StreetWidth_Max": 44.0, "Snow_Priority": "C", "Number_Travel_Lanes": " 2", "Number_Park_Lanes": " 2", "TRUCK_ROUTE_TYPE": " " }, "geometry": { "type": "MultiLineString", "coordinates": [ [ [ -73.917599063090563, 40.810351367670322 ], [ -73.917226061424117, 40.811001323297866 ] ] ] } },
{ "type": "Feature", "properties": { "Street": "CANAL PLACE", "FeatureTyp": "0", "NonPed": " ", "TrafDir": "A", "SegmentID": "0106913", "PhysicalID": 98775.0, "StreetWidth_Min": 40.0, "StreetWidth_Max": 40.0, "Snow_Priority": "S", "Number_Travel_Lanes": " 2", "Number_Park_Lanes": " 2", "TRUCK_ROUTE_TYPE": " " }, "geometry": { "type": "MultiLineString", "coordinates": [ [ [ -73.928143710986902, 40.812357158386604 ], [ -73.927288335385796, 40.81358898869231 ] ] ] } },
{ "type": "Feature", "properties": { "Street": "CANAL PLACE", "FeatureTyp": "0", "NonPed": " ", "TrafDir": "A", "SegmentID": "0106913", "PhysicalID": 98775.0, "StreetWidth_Min": 40.0, "StreetWidth_Max": 40.0, "Snow_Priority": "S", "Number_Travel_Lanes": " 2", "Number_Park_Lanes": " 2", "TRUCK_ROUTE_TYPE": " " }, "geometry": { "type": "MultiLineString", "coordinates": [ [ [ -73.928143710986902, 40.812357158386604 ], [ -73.927288335385796, 40.81358898869231 ] ] ] } },
{ "type": "Feature", "properties": { "Street": "PARK AVENUE", "FeatureTyp": "0", "NonPed": " ", "TrafDir": "W", "SegmentID": "0069785", "PhysicalID": 63279.0, "StreetWidth_Min": 28.0, "StreetWidth_Max": 28.0, "Snow_Priority": "C", "Number_Travel_Lanes": " 1", "Number_Park_Lanes": " 2", "TRUCK_ROUTE_TYPE": " " }, "geometry": { "type": "MultiLineString", "coordinates": [ [ [ -73.928179481388625, 40.813959589015525 ], [ -73.927421933188896, 40.815046320547694 ] ] ] } },
{ "type": "Feature", "properties": { "Street": "LINCOLN AVENUE", "FeatureTyp": "0", "NonPed": " ", "TrafDir": "T", "SegmentID": "9004570", "PhysicalID": 58242.0, "StreetWidth_Min": 62.0, "StreetWidth_Max": 66.0, "Snow_Priority": "C", "Number_Travel_Lanes": " 4", "Number_Park_Lanes": " 2", "TRUCK_ROUTE_TYPE": " " }, "geometry": { "type": "MultiLineString", "coordinates": [ [ [ -73.92790667531348, 40.809928131107895 ], [ -73.927815498028409, 40.810050757163467 ] ] ] } },
{ "type": "Feature", "properties": { "Street": "LINCOLN AVENUE", "FeatureTyp": "0", "NonPed": " ", "TrafDir": "T", "SegmentID": "9004570", "PhysicalID": 58242.0, "StreetWidth_Min": 62.0, "StreetWidth_Max": 66.0, "Snow_Priority": "C", "Number_Travel_Lanes": " 4", "Number_Park_Lanes": " 2", "TRUCK_ROUTE_TYPE": " " }, "geometry": { "type": "MultiLineString", "coordinates": [ [ [ -73.92790667531348, 40.809928131107895 ], [ -73.927815498028409, 40.810050757163467 ] ] ] } },
{ "type": "Feature", "properties": { "Street": "WILLIS AVENUE BRIDGE EXIT RAMP", "FeatureTyp": "0", "NonPed": "V", "TrafDir": "W", "SegmentID": "0111539", "PhysicalID": 146031.0, "StreetWidth_Min": 40.0, "StreetWidth_Max": 54.0, "Snow_Priority": "C", "Number_Travel_Lanes": " 3", "Number_Park_Lanes": "  ", "TRUCK_ROUTE_TYPE": " " }, "geometry": { "type": "MultiLineString", "coordinates": [ [ [ -73.923818392632896, 40.804756182217737 ], [ -73.923293233654874, 40.805070382866752 ] ] ] } },
{ "type": "Feature", "properties": { "Street": "WILLIS AVENUE", "FeatureTyp": "0", "NonPed": " ", "TrafDir": "T", "SegmentID": "0069913", "PhysicalID": 62170.0, "StreetWidth_Min": 70.0, "StreetWidth_Max": 70.0, "Snow_Priority": "C", "Number_Travel_Lanes": " 4", "Number_Park_Lanes": " 2", "TRUCK_ROUTE_TYPE": "2" }, "geometry": { "type": "MultiLineString", "coordinates": [ [ [ -73.923837115871578, 40.807809318936172 ], [ -73.923372861722484, 40.808431671822383 ] ] ] } },
{ "type": "Feature", "properties": { "Street": "RFK BRIDGE BRONX ENTRANCE RAMP", "FeatureTyp": "0", "NonPed": "V", "TrafDir": "W", "SegmentID": "0188628", "PhysicalID": 73458.0, "StreetWidth_Min": 24.0, "StreetWidth_Max": 45.0, "Snow_Priority": "V", "Number_Travel_Lanes": " 2", "Number_Park_Lanes": "  ", "TRUCK_ROUTE_TYPE": "3" }, "geometry": { "type": "MultiLineString", "coordinates": [ [ [ -73.919162734401183, 40.804436812243125 ], [ -73.917640097544776, 40.803734482651357 ], [ -73.917537520278586, 40.803682112125685 ], [ -73.9174389026212, 40.80362552008269 ], [ -73.917344545107269, 40.803564878991061 ], [ -73.917254735285937, 40.803500373658572 ], [ -73.917169746844522, 40.803432200669128 ], [ -73.917089838774629, 40.803360567783407 ], [ -73.917015254582807, 40.80328569330559 ] ] ] } },
{ "type": "Feature", "properties": { "Street": "MAJOR DEEGAN EXPRESSWAY", "FeatureTyp": "0", "NonPed": "V", "TrafDir": "W", "SegmentID": "0144355", "PhysicalID": 192220.0, "StreetWidth_Min": 34.0, "StreetWidth_Max": 38.0, "Snow_Priority": "C", "Number_Travel_Lanes": " 3", "Number_Park_Lanes": "  ", "TRUCK_ROUTE_TYPE": "3" }, "geometry": { "type": "MultiLineString", "coordinates": [ [ [ -73.929244732635283, 40.809431923536835 ], [ -73.929309435177871, 40.809482877306017 ] ] ] } },
{ "type": "Feature", "properties": { "Street": "LINCOLN AVENUE", "FeatureTyp": "0", "NonPed": " ", "TrafDir": "T", "SegmentID": "0185958", "PhysicalID": 58238.0, "StreetWidth_Min": 58.0, "StreetWidth_Max": 58.0, "Snow_Priority": "C", "Number_Travel_Lanes": " 4", "Number_Park_Lanes": "  ", "TRUCK_ROUTE_TYPE": " " }, "geometry": { "type": "MultiLineString", "coordinates": [ [ [ -73.928750766160618, 40.808780829343924 ], [ -73.92869784659274, 40.808849729823798 ] ] ] } },
{ "type": "Feature", "properties": { "Street": "CYPRESS AVENUE", "FeatureTyp": "0", "NonPed": " ", "TrafDir": "A", "SegmentID": "0111655", "PhysicalID": 101017.0, "StreetWidth_Min": 20.0, "StreetWidth_Max": 22.0, "Snow_Priority": "C", "Number_Travel_Lanes": " 1", "Number_Park_Lanes": "  ", "TRUCK_ROUTE_TYPE": " " }, "geometry": { "type": "MultiLineString", "coordinates": [ [ [ -73.916349125732623, 40.802109878519822 ], [ -73.916820483545337, 40.80146576855627 ] ] ] } },
{ "type": "Feature", "properties": { "Street": "CYPRESS AVENUE", "FeatureTyp": "0", "NonPed": " ", "TrafDir": "A", "SegmentID": "0111655", "PhysicalID": 101017.0, "StreetWidth_Min": 20.0, "StreetWidth_Max": 22.0, "Snow_Priority": "C", "Number_Travel_Lanes": " 1", "Number_Park_Lanes": "  ", "TRUCK_ROUTE_TYPE": " " }, "geometry": { "type": "MultiLineString", "coordinates": [ [ [ -73.916349125732623, 40.802109878519822 ], [ -73.916820483545337, 40.80146576855627 ] ] ] } },
{ "type": "Feature", "properties": { "Street": "CYPRESS AVENUE", "FeatureTyp": "0", "NonPed": " ", "TrafDir": "T", "SegmentID": "0122833", "PhysicalID": 101018.0, "StreetWidth_Min": 38.0, "StreetWidth_Max": 38.0, "Snow_Priority": "V", "Number_Travel_Lanes": " 2", "Number_Park_Lanes": " 2", "TRUCK_ROUTE_TYPE": " " }, "geometry": { "type": "MultiLineString", "coordinates": [ [ [ -73.916820483545337, 40.80146576855627 ], [ -73.917034188932902, 40.801143543860732 ] ] ] } },
{ "type": "Feature", "properties": { "Street": "BRUCKNER BOULEVARD", "FeatureTyp": "0", "NonPed": " ", "TrafDir": "A", "SegmentID": "0136705", "PhysicalID": 41655.0, "StreetWidth_Min": 34.0, "StreetWidth_Max": 34.0, "Snow_Priority": "C", "Number_Travel_Lanes": " 2", "Number_Park_Lanes": "  ", "TRUCK_ROUTE_TYPE": "2" }, "geometry": { "type": "MultiLineString", "coordinates": [ [ [ -73.919780188757329, 40.803592305871312 ], [ -73.919651266046998, 40.803611252410604 ] ] ] } },
{ "type": "Feature", "properties": { "Street": "ALEXANDER AVENUE", "FeatureTyp": "0", "NonPed": " ", "TrafDir": "T", "SegmentID": "0173482", "PhysicalID": 63168.0, "StreetWidth_Min": 46.0, "StreetWidth_Max": 50.0, "Snow_Priority": "C", "Number_Travel_Lanes": " 2", "Number_Park_Lanes": " 2", "TRUCK_ROUTE_TYPE": " " }, "geometry": { "type": "MultiLineString", "coordinates": [ [ [ -73.926819001862526, 40.807760678792022 ], [ -73.926786730827686, 40.807803278386316 ] ] ] } },
{ "type": "Feature", "properties": { "Street": "MAJOR DEEGAN EXPWY ET 1 SB", "FeatureTyp": "0", "NonPed": "V", "TrafDir": "W", "SegmentID": "0173530", "PhysicalID": null, "StreetWidth_Min": null, "StreetWidth_Max": null, "Snow_Priority": "C", "Number_Travel_Lanes": "  ", "Number_Park_Lanes": "  ", "TRUCK_ROUTE_TYPE": " " }, "geometry": { "type": "MultiLineString", "coordinates": [ [ [ -73.924419826743204, 40.806811722654899 ], [ -73.924167661857467, 40.806633648366429 ] ] ] } },
{ "type": "Feature", "properties": { "Street": "MAJOR DEEGAN EXPRESSWAY", "FeatureTyp": "0", "NonPed": "V", "TrafDir": "W", "SegmentID": "0138455", "PhysicalID": 50704.0, "StreetWidth_Min": 46.0, "StreetWidth_Max": 50.0, "Snow_Priority": "C", "Number_Travel_Lanes": " 3", "Number_Park_Lanes": "  ", "TRUCK_ROUTE_TYPE": "3" }, "geometry": { "type": "MultiLineString", "coordinates": [ [ [ -73.920794335181668, 40.805407313715165 ], [ -73.921419327947376, 40.805688706380458 ] ] ] } },
{ "type": "Feature", "properties": { "Street": "EAST 142 STREET", "FeatureTyp": "0", "NonPed": " ", "TrafDir": "W", "SegmentID": "0173569", "PhysicalID": 151374.0, "StreetWidth_Min": 30.0, "StreetWidth_Max": 32.0, "Snow_Priority": "C", "Number_Travel_Lanes": " 1", "Number_Park_Lanes": " 2", "TRUCK_ROUTE_TYPE": " " }, "geometry": { "type": "MultiLineString", "coordinates": [ [ [ -73.921035073812249, 40.811651426152899 ], [ -73.919346449366572, 40.81094375365852 ] ] ] } },
{ "type": "Feature", "properties": { "Street": "EAST 143 STREET", "FeatureTyp": "0", "NonPed": " ", "TrafDir": "A", "SegmentID": "9006186", "PhysicalID": 89768.0, "StreetWidth_Min": 34.0, "StreetWidth_Max": 34.0, "Snow_Priority": "C", "Number_Travel_Lanes": " 1", "Number_Park_Lanes": " 2", "TRUCK_ROUTE_TYPE": " " }, "geometry": { "type": "MultiLineString", "coordinates": [ [ [ -73.920587083374699, 40.81226350209154 ], [ -73.918960703295241, 40.811589760095885 ] ] ] } },
{ "type": "Feature", "properties": { "Street": "BRUCKNER EP EB EN MJR DEEGAN EP", "FeatureTyp": "0", "NonPed": "V", "TrafDir": "W", "SegmentID": "0138232", "PhysicalID": 78896.0, "StreetWidth_Min": 24.0, "StreetWidth_Max": 35.0, "Snow_Priority": "C", "Number_Travel_Lanes": " 2", "Number_Park_Lanes": "  ", "TRUCK_ROUTE_TYPE": "3" }, "geometry": { "type": "MultiLineString", "coordinates": [ [ [ -73.915935410205023, 40.803418714140847 ], [ -73.915615443741544, 40.803384783903411 ] ] ] } },
{ "type": "Feature", "properties": { "Street": "MAJOR DEEGAN EXPWY ET 2 SB", "FeatureTyp": "0", "NonPed": "V", "TrafDir": "W", "SegmentID": "0173487", "PhysicalID": null, "StreetWidth_Min": null, "StreetWidth_Max": null, "Snow_Priority": "C", "Number_Travel_Lanes": "  ", "Number_Park_Lanes": "  ", "TRUCK_ROUTE_TYPE": " " }, "geometry": { "type": "MultiLineString", "coordinates": [ [ [ -73.926353040213598, 40.807570475663866 ], [ -73.926202229342863, 40.807434530169544 ] ] ] } },
{ "type": "Feature", "properties": { "Street": "MAJOR DEEGAN EXPRESSWAY", "FeatureTyp": "0", "NonPed": "V", "TrafDir": "W", "SegmentID": "0173605", "PhysicalID": null, "StreetWidth_Min": null, "StreetWidth_Max": null, "Snow_Priority": "C", "Number_Travel_Lanes": "  ", "Number_Park_Lanes": "  ", "TRUCK_ROUTE_TYPE": " " }, "geometry": { "type": "MultiLineString", "coordinates": [ [ [ -73.920163594512587, 40.805140169496887 ], [ -73.920509218820996, 40.805222409494505 ] ] ] } },
{ "type": "Feature", "properties": { "Street": "BRUCKNER EXPRESSWAY EB EXIT 47", "FeatureTyp": "0", "NonPed": "V", "TrafDir": "W", "SegmentID": "0173596", "PhysicalID": 79212.0, "StreetWidth_Min": 22.0, "StreetWidth_Max": 40.0, "Snow_Priority": "V", "Number_Travel_Lanes": " 2", "Number_Park_Lanes": "  ", "TRUCK_ROUTE_TYPE": "3" }, "geometry": { "type": "MultiLineString", "coordinates": [ [ [ -73.916316979365817, 40.803228995730208 ], [ -73.916369981273206, 40.803299002771638 ] ] ] } },
{ "type": "Feature", "properties": { "Street": "GRAND CONCOURSE", "FeatureTyp": "0", "NonPed": " ", "TrafDir": "A", "SegmentID": "0173421", "PhysicalID": 35627.0, "StreetWidth_Min": 30.0, "StreetWidth_Max": 32.0, "Snow_Priority": "C", "Number_Travel_Lanes": " 2", "Number_Park_Lanes": "  ", "TRUCK_ROUTE_TYPE": " " }, "geometry": { "type": "MultiLineString", "coordinates": [ [ [ -73.930396051155768, 40.813303747299081 ], [ -73.929192044941246, 40.814496011339905 ] ] ] } },
{ "type": "Feature", "properties": { "Street": "RFK BRIDGE BRONX ENTRANCE RAMP", "FeatureTyp": "0", "NonPed": "V", "TrafDir": "W", "SegmentID": "0137817", "PhysicalID": 73460.0, "StreetWidth_Min": 16.0, "StreetWidth_Max": 20.0, "Snow_Priority": "V", "Number_Travel_Lanes": " 1", "Number_Park_Lanes": "  ", "TRUCK_ROUTE_TYPE": " " }, "geometry": { "type": "MultiLineString", "coordinates": [ [ [ -73.917038836635726, 40.803221594557044 ], [ -73.916981493517738, 40.803144329285239 ] ] ] } },
{ "type": "Feature", "properties": { "Street": "BRUCKNER BOULEVARD", "FeatureTyp": "0", "NonPed": "D", "TrafDir": "W", "SegmentID": "0173588", "PhysicalID": 41452.0, "StreetWidth_Min": 12.0, "StreetWidth_Max": 24.0, "Snow_Priority": "C", "Number_Travel_Lanes": " 2", "Number_Park_Lanes": "  ", "TRUCK_ROUTE_TYPE": "3" }, "geometry": { "type": "MultiLineString", "coordinates": [ [ [ -73.915195282033338, 40.803310670966404 ], [ -73.914673381348365, 40.80341471666587 ] ] ] } },
{ "type": "Feature", "properties": { "Street": "BRUCKNER EXPRESSWAY", "FeatureTyp": "0", "NonPed": "V", "TrafDir": "A", "SegmentID": "0173600", "PhysicalID": 201386.0, "StreetWidth_Min": 30.0, "StreetWidth_Max": 40.0, "Snow_Priority": "C", "Number_Travel_Lanes": " 2", "Number_Park_Lanes": "  ", "TRUCK_ROUTE_TYPE": "3" }, "geometry": { "type": "MultiLineString", "coordinates": [ [ [ -73.915430335083869, 40.803480477921099 ], [ -73.915220269185667, 40.803471984867464 ] ] ] } },
{ "type": "Feature", "properties": { "Street": "ST ANNS AVENUE", "FeatureTyp": "0", "NonPed": " ", "TrafDir": "T", "SegmentID": "9009819", "PhysicalID": 59531.0, "StreetWidth_Min": 42.0, "StreetWidth_Max": 42.0, "Snow_Priority": "C", "Number_Travel_Lanes": " 2", "Number_Park_Lanes": " 2", "TRUCK_ROUTE_TYPE": " " }, "geometry": { "type": "MultiLineString", "coordinates": [ [ [ -73.914604071782392, 40.811422473897728 ], [ -73.914474256261556, 40.811651239287386 ] ] ] } },
{ "type": "Feature", "properties": { "Street": "ST ANNS AVENUE", "FeatureTyp": "0", "NonPed": " ", "TrafDir": "T", "SegmentID": "9009819", "PhysicalID": 59531.0, "StreetWidth_Min": 42.0, "StreetWidth_Max": 42.0, "Snow_Priority": "C", "Number_Travel_Lanes": " 2", "Number_Park_Lanes": " 2", "TRUCK_ROUTE_TYPE": " " }, "geometry": { "type": "MultiLineString", "coordinates": [ [ [ -73.914604071782392, 40.811422473897728 ], [ -73.914474256261556, 40.811651239287386 ] ] ] } },
{ "type": "Feature", "properties": { "Street": "ST ANNS AVENUE", "FeatureTyp": "0", "NonPed": " ", "TrafDir": "T", "SegmentID": "9009819", "PhysicalID": 59531.0, "StreetWidth_Min": 42.0, "StreetWidth_Max": 42.0, "Snow_Priority": "C", "Number_Travel_Lanes": " 2", "Number_Park_Lanes": " 2", "TRUCK_ROUTE_TYPE": " " }, "geometry": { "type": "MultiLineString", "coordinates": [ [ [ -73.914604071782392, 40.811422473897728 ], [ -73.914474256261556, 40.811651239287386 ] ] ] } },
{ "type": "Feature", "properties": { "Street": "ST ANNS AVENUE", "FeatureTyp": "0", "NonPed": " ", "TrafDir": "T", "SegmentID": "9009819", "PhysicalID": 59531.0, "StreetWidth_Min": 42.0, "StreetWidth_Max": 42.0, "Snow_Priority": "C", "Number_Travel_Lanes": " 2", "Number_Park_Lanes": " 2", "TRUCK_ROUTE_TYPE": " " }, "geometry": { "type": "MultiLineString", "coordinates": [ [ [ -73.914604071782392, 40.811422473897728 ], [ -73.914474256261556, 40.811651239287386 ] ] ] } },
{ "type": "Feature", "properties": { "Street": "ALEXANDER AVENUE", "FeatureTyp": "0", "NonPed": " ", "TrafDir": "A", "SegmentID": "0069938", "PhysicalID": 98824.0, "StreetWidth_Min": 30.0, "StreetWidth_Max": 32.0, "Snow_Priority": "S", "Number_Travel_Lanes": " 2", "Number_Park_Lanes": "  ", "TRUCK_ROUTE_TYPE": " " }, "geometry": { "type": "MultiLineString", "coordinates": [ [ [ -73.92294163114191, 40.813058915321406 ], [ -73.922875482536384, 40.813315251760834 ] ] ] } },
{ "type": "Feature", "properties": { "Street": "EAST 132 STREET", "FeatureTyp": "0", "NonPed": " ", "TrafDir": "T", "SegmentID": "0069896", "PhysicalID": 90892.0, "StreetWidth_Min": 34.0, "StreetWidth_Max": 35.0, "Snow_Priority": "C", "Number_Travel_Lanes": " 2", "Number_Park_Lanes": " 2", "TRUCK_ROUTE_TYPE": " " }, "geometry": { "type": "MultiLineString", "coordinates": [ [ [ -73.922078864503831, 40.803678331206406 ], [ -73.920282883154911, 40.802915011189313 ] ] ] } },
{ "type": "Feature", "properties": { "Street": "WILLIS AVENUE", "FeatureTyp": "0", "NonPed": " ", "TrafDir": "T", "SegmentID": "0069925", "PhysicalID": 62178.0, "StreetWidth_Min": 64.0, "StreetWidth_Max": 66.0, "Snow_Priority": "C", "Number_Travel_Lanes": " 4", "Number_Park_Lanes": " 2", "TRUCK_ROUTE_TYPE": "2" }, "geometry": { "type": "MultiLineString", "coordinates": [ [ [ -73.921949720483013, 40.81040559820979 ], [ -73.921485929620772, 40.811034235303374 ] ] ] } },
{ "type": "Feature", "properties": { "Street": "MAJOR DEEGAN EXPRESSWAY", "FeatureTyp": "0", "NonPed": "V", "TrafDir": "T", "SegmentID": "0173525", "PhysicalID": null, "StreetWidth_Min": null, "StreetWidth_Max": null, "Snow_Priority": "C", "Number_Travel_Lanes": "  ", "Number_Park_Lanes": "  ", "TRUCK_ROUTE_TYPE": " " }, "geometry": { "type": "MultiLineString", "coordinates": [ [ [ -73.924419826743204, 40.806811722654899 ], [ -73.924485464014339, 40.806836588961943 ] ] ] } },
{ "type": "Feature", "properties": { "Street": "EAST 138 STREET", "FeatureTyp": "0", "NonPed": " ", "TrafDir": "T", "SegmentID": "0069639", "PhysicalID": 57255.0, "StreetWidth_Min": 60.0, "StreetWidth_Max": 60.0, "Snow_Priority": "C", "Number_Travel_Lanes": " 4", "Number_Park_Lanes": " 2", "TRUCK_ROUTE_TYPE": "2" }, "geometry": { "type": "MultiLineString", "coordinates": [ [ [ -73.929499023703471, 40.812752295900722 ], [ -73.92932890524169, 40.812621628600105 ] ] ] } },
{ "type": "Feature", "properties": { "Street": "EAST 134 STREET", "FeatureTyp": "0", "NonPed": " ", "TrafDir": "W", "SegmentID": "0069577", "PhysicalID": 86972.0, "StreetWidth_Min": 30.0, "StreetWidth_Max": 32.0, "Snow_Priority": "S", "Number_Travel_Lanes": " 1", "Number_Park_Lanes": " 2", "TRUCK_ROUTE_TYPE": " " }, "geometry": { "type": "MultiLineString", "coordinates": [ [ [ -73.929052649363598, 40.808378879935084 ], [ -73.927004230202215, 40.807507953832136 ] ] ] } },
{ "type": "Feature", "properties": { "Street": "ROBERT F KENNEDY BRIDGE", "FeatureTyp": "0", "NonPed": "V", "TrafDir": "T", "SegmentID": "0069992", "PhysicalID": null, "StreetWidth_Min": null, "StreetWidth_Max": null, "Snow_Priority": "C", "Number_Travel_Lanes": "  ", "Number_Park_Lanes": "  ", "TRUCK_ROUTE_TYPE": " " }, "geometry": { "type": "MultiLineString", "coordinates": [ [ [ -73.918452427858398, 40.799643260979174 ], [ -73.917593298051898, 40.800812218748696 ] ] ] } },
{ "type": "Feature", "properties": { "Street": "3 AVENUE", "FeatureTyp": "0", "NonPed": " ", "TrafDir": "A", "SegmentID": "0069606", "PhysicalID": 66038.0, "StreetWidth_Min": 60.0, "StreetWidth_Max": 100.0, "Snow_Priority": "C", "Number_Travel_Lanes": " 6", "Number_Park_Lanes": " 2", "TRUCK_ROUTE_TYPE": "2" }, "geometry": { "type": "MultiLineString", "coordinates": [ [ [ -73.929218541431567, 40.809564721625016 ], [ -73.928806172603913, 40.809899093174039 ] ] ] } },
{ "type": "Feature", "properties": { "Street": "EAST 133 STREET", "FeatureTyp": "0", "NonPed": " ", "TrafDir": "W", "SegmentID": "0070100", "PhysicalID": 62310.0, "StreetWidth_Min": 40.0, "StreetWidth_Max": 40.0, "Snow_Priority": "C", "Number_Travel_Lanes": " 2", "Number_Park_Lanes": " 2", "TRUCK_ROUTE_TYPE": " " }, "geometry": { "type": "MultiLineString", "coordinates": [ [ [ -73.917621448907695, 40.802644853920178 ], [ -73.916850065931953, 40.802316050481195 ] ] ] } },
{ "type": "Feature", "properties": { "Street": "EAST 133 STREET", "FeatureTyp": "0", "NonPed": " ", "TrafDir": "W", "SegmentID": "0070100", "PhysicalID": 62310.0, "StreetWidth_Min": 40.0, "StreetWidth_Max": 40.0, "Snow_Priority": "C", "Number_Travel_Lanes": " 2", "Number_Park_Lanes": " 2", "TRUCK_ROUTE_TYPE": " " }, "geometry": { "type": "MultiLineString", "coordinates": [ [ [ -73.917621448907695, 40.802644853920178 ], [ -73.916850065931953, 40.802316050481195 ] ] ] } },
{ "type": "Feature", "properties": { "Street": "ST ANNS AVENUE", "FeatureTyp": "0", "NonPed": " ", "TrafDir": "T", "SegmentID": "0070156", "PhysicalID": 59537.0, "StreetWidth_Min": 42.0, "StreetWidth_Max": 44.0, "Snow_Priority": "C", "Number_Travel_Lanes": " 2", "Number_Park_Lanes": " 2", "TRUCK_ROUTE_TYPE": " " }, "geometry": { "type": "MultiLineString", "coordinates": [ [ [ -73.917497518153382, 40.806813636354192 ], [ -73.917015483986702, 40.807506725980232 ] ] ] } },
{ "type": "Feature", "properties": { "Street": "EAST 137 STREET", "FeatureTyp": "0", "NonPed": " ", "TrafDir": "A", "SegmentID": "0070025", "PhysicalID": 88134.0, "StreetWidth_Min": 32.0, "StreetWidth_Max": 34.0, "Snow_Priority": "S", "Number_Travel_Lanes": " 1", "Number_Park_Lanes": " 2", "TRUCK_ROUTE_TYPE": " " }, "geometry": { "type": "MultiLineString", "coordinates": [ [ [ -73.920538342474117, 40.807234582877754 ], [ -73.919721586638303, 40.806876836060049 ] ] ] } },
{ "type": "Feature", "properties": { "Street": "EAST 132 STREET", "FeatureTyp": "0", "NonPed": " ", "TrafDir": "T", "SegmentID": "0111682", "PhysicalID": 90897.0, "StreetWidth_Min": 30.0, "StreetWidth_Max": 48.0, "Snow_Priority": "C", "Number_Travel_Lanes": " 2", "Number_Park_Lanes": " 2", "TRUCK_ROUTE_TYPE": " " }, "geometry": { "type": "MultiLineString", "coordinates": [ [ [ -73.916820483545337, 40.80146576855627 ], [ -73.914189064443434, 40.800341654960022 ] ] ] } },
{ "type": "Feature", "properties": { "Street": "EAST 132 STREET", "FeatureTyp": "0", "NonPed": " ", "TrafDir": "T", "SegmentID": "0111682", "PhysicalID": 90897.0, "StreetWidth_Min": 30.0, "StreetWidth_Max": 48.0, "Snow_Priority": "C", "Number_Travel_Lanes": " 2", "Number_Park_Lanes": " 2", "TRUCK_ROUTE_TYPE": " " }, "geometry": { "type": "MultiLineString", "coordinates": [ [ [ -73.916820483545337, 40.80146576855627 ], [ -73.914189064443434, 40.800341654960022 ] ] ] } },
{ "type": "Feature", "properties": { "Street": "EAST 132 STREET", "FeatureTyp": "0", "NonPed": " ", "TrafDir": "T", "SegmentID": "0111682", "PhysicalID": 90897.0, "StreetWidth_Min": 30.0, "StreetWidth_Max": 48.0, "Snow_Priority": "C", "Number_Travel_Lanes": " 2", "Number_Park_Lanes": " 2", "TRUCK_ROUTE_TYPE": " " }, "geometry": { "type": "MultiLineString", "coordinates": [ [ [ -73.916820483545337, 40.80146576855627 ], [ -73.914189064443434, 40.800341654960022 ] ] ] } },
{ "type": "Feature", "properties": { "Street": "EAST 132 STREET", "FeatureTyp": "0", "NonPed": " ", "TrafDir": "T", "SegmentID": "0111682", "PhysicalID": 90897.0, "StreetWidth_Min": 30.0, "StreetWidth_Max": 48.0, "Snow_Priority": "C", "Number_Travel_Lanes": " 2", "Number_Park_Lanes": " 2", "TRUCK_ROUTE_TYPE": " " }, "geometry": { "type": "MultiLineString", "coordinates": [ [ [ -73.916820483545337, 40.80146576855627 ], [ -73.914189064443434, 40.800341654960022 ] ] ] } },
{ "type": "Feature", "properties": { "Street": "EAST 136 STREET", "FeatureTyp": "0", "NonPed": " ", "TrafDir": "W", "SegmentID": "9004746", "PhysicalID": 114343.0, "StreetWidth_Min": 32.0, "StreetWidth_Max": 34.0, "Snow_Priority": "S", "Number_Travel_Lanes": " 1", "Number_Park_Lanes": " 2", "TRUCK_ROUTE_TYPE": " " }, "geometry": { "type": "MultiLineString", "coordinates": [ [ [ -73.92250572333873, 40.807247975324167 ], [ -73.920994762673175, 40.806610887147549 ] ] ] } },
{ "type": "Feature", "properties": { "Street": "EAST 136 STREET", "FeatureTyp": "0", "NonPed": " ", "TrafDir": "W", "SegmentID": "9004746", "PhysicalID": 114343.0, "StreetWidth_Min": 32.0, "StreetWidth_Max": 34.0, "Snow_Priority": "S", "Number_Travel_Lanes": " 1", "Number_Park_Lanes": " 2", "TRUCK_ROUTE_TYPE": " " }, "geometry": { "type": "MultiLineString", "coordinates": [ [ [ -73.92250572333873, 40.807247975324167 ], [ -73.920994762673175, 40.806610887147549 ] ] ] } },
{ "type": "Feature", "properties": { "Street": "EAST 136 STREET", "FeatureTyp": "0", "NonPed": " ", "TrafDir": "W", "SegmentID": "9004746", "PhysicalID": 114343.0, "StreetWidth_Min": 32.0, "StreetWidth_Max": 34.0, "Snow_Priority": "S", "Number_Travel_Lanes": " 1", "Number_Park_Lanes": " 2", "TRUCK_ROUTE_TYPE": " " }, "geometry": { "type": "MultiLineString", "coordinates": [ [ [ -73.92250572333873, 40.807247975324167 ], [ -73.920994762673175, 40.806610887147549 ] ] ] } },
{ "type": "Feature", "properties": { "Street": "EAST 141 STREET", "FeatureTyp": "0", "NonPed": " ", "TrafDir": "A", "SegmentID": "9003036", "PhysicalID": 151367.0, "StreetWidth_Min": 40.0, "StreetWidth_Max": 40.0, "Snow_Priority": "S", "Number_Travel_Lanes": " 2", "Number_Park_Lanes": " 2", "TRUCK_ROUTE_TYPE": " " }, "geometry": { "type": "MultiLineString", "coordinates": [ [ [ -73.922075190802005, 40.811282833275527 ], [ -73.921485929620772, 40.811034235303374 ] ] ] } },
{ "type": "Feature", "properties": { "Street": "RIDER AVENUE", "FeatureTyp": "0", "NonPed": " ", "TrafDir": "W", "SegmentID": "0069787", "PhysicalID": 62445.0, "StreetWidth_Min": 28.0, "StreetWidth_Max": 30.0, "Snow_Priority": "C", "Number_Travel_Lanes": " 1", "Number_Park_Lanes": " 2", "TRUCK_ROUTE_TYPE": " " }, "geometry": { "type": "MultiLineString", "coordinates": [ [ [ -73.927455683844613, 40.812268460538114 ], [ -73.926714645213508, 40.813340934606806 ] ] ] } },
{ "type": "Feature", "properties": { "Street": "EAST 135 STREET", "FeatureTyp": "0", "NonPed": " ", "TrafDir": "W", "SegmentID": "0173380", "PhysicalID": 94655.0, "StreetWidth_Min": 40.0, "StreetWidth_Max": 40.0, "Snow_Priority": "C", "Number_Travel_Lanes": " 2", "Number_Park_Lanes": "  ", "TRUCK_ROUTE_TYPE": "3" }, "geometry": { "type": "MultiLineString", "coordinates": [ [ [ -73.929627648758185, 40.80941867746936 ], [ -73.929508374368282, 40.809328662472083 ] ] ] } },
{ "type": "Feature", "properties": { "Street": "MAJOR DEEGAN EXPRESSWAY", "FeatureTyp": "0", "NonPed": "V", "TrafDir": "T", "SegmentID": "0173367", "PhysicalID": null, "StreetWidth_Min": null, "StreetWidth_Max": null, "Snow_Priority": "C", "Number_Travel_Lanes": "  ", "Number_Park_Lanes": "  ", "TRUCK_ROUTE_TYPE": " " }, "geometry": { "type": "MultiLineString", "coordinates": [ [ [ -73.929292186200257, 40.809387513375839 ], [ -73.929364932468872, 40.809442515025431 ] ] ] } },
{ "type": "Feature", "properties": { "Street": "MAJOR DEEGAN EXPRESSWAY", "FeatureTyp": "0", "NonPed": "V", "TrafDir": "A", "SegmentID": "0144361", "PhysicalID": 50716.0, "StreetWidth_Min": 34.0, "StreetWidth_Max": 50.0, "Snow_Priority": "C", "Number_Travel_Lanes": " 3", "Number_Park_Lanes": "  ", "TRUCK_ROUTE_TYPE": "3" }, "geometry": { "type": "MultiLineString", "coordinates": [ [ [ -73.929334674696776, 40.809342226231756 ], [ -73.92941456143501, 40.809403121855333 ] ] ] } },
{ "type": "Feature", "properties": { "Street": "EAST 146 STREET", "FeatureTyp": "0", "NonPed": " ", "TrafDir": "W", "SegmentID": "0103962", "PhysicalID": 65903.0, "StreetWidth_Min": 30.0, "StreetWidth_Max": 32.0, "Snow_Priority": "C", "Number_Travel_Lanes": " 1", "Number_Park_Lanes": " 1", "TRUCK_ROUTE_TYPE": " " }, "geometry": { "type": "MultiLineString", "coordinates": [ [ [ -73.920331049958904, 40.814637886798209 ], [ -73.919200388535714, 40.814143903102583 ] ] ] } },
{ "type": "Feature", "properties": { "Street": "BRUCKNER EXPRESSWAY", "FeatureTyp": "0", "NonPed": "V", "TrafDir": "A", "SegmentID": "0173599", "PhysicalID": 201386.0, "StreetWidth_Min": 30.0, "StreetWidth_Max": 40.0, "Snow_Priority": "C", "Number_Travel_Lanes": " 2", "Number_Park_Lanes": "  ", "TRUCK_ROUTE_TYPE": "3" }, "geometry": { "type": "MultiLineString", "coordinates": [ [ [ -73.915726653054591, 40.803467591323376 ], [ -73.915430335083869, 40.803480477921099 ] ] ] } },
{ "type": "Feature", "properties": { "Street": "EAST 142 STREET", "FeatureTyp": "0", "NonPed": " ", "TrafDir": "W", "SegmentID": "0173570", "PhysicalID": 151374.0, "StreetWidth_Min": 30.0, "StreetWidth_Max": 32.0, "Snow_Priority": "C", "Number_Travel_Lanes": " 1", "Number_Park_Lanes": " 2", "TRUCK_ROUTE_TYPE": " " }, "geometry": { "type": "MultiLineString", "coordinates": [ [ [ -73.919346449366572, 40.81094375365852 ], [ -73.917599063090563, 40.810351367670322 ] ] ] } },
{ "type": "Feature", "properties": { "Street": "EAST 148 STREET", "FeatureTyp": "0", "NonPed": " ", "TrafDir": "W", "SegmentID": "0070191", "PhysicalID": 62155.0, "StreetWidth_Min": 34.0, "StreetWidth_Max": 34.0, "Snow_Priority": "C", "Number_Travel_Lanes": " 1", "Number_Park_Lanes": " 2", "TRUCK_ROUTE_TYPE": " " }, "geometry": { "type": "MultiLineString", "coordinates": [ [ [ -73.917736506088829, 40.815157404388366 ], [ -73.915340532814895, 40.814269472327375 ] ] ] } },
{ "type": "Feature", "properties": { "Street": "BRUCKNER BOULEVARD", "FeatureTyp": "0", "NonPed": " ", "TrafDir": "W", "SegmentID": "0154641", "PhysicalID": 132606.0, "StreetWidth_Min": 20.0, "StreetWidth_Max": 22.0, "Snow_Priority": "H", "Number_Travel_Lanes": " 1", "Number_Park_Lanes": " 1", "TRUCK_ROUTE_TYPE": "2" }, "geometry": { "type": "MultiLineString", "coordinates": [ [ [ -73.930758540578893, 40.808124026472697 ], [ -73.929731212205084, 40.807683879517931 ] ] ] } },
{ "type": "Feature", "properties": { "Street": "ROBERT F KENNEDY BRIDGE", "FeatureTyp": "0", "NonPed": "V", "TrafDir": "T", "SegmentID": "0069989", "PhysicalID": null, "StreetWidth_Min": null, "StreetWidth_Max": null, "Snow_Priority": "C", "Number_Travel_Lanes": "  ", "Number_Park_Lanes": "  ", "TRUCK_ROUTE_TYPE": " " }, "geometry": { "type": "MultiLineString", "coordinates": [ [ [ -73.918837072655165, 40.799110733984051 ], [ -73.918452427858398, 40.799643260979174 ] ] ] } },
{ "type": "Feature", "properties": { "Street": "BRUCKNER BOULEVARD", "FeatureTyp": "0", "NonPed": "V", "TrafDir": "A", "SegmentID": "0136710", "PhysicalID": 41654.0, "StreetWidth_Min": 26.0, "StreetWidth_Max": 30.0, "Snow_Priority": "C", "Number_Travel_Lanes": " 2", "Number_Park_Lanes": "  ", "TRUCK_ROUTE_TYPE": "2" }, "geometry": { "type": "MultiLineString", "coordinates": [ [ [ -73.918830962391681, 40.803334206906726 ], [ -73.918651991935448, 40.803308002004258 ], [ -73.918501988374246, 40.803288940421226 ] ] ] } },
{ "type": "Feature", "properties": { "Street": "EAST 134 STREET", "FeatureTyp": "0", "NonPed": " ", "TrafDir": "T", "SegmentID": "0173375", "PhysicalID": 86969.0, "StreetWidth_Min": 24.0, "StreetWidth_Max": 26.0, "Snow_Priority": "H", "Number_Travel_Lanes": " 2", "Number_Park_Lanes": " 2", "TRUCK_ROUTE_TYPE": " " }, "geometry": { "type": "MultiLineString", "coordinates": [ [ [ -73.930712808858217, 40.809314111917239 ], [ -73.930239179701687, 40.808944297526672 ] ] ] } },
{ "type": "Feature", "properties": { "Street": "EAST 133 STREET", "FeatureTyp": "0", "NonPed": " ", "TrafDir": "W", "SegmentID": "0188574", "PhysicalID": 62312.0, "StreetWidth_Min": 40.0, "StreetWidth_Max": 42.0, "Snow_Priority": "C", "Number_Travel_Lanes": " 2", "Number_Park_Lanes": " 2", "TRUCK_ROUTE_TYPE": " " }, "geometry": { "type": "MultiLineString", "coordinates": [ [ [ -73.918904387685458, 40.803227891636098 ], [ -73.918257273288418, 40.802933160336252 ] ] ] } },
{ "type": "Feature", "properties": { "Street": "EAST 133 STREET", "FeatureTyp": "0", "NonPed": " ", "TrafDir": "W", "SegmentID": "0188574", "PhysicalID": 62312.0, "StreetWidth_Min": 40.0, "StreetWidth_Max": 42.0, "Snow_Priority": "C", "Number_Travel_Lanes": " 2", "Number_Park_Lanes": " 2", "TRUCK_ROUTE_TYPE": " " }, "geometry": { "type": "MultiLineString", "coordinates": [ [ [ -73.918904387685458, 40.803227891636098 ], [ -73.918257273288418, 40.802933160336252 ] ] ] } },
{ "type": "Feature", "properties": { "Street": "EAST 133 STREET", "FeatureTyp": "0", "NonPed": " ", "TrafDir": "W", "SegmentID": "0188339", "PhysicalID": 199054.0, "StreetWidth_Min": 40.0, "StreetWidth_Max": 40.0, "Snow_Priority": "C", "Number_Travel_Lanes": " 2", "Number_Park_Lanes": " 2", "TRUCK_ROUTE_TYPE": " " }, "geometry": { "type": "MultiLineString", "coordinates": [ [ [ -73.916580927753486, 40.802199862759267 ], [ -73.916459834215345, 40.802152740320345 ] ] ] } },
{ "type": "Feature", "properties": { "Street": "BRUCKNER BOULEVARD", "FeatureTyp": "0", "NonPed": "V", "TrafDir": "A", "SegmentID": "0138614", "PhysicalID": 41654.0, "StreetWidth_Min": 26.0, "StreetWidth_Max": 30.0, "Snow_Priority": "C", "Number_Travel_Lanes": " 2", "Number_Park_Lanes": "  ", "TRUCK_ROUTE_TYPE": "2" }, "geometry": { "type": "MultiLineString", "coordinates": [ [ [ -73.918501988374246, 40.803288940421226 ], [ -73.918411020737409, 40.803290974142961 ], [ -73.917326027717749, 40.803286023098003 ] ] ] } },
{ "type": "Feature", "properties": { "Street": "BRUCKNER EXPRESSWAY WB EXIT 47", "FeatureTyp": "0", "NonPed": "V", "TrafDir": "W", "SegmentID": "0138404", "PhysicalID": 79438.0, "StreetWidth_Min": 16.0, "StreetWidth_Max": 34.0, "Snow_Priority": "C", "Number_Travel_Lanes": " 2", "Number_Park_Lanes": "  ", "TRUCK_ROUTE_TYPE": "3" }, "geometry": { "type": "MultiLineString", "coordinates": [ [ [ -73.916186699115457, 40.803658322377728 ], [ -73.916913228724368, 40.803888085688115 ], [ -73.917776816267946, 40.804161184862814 ] ] ] } },
{ "type": "Feature", "properties": { "Street": "BRUCKNER BOULEVARD", "FeatureTyp": "0", "NonPed": "V", "TrafDir": "T", "SegmentID": "0138576", "PhysicalID": null, "StreetWidth_Min": null, "StreetWidth_Max": null, "Snow_Priority": "C", "Number_Travel_Lanes": "  ", "Number_Park_Lanes": "  ", "TRUCK_ROUTE_TYPE": " " }, "geometry": { "type": "MultiLineString", "coordinates": [ [ [ -73.917038836635726, 40.803221594557044 ], [ -73.916970155159873, 40.803223218843378 ] ] ] } },
{ "type": "Feature", "properties": { "Street": "BRUCKNER BOULEVARD", "FeatureTyp": "0", "NonPed": "V", "TrafDir": "T", "SegmentID": "0138575", "PhysicalID": null, "StreetWidth_Min": null, "StreetWidth_Max": null, "Snow_Priority": "C", "Number_Travel_Lanes": "  ", "Number_Park_Lanes": "  ", "TRUCK_ROUTE_TYPE": " " }, "geometry": { "type": "MultiLineString", "coordinates": [ [ [ -73.916421869307626, 40.803228072195395 ], [ -73.916316979365817, 40.803228995730208 ] ] ] } },
{ "type": "Feature", "properties": { "Street": "MAJOR DEEGAN EXPRESSWAY", "FeatureTyp": "0", "NonPed": "V", "TrafDir": "W", "SegmentID": "0138532", "PhysicalID": 169008.0, "StreetWidth_Min": 24.0, "StreetWidth_Max": 50.0, "Snow_Priority": "C", "Number_Travel_Lanes": " 2", "Number_Park_Lanes": "  ", "TRUCK_ROUTE_TYPE": "3" }, "geometry": { "type": "MultiLineString", "coordinates": [ [ [ -73.926135583094052, 40.807536540746163 ], [ -73.926786730827686, 40.807803278386316 ] ] ] } },
{ "type": "Feature", "properties": { "Street": "BRUCKNER EP EB EN MJR DEEGAN EP", "FeatureTyp": "0", "NonPed": "V", "TrafDir": "W", "SegmentID": "0070141", "PhysicalID": 78897.0, "StreetWidth_Min": 24.0, "StreetWidth_Max": 35.0, "Snow_Priority": "C", "Number_Travel_Lanes": " 2", "Number_Park_Lanes": "  ", "TRUCK_ROUTE_TYPE": "3" }, "geometry": { "type": "MultiLineString", "coordinates": [ [ [ -73.916534360743938, 40.803516115617967 ], [ -73.916506490697728, 40.803511584202681 ], [ -73.915935410205023, 40.803418714140847 ] ] ] } },
{ "type": "Feature", "properties": { "Street": "MAJOR DEEGAN EXPWY ET 1 SB", "FeatureTyp": "0", "NonPed": "V", "TrafDir": "W", "SegmentID": "0173531", "PhysicalID": 101209.0, "StreetWidth_Min": 18.0, "StreetWidth_Max": 20.0, "Snow_Priority": "C", "Number_Travel_Lanes": " 1", "Number_Park_Lanes": "  ", "TRUCK_ROUTE_TYPE": " " }, "geometry": { "type": "MultiLineString", "coordinates": [ [ [ -73.924167661857467, 40.806633648366429 ], [ -73.921895199441551, 40.805368254222444 ] ] ] } },
{ "type": "Feature", "properties": { "Street": "BRUCKNER BOULEVARD", "FeatureTyp": "0", "NonPed": " ", "TrafDir": "W", "SegmentID": "0189374", "PhysicalID": 41458.0, "StreetWidth_Min": 34.0, "StreetWidth_Max": 34.0, "Snow_Priority": "C", "Number_Travel_Lanes": " 2", "Number_Park_Lanes": " 1", "TRUCK_ROUTE_TYPE": " " }, "geometry": { "type": "MultiLineString", "coordinates": [ [ [ -73.91509509255286, 40.802896547463419 ], [ -73.914604299750806, 40.803113682597143 ] ] ] } },
{ "type": "Feature", "properties": { "Street": "ROBERT F KENNEDY BRIDGE", "FeatureTyp": "0", "NonPed": "V", "TrafDir": "A", "SegmentID": "0141115", "PhysicalID": 91384.0, "StreetWidth_Min": 40.0, "StreetWidth_Max": 42.0, "Snow_Priority": "C", "Number_Travel_Lanes": " 4", "Number_Park_Lanes": "  ", "TRUCK_ROUTE_TYPE": "3" }, "geometry": { "type": "MultiLineString", "coordinates": [ [ [ -73.918913015651967, 40.799144767720627 ], [ -73.918524811453238, 40.799674024027659 ] ] ] } },
{ "type": "Feature", "properties": { "Street": "BRUCKNER BOULEVARD", "FeatureTyp": "0", "NonPed": "V", "TrafDir": "W", "SegmentID": "0173589", "PhysicalID": 41452.0, "StreetWidth_Min": 12.0, "StreetWidth_Max": 24.0, "Snow_Priority": "C", "Number_Travel_Lanes": " 2", "Number_Park_Lanes": "  ", "TRUCK_ROUTE_TYPE": "3" }, "geometry": { "type": "MultiLineString", "coordinates": [ [ [ -73.915587600410547, 40.8032499046559 ], [ -73.915195282033338, 40.803310670966404 ] ] ] } },
{ "type": "Feature", "properties": { "Street": "WALTON AVENUE", "FeatureTyp": "0", "NonPed": " ", "TrafDir": "A", "SegmentID": "0069634", "PhysicalID": 60931.0, "StreetWidth_Min": 32.0, "StreetWidth_Max": 34.0, "Snow_Priority": "C", "Number_Travel_Lanes": " 1", "Number_Park_Lanes": " 2", "TRUCK_ROUTE_TYPE": " " }, "geometry": { "type": "MultiLineString", "coordinates": [ [ [ -73.930569650397643, 40.813373298379119 ], [ -73.929771596692547, 40.815115187402746 ] ] ] } },
{ "type": "Feature", "properties": { "Street": "EAST 135 STREET", "FeatureTyp": "0", "NonPed": " ", "TrafDir": "A", "SegmentID": "0069596", "PhysicalID": 57303.0, "StreetWidth_Min": 26.0, "StreetWidth_Max": 30.0, "Snow_Priority": "C", "Number_Travel_Lanes": " 1", "Number_Park_Lanes": " 1", "TRUCK_ROUTE_TYPE": "3" }, "geometry": { "type": "MultiLineString", "coordinates": [ [ [ -73.930480445931423, 40.810529122095119 ], [ -73.930095122732979, 40.810232507559213 ] ] ] } },
{ "type": "Feature", "properties": { "Street": "EAST 141 STREET", "FeatureTyp": "0", "NonPed": " ", "TrafDir": "T", "SegmentID": "0070163", "PhysicalID": 59716.0, "StreetWidth_Min": 42.0, "StreetWidth_Max": 44.0, "Snow_Priority": "S", "Number_Travel_Lanes": " 2", "Number_Park_Lanes": " 2", "TRUCK_ROUTE_TYPE": " " }, "geometry": { "type": "MultiLineString", "coordinates": [ [ [ -73.915391993865398, 40.808453383407219 ], [ -73.914330986717871, 40.808006565066378 ] ] ] } },
{ "type": "Feature", "properties": { "Street": "EAST 132 STREET", "FeatureTyp": "0", "NonPed": " ", "TrafDir": "T", "SegmentID": "0069892", "PhysicalID": 90893.0, "StreetWidth_Min": 34.0, "StreetWidth_Max": 35.0, "Snow_Priority": "S", "Number_Travel_Lanes": " 2", "Number_Park_Lanes": " 2", "TRUCK_ROUTE_TYPE": " " }, "geometry": { "type": "MultiLineString", "coordinates": [ [ [ -73.922881320073913, 40.804022474346631 ], [ -73.922078864503831, 40.803678331206406 ] ] ] } },
{ "type": "Feature", "properties": { "Street": "BROWN PLACE", "FeatureTyp": "0", "NonPed": " ", "TrafDir": "T", "SegmentID": "0069891", "PhysicalID": 87840.0, "StreetWidth_Min": 30.0, "StreetWidth_Max": 34.0, "Snow_Priority": "S", "Number_Travel_Lanes": " 2", "Number_Park_Lanes": " 2", "TRUCK_ROUTE_TYPE": " " }, "geometry": { "type": "MultiLineString", "coordinates": [ [ [ -73.922881320073913, 40.804022474346631 ], [ -73.922387512666887, 40.804695391629956 ] ] ] } },
{ "type": "Feature", "properties": { "Street": "EAST 133 STREET", "FeatureTyp": "0", "NonPed": " ", "TrafDir": "W", "SegmentID": "0111684", "PhysicalID": 62306.0, "StreetWidth_Min": 32.0, "StreetWidth_Max": 34.0, "Snow_Priority": "C", "Number_Travel_Lanes": " 2", "Number_Park_Lanes": "  ", "TRUCK_ROUTE_TYPE": " " }, "geometry": { "type": "MultiLineString", "coordinates": [ [ [ -73.916349125732623, 40.802109878519822 ], [ -73.916129042479312, 40.802024360325717 ] ] ] } },
{ "type": "Feature", "properties": { "Street": "ALEXANDER AVENUE", "FeatureTyp": "0", "NonPed": " ", "TrafDir": "T", "SegmentID": "0173484", "PhysicalID": 63166.0, "StreetWidth_Min": 46.0, "StreetWidth_Max": 50.0, "Snow_Priority": "C", "Number_Travel_Lanes": " 2", "Number_Park_Lanes": " 2", "TRUCK_ROUTE_TYPE": " " }, "geometry": { "type": "MultiLineString", "coordinates": [ [ [ -73.926749580835136, 40.807853890016183 ], [ -73.926523721855659, 40.808161554517945 ] ] ] } },
{ "type": "Feature", "properties": { "Street": "MAJOR DEEGAN EXPRESSWAY", "FeatureTyp": "0", "NonPed": "V", "TrafDir": "T", "SegmentID": "0173481", "PhysicalID": null, "StreetWidth_Min": null, "StreetWidth_Max": null, "Snow_Priority": "C", "Number_Travel_Lanes": "  ", "Number_Park_Lanes": "  ", "TRUCK_ROUTE_TYPE": " " }, "geometry": { "type": "MultiLineString", "coordinates": [ [ [ -73.927445683346676, 40.808079742902784 ], [ -73.927678142442431, 40.808216278713346 ], [ -73.928017899133366, 40.808435195377825 ], [ -73.92834425332498, 40.808665575100605 ], [ -73.928656234457819, 40.808906696629101 ] ] ] } },
{ "type": "Feature", "properties": { "Street": "EAST 140 STREET", "FeatureTyp": "0", "NonPed": " ", "TrafDir": "W", "SegmentID": "0069792", "PhysicalID": 102918.0, "StreetWidth_Min": 28.0, "StreetWidth_Max": 30.0, "Snow_Priority": "S", "Number_Travel_Lanes": " 1", "Number_Park_Lanes": " 2", "TRUCK_ROUTE_TYPE": " " }, "geometry": { "type": "MultiLineString", "coordinates": [ [ [ -73.926714645213508, 40.813340934606806 ], [ -73.925795492187092, 40.812963515546464 ] ] ] } },
{ "type": "Feature", "properties": { "Street": "EAST 139 STREET", "FeatureTyp": "0", "NonPed": " ", "TrafDir": "A", "SegmentID": "0069775", "PhysicalID": 63204.0, "StreetWidth_Min": 32.0, "StreetWidth_Max": 32.0, "Snow_Priority": "C", "Number_Travel_Lanes": " 1", "Number_Park_Lanes": " 2", "TRUCK_ROUTE_TYPE": " " }, "geometry": { "type": "MultiLineString", "coordinates": [ [ [ -73.926387382958538, 40.811483603189735 ], [ -73.924648081271968, 40.810728141503937 ] ] ] } },
{ "type": "Feature", "properties": { "Street": "EAST 139 STREET", "FeatureTyp": "0", "NonPed": " ", "TrafDir": "A", "SegmentID": "0070033", "PhysicalID": 63208.0, "StreetWidth_Min": 32.0, "StreetWidth_Max": 34.0, "Snow_Priority": "S", "Number_Travel_Lanes": " 1", "Number_Park_Lanes": " 2", "TRUCK_ROUTE_TYPE": " " }, "geometry": { "type": "MultiLineString", "coordinates": [ [ [ -73.918804332288687, 40.808261716550597 ], [ -73.917015483986702, 40.807506725980232 ] ] ] } },
{ "type": "Feature", "properties": { "Street": "EAST 139 STREET", "FeatureTyp": "0", "NonPed": " ", "TrafDir": "A", "SegmentID": "0070033", "PhysicalID": 63208.0, "StreetWidth_Min": 32.0, "StreetWidth_Max": 34.0, "Snow_Priority": "S", "Number_Travel_Lanes": " 1", "Number_Park_Lanes": " 2", "TRUCK_ROUTE_TYPE": " " }, "geometry": { "type": "MultiLineString", "coordinates": [ [ [ -73.918804332288687, 40.808261716550597 ], [ -73.917015483986702, 40.807506725980232 ] ] ] } },
{ "type": "Feature", "properties": { "Street": "CYPRESS AVENUE", "FeatureTyp": "0", "NonPed": " ", "TrafDir": "W", "SegmentID": "0070118", "PhysicalID": 102921.0, "StreetWidth_Min": 32.0, "StreetWidth_Max": 32.0, "Snow_Priority": "C", "Number_Travel_Lanes": " 2", "Number_Park_Lanes": " 2", "TRUCK_ROUTE_TYPE": " " }, "geometry": { "type": "MultiLineString", "coordinates": [ [ [ -73.916129042479312, 40.802024360325717 ], [ -73.915609110336334, 40.802669134512826 ] ] ] } },
{ "type": "Feature", "properties": { "Street": "EAST 146 STREET", "FeatureTyp": "0", "NonPed": " ", "TrafDir": "T", "SegmentID": "0070186", "PhysicalID": 65904.0, "StreetWidth_Min": 30.0, "StreetWidth_Max": 32.0, "Snow_Priority": "H", "Number_Travel_Lanes": " 1", "Number_Park_Lanes": " 2", "TRUCK_ROUTE_TYPE": " " }, "geometry": { "type": "MultiLineString", "coordinates": [ [ [ -73.916089144122765, 40.812965567791188 ], [ -73.914097566058956, 40.812301109487038 ] ] ] } },
{ "type": "Feature", "properties": { "Street": "EAST 146 STREET", "FeatureTyp": "0", "NonPed": " ", "TrafDir": "T", "SegmentID": "0070186", "PhysicalID": 65904.0, "StreetWidth_Min": 30.0, "StreetWidth_Max": 32.0, "Snow_Priority": "H", "Number_Travel_Lanes": " 1", "Number_Park_Lanes": " 2", "TRUCK_ROUTE_TYPE": " " }, "geometry": { "type": "MultiLineString", "coordinates": [ [ [ -73.916089144122765, 40.812965567791188 ], [ -73.914097566058956, 40.812301109487038 ] ] ] } },
{ "type": "Feature", "properties": { "Street": "EAST 146 STREET", "FeatureTyp": "0", "NonPed": " ", "TrafDir": "T", "SegmentID": "0070186", "PhysicalID": 65904.0, "StreetWidth_Min": 30.0, "StreetWidth_Max": 32.0, "Snow_Priority": "H", "Number_Travel_Lanes": " 1", "Number_Park_Lanes": " 2", "TRUCK_ROUTE_TYPE": " " }, "geometry": { "type": "MultiLineString", "coordinates": [ [ [ -73.916089144122765, 40.812965567791188 ], [ -73.914097566058956, 40.812301109487038 ] ] ] } },
{ "type": "Feature", "properties": { "Street": "EAST 146 STREET", "FeatureTyp": "0", "NonPed": " ", "TrafDir": "T", "SegmentID": "0070186", "PhysicalID": 65904.0, "StreetWidth_Min": 30.0, "StreetWidth_Max": 32.0, "Snow_Priority": "H", "Number_Travel_Lanes": " 1", "Number_Park_Lanes": " 2", "TRUCK_ROUTE_TYPE": " " }, "geometry": { "type": "MultiLineString", "coordinates": [ [ [ -73.916089144122765, 40.812965567791188 ], [ -73.914097566058956, 40.812301109487038 ] ] ] } },
{ "type": "Feature", "properties": { "Street": "EAST 146 STREET", "FeatureTyp": "0", "NonPed": " ", "TrafDir": "T", "SegmentID": "0070186", "PhysicalID": 65904.0, "StreetWidth_Min": 30.0, "StreetWidth_Max": 32.0, "Snow_Priority": "H", "Number_Travel_Lanes": " 1", "Number_Park_Lanes": " 2", "TRUCK_ROUTE_TYPE": " " }, "geometry": { "type": "MultiLineString", "coordinates": [ [ [ -73.916089144122765, 40.812965567791188 ], [ -73.914097566058956, 40.812301109487038 ] ] ] } },
{ "type": "Feature", "properties": { "Street": "EAST 146 STREET", "FeatureTyp": "0", "NonPed": " ", "TrafDir": "T", "SegmentID": "0070186", "PhysicalID": 65904.0, "StreetWidth_Min": 30.0, "StreetWidth_Max": 32.0, "Snow_Priority": "H", "Number_Travel_Lanes": " 1", "Number_Park_Lanes": " 2", "TRUCK_ROUTE_TYPE": " " }, "geometry": { "type": "MultiLineString", "coordinates": [ [ [ -73.916089144122765, 40.812965567791188 ], [ -73.914097566058956, 40.812301109487038 ] ] ] } },
{ "type": "Feature", "properties": { "Street": "EAST 146 STREET", "FeatureTyp": "0", "NonPed": " ", "TrafDir": "T", "SegmentID": "0070186", "PhysicalID": 65904.0, "StreetWidth_Min": 30.0, "StreetWidth_Max": 32.0, "Snow_Priority": "H", "Number_Travel_Lanes": " 1", "Number_Park_Lanes": " 2", "TRUCK_ROUTE_TYPE": " " }, "geometry": { "type": "MultiLineString", "coordinates": [ [ [ -73.916089144122765, 40.812965567791188 ], [ -73.914097566058956, 40.812301109487038 ] ] ] } },
{ "type": "Feature", "properties": { "Street": "EAST 146 STREET", "FeatureTyp": "0", "NonPed": " ", "TrafDir": "T", "SegmentID": "0070186", "PhysicalID": 65904.0, "StreetWidth_Min": 30.0, "StreetWidth_Max": 32.0, "Snow_Priority": "H", "Number_Travel_Lanes": " 1", "Number_Park_Lanes": " 2", "TRUCK_ROUTE_TYPE": " " }, "geometry": { "type": "MultiLineString", "coordinates": [ [ [ -73.916089144122765, 40.812965567791188 ], [ -73.914097566058956, 40.812301109487038 ] ] ] } },
{ "type": "Feature", "properties": { "Street": "EAST 146 STREET", "FeatureTyp": "0", "NonPed": " ", "TrafDir": "T", "SegmentID": "0070186", "PhysicalID": 65904.0, "StreetWidth_Min": 30.0, "StreetWidth_Max": 32.0, "Snow_Priority": "H", "Number_Travel_Lanes": " 1", "Number_Park_Lanes": " 2", "TRUCK_ROUTE_TYPE": " " }, "geometry": { "type": "MultiLineString", "coordinates": [ [ [ -73.916089144122765, 40.812965567791188 ], [ -73.914097566058956, 40.812301109487038 ] ] ] } },
{ "type": "Feature", "properties": { "Street": "EAST 146 STREET", "FeatureTyp": "0", "NonPed": " ", "TrafDir": "T", "SegmentID": "0070186", "PhysicalID": 65904.0, "StreetWidth_Min": 30.0, "StreetWidth_Max": 32.0, "Snow_Priority": "H", "Number_Travel_Lanes": " 1", "Number_Park_Lanes": " 2", "TRUCK_ROUTE_TYPE": " " }, "geometry": { "type": "MultiLineString", "coordinates": [ [ [ -73.916089144122765, 40.812965567791188 ], [ -73.914097566058956, 40.812301109487038 ] ] ] } },
{ "type": "Feature", "properties": { "Street": "BRUCKNER EP EB EN MJR DEEGAN EP", "FeatureTyp": "0", "NonPed": "V", "TrafDir": "W", "SegmentID": "0173568", "PhysicalID": 50707.0, "StreetWidth_Min": 24.0, "StreetWidth_Max": 35.0, "Snow_Priority": "C", "Number_Travel_Lanes": " 2", "Number_Park_Lanes": "  ", "TRUCK_ROUTE_TYPE": "3" }, "geometry": { "type": "MultiLineString", "coordinates": [ [ [ -73.918578426749519, 40.804295149177307 ], [ -73.918073712407946, 40.804061566698003 ], [ -73.917527028755359, 40.803808555545388 ] ] ] } },
{ "type": "Feature", "properties": { "Street": "EAST 138 STREET", "FeatureTyp": "0", "NonPed": " ", "TrafDir": "T", "SegmentID": "0069641", "PhysicalID": 57254.0, "StreetWidth_Min": 48.0, "StreetWidth_Max": 60.0, "Snow_Priority": "C", "Number_Travel_Lanes": " 4", "Number_Park_Lanes": "  ", "TRUCK_ROUTE_TYPE": "2" }, "geometry": { "type": "MultiLineString", "coordinates": [ [ [ -73.929606394983281, 40.812828687843144 ], [ -73.929499023703471, 40.812752295900722 ] ] ] } },
{ "type": "Feature", "properties": { "Street": "EAST 137 STREET", "FeatureTyp": "0", "NonPed": " ", "TrafDir": "T", "SegmentID": "9004579", "PhysicalID": 102923.0, "StreetWidth_Min": 35.0, "StreetWidth_Max": 70.0, "Snow_Priority": "H", "Number_Travel_Lanes": " 2", "Number_Park_Lanes": " 2", "TRUCK_ROUTE_TYPE": " " }, "geometry": { "type": "MultiLineString", "coordinates": [ [ [ -73.925260534461628, 40.809216196589993 ], [ -73.924976680140546, 40.809093096067933 ] ] ] } },
{ "type": "Feature", "properties": { "Street": "BRUCKNER BOULEVARD", "FeatureTyp": "0", "NonPed": " ", "TrafDir": "T", "SegmentID": "0069900", "PhysicalID": 41656.0, "StreetWidth_Min": 68.0, "StreetWidth_Max": 70.0, "Snow_Priority": "C", "Number_Travel_Lanes": " 4", "Number_Park_Lanes": " 2", "TRUCK_ROUTE_TYPE": "3" }, "geometry": { "type": "MultiLineString", "coordinates": [ [ [ -73.92157135904877, 40.804345175693598 ], [ -73.919780188757329, 40.803592305871312 ] ] ] } },
{ "type": "Feature", "properties": { "Street": "BROOK AVENUE", "FeatureTyp": "0", "NonPed": " ", "TrafDir": "A", "SegmentID": "0069899", "PhysicalID": 69929.0, "StreetWidth_Min": 42.0, "StreetWidth_Max": 44.0, "Snow_Priority": "C", "Number_Travel_Lanes": " 2", "Number_Park_Lanes": " 2", "TRUCK_ROUTE_TYPE": " " }, "geometry": { "type": "MultiLineString", "coordinates": [ [ [ -73.92157135904877, 40.804345175693598 ], [ -73.921082669509019, 40.805015407875423 ] ] ] } },
{ "type": "Feature", "properties": { "Street": "EAST 141 STREET", "FeatureTyp": "0", "NonPed": " ", "TrafDir": "A", "SegmentID": "0069928", "PhysicalID": 59719.0, "StreetWidth_Min": 34.0, "StreetWidth_Max": 34.0, "Snow_Priority": "C", "Number_Travel_Lanes": " 1", "Number_Park_Lanes": " 2", "TRUCK_ROUTE_TYPE": " " }, "geometry": { "type": "MultiLineString", "coordinates": [ [ [ -73.921485929620772, 40.811034235303374 ], [ -73.918049000685457, 40.809574784121367 ] ] ] } },
{ "type": "Feature", "properties": { "Street": "EAST 141 STREET", "FeatureTyp": "0", "NonPed": " ", "TrafDir": "A", "SegmentID": "0069928", "PhysicalID": 59719.0, "StreetWidth_Min": 34.0, "StreetWidth_Max": 34.0, "Snow_Priority": "C", "Number_Travel_Lanes": " 1", "Number_Park_Lanes": " 2", "TRUCK_ROUTE_TYPE": " " }, "geometry": { "type": "MultiLineString", "coordinates": [ [ [ -73.921485929620772, 40.811034235303374 ], [ -73.918049000685457, 40.809574784121367 ] ] ] } },
{ "type": "Feature", "properties": { "Street": "PARK AVENUE", "FeatureTyp": "0", "NonPed": " ", "TrafDir": "W", "SegmentID": "0069644", "PhysicalID": 63280.0, "StreetWidth_Min": 28.0, "StreetWidth_Max": 28.0, "Snow_Priority": "C", "Number_Travel_Lanes": " 1", "Number_Park_Lanes": " 2", "TRUCK_ROUTE_TYPE": " " }, "geometry": { "type": "MultiLineString", "coordinates": [ [ [ -73.929191789328002, 40.812519671353684 ], [ -73.928179481388625, 40.813959589015525 ] ] ] } },
{ "type": "Feature", "properties": { "Street": "EAST 137 STREET", "FeatureTyp": "0", "NonPed": " ", "TrafDir": "A", "SegmentID": "0069610", "PhysicalID": 102935.0, "StreetWidth_Min": 30.0, "StreetWidth_Max": 30.0, "Snow_Priority": "S", "Number_Travel_Lanes": " 1", "Number_Park_Lanes": " 2", "TRUCK_ROUTE_TYPE": " " }, "geometry": { "type": "MultiLineString", "coordinates": [ [ [ -73.928900705864848, 40.811149474826351 ], [ -73.928001573249446, 40.810474521313765 ] ] ] } },
{ "type": "Feature", "properties": { "Street": "MAJOR DEEGAN EXPRESSWAY", "FeatureTyp": "0", "NonPed": "V", "TrafDir": "T", "SegmentID": "0070003", "PhysicalID": null, "StreetWidth_Min": null, "StreetWidth_Max": null, "Snow_Priority": "C", "Number_Travel_Lanes": "  ", "Number_Park_Lanes": "  ", "TRUCK_ROUTE_TYPE": " " }, "geometry": { "type": "MultiLineString", "coordinates": [ [ [ -73.920830855418416, 40.805360405087214 ], [ -73.921242960255697, 40.805529747101609 ] ] ] } },
{ "type": "Feature", "properties": { "Street": "WILLIS AVENUE BRIDGE", "FeatureTyp": "0", "NonPed": " ", "TrafDir": "W", "SegmentID": "0173527", "PhysicalID": 62173.0, "StreetWidth_Min": 40.0, "StreetWidth_Max": 40.0, "Snow_Priority": "C", "Number_Travel_Lanes": " 3", "Number_Park_Lanes": "  ", "TRUCK_ROUTE_TYPE": "3" }, "geometry": { "type": "MultiLineString", "coordinates": [ [ [ -73.9245271514244, 40.806779913533916 ], [ -73.924485464014339, 40.806836588961943 ] ] ] } },
{ "type": "Feature", "properties": { "Street": "EAST 141 STREET", "FeatureTyp": "0", "NonPed": " ", "TrafDir": "A", "SegmentID": "0069929", "PhysicalID": 59721.0, "StreetWidth_Min": 34.0, "StreetWidth_Max": 34.0, "Snow_Priority": "S", "Number_Travel_Lanes": " 1", "Number_Park_Lanes": " 2", "TRUCK_ROUTE_TYPE": " " }, "geometry": { "type": "MultiLineString", "coordinates": [ [ [ -73.924683256610635, 40.812384143705607 ], [ -73.923725462705548, 40.811979019306087 ] ] ] } },
{ "type": "Feature", "properties": { "Street": "WILLIS AVENUE", "FeatureTyp": "0", "NonPed": " ", "TrafDir": "T", "SegmentID": "0070041", "PhysicalID": 62181.0, "StreetWidth_Min": 64.0, "StreetWidth_Max": 66.0, "Snow_Priority": "C", "Number_Travel_Lanes": " 4", "Number_Park_Lanes": " 2", "TRUCK_ROUTE_TYPE": "2" }, "geometry": { "type": "MultiLineString", "coordinates": [ [ [ -73.920587083374699, 40.81226350209154 ], [ -73.920119353313098, 40.812893842137122 ] ] ] } },
{ "type": "Feature", "properties": { "Street": "WILLIS AVENUE", "FeatureTyp": "0", "NonPed": " ", "TrafDir": "T", "SegmentID": "0070041", "PhysicalID": 62181.0, "StreetWidth_Min": 64.0, "StreetWidth_Max": 66.0, "Snow_Priority": "C", "Number_Travel_Lanes": " 4", "Number_Park_Lanes": " 2", "TRUCK_ROUTE_TYPE": "2" }, "geometry": { "type": "MultiLineString", "coordinates": [ [ [ -73.920587083374699, 40.81226350209154 ], [ -73.920119353313098, 40.812893842137122 ] ] ] } },
{ "type": "Feature", "properties": { "Street": "WILLIS AVENUE BRIDGE", "FeatureTyp": "0", "NonPed": " ", "TrafDir": "W", "SegmentID": "0173534", "PhysicalID": 62172.0, "StreetWidth_Min": 40.0, "StreetWidth_Max": 40.0, "Snow_Priority": "C", "Number_Travel_Lanes": " 3", "Number_Park_Lanes": "  ", "TRUCK_ROUTE_TYPE": "3" }, "geometry": { "type": "MultiLineString", "coordinates": [ [ [ -73.924287411632989, 40.807097303456921 ], [ -73.924279807978365, 40.807186717759876 ] ] ] } },
{ "type": "Feature", "properties": { "Street": "BROWN PLACE", "FeatureTyp": "0", "NonPed": " ", "TrafDir": "T", "SegmentID": "0070024", "PhysicalID": 98785.0, "StreetWidth_Min": 36.0, "StreetWidth_Max": 36.0, "Snow_Priority": "S", "Number_Travel_Lanes": " 2", "Number_Park_Lanes": " 2", "TRUCK_ROUTE_TYPE": " " }, "geometry": { "type": "MultiLineString", "coordinates": [ [ [ -73.920538342474117, 40.807234582877754 ], [ -73.920045566290625, 40.807906797482666 ] ] ] } },
{ "type": "Feature", "properties": { "Street": "BROWN PLACE", "FeatureTyp": "0", "NonPed": " ", "TrafDir": "T", "SegmentID": "0070024", "PhysicalID": 98785.0, "StreetWidth_Min": 36.0, "StreetWidth_Max": 36.0, "Snow_Priority": "S", "Number_Travel_Lanes": " 2", "Number_Park_Lanes": " 2", "TRUCK_ROUTE_TYPE": " " }, "geometry": { "type": "MultiLineString", "coordinates": [ [ [ -73.920538342474117, 40.807234582877754 ], [ -73.920045566290625, 40.807906797482666 ] ] ] } },
{ "type": "Feature", "properties": { "Street": "EAST 139 STREET", "FeatureTyp": "0", "NonPed": " ", "TrafDir": "A", "SegmentID": "0069786", "PhysicalID": 63206.0, "StreetWidth_Min": 26.0, "StreetWidth_Max": 30.0, "Snow_Priority": "C", "Number_Travel_Lanes": " 1", "Number_Park_Lanes": " 2", "TRUCK_ROUTE_TYPE": " " }, "geometry": { "type": "MultiLineString", "coordinates": [ [ [ -73.927455683844613, 40.812268460538114 ], [ -73.926704265508249, 40.811716868287043 ] ] ] } },
{ "type": "Feature", "properties": { "Street": "BRUCKNER BOULEVARD", "FeatureTyp": "0", "NonPed": " ", "TrafDir": "T", "SegmentID": "0069890", "PhysicalID": 41658.0, "StreetWidth_Min": 65.0, "StreetWidth_Max": 70.0, "Snow_Priority": "C", "Number_Travel_Lanes": " 4", "Number_Park_Lanes": " 2", "TRUCK_ROUTE_TYPE": "3" }, "geometry": { "type": "MultiLineString", "coordinates": [ [ [ -73.923293233654874, 40.805070382866752 ], [ -73.922387512666887, 40.804695391629956 ] ] ] } },
{ "type": "Feature", "properties": { "Street": "EAST 135 STREET", "FeatureTyp": "0", "NonPed": " ", "TrafDir": "W", "SegmentID": "0173384", "PhysicalID": 94657.0, "StreetWidth_Min": 30.0, "StreetWidth_Max": 30.0, "Snow_Priority": "C", "Number_Travel_Lanes": " 2", "Number_Park_Lanes": " 1", "TRUCK_ROUTE_TYPE": " " }, "geometry": { "type": "MultiLineString", "coordinates": [ [ [ -73.929419378008788, 40.809264303807453 ], [ -73.928750766160618, 40.808780829343924 ] ] ] } },
{ "type": "Feature", "properties": { "Street": "3 AVENUE", "FeatureTyp": "0", "NonPed": "V", "TrafDir": "A", "SegmentID": "0173389", "PhysicalID": 192224.0, "StreetWidth_Min": 45.0, "StreetWidth_Max": 45.0, "Snow_Priority": "C", "Number_Travel_Lanes": " 4", "Number_Park_Lanes": "  ", "TRUCK_ROUTE_TYPE": "2" }, "geometry": { "type": "MultiLineString", "coordinates": [ [ [ -73.929309435177871, 40.809482877306017 ], [ -73.929218541431567, 40.809564721625016 ] ] ] } },
{ "type": "Feature", "properties": { "Street": "EAST 134 STREET", "FeatureTyp": "0", "NonPed": " ", "TrafDir": "W", "SegmentID": "0111534", "PhysicalID": 86973.0, "StreetWidth_Min": 30.0, "StreetWidth_Max": 30.0, "Snow_Priority": "S", "Number_Travel_Lanes": " 1", "Number_Park_Lanes": " 1", "TRUCK_ROUTE_TYPE": " " }, "geometry": { "type": "MultiLineString", "coordinates": [ [ [ -73.927004230202215, 40.807507953832136 ], [ -73.925541641659876, 40.806913518377137 ] ] ] } },
{ "type": "Feature", "properties": { "Street": "EAST 144 STREET", "FeatureTyp": "0", "NonPed": " ", "TrafDir": "W", "SegmentID": "0173574", "PhysicalID": 87863.0, "StreetWidth_Min": 34.0, "StreetWidth_Max": 34.0, "Snow_Priority": "C", "Number_Travel_Lanes": " 1", "Number_Park_Lanes": " 2", "TRUCK_ROUTE_TYPE": " " }, "geometry": { "type": "MultiLineString", "coordinates": [ [ [ -73.918514613341813, 40.812219984305962 ], [ -73.916837958324962, 40.811656210558908 ] ] ] } },
{ "type": "Feature", "properties": { "Street": "ALEXANDER AVENUE", "FeatureTyp": "0", "NonPed": " ", "TrafDir": "T", "SegmentID": "0173483", "PhysicalID": 63167.0, "StreetWidth_Min": 46.0, "StreetWidth_Max": 50.0, "Snow_Priority": "C", "Number_Travel_Lanes": " 2", "Number_Park_Lanes": " 2", "TRUCK_ROUTE_TYPE": " " }, "geometry": { "type": "MultiLineString", "coordinates": [ [ [ -73.926786730827686, 40.807803278386316 ], [ -73.926749580835136, 40.807853890016183 ] ] ] } },
{ "type": "Feature", "properties": { "Street": "EAST 137 STREET", "FeatureTyp": "0", "NonPed": " ", "TrafDir": "W", "SegmentID": "0069768", "PhysicalID": 103072.0, "StreetWidth_Min": 22.0, "StreetWidth_Max": 26.0, "Snow_Priority": "C", "Number_Travel_Lanes": " 1", "Number_Park_Lanes": "  ", "TRUCK_ROUTE_TYPE": " " }, "geometry": { "type": "MultiLineString", "coordinates": [ [ [ -73.927841181309645, 40.81058346066331 ], [ -73.927802546260537, 40.810480173943937 ], [ -73.927780186721904, 40.810372957630186 ], [ -73.927774930288578, 40.810264084606501 ], [ -73.927786909778334, 40.810155918439698 ], [ -73.927815498028409, 40.810050757163467 ] ] ] } },
{ "type": "Feature", "properties": { "Street": "MAJOR DEEGAN EXPRESSWAY", "FeatureTyp": "0", "NonPed": "V", "TrafDir": "W", "SegmentID": "0154672", "PhysicalID": 50699.0, "StreetWidth_Min": 34.0, "StreetWidth_Max": 38.0, "Snow_Priority": "C", "Number_Travel_Lanes": " 3", "Number_Park_Lanes": "  ", "TRUCK_ROUTE_TYPE": "3" }, "geometry": { "type": "MultiLineString", "coordinates": [ [ [ -73.927251595275422, 40.808035235103027 ], [ -73.927562022221991, 40.808227011789825 ], [ -73.927622794242211, 40.808265366860198 ], [ -73.92777902736357, 40.808363969701652 ], [ -73.927991991144879, 40.808501978102456 ], [ -73.928107055757536, 40.80857898837759 ], [ -73.92817300319301, 40.808628962055543 ], [ -73.928492014727397, 40.808866955033231 ], [ -73.928619777687302, 40.808951987261146 ] ] ] } },
{ "type": "Feature", "properties": { "Street": "ROBERT F KENNEDY BRIDGE", "FeatureTyp": "0", "NonPed": "V", "TrafDir": "W", "SegmentID": "0154837", "PhysicalID": 78900.0, "StreetWidth_Min": 40.0, "StreetWidth_Max": 42.0, "Snow_Priority": "C", "Number_Travel_Lanes": " 4", "Number_Park_Lanes": "  ", "TRUCK_ROUTE_TYPE": "3" }, "geometry": { "type": "MultiLineString", "coordinates": [ [ [ -73.918377663063353, 40.799615127844625 ], [ -73.918288230566461, 40.799741509180954 ], [ -73.917951017355506, 40.800199293163722 ], [ -73.917883713157238, 40.800290661977932 ], [ -73.917785671984078, 40.800424100611515 ], [ -73.917530098509459, 40.800776982296355 ] ] ] } },
{ "type": "Feature", "properties": { "Street": "WILLIS AVENUE BRIDGE", "FeatureTyp": "0", "NonPed": " ", "TrafDir": "W", "SegmentID": "0173532", "PhysicalID": 62172.0, "StreetWidth_Min": 40.0, "StreetWidth_Max": 40.0, "Snow_Priority": "C", "Number_Travel_Lanes": " 3", "Number_Park_Lanes": "  ", "TRUCK_ROUTE_TYPE": "3" }, "geometry": { "type": "MultiLineString", "coordinates": [ [ [ -73.924453300694623, 40.806883615222169 ], [ -73.924287411632989, 40.807097303456921 ] ] ] } },
{ "type": "Feature", "properties": { "Street": "MAJOR DEEGAN EXPRESSWAY", "FeatureTyp": "0", "NonPed": "V", "TrafDir": "W", "SegmentID": "0138462", "PhysicalID": 50703.0, "StreetWidth_Min": 34.0, "StreetWidth_Max": 50.0, "Snow_Priority": "C", "Number_Travel_Lanes": " 3", "Number_Park_Lanes": "  ", "TRUCK_ROUTE_TYPE": "3" }, "geometry": { "type": "MultiLineString", "coordinates": [ [ [ -73.924388572843455, 40.80685757255538 ], [ -73.924453300694623, 40.806883615222169 ] ] ] } },
{ "type": "Feature", "properties": { "Street": "MAJOR DEEGAN EXPRESSWAY", "FeatureTyp": "0", "NonPed": "V", "TrafDir": "A", "SegmentID": "0138459", "PhysicalID": 50710.0, "StreetWidth_Min": 34.0, "StreetWidth_Max": 52.0, "Snow_Priority": "C", "Number_Travel_Lanes": " 3", "Number_Park_Lanes": "  ", "TRUCK_ROUTE_TYPE": "3" }, "geometry": { "type": "MultiLineString", "coordinates": [ [ [ -73.920863846586016, 40.805312836388516 ], [ -73.921446955482509, 40.8055459599478 ] ] ] } },
{ "type": "Feature", "properties": { "Street": "MAJOR DEEGAN EXPRESSWAY", "FeatureTyp": "0", "NonPed": "V", "TrafDir": "W", "SegmentID": "0138456", "PhysicalID": 50703.0, "StreetWidth_Min": 34.0, "StreetWidth_Max": 50.0, "Snow_Priority": "C", "Number_Travel_Lanes": " 3", "Number_Park_Lanes": "  ", "TRUCK_ROUTE_TYPE": "3" }, "geometry": { "type": "MultiLineString", "coordinates": [ [ [ -73.924099569942186, 40.806743806467608 ], [ -73.92418098649398, 40.806775856400719 ], [ -73.924388572843455, 40.80685757255538 ] ] ] } },
{ "type": "Feature", "properties": { "Street": "MAJOR DEEGAN EXPRESSWAY", "FeatureTyp": "0", "NonPed": "V", "TrafDir": "A", "SegmentID": "0070017", "PhysicalID": null, "StreetWidth_Min": null, "StreetWidth_Max": null, "Snow_Priority": "C", "Number_Travel_Lanes": "  ", "Number_Park_Lanes": "  ", "TRUCK_ROUTE_TYPE": " " }, "geometry": { "type": "MultiLineString", "coordinates": [ [ [ -73.920305076028995, 40.805068897105315 ], [ -73.920509218820996, 40.805222409494505 ] ] ] } },
{ "type": "Feature", "properties": { "Street": "BRUCKNER BOULEVARD", "FeatureTyp": "0", "NonPed": "V", "TrafDir": "W", "SegmentID": "0138615", "PhysicalID": 41452.0, "StreetWidth_Min": 24.0, "StreetWidth_Max": 24.0, "Snow_Priority": "C", "Number_Travel_Lanes": " 2", "Number_Park_Lanes": "  ", "TRUCK_ROUTE_TYPE": "3" }, "geometry": { "type": "MultiLineString", "coordinates": [ [ [ -73.916183948939874, 40.80316029902491 ], [ -73.915587600410547, 40.8032499046559 ] ] ] } },
{ "type": "Feature", "properties": { "Street": "ROBERT F KENNEDY BRIDGE", "FeatureTyp": "0", "NonPed": "V", "TrafDir": "A", "SegmentID": "0190699", "PhysicalID": 137471.0, "StreetWidth_Min": 40.0, "StreetWidth_Max": 42.0, "Snow_Priority": "C", "Number_Travel_Lanes": " 4", "Number_Park_Lanes": "  ", "TRUCK_ROUTE_TYPE": "3" }, "geometry": { "type": "MultiLineString", "coordinates": [ [ [ -73.919031820216119, 40.798984946360363 ], [ -73.919017731074334, 40.799004085886097 ], [ -73.919017719858985, 40.799004101248713 ], [ -73.918937094958267, 40.799113632535729 ] ] ] } },
{ "type": "Feature", "properties": { "Street": "ROBERT F KENNEDY BRIDGE", "FeatureTyp": "0", "NonPed": "V", "TrafDir": "A", "SegmentID": "0190699", "PhysicalID": 137471.0, "StreetWidth_Min": 40.0, "StreetWidth_Max": 42.0, "Snow_Priority": "C", "Number_Travel_Lanes": " 4", "Number_Park_Lanes": "  ", "TRUCK_ROUTE_TYPE": "3" }, "geometry": { "type": "MultiLineString", "coordinates": [ [ [ -73.919031820216119, 40.798984946360363 ], [ -73.919017731074334, 40.799004085886097 ], [ -73.919017719858985, 40.799004101248713 ], [ -73.918937094958267, 40.799113632535729 ] ] ] } },
{ "type": "Feature", "properties": { "Street": "MAJOR DEEGAN EXPRESSWAY", "FeatureTyp": "0", "NonPed": "V", "TrafDir": "T", "SegmentID": "0173480", "PhysicalID": null, "StreetWidth_Min": null, "StreetWidth_Max": null, "Snow_Priority": "C", "Number_Travel_Lanes": "  ", "Number_Park_Lanes": "  ", "TRUCK_ROUTE_TYPE": " " }, "geometry": { "type": "MultiLineString", "coordinates": [ [ [ -73.926819001862526, 40.807760678792022 ], [ -73.927445683346676, 40.808079742902784 ] ] ] } },
{ "type": "Feature", "properties": { "Street": "BRUCKNER BOULEVARD", "FeatureTyp": "0", "NonPed": "V", "TrafDir": "W", "SegmentID": "0138023", "PhysicalID": 41643.0, "StreetWidth_Min": 24.0, "StreetWidth_Max": 24.0, "Snow_Priority": "C", "Number_Travel_Lanes": " 2", "Number_Park_Lanes": "  ", "TRUCK_ROUTE_TYPE": "3" }, "geometry": { "type": "MultiLineString", "coordinates": [ [ [ -73.916669029304714, 40.803147926692183 ], [ -73.91639990179722, 40.803140455561689 ] ] ] } },
{ "type": "Feature", "properties": { "Street": "EAST 138 STREET", "FeatureTyp": "0", "NonPed": " ", "TrafDir": "T", "SegmentID": "0173419", "PhysicalID": 57251.0, "StreetWidth_Min": 104.0, "StreetWidth_Max": 104.0, "Snow_Priority": "C", "Number_Travel_Lanes": " 6", "Number_Park_Lanes": " 2", "TRUCK_ROUTE_TYPE": "2" }, "geometry": { "type": "MultiLineString", "coordinates": [ [ [ -73.930278126576425, 40.813248024611269 ], [ -73.93020618409156, 40.81321763488679 ] ] ] } },
{ "type": "Feature", "properties": { "Street": "MAJOR DEEGAN EXPWY NB ET 3", "FeatureTyp": "0", "NonPed": "V", "TrafDir": "W", "SegmentID": "0151289", "PhysicalID": 196641.0, "StreetWidth_Min": 20.0, "StreetWidth_Max": 22.0, "Snow_Priority": "C", "Number_Travel_Lanes": " 2", "Number_Park_Lanes": "  ", "TRUCK_ROUTE_TYPE": " " }, "geometry": { "type": "MultiLineString", "coordinates": [ [ [ -73.929094034245438, 40.814375986461691 ], [ -73.928918123438834, 40.814493672264163 ] ] ] } },
{ "type": "Feature", "properties": { "Street": "ROBERT F KENNEDY BRIDGE", "FeatureTyp": "0", "NonPed": "V", "TrafDir": "A", "SegmentID": "0141116", "PhysicalID": 91384.0, "StreetWidth_Min": 40.0, "StreetWidth_Max": 42.0, "Snow_Priority": "C", "Number_Travel_Lanes": " 4", "Number_Park_Lanes": "  ", "TRUCK_ROUTE_TYPE": "3" }, "geometry": { "type": "MultiLineString", "coordinates": [ [ [ -73.918524811453238, 40.799674024027659 ], [ -73.918015673069675, 40.80037250598695 ], [ -73.917667910122901, 40.800849591580011 ] ] ] } },
{ "type": "Feature", "properties": { "Street": "BRUCKNER BOULEVARD", "FeatureTyp": "0", "NonPed": " ", "TrafDir": "A", "SegmentID": "0070148", "PhysicalID": 127210.0, "StreetWidth_Min": 24.0, "StreetWidth_Max": 24.0, "Snow_Priority": "C", "Number_Travel_Lanes": " 1", "Number_Park_Lanes": " 2", "TRUCK_ROUTE_TYPE": "2" }, "geometry": { "type": "MultiLineString", "coordinates": [ [ [ -73.915877122982351, 40.803688659416196 ], [ -73.915143661877195, 40.803719504505494 ] ] ] } },
{ "type": "Feature", "properties": { "Street": "CANAL PLACE", "FeatureTyp": "0", "NonPed": " ", "TrafDir": "T", "SegmentID": "0069597", "PhysicalID": 98776.0, "StreetWidth_Min": 34.0, "StreetWidth_Max": 34.0, "Snow_Priority": "S", "Number_Travel_Lanes": " 2", "Number_Park_Lanes": " 2", "TRUCK_ROUTE_TYPE": " " }, "geometry": { "type": "MultiLineString", "coordinates": [ [ [ -73.930480445931423, 40.810529122095119 ], [ -73.928541409886677, 40.81203722461489 ] ] ] } },
{ "type": "Feature", "properties": { "Street": "LINCOLN AVENUE", "FeatureTyp": "0", "NonPed": " ", "TrafDir": "T", "SegmentID": "0069567", "PhysicalID": 58234.0, "StreetWidth_Min": 28.0, "StreetWidth_Max": 92.0, "Snow_Priority": "H", "Number_Travel_Lanes": " 1", "Number_Park_Lanes": " 1", "TRUCK_ROUTE_TYPE": " " }, "geometry": { "type": "MultiLineString", "coordinates": [ [ [ -73.930127045123896, 40.806355134754853 ], [ -73.930136633805233, 40.806760140121192 ] ] ] } },
{ "type": "Feature", "properties": { "Street": "ST ANNS AVENUE", "FeatureTyp": "0", "NonPed": " ", "TrafDir": "T", "SegmentID": "0070173", "PhysicalID": 59533.0, "StreetWidth_Min": 42.0, "StreetWidth_Max": 42.0, "Snow_Priority": "C", "Number_Travel_Lanes": " 2", "Number_Park_Lanes": " 2", "TRUCK_ROUTE_TYPE": " " }, "geometry": { "type": "MultiLineString", "coordinates": [ [ [ -73.91563333662306, 40.809696986282901 ], [ -73.915197762625425, 40.810386294798455 ] ] ] } },
{ "type": "Feature", "properties": { "Street": "ST ANNS AVENUE", "FeatureTyp": "0", "NonPed": " ", "TrafDir": "T", "SegmentID": "9009812", "PhysicalID": 59532.0, "StreetWidth_Min": 42.0, "StreetWidth_Max": 42.0, "Snow_Priority": "C", "Number_Travel_Lanes": " 2", "Number_Park_Lanes": " 2", "TRUCK_ROUTE_TYPE": " " }, "geometry": { "type": "MultiLineString", "coordinates": [ [ [ -73.915197762625425, 40.810386294798455 ], [ -73.914944709403045, 40.810824977903678 ] ] ] } },
{ "type": "Feature", "properties": { "Street": "CRIMMINS AVENUE", "FeatureTyp": "0", "NonPed": " ", "TrafDir": "W", "SegmentID": "0070179", "PhysicalID": 202729.0, "StreetWidth_Min": 34.0, "StreetWidth_Max": 34.0, "Snow_Priority": "S", "Number_Travel_Lanes": " 1", "Number_Park_Lanes": " 2", "TRUCK_ROUTE_TYPE": " " }, "geometry": { "type": "MultiLineString", "coordinates": [ [ [ -73.914630574702926, 40.809755573131099 ], [ -73.914332881209575, 40.810255029311875 ] ] ] } },
{ "type": "Feature", "properties": { "Street": "WILLIS AVENUE", "FeatureTyp": "0", "NonPed": " ", "TrafDir": "T", "SegmentID": "9004594", "PhysicalID": 62169.0, "StreetWidth_Min": 70.0, "StreetWidth_Max": 72.0, "Snow_Priority": "C", "Number_Travel_Lanes": " 4", "Number_Park_Lanes": " 2", "TRUCK_ROUTE_TYPE": "2" }, "geometry": { "type": "MultiLineString", "coordinates": [ [ [ -73.923237907110078, 40.808619750466391 ], [ -73.922886298233593, 40.809105863935592 ] ] ] } },
{ "type": "Feature", "properties": { "Street": "EAST 140 STREET", "FeatureTyp": "0", "NonPed": " ", "TrafDir": "W", "SegmentID": "0070160", "PhysicalID": 60819.0, "StreetWidth_Min": 34.0, "StreetWidth_Max": 34.0, "Snow_Priority": "S", "Number_Travel_Lanes": " 1", "Number_Park_Lanes": " 2", "TRUCK_ROUTE_TYPE": " " }, "geometry": { "type": "MultiLineString", "coordinates": [ [ [ -73.916588704883608, 40.808133299975403 ], [ -73.913746340173674, 40.806941631407817 ] ] ] } },
{ "type": "Feature", "properties": { "Street": "EAST 140 STREET", "FeatureTyp": "0", "NonPed": " ", "TrafDir": "W", "SegmentID": "0069788", "PhysicalID": 102919.0, "StreetWidth_Min": 28.0, "StreetWidth_Max": 32.0, "Snow_Priority": "S", "Number_Travel_Lanes": " 1", "Number_Park_Lanes": " 2", "TRUCK_ROUTE_TYPE": " " }, "geometry": { "type": "MultiLineString", "coordinates": [ [ [ -73.927288335385796, 40.81358898869231 ], [ -73.926714645213508, 40.813340934606806 ] ] ] } },
{ "type": "Feature", "properties": { "Street": "EAST 139 STREET", "FeatureTyp": "0", "NonPed": " ", "TrafDir": "A", "SegmentID": "0069790", "PhysicalID": 63205.0, "StreetWidth_Min": 26.0, "StreetWidth_Max": 26.0, "Snow_Priority": "C", "Number_Travel_Lanes": " 2", "Number_Park_Lanes": "  ", "TRUCK_ROUTE_TYPE": " " }, "geometry": { "type": "MultiLineString", "coordinates": [ [ [ -73.926704265508249, 40.811716868287043 ], [ -73.926387382958538, 40.811483603189735 ] ] ] } },
{ "type": "Feature", "properties": { "Street": "BROOK AVENUE", "FeatureTyp": "0", "NonPed": " ", "TrafDir": "A", "SegmentID": "0070032", "PhysicalID": 69921.0, "StreetWidth_Min": 42.0, "StreetWidth_Max": 44.0, "Snow_Priority": "C", "Number_Travel_Lanes": " 2", "Number_Park_Lanes": " 2", "TRUCK_ROUTE_TYPE": " " }, "geometry": { "type": "MultiLineString", "coordinates": [ [ [ -73.918804332288687, 40.808261716550597 ], [ -73.918431646825226, 40.808923662166464 ] ] ] } },
{ "type": "Feature", "properties": { "Street": "EAST 134 STREET", "FeatureTyp": "0", "NonPed": " ", "TrafDir": "W", "SegmentID": "0069897", "PhysicalID": 86976.0, "StreetWidth_Min": 28.0, "StreetWidth_Max": 32.0, "Snow_Priority": "C", "Number_Travel_Lanes": " 1", "Number_Park_Lanes": " 2", "TRUCK_ROUTE_TYPE": " " }, "geometry": { "type": "MultiLineString", "coordinates": [ [ [ -73.921895199441551, 40.805368254222444 ], [ -73.921082669509019, 40.805015407875423 ] ] ] } },
{ "type": "Feature", "properties": { "Street": "WILLIS AVENUE", "FeatureTyp": "0", "NonPed": " ", "TrafDir": "T", "SegmentID": "0069927", "PhysicalID": 62179.0, "StreetWidth_Min": 64.0, "StreetWidth_Max": 65.0, "Snow_Priority": "C", "Number_Travel_Lanes": " 4", "Number_Park_Lanes": " 2", "TRUCK_ROUTE_TYPE": "2" }, "geometry": { "type": "MultiLineString", "coordinates": [ [ [ -73.921485929620772, 40.811034235303374 ], [ -73.921035073812249, 40.811651426152899 ] ] ] } },
{ "type": "Feature", "properties": { "Street": "EAST 138 STREET", "FeatureTyp": "0", "NonPed": " ", "TrafDir": "T", "SegmentID": "0069646", "PhysicalID": 57258.0, "StreetWidth_Min": 60.0, "StreetWidth_Max": 60.0, "Snow_Priority": "C", "Number_Travel_Lanes": " 4", "Number_Park_Lanes": " 2", "TRUCK_ROUTE_TYPE": "2" }, "geometry": { "type": "MultiLineString", "coordinates": [ [ [ -73.928948562261283, 40.812338800680045 ], [ -73.928541409886677, 40.81203722461489 ] ] ] } },
{ "type": "Feature", "properties": { "Street": "3 AVENUE", "FeatureTyp": "0", "NonPed": " ", "TrafDir": "T", "SegmentID": "9002360", "PhysicalID": 36008.0, "StreetWidth_Min": 50.0, "StreetWidth_Max": 52.0, "Snow_Priority": "C", "Number_Travel_Lanes": " 2", "Number_Park_Lanes": " 2", "TRUCK_ROUTE_TYPE": "2" }, "geometry": { "type": "MultiLineString", "coordinates": [ [ [ -73.925117804491762, 40.812162512089436 ], [ -73.924683256610635, 40.812384143705607 ] ] ] } },
{ "type": "Feature", "properties": { "Street": "BROOK AVENUE", "FeatureTyp": "0", "NonPed": " ", "TrafDir": "A", "SegmentID": "0070038", "PhysicalID": 69919.0, "StreetWidth_Min": 42.0, "StreetWidth_Max": 44.0, "Snow_Priority": "C", "Number_Travel_Lanes": " 2", "Number_Park_Lanes": " 2", "TRUCK_ROUTE_TYPE": " " }, "geometry": { "type": "MultiLineString", "coordinates": [ [ [ -73.918049000685457, 40.809574784121367 ], [ -73.917599063090563, 40.810351367670322 ] ] ] } },
{ "type": "Feature", "properties": { "Street": "BROOK AVENUE", "FeatureTyp": "0", "NonPed": " ", "TrafDir": "A", "SegmentID": "0070038", "PhysicalID": 69919.0, "StreetWidth_Min": 42.0, "StreetWidth_Max": 44.0, "Snow_Priority": "C", "Number_Travel_Lanes": " 2", "Number_Park_Lanes": " 2", "TRUCK_ROUTE_TYPE": " " }, "geometry": { "type": "MultiLineString", "coordinates": [ [ [ -73.918049000685457, 40.809574784121367 ], [ -73.917599063090563, 40.810351367670322 ] ] ] } },
{ "type": "Feature", "properties": { "Street": "BROOK AVENUE", "FeatureTyp": "0", "NonPed": " ", "TrafDir": "A", "SegmentID": "0070038", "PhysicalID": 69919.0, "StreetWidth_Min": 42.0, "StreetWidth_Max": 44.0, "Snow_Priority": "C", "Number_Travel_Lanes": " 2", "Number_Park_Lanes": " 2", "TRUCK_ROUTE_TYPE": " " }, "geometry": { "type": "MultiLineString", "coordinates": [ [ [ -73.918049000685457, 40.809574784121367 ], [ -73.917599063090563, 40.810351367670322 ] ] ] } },
{ "type": "Feature", "properties": { "Street": "EAST 141 STREET", "FeatureTyp": "0", "NonPed": " ", "TrafDir": "A", "SegmentID": "0070037", "PhysicalID": 59718.0, "StreetWidth_Min": 34.0, "StreetWidth_Max": 34.0, "Snow_Priority": "C", "Number_Travel_Lanes": " 1", "Number_Park_Lanes": " 2", "TRUCK_ROUTE_TYPE": " " }, "geometry": { "type": "MultiLineString", "coordinates": [ [ [ -73.918049000685457, 40.809574784121367 ], [ -73.91618405399683, 40.808789298694705 ] ] ] } },
{ "type": "Feature", "properties": { "Street": "EAST 141 STREET", "FeatureTyp": "0", "NonPed": " ", "TrafDir": "A", "SegmentID": "0070037", "PhysicalID": 59718.0, "StreetWidth_Min": 34.0, "StreetWidth_Max": 34.0, "Snow_Priority": "C", "Number_Travel_Lanes": " 1", "Number_Park_Lanes": " 2", "TRUCK_ROUTE_TYPE": " " }, "geometry": { "type": "MultiLineString", "coordinates": [ [ [ -73.918049000685457, 40.809574784121367 ], [ -73.91618405399683, 40.808789298694705 ] ] ] } },
{ "type": "Feature", "properties": { "Street": "EAST 141 STREET", "FeatureTyp": "0", "NonPed": " ", "TrafDir": "A", "SegmentID": "0070037", "PhysicalID": 59718.0, "StreetWidth_Min": 34.0, "StreetWidth_Max": 34.0, "Snow_Priority": "C", "Number_Travel_Lanes": " 1", "Number_Park_Lanes": " 2", "TRUCK_ROUTE_TYPE": " " }, "geometry": { "type": "MultiLineString", "coordinates": [ [ [ -73.918049000685457, 40.809574784121367 ], [ -73.91618405399683, 40.808789298694705 ] ] ] } },
{ "type": "Feature", "properties": { "Street": "EAST 141 STREET", "FeatureTyp": "0", "NonPed": " ", "TrafDir": "A", "SegmentID": "0070037", "PhysicalID": 59718.0, "StreetWidth_Min": 34.0, "StreetWidth_Max": 34.0, "Snow_Priority": "C", "Number_Travel_Lanes": " 1", "Number_Park_Lanes": " 2", "TRUCK_ROUTE_TYPE": " " }, "geometry": { "type": "MultiLineString", "coordinates": [ [ [ -73.918049000685457, 40.809574784121367 ], [ -73.91618405399683, 40.808789298694705 ] ] ] } },
{ "type": "Feature", "properties": { "Street": "EAST 141 STREET", "FeatureTyp": "0", "NonPed": " ", "TrafDir": "A", "SegmentID": "0070037", "PhysicalID": 59718.0, "StreetWidth_Min": 34.0, "StreetWidth_Max": 34.0, "Snow_Priority": "C", "Number_Travel_Lanes": " 1", "Number_Park_Lanes": " 2", "TRUCK_ROUTE_TYPE": " " }, "geometry": { "type": "MultiLineString", "coordinates": [ [ [ -73.918049000685457, 40.809574784121367 ], [ -73.91618405399683, 40.808789298694705 ] ] ] } },
{ "type": "Feature", "properties": { "Street": "EAST 141 STREET", "FeatureTyp": "0", "NonPed": " ", "TrafDir": "A", "SegmentID": "0070037", "PhysicalID": 59718.0, "StreetWidth_Min": 34.0, "StreetWidth_Max": 34.0, "Snow_Priority": "C", "Number_Travel_Lanes": " 1", "Number_Park_Lanes": " 2", "TRUCK_ROUTE_TYPE": " " }, "geometry": { "type": "MultiLineString", "coordinates": [ [ [ -73.918049000685457, 40.809574784121367 ], [ -73.91618405399683, 40.808789298694705 ] ] ] } },
{ "type": "Feature", "properties": { "Street": "WILLIS AVENUE", "FeatureTyp": "0", "NonPed": " ", "TrafDir": "T", "SegmentID": "0070034", "PhysicalID": 62180.0, "StreetWidth_Min": 64.0, "StreetWidth_Max": 65.0, "Snow_Priority": "C", "Number_Travel_Lanes": " 4", "Number_Park_Lanes": " 2", "TRUCK_ROUTE_TYPE": "2" }, "geometry": { "type": "MultiLineString", "coordinates": [ [ [ -73.921035073812249, 40.811651426152899 ], [ -73.920587083374699, 40.81226350209154 ] ] ] } },
{ "type": "Feature", "properties": { "Street": "3 AVENUE", "FeatureTyp": "0", "NonPed": " ", "TrafDir": "A", "SegmentID": "0069609", "PhysicalID": 66039.0, "StreetWidth_Min": 70.0, "StreetWidth_Max": 78.0, "Snow_Priority": "C", "Number_Travel_Lanes": " 5", "Number_Park_Lanes": " 2", "TRUCK_ROUTE_TYPE": "2" }, "geometry": { "type": "MultiLineString", "coordinates": [ [ [ -73.928806172603913, 40.809899093174039 ], [ -73.928001573249446, 40.810474521313765 ] ] ] } },
{ "type": "Feature", "properties": { "Street": "EAST 134 STREET", "FeatureTyp": "0", "NonPed": " ", "TrafDir": "W", "SegmentID": "0070002", "PhysicalID": 86977.0, "StreetWidth_Min": 28.0, "StreetWidth_Max": 28.0, "Snow_Priority": "C", "Number_Travel_Lanes": " 1", "Number_Park_Lanes": " 2", "TRUCK_ROUTE_TYPE": " " }, "geometry": { "type": "MultiLineString", "coordinates": [ [ [ -73.921082669509019, 40.805015407875423 ], [ -73.919290035122842, 40.804257369438815 ] ] ] } },
{ "type": "Feature", "properties": { "Street": "BROOK AVENUE", "FeatureTyp": "0", "NonPed": " ", "TrafDir": "A", "SegmentID": "0173563", "PhysicalID": 69926.0, "StreetWidth_Min": 42.0, "StreetWidth_Max": 44.0, "Snow_Priority": "C", "Number_Travel_Lanes": " 2", "Number_Park_Lanes": " 2", "TRUCK_ROUTE_TYPE": " " }, "geometry": { "type": "MultiLineString", "coordinates": [ [ [ -73.920794335181668, 40.805407313715165 ], [ -73.9206150125774, 40.805651063646714 ] ] ] } },
{ "type": "Feature", "properties": { "Street": "ALEXANDER AVENUE", "FeatureTyp": "0", "NonPed": " ", "TrafDir": "T", "SegmentID": "0069738", "PhysicalID": 63171.0, "StreetWidth_Min": 50.0, "StreetWidth_Max": 50.0, "Snow_Priority": "H", "Number_Travel_Lanes": " 2", "Number_Park_Lanes": " 2", "TRUCK_ROUTE_TYPE": " " }, "geometry": { "type": "MultiLineString", "coordinates": [ [ [ -73.92798051368267, 40.806162421870994 ], [ -73.927491454078719, 40.806839380085066 ] ] ] } },
{ "type": "Feature", "properties": { "Street": "EAST 132 STREET", "FeatureTyp": "0", "NonPed": " ", "TrafDir": "T", "SegmentID": "0173581", "PhysicalID": 90895.0, "StreetWidth_Min": 30.0, "StreetWidth_Max": 35.0, "Snow_Priority": "S", "Number_Travel_Lanes": " 2", "Number_Park_Lanes": " 2", "TRUCK_ROUTE_TYPE": " " }, "geometry": { "type": "MultiLineString", "coordinates": [ [ [ -73.917119019566229, 40.801594314974295 ], [ -73.917049390449122, 40.801563556329292 ] ] ] } },
{ "type": "Feature", "properties": { "Street": "EAST 140 STREET", "FeatureTyp": "0", "NonPed": " ", "TrafDir": "W", "SegmentID": "0069784", "PhysicalID": 102920.0, "StreetWidth_Min": 30.0, "StreetWidth_Max": 30.0, "Snow_Priority": "H", "Number_Travel_Lanes": " 1", "Number_Park_Lanes": " 2", "TRUCK_ROUTE_TYPE": " " }, "geometry": { "type": "MultiLineString", "coordinates": [ [ [ -73.928179481388625, 40.813959589015525 ], [ -73.927288335385796, 40.81358898869231 ] ] ] } },
{ "type": "Feature", "properties": { "Street": "ST ANNS AVENUE", "FeatureTyp": "0", "NonPed": " ", "TrafDir": "T", "SegmentID": "0069995", "PhysicalID": 59545.0, "StreetWidth_Min": 50.0, "StreetWidth_Max": 52.0, "Snow_Priority": "C", "Number_Travel_Lanes": " 2", "Number_Park_Lanes": " 2", "TRUCK_ROUTE_TYPE": " " }, "geometry": { "type": "MultiLineString", "coordinates": [ [ [ -73.920282883154911, 40.802915011189313 ], [ -73.919780188757329, 40.803592305871312 ] ] ] } },
{ "type": "Feature", "properties": { "Street": "LINCOLN AVENUE", "FeatureTyp": "0", "NonPed": " ", "TrafDir": "T", "SegmentID": "0120926", "PhysicalID": 58237.0, "StreetWidth_Min": 58.0, "StreetWidth_Max": 62.0, "Snow_Priority": "C", "Number_Travel_Lanes": " 2", "Number_Park_Lanes": " 2", "TRUCK_ROUTE_TYPE": " " }, "geometry": { "type": "MultiLineString", "coordinates": [ [ [ -73.929052649363598, 40.808378879935084 ], [ -73.928750766160618, 40.808780829343924 ] ] ] } },
{ "type": "Feature", "properties": { "Street": "3 AVENUE", "FeatureTyp": "0", "NonPed": " ", "TrafDir": "A", "SegmentID": "0144358", "PhysicalID": 66028.0, "StreetWidth_Min": null, "StreetWidth_Max": 20.0, "Snow_Priority": "C", "Number_Travel_Lanes": "  ", "Number_Park_Lanes": "  ", "TRUCK_ROUTE_TYPE": "2" }, "geometry": { "type": "MultiLineString", "coordinates": [ [ [ -73.929526621055942, 40.809489836399777 ], [ -73.929480202994313, 40.809530393148762 ] ] ] } },
{ "type": "Feature", "properties": { "Street": "3 AVENUE", "FeatureTyp": "0", "NonPed": " ", "TrafDir": "A", "SegmentID": "0144357", "PhysicalID": 66030.0, "StreetWidth_Min": null, "StreetWidth_Max": 22.0, "Snow_Priority": "V", "Number_Travel_Lanes": "  ", "Number_Park_Lanes": "  ", "TRUCK_ROUTE_TYPE": "2" }, "geometry": { "type": "MultiLineString", "coordinates": [ [ [ -73.929334674696776, 40.809342226231756 ], [ -73.929292186200257, 40.809387513375839 ] ] ] } },
{ "type": "Feature", "properties": { "Street": "BROOK AVENUE", "FeatureTyp": "0", "NonPed": " ", "TrafDir": "A", "SegmentID": "0173560", "PhysicalID": 69928.0, "StreetWidth_Min": 42.0, "StreetWidth_Max": 44.0, "Snow_Priority": "C", "Number_Travel_Lanes": " 2", "Number_Park_Lanes": " 2", "TRUCK_ROUTE_TYPE": " " }, "geometry": { "type": "MultiLineString", "coordinates": [ [ [ -73.921082669509019, 40.805015407875423 ], [ -73.920863846586016, 40.805312836388516 ] ] ] } },
{ "type": "Feature", "properties": { "Street": "EAST 132 STREET", "FeatureTyp": "0", "NonPed": " ", "TrafDir": "T", "SegmentID": "0184582", "PhysicalID": 90895.0, "StreetWidth_Min": 30.0, "StreetWidth_Max": 35.0, "Snow_Priority": "S", "Number_Travel_Lanes": " 2", "Number_Park_Lanes": " 2", "TRUCK_ROUTE_TYPE": " " }, "geometry": { "type": "MultiLineString", "coordinates": [ [ [ -73.917049390449122, 40.801563556329292 ], [ -73.916974734249322, 40.801531662095783 ] ] ] } },
{ "type": "Feature", "properties": { "Street": "MAJOR DEEGAN EP NB EN CYPRESS AV", "FeatureTyp": "0", "NonPed": "V", "TrafDir": "W", "SegmentID": "0070144", "PhysicalID": 95892.0, "StreetWidth_Min": 12.0, "StreetWidth_Max": 12.0, "Snow_Priority": "C", "Number_Travel_Lanes": " 1", "Number_Park_Lanes": "  ", "TRUCK_ROUTE_TYPE": "3" }, "geometry": { "type": "MultiLineString", "coordinates": [ [ [ -73.915877122982351, 40.803688659416196 ], [ -73.916799639474675, 40.803939595565517 ] ] ] } },
{ "type": "Feature", "properties": { "Street": "MAJOR DEEGAN EXPWY ET 2 SB", "FeatureTyp": "0", "NonPed": "V", "TrafDir": "W", "SegmentID": "0173488", "PhysicalID": 101260.0, "StreetWidth_Min": 16.0, "StreetWidth_Max": 18.0, "Snow_Priority": "C", "Number_Travel_Lanes": " 1", "Number_Park_Lanes": "  ", "TRUCK_ROUTE_TYPE": " " }, "geometry": { "type": "MultiLineString", "coordinates": [ [ [ -73.926202229342863, 40.807434530169544 ], [ -73.925541641659876, 40.806913518377137 ] ] ] } },
{ "type": "Feature", "properties": { "Street": "3 AVENUE", "FeatureTyp": "0", "NonPed": " ", "TrafDir": "A", "SegmentID": "0116335", "PhysicalID": 66041.0, "StreetWidth_Min": 50.0, "StreetWidth_Max": 68.0, "Snow_Priority": "C", "Number_Travel_Lanes": " 4", "Number_Park_Lanes": "  ", "TRUCK_ROUTE_TYPE": "2" }, "geometry": { "type": "MultiLineString", "coordinates": [ [ [ -73.927841181309645, 40.81058346066331 ], [ -73.927294323716865, 40.811079651804008 ] ] ] } },
{ "type": "Feature", "properties": { "Street": "3 AVENUE", "FeatureTyp": "0", "NonPed": " ", "TrafDir": "A", "SegmentID": "0116334", "PhysicalID": 66040.0, "StreetWidth_Min": 50.0, "StreetWidth_Max": 54.0, "Snow_Priority": "C", "Number_Travel_Lanes": " 4", "Number_Park_Lanes": "  ", "TRUCK_ROUTE_TYPE": "2" }, "geometry": { "type": "MultiLineString", "coordinates": [ [ [ -73.928001573249446, 40.810474521313765 ], [ -73.927841181309645, 40.81058346066331 ] ] ] } },
{ "type": "Feature", "properties": { "Street": "EAST 143 STREET", "FeatureTyp": "0", "NonPed": " ", "TrafDir": "A", "SegmentID": "0114481", "PhysicalID": 36005.0, "StreetWidth_Min": 32.0, "StreetWidth_Max": 34.0, "Snow_Priority": "S", "Number_Travel_Lanes": " 2", "Number_Park_Lanes": "  ", "TRUCK_ROUTE_TYPE": " " }, "geometry": { "type": "MultiLineString", "coordinates": [ [ [ -73.922875482536384, 40.813315251760834 ], [ -73.922659436875549, 40.813122733843343 ] ] ] } },
{ "type": "Feature", "properties": { "Street": "ST ANNS AVENUE", "FeatureTyp": "0", "NonPed": " ", "TrafDir": "T", "SegmentID": "0113063", "PhysicalID": 59536.0, "StreetWidth_Min": 42.0, "StreetWidth_Max": 44.0, "Snow_Priority": "C", "Number_Travel_Lanes": " 2", "Number_Park_Lanes": " 2", "TRUCK_ROUTE_TYPE": " " }, "geometry": { "type": "MultiLineString", "coordinates": [ [ [ -73.917015483986702, 40.807506725980232 ], [ -73.916682242067751, 40.807995978218642 ] ] ] } },
{ "type": "Feature", "properties": { "Street": "BRUCKNER EP EB EN MJR DEEGAN EP", "FeatureTyp": "0", "NonPed": "V", "TrafDir": "W", "SegmentID": "0154620", "PhysicalID": 50708.0, "StreetWidth_Min": 24.0, "StreetWidth_Max": 35.0, "Snow_Priority": "C", "Number_Travel_Lanes": " 2", "Number_Park_Lanes": "  ", "TRUCK_ROUTE_TYPE": "3" }, "geometry": { "type": "MultiLineString", "coordinates": [ [ [ -73.920305076028995, 40.805068897105315 ], [ -73.920004623691497, 40.804936762927461 ], [ -73.919094543683173, 40.804532947299926 ] ] ] } },
{ "type": "Feature", "properties": { "Street": "3 AVENUE", "FeatureTyp": "0", "NonPed": " ", "TrafDir": "A", "SegmentID": "0154784", "PhysicalID": 66027.0, "StreetWidth_Min": 18.0, "StreetWidth_Max": 18.0, "Snow_Priority": "H", "Number_Travel_Lanes": " 1", "Number_Park_Lanes": " 1", "TRUCK_ROUTE_TYPE": "2" }, "geometry": { "type": "MultiLineString", "coordinates": [ [ [ -73.930869544907083, 40.808438981583663 ], [ -73.930239179701687, 40.808944297526672 ] ] ] } },
{ "type": "Feature", "properties": { "Street": "BRUCKNER BOULEVARD", "FeatureTyp": "0", "NonPed": " ", "TrafDir": "A", "SegmentID": "0146708", "PhysicalID": 206030.0, "StreetWidth_Min": 22.0, "StreetWidth_Max": 24.0, "Snow_Priority": "H", "Number_Travel_Lanes": " 1", "Number_Park_Lanes": " 1", "TRUCK_ROUTE_TYPE": "2" }, "geometry": { "type": "MultiLineString", "coordinates": [ [ [ -73.93049033887192, 40.808182663660347 ], [ -73.929643006356144, 40.807839969258133 ] ] ] } },
{ "type": "Feature", "properties": { "Street": "EAST 135 STREET", "FeatureTyp": "0", "NonPed": " ", "TrafDir": "W", "SegmentID": "0173379", "PhysicalID": 206038.0, "StreetWidth_Min": 30.0, "StreetWidth_Max": 32.0, "Snow_Priority": "C", "Number_Travel_Lanes": " 2", "Number_Park_Lanes": " 1", "TRUCK_ROUTE_TYPE": "3" }, "geometry": { "type": "MultiLineString", "coordinates": [ [ [ -73.930867079563356, 40.810354135290119 ], [ -73.929627648758185, 40.80941867746936 ] ] ] } },
{ "type": "Feature", "properties": { "Street": "EAST 134 STREET", "FeatureTyp": "0", "NonPed": " ", "TrafDir": "T", "SegmentID": "0111528", "PhysicalID": null, "StreetWidth_Min": null, "StreetWidth_Max": null, "Snow_Priority": "H", "Number_Travel_Lanes": "  ", "Number_Park_Lanes": "  ", "TRUCK_ROUTE_TYPE": " " }, "geometry": { "type": "MultiLineString", "coordinates": [ [ [ -73.930132229605846, 40.80885599317709 ], [ -73.92999875834542, 40.808776236165684 ] ] ] } },
{ "type": "Feature", "properties": { "Street": "EAST 144 STREET", "FeatureTyp": "0", "NonPed": " ", "TrafDir": "W", "SegmentID": "0173573", "PhysicalID": 87863.0, "StreetWidth_Min": 34.0, "StreetWidth_Max": 34.0, "Snow_Priority": "C", "Number_Travel_Lanes": " 1", "Number_Park_Lanes": " 2", "TRUCK_ROUTE_TYPE": " " }, "geometry": { "type": "MultiLineString", "coordinates": [ [ [ -73.920119353313098, 40.812893842137122 ], [ -73.918514613341813, 40.812219984305962 ] ] ] } },
{ "type": "Feature", "properties": { "Street": "EAST 144 STREET", "FeatureTyp": "0", "NonPed": " ", "TrafDir": "W", "SegmentID": "0173573", "PhysicalID": 87863.0, "StreetWidth_Min": 34.0, "StreetWidth_Max": 34.0, "Snow_Priority": "C", "Number_Travel_Lanes": " 1", "Number_Park_Lanes": " 2", "TRUCK_ROUTE_TYPE": " " }, "geometry": { "type": "MultiLineString", "coordinates": [ [ [ -73.920119353313098, 40.812893842137122 ], [ -73.918514613341813, 40.812219984305962 ] ] ] } },
{ "type": "Feature", "properties": { "Street": "BRUCKNER EP EB EN MJR DEEGAN EP", "FeatureTyp": "0", "NonPed": "V", "TrafDir": "W", "SegmentID": "0173566", "PhysicalID": 50707.0, "StreetWidth_Min": 24.0, "StreetWidth_Max": 35.0, "Snow_Priority": "C", "Number_Travel_Lanes": " 2", "Number_Park_Lanes": "  ", "TRUCK_ROUTE_TYPE": "3" }, "geometry": { "type": "MultiLineString", "coordinates": [ [ [ -73.917527028755359, 40.803808555545388 ], [ -73.916534360743938, 40.803516115617967 ] ] ] } },
{ "type": "Feature", "properties": { "Street": "RFK BRIDGE BRONX ENTRANCE RAMP", "FeatureTyp": "0", "NonPed": "V", "TrafDir": "W", "SegmentID": "0173584", "PhysicalID": 73457.0, "StreetWidth_Min": 24.0, "StreetWidth_Max": 45.0, "Snow_Priority": "V", "Number_Travel_Lanes": " 2", "Number_Park_Lanes": "  ", "TRUCK_ROUTE_TYPE": "3" }, "geometry": { "type": "MultiLineString", "coordinates": [ [ [ -73.917015254582807, 40.80328569330559 ], [ -73.916970155159873, 40.803223218843378 ] ] ] } },
{ "type": "Feature", "properties": { "Street": "MAJOR DEEGAN EXPRESSWAY", "FeatureTyp": "0", "NonPed": "V", "TrafDir": "W", "SegmentID": "0138536", "PhysicalID": 50698.0, "StreetWidth_Min": 34.0, "StreetWidth_Max": 38.0, "Snow_Priority": "C", "Number_Travel_Lanes": " 3", "Number_Park_Lanes": "  ", "TRUCK_ROUTE_TYPE": "3" }, "geometry": { "type": "MultiLineString", "coordinates": [ [ [ -73.928619777687302, 40.808951987261146 ], [ -73.929062340623702, 40.809291856337687 ], [ -73.929244732635283, 40.809431923536835 ] ] ] } },
{ "type": "Feature", "properties": { "Street": "MAJOR DEEGAN EXPRESSWAY", "FeatureTyp": "0", "NonPed": "V", "TrafDir": "A", "SegmentID": "0138535", "PhysicalID": 50715.0, "StreetWidth_Min": 34.0, "StreetWidth_Max": 50.0, "Snow_Priority": "C", "Number_Travel_Lanes": " 3", "Number_Park_Lanes": "  ", "TRUCK_ROUTE_TYPE": "3" }, "geometry": { "type": "MultiLineString", "coordinates": [ [ [ -73.92869784659274, 40.808849729823798 ], [ -73.929334674696776, 40.809342226231756 ] ] ] } },
{ "type": "Feature", "properties": { "Street": "MAJOR DEEGAN EXPRESSWAY", "FeatureTyp": "0", "NonPed": "V", "TrafDir": "A", "SegmentID": "0138529", "PhysicalID": 50713.0, "StreetWidth_Min": 34.0, "StreetWidth_Max": 50.0, "Snow_Priority": "C", "Number_Travel_Lanes": " 3", "Number_Park_Lanes": "  ", "TRUCK_ROUTE_TYPE": "3" }, "geometry": { "type": "MultiLineString", "coordinates": [ [ [ -73.926202229342863, 40.807434530169544 ], [ -73.926852413765346, 40.807714000153567 ] ] ] } },
{ "type": "Feature", "properties": { "Street": "BRUCKNER BOULEVARD", "FeatureTyp": "0", "NonPed": "V", "TrafDir": "A", "SegmentID": "0137814", "PhysicalID": 41652.0, "StreetWidth_Min": 26.0, "StreetWidth_Max": 26.0, "Snow_Priority": "C", "Number_Travel_Lanes": " 2", "Number_Park_Lanes": "  ", "TRUCK_ROUTE_TYPE": "2" }, "geometry": { "type": "MultiLineString", "coordinates": [ [ [ -73.917015254582807, 40.80328569330559 ], [ -73.916672971148486, 40.803293621018291 ] ] ] } },
{ "type": "Feature", "properties": { "Street": "BRUCKNER BOULEVARD", "FeatureTyp": "0", "NonPed": "V", "TrafDir": "A", "SegmentID": "0137813", "PhysicalID": 41653.0, "StreetWidth_Min": 26.0, "StreetWidth_Max": 26.0, "Snow_Priority": "C", "Number_Travel_Lanes": " 2", "Number_Park_Lanes": "  ", "TRUCK_ROUTE_TYPE": "2" }, "geometry": { "type": "MultiLineString", "coordinates": [ [ [ -73.917094244203099, 40.80328521821265 ], [ -73.917015254582807, 40.80328569330559 ] ] ] } },
{ "type": "Feature", "properties": { "Street": "BRUCKNER BOULEVARD", "FeatureTyp": "0", "NonPed": "V", "TrafDir": "W", "SegmentID": "0137809", "PhysicalID": 41452.0, "StreetWidth_Min": 24.0, "StreetWidth_Max": 24.0, "Snow_Priority": "C", "Number_Travel_Lanes": " 2", "Number_Park_Lanes": "  ", "TRUCK_ROUTE_TYPE": "3" }, "geometry": { "type": "MultiLineString", "coordinates": [ [ [ -73.91627419720102, 40.803154619344973 ], [ -73.916183948939874, 40.80316029902491 ] ] ] } },
{ "type": "Feature", "properties": { "Street": "BRUCKNER BOULEVARD", "FeatureTyp": "0", "NonPed": "V", "TrafDir": "T", "SegmentID": "0137808", "PhysicalID": null, "StreetWidth_Min": null, "StreetWidth_Max": null, "Snow_Priority": "C", "Number_Travel_Lanes": "  ", "Number_Park_Lanes": "  ", "TRUCK_ROUTE_TYPE": " " }, "geometry": { "type": "MultiLineString", "coordinates": [ [ [ -73.916671988978308, 40.803225858216351 ], [ -73.916421869307626, 40.803228072195395 ] ] ] } },
{ "type": "Feature", "properties": { "Street": "BRUCKNER BOULEVARD", "FeatureTyp": "0", "NonPed": "V", "TrafDir": "A", "SegmentID": "0137807", "PhysicalID": 41652.0, "StreetWidth_Min": 26.0, "StreetWidth_Max": 26.0, "Snow_Priority": "C", "Number_Travel_Lanes": " 2", "Number_Park_Lanes": "  ", "TRUCK_ROUTE_TYPE": "2" }, "geometry": { "type": "MultiLineString", "coordinates": [ [ [ -73.916672971148486, 40.803293621018291 ], [ -73.916460277542285, 40.803293773665054 ] ] ] } },
{ "type": "Feature", "properties": { "Street": "BRUCKNER BOULEVARD", "FeatureTyp": "0", "NonPed": "V", "TrafDir": "A", "SegmentID": "0137807", "PhysicalID": 41652.0, "StreetWidth_Min": 26.0, "StreetWidth_Max": 26.0, "Snow_Priority": "C", "Number_Travel_Lanes": " 2", "Number_Park_Lanes": "  ", "TRUCK_ROUTE_TYPE": "2" }, "geometry": { "type": "MultiLineString", "coordinates": [ [ [ -73.916672971148486, 40.803293621018291 ], [ -73.916460277542285, 40.803293773665054 ] ] ] } },
{ "type": "Feature", "properties": { "Street": "ALLEY", "FeatureTyp": "A", "NonPed": " ", "TrafDir": "T", "SegmentID": "0125851", "PhysicalID": 107074.0, "StreetWidth_Min": null, "StreetWidth_Max": null, "Snow_Priority": "V", "Number_Travel_Lanes": "  ", "Number_Park_Lanes": "  ", "TRUCK_ROUTE_TYPE": " " }, "geometry": { "type": "MultiLineString", "coordinates": [ [ [ -73.91780276600133, 40.81355197265448 ], [ -73.917776645658833, 40.813588613089543 ], [ -73.917639441524628, 40.813780807656521 ] ] ] } },
{ "type": "Feature", "properties": { "Street": "ALLEY", "FeatureTyp": "A", "NonPed": " ", "TrafDir": "T", "SegmentID": "0125850", "PhysicalID": 107075.0, "StreetWidth_Min": null, "StreetWidth_Max": null, "Snow_Priority": "V", "Number_Travel_Lanes": "  ", "Number_Park_Lanes": "  ", "TRUCK_ROUTE_TYPE": " " }, "geometry": { "type": "MultiLineString", "coordinates": [ [ [ -73.917639441524628, 40.813780807656521 ], [ -73.918165178888529, 40.814002263343404 ] ] ] } },
{ "type": "Feature", "properties": { "Street": "ALLEY", "FeatureTyp": "A", "NonPed": " ", "TrafDir": "T", "SegmentID": "0125849", "PhysicalID": 107076.0, "StreetWidth_Min": null, "StreetWidth_Max": null, "Snow_Priority": "V", "Number_Travel_Lanes": "  ", "Number_Park_Lanes": "  ", "TRUCK_ROUTE_TYPE": " " }, "geometry": { "type": "MultiLineString", "coordinates": [ [ [ -73.917639441524628, 40.813780807656521 ], [ -73.917396872066945, 40.813702903041644 ], [ -73.917295965100507, 40.813661137823111 ] ] ] } },
{ "type": "Feature", "properties": { "Street": "BRUCKNER EXPRESSWAY EB EXIT 47", "FeatureTyp": "0", "NonPed": "V", "TrafDir": "W", "SegmentID": "0132727", "PhysicalID": 79215.0, "StreetWidth_Min": 34.0, "StreetWidth_Max": 34.0, "Snow_Priority": "C", "Number_Travel_Lanes": " 3", "Number_Park_Lanes": "  ", "TRUCK_ROUTE_TYPE": "3" }, "geometry": { "type": "MultiLineString", "coordinates": [ [ [ -73.917776816267946, 40.804161184862814 ], [ -73.918449596299112, 40.804424613862743 ] ] ] } },
{ "type": "Feature", "properties": { "Street": "BRUCKNER EXPRESSWAY WB EXIT 47", "FeatureTyp": "0", "NonPed": "V", "TrafDir": "W", "SegmentID": "0132727", "PhysicalID": 79215.0, "StreetWidth_Min": 34.0, "StreetWidth_Max": 34.0, "Snow_Priority": "C", "Number_Travel_Lanes": " 3", "Number_Park_Lanes": "  ", "TRUCK_ROUTE_TYPE": "3" }, "geometry": { "type": "MultiLineString", "coordinates": [ [ [ -73.917776816267946, 40.804161184862814 ], [ -73.918449596299112, 40.804424613862743 ] ] ] } },
{ "type": "Feature", "properties": { "Street": "MAJOR DEEGAN EP NB EN E 135 ST", "FeatureTyp": "0", "NonPed": "V", "TrafDir": "W", "SegmentID": "0138530", "PhysicalID": null, "StreetWidth_Min": null, "StreetWidth_Max": null, "Snow_Priority": "C", "Number_Travel_Lanes": "  ", "Number_Park_Lanes": "  ", "TRUCK_ROUTE_TYPE": " " }, "geometry": { "type": "MultiLineString", "coordinates": [ [ [ -73.927251595275422, 40.808035235103027 ], [ -73.927445683346676, 40.808079742902784 ] ] ] } },
{ "type": "Feature", "properties": { "Street": "MDE NB ENTRANCE WILLIS AVE BRDG", "FeatureTyp": "0", "NonPed": "V", "TrafDir": "W", "SegmentID": "0138530", "PhysicalID": null, "StreetWidth_Min": null, "StreetWidth_Max": null, "Snow_Priority": "C", "Number_Travel_Lanes": "  ", "Number_Park_Lanes": "  ", "TRUCK_ROUTE_TYPE": " " }, "geometry": { "type": "MultiLineString", "coordinates": [ [ [ -73.927251595275422, 40.808035235103027 ], [ -73.927445683346676, 40.808079742902784 ] ] ] } },
{ "type": "Feature", "properties": { "Street": "MAJOR DEEGAN EP NB EN E 135 ST", "FeatureTyp": "0", "NonPed": "V", "TrafDir": "W", "SegmentID": "0138531", "PhysicalID": 109647.0, "StreetWidth_Min": 18.0, "StreetWidth_Max": 18.0, "Snow_Priority": "C", "Number_Travel_Lanes": " 1", "Number_Park_Lanes": "  ", "TRUCK_ROUTE_TYPE": "3" }, "geometry": { "type": "MultiLineString", "coordinates": [ [ [ -73.926749580835136, 40.807853890016183 ], [ -73.927251595275422, 40.808035235103027 ] ] ] } },
{ "type": "Feature", "properties": { "Street": "MDE NB ENTRANCE WILLIS AVE BRDG", "FeatureTyp": "0", "NonPed": "V", "TrafDir": "W", "SegmentID": "0138531", "PhysicalID": 109647.0, "StreetWidth_Min": 18.0, "StreetWidth_Max": 18.0, "Snow_Priority": "C", "Number_Travel_Lanes": " 1", "Number_Park_Lanes": "  ", "TRUCK_ROUTE_TYPE": "3" }, "geometry": { "type": "MultiLineString", "coordinates": [ [ [ -73.926749580835136, 40.807853890016183 ], [ -73.927251595275422, 40.808035235103027 ] ] ] } },
{ "type": "Feature", "properties": { "Street": "BRUCKNER BOULEVARD", "FeatureTyp": "0", "NonPed": " ", "TrafDir": "T", "SegmentID": "0173365", "PhysicalID": null, "StreetWidth_Min": null, "StreetWidth_Max": null, "Snow_Priority": "H", "Number_Travel_Lanes": "  ", "Number_Park_Lanes": "  ", "TRUCK_ROUTE_TYPE": " " }, "geometry": { "type": "MultiLineString", "coordinates": [ [ [ -73.929688855675451, 40.807761430039285 ], [ -73.929545032974104, 40.807704105394542 ] ] ] } },
{ "type": "Feature", "properties": { "Street": "3 AVENUE", "FeatureTyp": "0", "NonPed": " ", "TrafDir": "A", "SegmentID": "0173362", "PhysicalID": null, "StreetWidth_Min": null, "StreetWidth_Max": null, "Snow_Priority": "H", "Number_Travel_Lanes": "  ", "Number_Park_Lanes": "  ", "TRUCK_ROUTE_TYPE": " " }, "geometry": { "type": "MultiLineString", "coordinates": [ [ [ -73.930811252710043, 40.808380643731269 ], [ -73.930132229605846, 40.80885599317709 ] ] ] } },
{ "type": "Feature", "properties": { "Street": "3 AVENUE", "FeatureTyp": "0", "NonPed": " ", "TrafDir": "A", "SegmentID": "0173362", "PhysicalID": null, "StreetWidth_Min": null, "StreetWidth_Max": null, "Snow_Priority": "H", "Number_Travel_Lanes": "  ", "Number_Park_Lanes": "  ", "TRUCK_ROUTE_TYPE": " " }, "geometry": { "type": "MultiLineString", "coordinates": [ [ [ -73.930811252710043, 40.808380643731269 ], [ -73.930132229605846, 40.80885599317709 ] ] ] } },
{ "type": "Feature", "properties": { "Street": "3 AVENUE", "FeatureTyp": "0", "NonPed": "V", "TrafDir": "A", "SegmentID": "0173386", "PhysicalID": 192228.0, "StreetWidth_Min": null, "StreetWidth_Max": null, "Snow_Priority": "C", "Number_Travel_Lanes": "  ", "Number_Park_Lanes": "  ", "TRUCK_ROUTE_TYPE": "2" }, "geometry": { "type": "MultiLineString", "coordinates": [ [ [ -73.92941456143501, 40.809403121855333 ], [ -73.929364932468872, 40.809442515025431 ] ] ] } },
{ "type": "Feature", "properties": { "Street": "3 AVENUE BRIDGE", "FeatureTyp": "0", "NonPed": "V", "TrafDir": "A", "SegmentID": "0144020", "PhysicalID": 205970.0, "StreetWidth_Min": 22.0, "StreetWidth_Max": 32.0, "Snow_Priority": "C", "Number_Travel_Lanes": " 2", "Number_Park_Lanes": "  ", "TRUCK_ROUTE_TYPE": "2" }, "geometry": { "type": "MultiLineString", "coordinates": [ [ [ -73.929688855675451, 40.807761430039285 ], [ -73.929545032974104, 40.807704105394542 ] ] ] } },
{ "type": "Feature", "properties": { "Street": "3 AVENUE BRIDGE", "FeatureTyp": "0", "NonPed": "V", "TrafDir": "A", "SegmentID": "0144019", "PhysicalID": 205970.0, "StreetWidth_Min": 22.0, "StreetWidth_Max": 32.0, "Snow_Priority": "C", "Number_Travel_Lanes": " 2", "Number_Park_Lanes": "  ", "TRUCK_ROUTE_TYPE": "2" }, "geometry": { "type": "MultiLineString", "coordinates": [ [ [ -73.930631427692632, 40.808163504280664 ], [ -73.929688855675451, 40.807761430039285 ] ] ] } },
{ "type": "Feature", "properties": { "Street": "BRUCKNER BOULEVARD", "FeatureTyp": "0", "NonPed": " ", "TrafDir": "T", "SegmentID": "0173363", "PhysicalID": null, "StreetWidth_Min": null, "StreetWidth_Max": null, "Snow_Priority": "H", "Number_Travel_Lanes": "  ", "Number_Park_Lanes": "  ", "TRUCK_ROUTE_TYPE": " " }, "geometry": { "type": "MultiLineString", "coordinates": [ [ [ -73.930631427692632, 40.808163504280664 ], [ -73.929688855675451, 40.807761430039285 ] ] ] } },
{ "type": "Feature", "properties": { "Street": "3 AVENUE BRIDGE", "FeatureTyp": "0", "NonPed": "V", "TrafDir": "A", "SegmentID": "0144023", "PhysicalID": 206026.0, "StreetWidth_Min": 34.0, "StreetWidth_Max": 50.0, "Snow_Priority": "C", "Number_Travel_Lanes": " 3", "Number_Park_Lanes": "  ", "TRUCK_ROUTE_TYPE": "2" }, "geometry": { "type": "MultiLineString", "coordinates": [ [ [ -73.930811252710043, 40.808380643731269 ], [ -73.930132229605846, 40.80885599317709 ] ] ] } },
{ "type": "Feature", "properties": { "Street": "3 AVENUE", "FeatureTyp": "0", "NonPed": "V", "TrafDir": "A", "SegmentID": "0173385", "PhysicalID": 192430.0, "StreetWidth_Min": null, "StreetWidth_Max": null, "Snow_Priority": "C", "Number_Travel_Lanes": "  ", "Number_Park_Lanes": "  ", "TRUCK_ROUTE_TYPE": "2" }, "geometry": { "type": "MultiLineString", "coordinates": [ [ [ -73.929508374368282, 40.809328662472083 ], [ -73.92941456143501, 40.809403121855333 ] ] ] } },
{ "type": "Feature", "properties": { "Street": "EAST 137 STREET", "FeatureTyp": "0", "NonPed": " ", "TrafDir": "A", "SegmentID": "9001311", "PhysicalID": 172966.0, "StreetWidth_Min": 32.0, "StreetWidth_Max": 34.0, "Snow_Priority": "S", "Number_Travel_Lanes": " 1", "Number_Park_Lanes": " 2", "TRUCK_ROUTE_TYPE": " " }, "geometry": { "type": "MultiLineString", "coordinates": [ [ [ -73.923372861722484, 40.808431671822383 ], [ -73.922703649899404, 40.808148375178881 ] ] ] } },
{ "type": "Feature", "properties": { "Street": "EAST 137 STREET", "FeatureTyp": "0", "NonPed": " ", "TrafDir": "A", "SegmentID": "9001311", "PhysicalID": 172966.0, "StreetWidth_Min": 32.0, "StreetWidth_Max": 34.0, "Snow_Priority": "S", "Number_Travel_Lanes": " 1", "Number_Park_Lanes": " 2", "TRUCK_ROUTE_TYPE": " " }, "geometry": { "type": "MultiLineString", "coordinates": [ [ [ -73.923372861722484, 40.808431671822383 ], [ -73.922703649899404, 40.808148375178881 ] ] ] } },
{ "type": "Feature", "properties": { "Street": "EAST 137 STREET", "FeatureTyp": "0", "NonPed": " ", "TrafDir": "A", "SegmentID": "9001311", "PhysicalID": 172966.0, "StreetWidth_Min": 32.0, "StreetWidth_Max": 34.0, "Snow_Priority": "S", "Number_Travel_Lanes": " 1", "Number_Park_Lanes": " 2", "TRUCK_ROUTE_TYPE": " " }, "geometry": { "type": "MultiLineString", "coordinates": [ [ [ -73.923372861722484, 40.808431671822383 ], [ -73.922703649899404, 40.808148375178881 ] ] ] } },
{ "type": "Feature", "properties": { "Street": "EAST 137 STREET", "FeatureTyp": "0", "NonPed": " ", "TrafDir": "A", "SegmentID": "9001312", "PhysicalID": 172966.0, "StreetWidth_Min": 32.0, "StreetWidth_Max": 34.0, "Snow_Priority": "S", "Number_Travel_Lanes": " 1", "Number_Park_Lanes": " 2", "TRUCK_ROUTE_TYPE": " " }, "geometry": { "type": "MultiLineString", "coordinates": [ [ [ -73.922703649899404, 40.808148375178881 ], [ -73.922675450110958, 40.808136474904451 ] ] ] } },
{ "type": "Feature", "properties": { "Street": "EAST 137 STREET", "FeatureTyp": "0", "NonPed": " ", "TrafDir": "A", "SegmentID": "9001315", "PhysicalID": 172966.0, "StreetWidth_Min": 32.0, "StreetWidth_Max": 34.0, "Snow_Priority": "S", "Number_Travel_Lanes": " 1", "Number_Park_Lanes": " 2", "TRUCK_ROUTE_TYPE": " " }, "geometry": { "type": "MultiLineString", "coordinates": [ [ [ -73.922675450110958, 40.808136474904451 ], [ -73.92260197343316, 40.808105467850297 ] ] ] } },
{ "type": "Feature", "properties": { "Street": "EAST 137 STREET", "FeatureTyp": "0", "NonPed": " ", "TrafDir": "A", "SegmentID": "9001315", "PhysicalID": 172966.0, "StreetWidth_Min": 32.0, "StreetWidth_Max": 34.0, "Snow_Priority": "S", "Number_Travel_Lanes": " 1", "Number_Park_Lanes": " 2", "TRUCK_ROUTE_TYPE": " " }, "geometry": { "type": "MultiLineString", "coordinates": [ [ [ -73.922675450110958, 40.808136474904451 ], [ -73.92260197343316, 40.808105467850297 ] ] ] } },
{ "type": "Feature", "properties": { "Street": "EAST 137 STREET", "FeatureTyp": "0", "NonPed": " ", "TrafDir": "A", "SegmentID": "9001315", "PhysicalID": 172966.0, "StreetWidth_Min": 32.0, "StreetWidth_Max": 34.0, "Snow_Priority": "S", "Number_Travel_Lanes": " 1", "Number_Park_Lanes": " 2", "TRUCK_ROUTE_TYPE": " " }, "geometry": { "type": "MultiLineString", "coordinates": [ [ [ -73.922675450110958, 40.808136474904451 ], [ -73.92260197343316, 40.808105467850297 ] ] ] } },
{ "type": "Feature", "properties": { "Street": "EAST 137 STREET", "FeatureTyp": "0", "NonPed": " ", "TrafDir": "A", "SegmentID": "9001317", "PhysicalID": 172966.0, "StreetWidth_Min": 32.0, "StreetWidth_Max": 34.0, "Snow_Priority": "S", "Number_Travel_Lanes": " 1", "Number_Park_Lanes": " 2", "TRUCK_ROUTE_TYPE": " " }, "geometry": { "type": "MultiLineString", "coordinates": [ [ [ -73.92260197343316, 40.808105467850297 ], [ -73.922570592075004, 40.808092224890629 ] ] ] } },
{ "type": "Feature", "properties": { "Street": "EAST 137 STREET", "FeatureTyp": "0", "NonPed": " ", "TrafDir": "A", "SegmentID": "9001317", "PhysicalID": 172966.0, "StreetWidth_Min": 32.0, "StreetWidth_Max": 34.0, "Snow_Priority": "S", "Number_Travel_Lanes": " 1", "Number_Park_Lanes": " 2", "TRUCK_ROUTE_TYPE": " " }, "geometry": { "type": "MultiLineString", "coordinates": [ [ [ -73.92260197343316, 40.808105467850297 ], [ -73.922570592075004, 40.808092224890629 ] ] ] } },
{ "type": "Feature", "properties": { "Street": "EAST 137 STREET", "FeatureTyp": "0", "NonPed": " ", "TrafDir": "A", "SegmentID": "9001317", "PhysicalID": 172966.0, "StreetWidth_Min": 32.0, "StreetWidth_Max": 34.0, "Snow_Priority": "S", "Number_Travel_Lanes": " 1", "Number_Park_Lanes": " 2", "TRUCK_ROUTE_TYPE": " " }, "geometry": { "type": "MultiLineString", "coordinates": [ [ [ -73.92260197343316, 40.808105467850297 ], [ -73.922570592075004, 40.808092224890629 ] ] ] } },
{ "type": "Feature", "properties": { "Street": "EAST 137 STREET", "FeatureTyp": "0", "NonPed": " ", "TrafDir": "A", "SegmentID": "9001320", "PhysicalID": 172966.0, "StreetWidth_Min": 32.0, "StreetWidth_Max": 34.0, "Snow_Priority": "S", "Number_Travel_Lanes": " 1", "Number_Park_Lanes": " 2", "TRUCK_ROUTE_TYPE": " " }, "geometry": { "type": "MultiLineString", "coordinates": [ [ [ -73.922570592075004, 40.808092224890629 ], [ -73.921587348340381, 40.807677287493846 ] ] ] } },
{ "type": "Feature", "properties": { "Street": "EAST 137 STREET", "FeatureTyp": "0", "NonPed": " ", "TrafDir": "A", "SegmentID": "9001320", "PhysicalID": 172966.0, "StreetWidth_Min": 32.0, "StreetWidth_Max": 34.0, "Snow_Priority": "S", "Number_Travel_Lanes": " 1", "Number_Park_Lanes": " 2", "TRUCK_ROUTE_TYPE": " " }, "geometry": { "type": "MultiLineString", "coordinates": [ [ [ -73.922570592075004, 40.808092224890629 ], [ -73.921587348340381, 40.807677287493846 ] ] ] } },
{ "type": "Feature", "properties": { "Street": "EAST 137 STREET", "FeatureTyp": "0", "NonPed": " ", "TrafDir": "A", "SegmentID": "9001321", "PhysicalID": 114341.0, "StreetWidth_Min": 32.0, "StreetWidth_Max": 34.0, "Snow_Priority": "S", "Number_Travel_Lanes": " 1", "Number_Park_Lanes": " 2", "TRUCK_ROUTE_TYPE": " " }, "geometry": { "type": "MultiLineString", "coordinates": [ [ [ -73.921587348340381, 40.807677287493846 ], [ -73.921546724167484, 40.807660143202838 ] ] ] } },
{ "type": "Feature", "properties": { "Street": "EAST 137 STREET", "FeatureTyp": "0", "NonPed": " ", "TrafDir": "A", "SegmentID": "9001321", "PhysicalID": 114341.0, "StreetWidth_Min": 32.0, "StreetWidth_Max": 34.0, "Snow_Priority": "S", "Number_Travel_Lanes": " 1", "Number_Park_Lanes": " 2", "TRUCK_ROUTE_TYPE": " " }, "geometry": { "type": "MultiLineString", "coordinates": [ [ [ -73.921587348340381, 40.807677287493846 ], [ -73.921546724167484, 40.807660143202838 ] ] ] } },
{ "type": "Feature", "properties": { "Street": "EAST 137 STREET", "FeatureTyp": "0", "NonPed": " ", "TrafDir": "A", "SegmentID": "9001322", "PhysicalID": 114341.0, "StreetWidth_Min": 32.0, "StreetWidth_Max": 34.0, "Snow_Priority": "S", "Number_Travel_Lanes": " 1", "Number_Park_Lanes": " 2", "TRUCK_ROUTE_TYPE": " " }, "geometry": { "type": "MultiLineString", "coordinates": [ [ [ -73.921546724167484, 40.807660143202838 ], [ -73.921455169748057, 40.807621505950706 ] ] ] } },
{ "type": "Feature", "properties": { "Street": "EAST 137 STREET", "FeatureTyp": "0", "NonPed": " ", "TrafDir": "A", "SegmentID": "9001330", "PhysicalID": 114341.0, "StreetWidth_Min": 32.0, "StreetWidth_Max": 34.0, "Snow_Priority": "S", "Number_Travel_Lanes": " 1", "Number_Park_Lanes": " 2", "TRUCK_ROUTE_TYPE": " " }, "geometry": { "type": "MultiLineString", "coordinates": [ [ [ -73.921455169748057, 40.807621505950706 ], [ -73.92139602818979, 40.807596546833956 ] ] ] } },
{ "type": "Feature", "properties": { "Street": "EAST 137 STREET", "FeatureTyp": "0", "NonPed": " ", "TrafDir": "A", "SegmentID": "9001333", "PhysicalID": 114341.0, "StreetWidth_Min": 32.0, "StreetWidth_Max": 34.0, "Snow_Priority": "S", "Number_Travel_Lanes": " 1", "Number_Park_Lanes": " 2", "TRUCK_ROUTE_TYPE": " " }, "geometry": { "type": "MultiLineString", "coordinates": [ [ [ -73.92139602818979, 40.807596546833956 ], [ -73.921329239314971, 40.807568360710462 ] ] ] } },
{ "type": "Feature", "properties": { "Street": "EAST 137 STREET", "FeatureTyp": "0", "NonPed": " ", "TrafDir": "A", "SegmentID": "9001334", "PhysicalID": 114341.0, "StreetWidth_Min": 32.0, "StreetWidth_Max": 34.0, "Snow_Priority": "S", "Number_Travel_Lanes": " 1", "Number_Park_Lanes": " 2", "TRUCK_ROUTE_TYPE": " " }, "geometry": { "type": "MultiLineString", "coordinates": [ [ [ -73.921329239314971, 40.807568360710462 ], [ -73.921292798015045, 40.807552981846158 ] ] ] } },
{ "type": "Feature", "properties": { "Street": "BROOK AVENUE", "FeatureTyp": "0", "NonPed": " ", "TrafDir": "A", "SegmentID": "9001661", "PhysicalID": 69925.0, "StreetWidth_Min": 46.0, "StreetWidth_Max": 48.0, "Snow_Priority": "C", "Number_Travel_Lanes": " 2", "Number_Park_Lanes": " 2", "TRUCK_ROUTE_TYPE": " " }, "geometry": { "type": "MultiLineString", "coordinates": [ [ [ -73.920292911129351, 40.806097726092631 ], [ -73.920171962360783, 40.806265447236584 ] ] ] } },
{ "type": "Feature", "properties": { "Street": "BROOK AVENUE", "FeatureTyp": "0", "NonPed": " ", "TrafDir": "A", "SegmentID": "9001660", "PhysicalID": 69925.0, "StreetWidth_Min": 46.0, "StreetWidth_Max": 48.0, "Snow_Priority": "C", "Number_Travel_Lanes": " 2", "Number_Park_Lanes": " 2", "TRUCK_ROUTE_TYPE": " " }, "geometry": { "type": "MultiLineString", "coordinates": [ [ [ -73.920320711996709, 40.806059174780756 ], [ -73.920292911129351, 40.806097726092631 ] ] ] } },
{ "type": "Feature", "properties": { "Street": "BROOK AVENUE", "FeatureTyp": "0", "NonPed": " ", "TrafDir": "A", "SegmentID": "9001660", "PhysicalID": 69925.0, "StreetWidth_Min": 46.0, "StreetWidth_Max": 48.0, "Snow_Priority": "C", "Number_Travel_Lanes": " 2", "Number_Park_Lanes": " 2", "TRUCK_ROUTE_TYPE": " " }, "geometry": { "type": "MultiLineString", "coordinates": [ [ [ -73.920320711996709, 40.806059174780756 ], [ -73.920292911129351, 40.806097726092631 ] ] ] } },
{ "type": "Feature", "properties": { "Street": "EAST 137 STREET", "FeatureTyp": "0", "NonPed": " ", "TrafDir": "A", "SegmentID": "9001667", "PhysicalID": 151190.0, "StreetWidth_Min": 50.0, "StreetWidth_Max": 50.0, "Snow_Priority": "S", "Number_Travel_Lanes": " 2", "Number_Park_Lanes": " 2", "TRUCK_ROUTE_TYPE": " " }, "geometry": { "type": "MultiLineString", "coordinates": [ [ [ -73.918413089981755, 40.806319607735155 ], [ -73.917952243226779, 40.806124212473982 ] ] ] } },
{ "type": "Feature", "properties": { "Street": "EAST 137 STREET", "FeatureTyp": "0", "NonPed": " ", "TrafDir": "A", "SegmentID": "9001664", "PhysicalID": 151190.0, "StreetWidth_Min": 50.0, "StreetWidth_Max": 50.0, "Snow_Priority": "S", "Number_Travel_Lanes": " 2", "Number_Park_Lanes": " 2", "TRUCK_ROUTE_TYPE": " " }, "geometry": { "type": "MultiLineString", "coordinates": [ [ [ -73.918527239569556, 40.806368005512994 ], [ -73.918509363317412, 40.806360426218909 ] ] ] } },
{ "type": "Feature", "properties": { "Street": "EAST 137 STREET", "FeatureTyp": "0", "NonPed": " ", "TrafDir": "A", "SegmentID": "9001664", "PhysicalID": 151190.0, "StreetWidth_Min": 50.0, "StreetWidth_Max": 50.0, "Snow_Priority": "S", "Number_Travel_Lanes": " 2", "Number_Park_Lanes": " 2", "TRUCK_ROUTE_TYPE": " " }, "geometry": { "type": "MultiLineString", "coordinates": [ [ [ -73.918527239569556, 40.806368005512994 ], [ -73.918509363317412, 40.806360426218909 ] ] ] } },
{ "type": "Feature", "properties": { "Street": "EAST 137 STREET", "FeatureTyp": "0", "NonPed": " ", "TrafDir": "A", "SegmentID": "9001665", "PhysicalID": 151190.0, "StreetWidth_Min": 50.0, "StreetWidth_Max": 50.0, "Snow_Priority": "S", "Number_Travel_Lanes": " 2", "Number_Park_Lanes": " 2", "TRUCK_ROUTE_TYPE": " " }, "geometry": { "type": "MultiLineString", "coordinates": [ [ [ -73.918509363317412, 40.806360426218909 ], [ -73.918454928757313, 40.806337346855074 ] ] ] } },
{ "type": "Feature", "properties": { "Street": "EAST 137 STREET", "FeatureTyp": "0", "NonPed": " ", "TrafDir": "A", "SegmentID": "9001666", "PhysicalID": 151190.0, "StreetWidth_Min": 50.0, "StreetWidth_Max": 50.0, "Snow_Priority": "S", "Number_Travel_Lanes": " 2", "Number_Park_Lanes": " 2", "TRUCK_ROUTE_TYPE": " " }, "geometry": { "type": "MultiLineString", "coordinates": [ [ [ -73.918454928757313, 40.806337346855074 ], [ -73.918413089981755, 40.806319607735155 ] ] ] } },
{ "type": "Feature", "properties": { "Street": "EAST 137 STREET", "FeatureTyp": "0", "NonPed": " ", "TrafDir": "A", "SegmentID": "9001666", "PhysicalID": 151190.0, "StreetWidth_Min": 50.0, "StreetWidth_Max": 50.0, "Snow_Priority": "S", "Number_Travel_Lanes": " 2", "Number_Park_Lanes": " 2", "TRUCK_ROUTE_TYPE": " " }, "geometry": { "type": "MultiLineString", "coordinates": [ [ [ -73.918454928757313, 40.806337346855074 ], [ -73.918413089981755, 40.806319607735155 ] ] ] } },
{ "type": "Feature", "properties": { "Street": "ST ANNS AVENUE", "FeatureTyp": "0", "NonPed": " ", "TrafDir": "T", "SegmentID": "9001668", "PhysicalID": 59539.0, "StreetWidth_Min": 42.0, "StreetWidth_Max": 50.0, "Snow_Priority": "C", "Number_Travel_Lanes": " 2", "Number_Park_Lanes": " 2", "TRUCK_ROUTE_TYPE": " " }, "geometry": { "type": "MultiLineString", "coordinates": [ [ [ -73.91881906860047, 40.8049053883691 ], [ -73.918767340353156, 40.804978122853157 ] ] ] } },
{ "type": "Feature", "properties": { "Street": "ST ANNS AVENUE", "FeatureTyp": "0", "NonPed": " ", "TrafDir": "T", "SegmentID": "9001669", "PhysicalID": 59539.0, "StreetWidth_Min": 42.0, "StreetWidth_Max": 50.0, "Snow_Priority": "C", "Number_Travel_Lanes": " 2", "Number_Park_Lanes": " 2", "TRUCK_ROUTE_TYPE": " " }, "geometry": { "type": "MultiLineString", "coordinates": [ [ [ -73.918767340353156, 40.804978122853157 ], [ -73.918719236863197, 40.805045761265852 ] ] ] } },
{ "type": "Feature", "properties": { "Street": "ST ANNS AVENUE", "FeatureTyp": "0", "NonPed": " ", "TrafDir": "T", "SegmentID": "9001670", "PhysicalID": 59539.0, "StreetWidth_Min": 42.0, "StreetWidth_Max": 50.0, "Snow_Priority": "C", "Number_Travel_Lanes": " 2", "Number_Park_Lanes": " 2", "TRUCK_ROUTE_TYPE": " " }, "geometry": { "type": "MultiLineString", "coordinates": [ [ [ -73.918719236863197, 40.805045761265852 ], [ -73.918671732838234, 40.805112556900902 ] ] ] } },
{ "type": "Feature", "properties": { "Street": "ST ANNS AVENUE", "FeatureTyp": "0", "NonPed": " ", "TrafDir": "T", "SegmentID": "9001671", "PhysicalID": 59539.0, "StreetWidth_Min": 42.0, "StreetWidth_Max": 50.0, "Snow_Priority": "C", "Number_Travel_Lanes": " 2", "Number_Park_Lanes": " 2", "TRUCK_ROUTE_TYPE": " " }, "geometry": { "type": "MultiLineString", "coordinates": [ [ [ -73.918671732838234, 40.805112556900902 ], [ -73.918625825868233, 40.805177106261446 ] ] ] } },
{ "type": "Feature", "properties": { "Street": "ST ANNS AVENUE", "FeatureTyp": "0", "NonPed": " ", "TrafDir": "T", "SegmentID": "9001671", "PhysicalID": 59539.0, "StreetWidth_Min": 42.0, "StreetWidth_Max": 50.0, "Snow_Priority": "C", "Number_Travel_Lanes": " 2", "Number_Park_Lanes": " 2", "TRUCK_ROUTE_TYPE": " " }, "geometry": { "type": "MultiLineString", "coordinates": [ [ [ -73.918671732838234, 40.805112556900902 ], [ -73.918625825868233, 40.805177106261446 ] ] ] } },
{ "type": "Feature", "properties": { "Street": "ST ANNS AVENUE", "FeatureTyp": "0", "NonPed": " ", "TrafDir": "T", "SegmentID": "9001672", "PhysicalID": 59539.0, "StreetWidth_Min": 42.0, "StreetWidth_Max": 50.0, "Snow_Priority": "C", "Number_Travel_Lanes": " 2", "Number_Park_Lanes": " 2", "TRUCK_ROUTE_TYPE": " " }, "geometry": { "type": "MultiLineString", "coordinates": [ [ [ -73.918625825868233, 40.805177106261446 ], [ -73.918576139410945, 40.805246970291279 ] ] ] } },
{ "type": "Feature", "properties": { "Street": "ST ANNS AVENUE", "FeatureTyp": "0", "NonPed": " ", "TrafDir": "T", "SegmentID": "9001673", "PhysicalID": 59539.0, "StreetWidth_Min": 42.0, "StreetWidth_Max": 50.0, "Snow_Priority": "C", "Number_Travel_Lanes": " 2", "Number_Park_Lanes": " 2", "TRUCK_ROUTE_TYPE": " " }, "geometry": { "type": "MultiLineString", "coordinates": [ [ [ -73.918576139410945, 40.805246970291279 ], [ -73.918530648007902, 40.805310935279529 ] ] ] } },
{ "type": "Feature", "properties": { "Street": "ST ANNS AVENUE", "FeatureTyp": "0", "NonPed": " ", "TrafDir": "T", "SegmentID": "9001673", "PhysicalID": 59539.0, "StreetWidth_Min": 42.0, "StreetWidth_Max": 50.0, "Snow_Priority": "C", "Number_Travel_Lanes": " 2", "Number_Park_Lanes": " 2", "TRUCK_ROUTE_TYPE": " " }, "geometry": { "type": "MultiLineString", "coordinates": [ [ [ -73.918576139410945, 40.805246970291279 ], [ -73.918530648007902, 40.805310935279529 ] ] ] } },
{ "type": "Feature", "properties": { "Street": "ST ANNS AVENUE", "FeatureTyp": "0", "NonPed": " ", "TrafDir": "T", "SegmentID": "9001673", "PhysicalID": 59539.0, "StreetWidth_Min": 42.0, "StreetWidth_Max": 50.0, "Snow_Priority": "C", "Number_Travel_Lanes": " 2", "Number_Park_Lanes": " 2", "TRUCK_ROUTE_TYPE": " " }, "geometry": { "type": "MultiLineString", "coordinates": [ [ [ -73.918576139410945, 40.805246970291279 ], [ -73.918530648007902, 40.805310935279529 ] ] ] } },
{ "type": "Feature", "properties": { "Street": "ST ANNS AVENUE", "FeatureTyp": "0", "NonPed": " ", "TrafDir": "T", "SegmentID": "9001674", "PhysicalID": 59539.0, "StreetWidth_Min": 42.0, "StreetWidth_Max": 50.0, "Snow_Priority": "C", "Number_Travel_Lanes": " 2", "Number_Park_Lanes": " 2", "TRUCK_ROUTE_TYPE": " " }, "geometry": { "type": "MultiLineString", "coordinates": [ [ [ -73.918530648007902, 40.805310935279529 ], [ -73.918484818197257, 40.805375376219885 ] ] ] } },
{ "type": "Feature", "properties": { "Street": "ST ANNS AVENUE", "FeatureTyp": "0", "NonPed": " ", "TrafDir": "T", "SegmentID": "9001675", "PhysicalID": 59539.0, "StreetWidth_Min": 42.0, "StreetWidth_Max": 50.0, "Snow_Priority": "C", "Number_Travel_Lanes": " 2", "Number_Park_Lanes": " 2", "TRUCK_ROUTE_TYPE": " " }, "geometry": { "type": "MultiLineString", "coordinates": [ [ [ -73.918484818197257, 40.805375376219885 ], [ -73.918436791204712, 40.805442906422741 ] ] ] } },
{ "type": "Feature", "properties": { "Street": "ST ANNS AVENUE", "FeatureTyp": "0", "NonPed": " ", "TrafDir": "T", "SegmentID": "9001676", "PhysicalID": 151187.0, "StreetWidth_Min": 42.0, "StreetWidth_Max": 50.0, "Snow_Priority": "C", "Number_Travel_Lanes": " 2", "Number_Park_Lanes": " 2", "TRUCK_ROUTE_TYPE": " " }, "geometry": { "type": "MultiLineString", "coordinates": [ [ [ -73.918436791204712, 40.805442906422741 ], [ -73.918253985244974, 40.805699945124495 ] ] ] } },
{ "type": "Feature", "properties": { "Street": "ST ANNS AVENUE", "FeatureTyp": "0", "NonPed": " ", "TrafDir": "T", "SegmentID": "9001676", "PhysicalID": 151187.0, "StreetWidth_Min": 42.0, "StreetWidth_Max": 50.0, "Snow_Priority": "C", "Number_Travel_Lanes": " 2", "Number_Park_Lanes": " 2", "TRUCK_ROUTE_TYPE": " " }, "geometry": { "type": "MultiLineString", "coordinates": [ [ [ -73.918436791204712, 40.805442906422741 ], [ -73.918253985244974, 40.805699945124495 ] ] ] } },
{ "type": "Feature", "properties": { "Street": "ST ANNS AVENUE", "FeatureTyp": "0", "NonPed": " ", "TrafDir": "T", "SegmentID": "9001677", "PhysicalID": 151187.0, "StreetWidth_Min": 42.0, "StreetWidth_Max": 50.0, "Snow_Priority": "C", "Number_Travel_Lanes": " 2", "Number_Park_Lanes": " 2", "TRUCK_ROUTE_TYPE": " " }, "geometry": { "type": "MultiLineString", "coordinates": [ [ [ -73.918253985244974, 40.805699945124495 ], [ -73.918203045665976, 40.80577156993909 ] ] ] } },
{ "type": "Feature", "properties": { "Street": "EAST 137 STREET", "FeatureTyp": "0", "NonPed": " ", "TrafDir": "A", "SegmentID": "9001686", "PhysicalID": 88136.0, "StreetWidth_Min": 50.0, "StreetWidth_Max": 52.0, "Snow_Priority": "S", "Number_Travel_Lanes": " 2", "Number_Park_Lanes": " 2", "TRUCK_ROUTE_TYPE": " " }, "geometry": { "type": "MultiLineString", "coordinates": [ [ [ -73.917952243226779, 40.806124212473982 ], [ -73.917417471586859, 40.805895982719903 ] ] ] } },
{ "type": "Feature", "properties": { "Street": "EAST 137 STREET", "FeatureTyp": "0", "NonPed": " ", "TrafDir": "A", "SegmentID": "9001688", "PhysicalID": 88136.0, "StreetWidth_Min": 50.0, "StreetWidth_Max": 52.0, "Snow_Priority": "S", "Number_Travel_Lanes": " 2", "Number_Park_Lanes": " 2", "TRUCK_ROUTE_TYPE": " " }, "geometry": { "type": "MultiLineString", "coordinates": [ [ [ -73.917417471586859, 40.805895982719903 ], [ -73.917370789238447, 40.805876059889044 ] ] ] } },
{ "type": "Feature", "properties": { "Street": "EAST 137 STREET", "FeatureTyp": "0", "NonPed": " ", "TrafDir": "A", "SegmentID": "9001688", "PhysicalID": 88136.0, "StreetWidth_Min": 50.0, "StreetWidth_Max": 52.0, "Snow_Priority": "S", "Number_Travel_Lanes": " 2", "Number_Park_Lanes": " 2", "TRUCK_ROUTE_TYPE": " " }, "geometry": { "type": "MultiLineString", "coordinates": [ [ [ -73.917417471586859, 40.805895982719903 ], [ -73.917370789238447, 40.805876059889044 ] ] ] } },
{ "type": "Feature", "properties": { "Street": "EAST 137 STREET", "FeatureTyp": "0", "NonPed": " ", "TrafDir": "A", "SegmentID": "9001689", "PhysicalID": 88136.0, "StreetWidth_Min": 50.0, "StreetWidth_Max": 52.0, "Snow_Priority": "S", "Number_Travel_Lanes": " 2", "Number_Park_Lanes": " 2", "TRUCK_ROUTE_TYPE": " " }, "geometry": { "type": "MultiLineString", "coordinates": [ [ [ -73.917370789238447, 40.805876059889044 ], [ -73.917330561369212, 40.805858891334175 ] ] ] } },
{ "type": "Feature", "properties": { "Street": "EAST 137 STREET", "FeatureTyp": "0", "NonPed": " ", "TrafDir": "A", "SegmentID": "9001690", "PhysicalID": 88136.0, "StreetWidth_Min": 50.0, "StreetWidth_Max": 52.0, "Snow_Priority": "S", "Number_Travel_Lanes": " 2", "Number_Park_Lanes": " 2", "TRUCK_ROUTE_TYPE": " " }, "geometry": { "type": "MultiLineString", "coordinates": [ [ [ -73.917330561369212, 40.805858891334175 ], [ -73.91726995208252, 40.805833024651811 ] ] ] } },
{ "type": "Feature", "properties": { "Street": "EAST 137 STREET", "FeatureTyp": "0", "NonPed": " ", "TrafDir": "A", "SegmentID": "9001691", "PhysicalID": 88136.0, "StreetWidth_Min": 50.0, "StreetWidth_Max": 52.0, "Snow_Priority": "S", "Number_Travel_Lanes": " 2", "Number_Park_Lanes": " 2", "TRUCK_ROUTE_TYPE": " " }, "geometry": { "type": "MultiLineString", "coordinates": [ [ [ -73.91726995208252, 40.805833024651811 ], [ -73.916807039925814, 40.805635457996146 ] ] ] } },
{ "type": "Feature", "properties": { "Street": "EAST 137 STREET", "FeatureTyp": "0", "NonPed": " ", "TrafDir": "A", "SegmentID": "9001692", "PhysicalID": 88136.0, "StreetWidth_Min": 50.0, "StreetWidth_Max": 52.0, "Snow_Priority": "S", "Number_Travel_Lanes": " 2", "Number_Park_Lanes": " 2", "TRUCK_ROUTE_TYPE": " " }, "geometry": { "type": "MultiLineString", "coordinates": [ [ [ -73.916807039925814, 40.805635457996146 ], [ -73.916746106123853, 40.80560945219429 ] ] ] } },
{ "type": "Feature", "properties": { "Street": "EAST 137 STREET", "FeatureTyp": "0", "NonPed": " ", "TrafDir": "A", "SegmentID": "9001692", "PhysicalID": 88136.0, "StreetWidth_Min": 50.0, "StreetWidth_Max": 52.0, "Snow_Priority": "S", "Number_Travel_Lanes": " 2", "Number_Park_Lanes": " 2", "TRUCK_ROUTE_TYPE": " " }, "geometry": { "type": "MultiLineString", "coordinates": [ [ [ -73.916807039925814, 40.805635457996146 ], [ -73.916746106123853, 40.80560945219429 ] ] ] } },
{ "type": "Feature", "properties": { "Street": "EAST 137 STREET", "FeatureTyp": "0", "NonPed": " ", "TrafDir": "A", "SegmentID": "9008554", "PhysicalID": 88136.0, "StreetWidth_Min": 50.0, "StreetWidth_Max": 52.0, "Snow_Priority": "S", "Number_Travel_Lanes": " 2", "Number_Park_Lanes": " 2", "TRUCK_ROUTE_TYPE": " " }, "geometry": { "type": "MultiLineString", "coordinates": [ [ [ -73.916746106123853, 40.80560945219429 ], [ -73.916240876560607, 40.805393820661145 ] ] ] } },
{ "type": "Feature", "properties": { "Street": "EAST 137 STREET", "FeatureTyp": "0", "NonPed": " ", "TrafDir": "A", "SegmentID": "9001694", "PhysicalID": 88136.0, "StreetWidth_Min": 50.0, "StreetWidth_Max": 52.0, "Snow_Priority": "S", "Number_Travel_Lanes": " 2", "Number_Park_Lanes": " 2", "TRUCK_ROUTE_TYPE": " " }, "geometry": { "type": "MultiLineString", "coordinates": [ [ [ -73.916159783647032, 40.805359842938806 ], [ -73.916104204480504, 40.805336555773216 ] ] ] } },
{ "type": "Feature", "properties": { "Street": "EAST 137 STREET", "FeatureTyp": "0", "NonPed": " ", "TrafDir": "A", "SegmentID": "9001694", "PhysicalID": 88136.0, "StreetWidth_Min": 50.0, "StreetWidth_Max": 52.0, "Snow_Priority": "S", "Number_Travel_Lanes": " 2", "Number_Park_Lanes": " 2", "TRUCK_ROUTE_TYPE": " " }, "geometry": { "type": "MultiLineString", "coordinates": [ [ [ -73.916159783647032, 40.805359842938806 ], [ -73.916104204480504, 40.805336555773216 ] ] ] } },
{ "type": "Feature", "properties": { "Street": "EAST 137 STREET", "FeatureTyp": "0", "NonPed": " ", "TrafDir": "A", "SegmentID": "9001701", "PhysicalID": 88136.0, "StreetWidth_Min": 50.0, "StreetWidth_Max": 52.0, "Snow_Priority": "S", "Number_Travel_Lanes": " 2", "Number_Park_Lanes": " 2", "TRUCK_ROUTE_TYPE": " " }, "geometry": { "type": "MultiLineString", "coordinates": [ [ [ -73.916104204480504, 40.805336555773216 ], [ -73.915560676022011, 40.805108814926385 ] ] ] } },
{ "type": "Feature", "properties": { "Street": "EAST 137 STREET", "FeatureTyp": "0", "NonPed": " ", "TrafDir": "A", "SegmentID": "9001701", "PhysicalID": 88136.0, "StreetWidth_Min": 50.0, "StreetWidth_Max": 52.0, "Snow_Priority": "S", "Number_Travel_Lanes": " 2", "Number_Park_Lanes": " 2", "TRUCK_ROUTE_TYPE": " " }, "geometry": { "type": "MultiLineString", "coordinates": [ [ [ -73.916104204480504, 40.805336555773216 ], [ -73.915560676022011, 40.805108814926385 ] ] ] } },
{ "type": "Feature", "properties": { "Street": "EAST 137 STREET", "FeatureTyp": "0", "NonPed": " ", "TrafDir": "A", "SegmentID": "9001705", "PhysicalID": 88136.0, "StreetWidth_Min": 50.0, "StreetWidth_Max": 52.0, "Snow_Priority": "S", "Number_Travel_Lanes": " 2", "Number_Park_Lanes": " 2", "TRUCK_ROUTE_TYPE": " " }, "geometry": { "type": "MultiLineString", "coordinates": [ [ [ -73.915560676022011, 40.805108814926385 ], [ -73.915487683706175, 40.805078231026783 ] ] ] } },
{ "type": "Feature", "properties": { "Street": "EAST 137 STREET", "FeatureTyp": "0", "NonPed": " ", "TrafDir": "A", "SegmentID": "9001705", "PhysicalID": 88136.0, "StreetWidth_Min": 50.0, "StreetWidth_Max": 52.0, "Snow_Priority": "S", "Number_Travel_Lanes": " 2", "Number_Park_Lanes": " 2", "TRUCK_ROUTE_TYPE": " " }, "geometry": { "type": "MultiLineString", "coordinates": [ [ [ -73.915560676022011, 40.805108814926385 ], [ -73.915487683706175, 40.805078231026783 ] ] ] } },
{ "type": "Feature", "properties": { "Street": "CYPRESS AVENUE", "FeatureTyp": "0", "NonPed": " ", "TrafDir": "T", "SegmentID": "9001711", "PhysicalID": 59651.0, "StreetWidth_Min": 46.0, "StreetWidth_Max": 46.0, "Snow_Priority": "S", "Number_Travel_Lanes": " 2", "Number_Park_Lanes": " 2", "TRUCK_ROUTE_TYPE": " " }, "geometry": { "type": "MultiLineString", "coordinates": [ [ [ -73.915877122982351, 40.803688659416196 ], [ -73.915731311623077, 40.803885501332495 ] ] ] } },
{ "type": "Feature", "properties": { "Street": "CYPRESS AVENUE", "FeatureTyp": "0", "NonPed": " ", "TrafDir": "T", "SegmentID": "9001714", "PhysicalID": 59651.0, "StreetWidth_Min": 46.0, "StreetWidth_Max": 46.0, "Snow_Priority": "S", "Number_Travel_Lanes": " 2", "Number_Park_Lanes": " 2", "TRUCK_ROUTE_TYPE": " " }, "geometry": { "type": "MultiLineString", "coordinates": [ [ [ -73.915731311623077, 40.803885501332495 ], [ -73.915713858548202, 40.803909061932224 ] ] ] } },
{ "type": "Feature", "properties": { "Street": "CYPRESS AVENUE", "FeatureTyp": "0", "NonPed": " ", "TrafDir": "T", "SegmentID": "9001714", "PhysicalID": 59651.0, "StreetWidth_Min": 46.0, "StreetWidth_Max": 46.0, "Snow_Priority": "S", "Number_Travel_Lanes": " 2", "Number_Park_Lanes": " 2", "TRUCK_ROUTE_TYPE": " " }, "geometry": { "type": "MultiLineString", "coordinates": [ [ [ -73.915731311623077, 40.803885501332495 ], [ -73.915713858548202, 40.803909061932224 ] ] ] } },
{ "type": "Feature", "properties": { "Street": "EAST 145 STREET", "FeatureTyp": "0", "NonPed": " ", "TrafDir": "A", "SegmentID": "9001779", "PhysicalID": 62301.0, "StreetWidth_Min": 34.0, "StreetWidth_Max": 34.0, "Snow_Priority": "S", "Number_Travel_Lanes": " 1", "Number_Park_Lanes": " 2", "TRUCK_ROUTE_TYPE": " " }, "geometry": { "type": "MultiLineString", "coordinates": [ [ [ -73.916473842705457, 40.812312322606033 ], [ -73.915725403835168, 40.812064769358749 ] ] ] } },
{ "type": "Feature", "properties": { "Street": "EAST 145 STREET", "FeatureTyp": "0", "NonPed": " ", "TrafDir": "A", "SegmentID": "9001780", "PhysicalID": 62301.0, "StreetWidth_Min": 34.0, "StreetWidth_Max": 34.0, "Snow_Priority": "S", "Number_Travel_Lanes": " 1", "Number_Park_Lanes": " 2", "TRUCK_ROUTE_TYPE": " " }, "geometry": { "type": "MultiLineString", "coordinates": [ [ [ -73.915725403835168, 40.812064769358749 ], [ -73.915671697222052, 40.81204701839107 ] ] ] } },
{ "type": "Feature", "properties": { "Street": "EAST 145 STREET", "FeatureTyp": "0", "NonPed": " ", "TrafDir": "A", "SegmentID": "9001780", "PhysicalID": 62301.0, "StreetWidth_Min": 34.0, "StreetWidth_Max": 34.0, "Snow_Priority": "S", "Number_Travel_Lanes": " 1", "Number_Park_Lanes": " 2", "TRUCK_ROUTE_TYPE": " " }, "geometry": { "type": "MultiLineString", "coordinates": [ [ [ -73.915725403835168, 40.812064769358749 ], [ -73.915671697222052, 40.81204701839107 ] ] ] } },
{ "type": "Feature", "properties": { "Street": "EAST 145 STREET", "FeatureTyp": "0", "NonPed": " ", "TrafDir": "A", "SegmentID": "9001782", "PhysicalID": 62301.0, "StreetWidth_Min": 34.0, "StreetWidth_Max": 34.0, "Snow_Priority": "S", "Number_Travel_Lanes": " 1", "Number_Park_Lanes": " 2", "TRUCK_ROUTE_TYPE": " " }, "geometry": { "type": "MultiLineString", "coordinates": [ [ [ -73.915671697222052, 40.81204701839107 ], [ -73.915633997528701, 40.812034558587328 ] ] ] } },
{ "type": "Feature", "properties": { "Street": "EAST 145 STREET", "FeatureTyp": "0", "NonPed": " ", "TrafDir": "A", "SegmentID": "9001783", "PhysicalID": 62301.0, "StreetWidth_Min": 34.0, "StreetWidth_Max": 34.0, "Snow_Priority": "S", "Number_Travel_Lanes": " 1", "Number_Park_Lanes": " 2", "TRUCK_ROUTE_TYPE": " " }, "geometry": { "type": "MultiLineString", "coordinates": [ [ [ -73.915633997528701, 40.812034558587328 ], [ -73.915571121888519, 40.81201377700144 ] ] ] } },
{ "type": "Feature", "properties": { "Street": "EAST 145 STREET", "FeatureTyp": "0", "NonPed": " ", "TrafDir": "A", "SegmentID": "9001787", "PhysicalID": 62301.0, "StreetWidth_Min": 34.0, "StreetWidth_Max": 34.0, "Snow_Priority": "S", "Number_Travel_Lanes": " 1", "Number_Park_Lanes": " 2", "TRUCK_ROUTE_TYPE": " " }, "geometry": { "type": "MultiLineString", "coordinates": [ [ [ -73.914773684858176, 40.811750208476063 ], [ -73.914474256261556, 40.811651239287386 ] ] ] } },
{ "type": "Feature", "properties": { "Street": "EAST 145 STREET", "FeatureTyp": "0", "NonPed": " ", "TrafDir": "A", "SegmentID": "9001786", "PhysicalID": 62301.0, "StreetWidth_Min": 34.0, "StreetWidth_Max": 34.0, "Snow_Priority": "S", "Number_Travel_Lanes": " 1", "Number_Park_Lanes": " 2", "TRUCK_ROUTE_TYPE": " " }, "geometry": { "type": "MultiLineString", "coordinates": [ [ [ -73.914830714541438, 40.811769058011663 ], [ -73.914773684858176, 40.811750208476063 ] ] ] } },
{ "type": "Feature", "properties": { "Street": "BROOK AVENUE", "FeatureTyp": "0", "NonPed": " ", "TrafDir": "A", "SegmentID": "9001978", "PhysicalID": 69917.0, "StreetWidth_Min": 44.0, "StreetWidth_Max": 45.0, "Snow_Priority": "C", "Number_Travel_Lanes": " 2", "Number_Park_Lanes": " 2", "TRUCK_ROUTE_TYPE": " " }, "geometry": { "type": "MultiLineString", "coordinates": [ [ [ -73.916875662741148, 40.811592587069768 ], [ -73.916837958324962, 40.811656210558908 ] ] ] } },
{ "type": "Feature", "properties": { "Street": "BROOK AVENUE", "FeatureTyp": "0", "NonPed": " ", "TrafDir": "A", "SegmentID": "9001978", "PhysicalID": 69917.0, "StreetWidth_Min": 44.0, "StreetWidth_Max": 45.0, "Snow_Priority": "C", "Number_Travel_Lanes": " 2", "Number_Park_Lanes": " 2", "TRUCK_ROUTE_TYPE": " " }, "geometry": { "type": "MultiLineString", "coordinates": [ [ [ -73.916875662741148, 40.811592587069768 ], [ -73.916837958324962, 40.811656210558908 ] ] ] } },
{ "type": "Feature", "properties": { "Street": "BROOK AVENUE", "FeatureTyp": "0", "NonPed": " ", "TrafDir": "A", "SegmentID": "9001976", "PhysicalID": 69917.0, "StreetWidth_Min": 44.0, "StreetWidth_Max": 45.0, "Snow_Priority": "C", "Number_Travel_Lanes": " 2", "Number_Park_Lanes": " 2", "TRUCK_ROUTE_TYPE": " " }, "geometry": { "type": "MultiLineString", "coordinates": [ [ [ -73.916909747682624, 40.811535073457868 ], [ -73.916896143977596, 40.8115580276543 ] ] ] } },
{ "type": "Feature", "properties": { "Street": "BROOK AVENUE", "FeatureTyp": "0", "NonPed": " ", "TrafDir": "A", "SegmentID": "9001977", "PhysicalID": 69917.0, "StreetWidth_Min": 44.0, "StreetWidth_Max": 45.0, "Snow_Priority": "C", "Number_Travel_Lanes": " 2", "Number_Park_Lanes": " 2", "TRUCK_ROUTE_TYPE": " " }, "geometry": { "type": "MultiLineString", "coordinates": [ [ [ -73.916896143977596, 40.8115580276543 ], [ -73.916875662741148, 40.811592587069768 ] ] ] } },
{ "type": "Feature", "properties": { "Street": "WILLIS AVENUE", "FeatureTyp": "0", "NonPed": " ", "TrafDir": "T", "SegmentID": "9002041", "PhysicalID": 62184.0, "StreetWidth_Min": 60.0, "StreetWidth_Max": 60.0, "Snow_Priority": "C", "Number_Travel_Lanes": " 4", "Number_Park_Lanes": " 2", "TRUCK_ROUTE_TYPE": "2" }, "geometry": { "type": "MultiLineString", "coordinates": [ [ [ -73.919200388535714, 40.814143903102583 ], [ -73.919007921316449, 40.81440594335259 ] ] ] } },
{ "type": "Feature", "properties": { "Street": "WILLIS AVENUE", "FeatureTyp": "0", "NonPed": " ", "TrafDir": "T", "SegmentID": "9002041", "PhysicalID": 62184.0, "StreetWidth_Min": 60.0, "StreetWidth_Max": 60.0, "Snow_Priority": "C", "Number_Travel_Lanes": " 4", "Number_Park_Lanes": " 2", "TRUCK_ROUTE_TYPE": "2" }, "geometry": { "type": "MultiLineString", "coordinates": [ [ [ -73.919200388535714, 40.814143903102583 ], [ -73.919007921316449, 40.81440594335259 ] ] ] } },
{ "type": "Feature", "properties": { "Street": "WILLIS AVENUE", "FeatureTyp": "0", "NonPed": " ", "TrafDir": "T", "SegmentID": "9002043", "PhysicalID": 62184.0, "StreetWidth_Min": 60.0, "StreetWidth_Max": 60.0, "Snow_Priority": "C", "Number_Travel_Lanes": " 4", "Number_Park_Lanes": " 2", "TRUCK_ROUTE_TYPE": "2" }, "geometry": { "type": "MultiLineString", "coordinates": [ [ [ -73.919007921316449, 40.81440594335259 ], [ -73.918983435354505, 40.814439280009744 ] ] ] } },
{ "type": "Feature", "properties": { "Street": "3 AVENUE", "FeatureTyp": "0", "NonPed": " ", "TrafDir": "T", "SegmentID": "9002357", "PhysicalID": 36009.0, "StreetWidth_Min": 50.0, "StreetWidth_Max": 58.0, "Snow_Priority": "C", "Number_Travel_Lanes": " 2", "Number_Park_Lanes": " 2", "TRUCK_ROUTE_TYPE": "2" }, "geometry": { "type": "MultiLineString", "coordinates": [ [ [ -73.925628023863283, 40.811899451063319 ], [ -73.925552716720986, 40.811940690776609 ] ] ] } },
{ "type": "Feature", "properties": { "Street": "3 AVENUE", "FeatureTyp": "0", "NonPed": " ", "TrafDir": "T", "SegmentID": "9002356", "PhysicalID": 36009.0, "StreetWidth_Min": 50.0, "StreetWidth_Max": 58.0, "Snow_Priority": "C", "Number_Travel_Lanes": " 2", "Number_Park_Lanes": " 2", "TRUCK_ROUTE_TYPE": "2" }, "geometry": { "type": "MultiLineString", "coordinates": [ [ [ -73.925698417055315, 40.8118609023538 ], [ -73.925628023863283, 40.811899451063319 ] ] ] } },
{ "type": "Feature", "properties": { "Street": "3 AVENUE", "FeatureTyp": "0", "NonPed": " ", "TrafDir": "T", "SegmentID": "9002356", "PhysicalID": 36009.0, "StreetWidth_Min": 50.0, "StreetWidth_Max": 58.0, "Snow_Priority": "C", "Number_Travel_Lanes": " 2", "Number_Park_Lanes": " 2", "TRUCK_ROUTE_TYPE": "2" }, "geometry": { "type": "MultiLineString", "coordinates": [ [ [ -73.925698417055315, 40.8118609023538 ], [ -73.925628023863283, 40.811899451063319 ] ] ] } },
{ "type": "Feature", "properties": { "Street": "3 AVENUE", "FeatureTyp": "0", "NonPed": " ", "TrafDir": "T", "SegmentID": "9002358", "PhysicalID": 36008.0, "StreetWidth_Min": 50.0, "StreetWidth_Max": 52.0, "Snow_Priority": "C", "Number_Travel_Lanes": " 2", "Number_Park_Lanes": " 2", "TRUCK_ROUTE_TYPE": "2" }, "geometry": { "type": "MultiLineString", "coordinates": [ [ [ -73.925552716720986, 40.811940690776609 ], [ -73.925246713488363, 40.812096764117278 ] ] ] } },
{ "type": "Feature", "properties": { "Street": "3 AVENUE", "FeatureTyp": "0", "NonPed": " ", "TrafDir": "T", "SegmentID": "9002359", "PhysicalID": 36008.0, "StreetWidth_Min": 50.0, "StreetWidth_Max": 52.0, "Snow_Priority": "C", "Number_Travel_Lanes": " 2", "Number_Park_Lanes": " 2", "TRUCK_ROUTE_TYPE": "2" }, "geometry": { "type": "MultiLineString", "coordinates": [ [ [ -73.925246713488363, 40.812096764117278 ], [ -73.925117804491762, 40.812162512089436 ] ] ] } },
{ "type": "Feature", "properties": { "Street": "3 AVENUE", "FeatureTyp": "0", "NonPed": " ", "TrafDir": "T", "SegmentID": "9002359", "PhysicalID": 36008.0, "StreetWidth_Min": 50.0, "StreetWidth_Max": 52.0, "Snow_Priority": "C", "Number_Travel_Lanes": " 2", "Number_Park_Lanes": " 2", "TRUCK_ROUTE_TYPE": "2" }, "geometry": { "type": "MultiLineString", "coordinates": [ [ [ -73.925246713488363, 40.812096764117278 ], [ -73.925117804491762, 40.812162512089436 ] ] ] } },
{ "type": "Feature", "properties": { "Street": "3 AVENUE", "FeatureTyp": "0", "NonPed": " ", "TrafDir": "T", "SegmentID": "9002361", "PhysicalID": 36007.0, "StreetWidth_Min": 50.0, "StreetWidth_Max": 50.0, "Snow_Priority": "C", "Number_Travel_Lanes": " 2", "Number_Park_Lanes": " 2", "TRUCK_ROUTE_TYPE": "2" }, "geometry": { "type": "MultiLineString", "coordinates": [ [ [ -73.924683256610635, 40.812384143705607 ], [ -73.924522498383197, 40.812467007698586 ] ] ] } },
{ "type": "Feature", "properties": { "Street": "3 AVENUE", "FeatureTyp": "0", "NonPed": " ", "TrafDir": "T", "SegmentID": "9002361", "PhysicalID": 36007.0, "StreetWidth_Min": 50.0, "StreetWidth_Max": 50.0, "Snow_Priority": "C", "Number_Travel_Lanes": " 2", "Number_Park_Lanes": " 2", "TRUCK_ROUTE_TYPE": "2" }, "geometry": { "type": "MultiLineString", "coordinates": [ [ [ -73.924683256610635, 40.812384143705607 ], [ -73.924522498383197, 40.812467007698586 ] ] ] } },
{ "type": "Feature", "properties": { "Street": "3 AVENUE", "FeatureTyp": "0", "NonPed": " ", "TrafDir": "T", "SegmentID": "9002364", "PhysicalID": 151441.0, "StreetWidth_Min": 50.0, "StreetWidth_Max": 50.0, "Snow_Priority": "C", "Number_Travel_Lanes": " 2", "Number_Park_Lanes": " 2", "TRUCK_ROUTE_TYPE": "2" }, "geometry": { "type": "MultiLineString", "coordinates": [ [ [ -73.924011979738367, 40.812730153643386 ], [ -73.923829635025726, 40.812824142168076 ] ] ] } },
{ "type": "Feature", "properties": { "Street": "3 AVENUE", "FeatureTyp": "0", "NonPed": " ", "TrafDir": "T", "SegmentID": "9002363", "PhysicalID": 151441.0, "StreetWidth_Min": 50.0, "StreetWidth_Max": 50.0, "Snow_Priority": "C", "Number_Travel_Lanes": " 2", "Number_Park_Lanes": " 2", "TRUCK_ROUTE_TYPE": "2" }, "geometry": { "type": "MultiLineString", "coordinates": [ [ [ -73.924092127474822, 40.81268884182434 ], [ -73.924011979738367, 40.812730153643386 ] ] ] } },
{ "type": "Feature", "properties": { "Street": "3 AVENUE", "FeatureTyp": "0", "NonPed": " ", "TrafDir": "T", "SegmentID": "9002363", "PhysicalID": 151441.0, "StreetWidth_Min": 50.0, "StreetWidth_Max": 50.0, "Snow_Priority": "C", "Number_Travel_Lanes": " 2", "Number_Park_Lanes": " 2", "TRUCK_ROUTE_TYPE": "2" }, "geometry": { "type": "MultiLineString", "coordinates": [ [ [ -73.924092127474822, 40.81268884182434 ], [ -73.924011979738367, 40.812730153643386 ] ] ] } },
{ "type": "Feature", "properties": { "Street": "3 AVENUE", "FeatureTyp": "0", "NonPed": " ", "TrafDir": "T", "SegmentID": "9002365", "PhysicalID": 36006.0, "StreetWidth_Min": 50.0, "StreetWidth_Max": 52.0, "Snow_Priority": "C", "Number_Travel_Lanes": " 2", "Number_Park_Lanes": " 2", "TRUCK_ROUTE_TYPE": "2" }, "geometry": { "type": "MultiLineString", "coordinates": [ [ [ -73.923829635025726, 40.812824142168076 ], [ -73.923699954038582, 40.812890890960588 ] ] ] } },
{ "type": "Feature", "properties": { "Street": "EAST 143 STREET", "FeatureTyp": "0", "NonPed": " ", "TrafDir": "T", "SegmentID": "9002376", "PhysicalID": 98822.0, "StreetWidth_Min": 44.0, "StreetWidth_Max": 45.0, "Snow_Priority": "S", "Number_Travel_Lanes": " 2", "Number_Park_Lanes": " 2", "TRUCK_ROUTE_TYPE": " " }, "geometry": { "type": "MultiLineString", "coordinates": [ [ [ -73.923831625870349, 40.814515146995021 ], [ -73.923796909689941, 40.814471581790094 ] ] ] } },
{ "type": "Feature", "properties": { "Street": "EAST 143 STREET", "FeatureTyp": "0", "NonPed": " ", "TrafDir": "T", "SegmentID": "9002377", "PhysicalID": 151553.0, "StreetWidth_Min": 44.0, "StreetWidth_Max": 45.0, "Snow_Priority": "S", "Number_Travel_Lanes": " 2", "Number_Park_Lanes": " 2", "TRUCK_ROUTE_TYPE": " " }, "geometry": { "type": "MultiLineString", "coordinates": [ [ [ -73.923796909689941, 40.814471581790094 ], [ -73.923758961984518, 40.814423961581497 ] ] ] } },
{ "type": "Feature", "properties": { "Street": "EAST 143 STREET", "FeatureTyp": "0", "NonPed": " ", "TrafDir": "T", "SegmentID": "9002378", "PhysicalID": 151553.0, "StreetWidth_Min": 44.0, "StreetWidth_Max": 45.0, "Snow_Priority": "S", "Number_Travel_Lanes": " 2", "Number_Park_Lanes": " 2", "TRUCK_ROUTE_TYPE": " " }, "geometry": { "type": "MultiLineString", "coordinates": [ [ [ -73.923758961984518, 40.814423961581497 ], [ -73.923713977617467, 40.814367510777039 ] ] ] } },
{ "type": "Feature", "properties": { "Street": "EAST 143 STREET", "FeatureTyp": "0", "NonPed": " ", "TrafDir": "T", "SegmentID": "9002378", "PhysicalID": 151553.0, "StreetWidth_Min": 44.0, "StreetWidth_Max": 45.0, "Snow_Priority": "S", "Number_Travel_Lanes": " 2", "Number_Park_Lanes": " 2", "TRUCK_ROUTE_TYPE": " " }, "geometry": { "type": "MultiLineString", "coordinates": [ [ [ -73.923758961984518, 40.814423961581497 ], [ -73.923713977617467, 40.814367510777039 ] ] ] } },
{ "type": "Feature", "properties": { "Street": "EAST 143 STREET", "FeatureTyp": "0", "NonPed": " ", "TrafDir": "T", "SegmentID": "9002378", "PhysicalID": 151553.0, "StreetWidth_Min": 44.0, "StreetWidth_Max": 45.0, "Snow_Priority": "S", "Number_Travel_Lanes": " 2", "Number_Park_Lanes": " 2", "TRUCK_ROUTE_TYPE": " " }, "geometry": { "type": "MultiLineString", "coordinates": [ [ [ -73.923758961984518, 40.814423961581497 ], [ -73.923713977617467, 40.814367510777039 ] ] ] } },
{ "type": "Feature", "properties": { "Street": "EAST 143 STREET", "FeatureTyp": "0", "NonPed": " ", "TrafDir": "T", "SegmentID": "9002379", "PhysicalID": 151553.0, "StreetWidth_Min": 44.0, "StreetWidth_Max": 45.0, "Snow_Priority": "S", "Number_Travel_Lanes": " 2", "Number_Park_Lanes": " 2", "TRUCK_ROUTE_TYPE": " " }, "geometry": { "type": "MultiLineString", "coordinates": [ [ [ -73.923713977617467, 40.814367510777039 ], [ -73.923683972209034, 40.81432985694191 ] ] ] } },
{ "type": "Feature", "properties": { "Street": "EAST 143 STREET", "FeatureTyp": "0", "NonPed": " ", "TrafDir": "T", "SegmentID": "9002380", "PhysicalID": 151553.0, "StreetWidth_Min": 44.0, "StreetWidth_Max": 45.0, "Snow_Priority": "S", "Number_Travel_Lanes": " 2", "Number_Park_Lanes": " 2", "TRUCK_ROUTE_TYPE": " " }, "geometry": { "type": "MultiLineString", "coordinates": [ [ [ -73.923683972209034, 40.81432985694191 ], [ -73.923659103849346, 40.814298649460149 ] ] ] } },
{ "type": "Feature", "properties": { "Street": "3 AVENUE", "FeatureTyp": "0", "NonPed": " ", "TrafDir": "T", "SegmentID": "9002387", "PhysicalID": 36002.0, "StreetWidth_Min": 50.0, "StreetWidth_Max": 52.0, "Snow_Priority": "C", "Number_Travel_Lanes": " 2", "Number_Park_Lanes": " 2", "TRUCK_ROUTE_TYPE": "2" }, "geometry": { "type": "MultiLineString", "coordinates": [ [ [ -73.922087646240513, 40.813731535573233 ], [ -73.922013950492058, 40.813771456587943 ] ] ] } },
{ "type": "Feature", "properties": { "Street": "EAST 145 STREET", "FeatureTyp": "0", "NonPed": " ", "TrafDir": "A", "SegmentID": "9002397", "PhysicalID": 151456.0, "StreetWidth_Min": 30.0, "StreetWidth_Max": 30.0, "Snow_Priority": "H", "Number_Travel_Lanes": " 1", "Number_Park_Lanes": " 2", "TRUCK_ROUTE_TYPE": " " }, "geometry": { "type": "MultiLineString", "coordinates": [ [ [ -73.921436296231249, 40.814398933837268 ], [ -73.921244447743277, 40.814188289371252 ] ] ] } },
{ "type": "Feature", "properties": { "Street": "EAST 145 STREET", "FeatureTyp": "0", "NonPed": " ", "TrafDir": "A", "SegmentID": "9002396", "PhysicalID": 151456.0, "StreetWidth_Min": 30.0, "StreetWidth_Max": 30.0, "Snow_Priority": "H", "Number_Travel_Lanes": " 1", "Number_Park_Lanes": " 2", "TRUCK_ROUTE_TYPE": " " }, "geometry": { "type": "MultiLineString", "coordinates": [ [ [ -73.92146327380496, 40.81442855404147 ], [ -73.921436296231249, 40.814398933837268 ] ] ] } },
{ "type": "Feature", "properties": { "Street": "EAST 145 STREET", "FeatureTyp": "0", "NonPed": " ", "TrafDir": "A", "SegmentID": "9002396", "PhysicalID": 151456.0, "StreetWidth_Min": 30.0, "StreetWidth_Max": 30.0, "Snow_Priority": "H", "Number_Travel_Lanes": " 1", "Number_Park_Lanes": " 2", "TRUCK_ROUTE_TYPE": " " }, "geometry": { "type": "MultiLineString", "coordinates": [ [ [ -73.92146327380496, 40.81442855404147 ], [ -73.921436296231249, 40.814398933837268 ] ] ] } },
{ "type": "Feature", "properties": { "Street": "EAST 141 STREET", "FeatureTyp": "0", "NonPed": " ", "TrafDir": "A", "SegmentID": "9003025", "PhysicalID": 151367.0, "StreetWidth_Min": 40.0, "StreetWidth_Max": 40.0, "Snow_Priority": "S", "Number_Travel_Lanes": " 2", "Number_Park_Lanes": " 2", "TRUCK_ROUTE_TYPE": " " }, "geometry": { "type": "MultiLineString", "coordinates": [ [ [ -73.922620505185265, 40.811512883931968 ], [ -73.922556677699845, 40.81148595761109 ] ] ] } },
{ "type": "Feature", "properties": { "Street": "EAST 141 STREET", "FeatureTyp": "0", "NonPed": " ", "TrafDir": "A", "SegmentID": "9003025", "PhysicalID": 151367.0, "StreetWidth_Min": 40.0, "StreetWidth_Max": 40.0, "Snow_Priority": "S", "Number_Travel_Lanes": " 2", "Number_Park_Lanes": " 2", "TRUCK_ROUTE_TYPE": " " }, "geometry": { "type": "MultiLineString", "coordinates": [ [ [ -73.922620505185265, 40.811512883931968 ], [ -73.922556677699845, 40.81148595761109 ] ] ] } },
{ "type": "Feature", "properties": { "Street": "EAST 141 STREET", "FeatureTyp": "0", "NonPed": " ", "TrafDir": "A", "SegmentID": "9003025", "PhysicalID": 151367.0, "StreetWidth_Min": 40.0, "StreetWidth_Max": 40.0, "Snow_Priority": "S", "Number_Travel_Lanes": " 2", "Number_Park_Lanes": " 2", "TRUCK_ROUTE_TYPE": " " }, "geometry": { "type": "MultiLineString", "coordinates": [ [ [ -73.922620505185265, 40.811512883931968 ], [ -73.922556677699845, 40.81148595761109 ] ] ] } },
{ "type": "Feature", "properties": { "Street": "EAST 141 STREET", "FeatureTyp": "0", "NonPed": " ", "TrafDir": "A", "SegmentID": "9003026", "PhysicalID": 151367.0, "StreetWidth_Min": 40.0, "StreetWidth_Max": 40.0, "Snow_Priority": "S", "Number_Travel_Lanes": " 2", "Number_Park_Lanes": " 2", "TRUCK_ROUTE_TYPE": " " }, "geometry": { "type": "MultiLineString", "coordinates": [ [ [ -73.922556677699845, 40.81148595761109 ], [ -73.922513616237978, 40.811467791547791 ] ] ] } },
{ "type": "Feature", "properties": { "Street": "EAST 141 STREET", "FeatureTyp": "0", "NonPed": " ", "TrafDir": "A", "SegmentID": "9003028", "PhysicalID": 151367.0, "StreetWidth_Min": 40.0, "StreetWidth_Max": 40.0, "Snow_Priority": "S", "Number_Travel_Lanes": " 2", "Number_Park_Lanes": " 2", "TRUCK_ROUTE_TYPE": " " }, "geometry": { "type": "MultiLineString", "coordinates": [ [ [ -73.922513616237978, 40.811467791547791 ], [ -73.92242476584947, 40.811430308870996 ] ] ] } },
{ "type": "Feature", "properties": { "Street": "EAST 141 STREET", "FeatureTyp": "0", "NonPed": " ", "TrafDir": "A", "SegmentID": "9003029", "PhysicalID": 151367.0, "StreetWidth_Min": 40.0, "StreetWidth_Max": 40.0, "Snow_Priority": "S", "Number_Travel_Lanes": " 2", "Number_Park_Lanes": " 2", "TRUCK_ROUTE_TYPE": " " }, "geometry": { "type": "MultiLineString", "coordinates": [ [ [ -73.92242476584947, 40.811430308870996 ], [ -73.922369377482354, 40.811406942265933 ] ] ] } },
{ "type": "Feature", "properties": { "Street": "EAST 141 STREET", "FeatureTyp": "0", "NonPed": " ", "TrafDir": "A", "SegmentID": "9003030", "PhysicalID": 151367.0, "StreetWidth_Min": 40.0, "StreetWidth_Max": 40.0, "Snow_Priority": "S", "Number_Travel_Lanes": " 2", "Number_Park_Lanes": " 2", "TRUCK_ROUTE_TYPE": " " }, "geometry": { "type": "MultiLineString", "coordinates": [ [ [ -73.922369377482354, 40.811406942265933 ], [ -73.922310964100618, 40.811382299220874 ] ] ] } },
{ "type": "Feature", "properties": { "Street": "EAST 141 STREET", "FeatureTyp": "0", "NonPed": " ", "TrafDir": "A", "SegmentID": "9003032", "PhysicalID": 151367.0, "StreetWidth_Min": 40.0, "StreetWidth_Max": 40.0, "Snow_Priority": "S", "Number_Travel_Lanes": " 2", "Number_Park_Lanes": " 2", "TRUCK_ROUTE_TYPE": " " }, "geometry": { "type": "MultiLineString", "coordinates": [ [ [ -73.922310964100618, 40.811382299220874 ], [ -73.922252550761542, 40.811357656695016 ] ] ] } },
{ "type": "Feature", "properties": { "Street": "EAST 141 STREET", "FeatureTyp": "0", "NonPed": " ", "TrafDir": "A", "SegmentID": "9003032", "PhysicalID": 151367.0, "StreetWidth_Min": 40.0, "StreetWidth_Max": 40.0, "Snow_Priority": "S", "Number_Travel_Lanes": " 2", "Number_Park_Lanes": " 2", "TRUCK_ROUTE_TYPE": " " }, "geometry": { "type": "MultiLineString", "coordinates": [ [ [ -73.922310964100618, 40.811382299220874 ], [ -73.922252550761542, 40.811357656695016 ] ] ] } },
{ "type": "Feature", "properties": { "Street": "EAST 141 STREET", "FeatureTyp": "0", "NonPed": " ", "TrafDir": "A", "SegmentID": "9003033", "PhysicalID": 151367.0, "StreetWidth_Min": 40.0, "StreetWidth_Max": 40.0, "Snow_Priority": "S", "Number_Travel_Lanes": " 2", "Number_Park_Lanes": " 2", "TRUCK_ROUTE_TYPE": " " }, "geometry": { "type": "MultiLineString", "coordinates": [ [ [ -73.922252550761542, 40.811357656695016 ], [ -73.922114039057007, 40.811299222468016 ] ] ] } },
{ "type": "Feature", "properties": { "Street": "EAST 141 STREET", "FeatureTyp": "0", "NonPed": " ", "TrafDir": "A", "SegmentID": "9003035", "PhysicalID": 151367.0, "StreetWidth_Min": 40.0, "StreetWidth_Max": 40.0, "Snow_Priority": "S", "Number_Travel_Lanes": " 2", "Number_Park_Lanes": " 2", "TRUCK_ROUTE_TYPE": " " }, "geometry": { "type": "MultiLineString", "coordinates": [ [ [ -73.922114039057007, 40.811299222468016 ], [ -73.922075190802005, 40.811282833275527 ] ] ] } },
{ "type": "Feature", "properties": { "Street": "EAST 141 STREET", "FeatureTyp": "0", "NonPed": " ", "TrafDir": "A", "SegmentID": "9003035", "PhysicalID": 151367.0, "StreetWidth_Min": 40.0, "StreetWidth_Max": 40.0, "Snow_Priority": "S", "Number_Travel_Lanes": " 2", "Number_Park_Lanes": " 2", "TRUCK_ROUTE_TYPE": " " }, "geometry": { "type": "MultiLineString", "coordinates": [ [ [ -73.922114039057007, 40.811299222468016 ], [ -73.922075190802005, 40.811282833275527 ] ] ] } },
{ "type": "Feature", "properties": { "Street": "EAST 141 STREET", "FeatureTyp": "0", "NonPed": " ", "TrafDir": "A", "SegmentID": "9003035", "PhysicalID": 151367.0, "StreetWidth_Min": 40.0, "StreetWidth_Max": 40.0, "Snow_Priority": "S", "Number_Travel_Lanes": " 2", "Number_Park_Lanes": " 2", "TRUCK_ROUTE_TYPE": " " }, "geometry": { "type": "MultiLineString", "coordinates": [ [ [ -73.922114039057007, 40.811299222468016 ], [ -73.922075190802005, 40.811282833275527 ] ] ] } },
{ "type": "Feature", "properties": { "Street": "ALEXANDER AVENUE", "FeatureTyp": "0", "NonPed": " ", "TrafDir": "T", "SegmentID": "9003041", "PhysicalID": 63174.0, "StreetWidth_Min": 62.0, "StreetWidth_Max": 65.0, "Snow_Priority": "C", "Number_Travel_Lanes": " 2", "Number_Park_Lanes": " 2", "TRUCK_ROUTE_TYPE": " " }, "geometry": { "type": "MultiLineString", "coordinates": [ [ [ -73.923308412935583, 40.812550280098158 ], [ -73.923273041490006, 40.812598730011906 ] ] ] } },
{ "type": "Feature", "properties": { "Street": "ALEXANDER AVENUE", "FeatureTyp": "0", "NonPed": " ", "TrafDir": "T", "SegmentID": "9003041", "PhysicalID": 63174.0, "StreetWidth_Min": 62.0, "StreetWidth_Max": 65.0, "Snow_Priority": "C", "Number_Travel_Lanes": " 2", "Number_Park_Lanes": " 2", "TRUCK_ROUTE_TYPE": " " }, "geometry": { "type": "MultiLineString", "coordinates": [ [ [ -73.923308412935583, 40.812550280098158 ], [ -73.923273041490006, 40.812598730011906 ] ] ] } },
{ "type": "Feature", "properties": { "Street": "EAST 143 STREET", "FeatureTyp": "0", "NonPed": " ", "TrafDir": "A", "SegmentID": "9003047", "PhysicalID": 151364.0, "StreetWidth_Min": 50.0, "StreetWidth_Max": 50.0, "Snow_Priority": "C", "Number_Travel_Lanes": " 2", "Number_Park_Lanes": " 2", "TRUCK_ROUTE_TYPE": " " }, "geometry": { "type": "MultiLineString", "coordinates": [ [ [ -73.922659436875549, 40.813122733843343 ], [ -73.922143607829511, 40.812908868123372 ] ] ] } },
{ "type": "Feature", "properties": { "Street": "EAST 143 STREET", "FeatureTyp": "0", "NonPed": " ", "TrafDir": "A", "SegmentID": "9003048", "PhysicalID": 89769.0, "StreetWidth_Min": 50.0, "StreetWidth_Max": 50.0, "Snow_Priority": "C", "Number_Travel_Lanes": " 2", "Number_Park_Lanes": " 2", "TRUCK_ROUTE_TYPE": " " }, "geometry": { "type": "MultiLineString", "coordinates": [ [ [ -73.922143607829511, 40.812908868123372 ], [ -73.922087827892113, 40.812885741288227 ] ] ] } },
{ "type": "Feature", "properties": { "Street": "EAST 143 STREET", "FeatureTyp": "0", "NonPed": " ", "TrafDir": "A", "SegmentID": "9003048", "PhysicalID": 89769.0, "StreetWidth_Min": 50.0, "StreetWidth_Max": 50.0, "Snow_Priority": "C", "Number_Travel_Lanes": " 2", "Number_Park_Lanes": " 2", "TRUCK_ROUTE_TYPE": " " }, "geometry": { "type": "MultiLineString", "coordinates": [ [ [ -73.922143607829511, 40.812908868123372 ], [ -73.922087827892113, 40.812885741288227 ] ] ] } },
{ "type": "Feature", "properties": { "Street": "EAST 143 STREET", "FeatureTyp": "0", "NonPed": " ", "TrafDir": "A", "SegmentID": "9003048", "PhysicalID": 89769.0, "StreetWidth_Min": 50.0, "StreetWidth_Max": 50.0, "Snow_Priority": "C", "Number_Travel_Lanes": " 2", "Number_Park_Lanes": " 2", "TRUCK_ROUTE_TYPE": " " }, "geometry": { "type": "MultiLineString", "coordinates": [ [ [ -73.922143607829511, 40.812908868123372 ], [ -73.922087827892113, 40.812885741288227 ] ] ] } },
{ "type": "Feature", "properties": { "Street": "EAST 143 STREET", "FeatureTyp": "0", "NonPed": " ", "TrafDir": "A", "SegmentID": "9003049", "PhysicalID": 89769.0, "StreetWidth_Min": 50.0, "StreetWidth_Max": 50.0, "Snow_Priority": "C", "Number_Travel_Lanes": " 2", "Number_Park_Lanes": " 2", "TRUCK_ROUTE_TYPE": " " }, "geometry": { "type": "MultiLineString", "coordinates": [ [ [ -73.922087827892113, 40.812885741288227 ], [ -73.921798120924223, 40.81276562547842 ] ] ] } },
{ "type": "Feature", "properties": { "Street": "EAST 143 STREET", "FeatureTyp": "0", "NonPed": " ", "TrafDir": "A", "SegmentID": "9003051", "PhysicalID": 89769.0, "StreetWidth_Min": 50.0, "StreetWidth_Max": 50.0, "Snow_Priority": "C", "Number_Travel_Lanes": " 2", "Number_Park_Lanes": " 2", "TRUCK_ROUTE_TYPE": " " }, "geometry": { "type": "MultiLineString", "coordinates": [ [ [ -73.921798120924223, 40.81276562547842 ], [ -73.921747349409841, 40.812744575238298 ] ] ] } },
{ "type": "Feature", "properties": { "Street": "EAST 143 STREET", "FeatureTyp": "0", "NonPed": " ", "TrafDir": "A", "SegmentID": "9003052", "PhysicalID": 89769.0, "StreetWidth_Min": 50.0, "StreetWidth_Max": 50.0, "Snow_Priority": "C", "Number_Travel_Lanes": " 2", "Number_Park_Lanes": " 2", "TRUCK_ROUTE_TYPE": " " }, "geometry": { "type": "MultiLineString", "coordinates": [ [ [ -73.921747349409841, 40.812744575238298 ], [ -73.921650520013827, 40.812704428842764 ] ] ] } },
{ "type": "Feature", "properties": { "Street": "EAST 143 STREET", "FeatureTyp": "0", "NonPed": " ", "TrafDir": "A", "SegmentID": "9003054", "PhysicalID": 89769.0, "StreetWidth_Min": 50.0, "StreetWidth_Max": 50.0, "Snow_Priority": "C", "Number_Travel_Lanes": " 2", "Number_Park_Lanes": " 2", "TRUCK_ROUTE_TYPE": " " }, "geometry": { "type": "MultiLineString", "coordinates": [ [ [ -73.921650520013827, 40.812704428842764 ], [ -73.921599906023999, 40.812683443419935 ] ] ] } },
{ "type": "Feature", "properties": { "Street": "EAST 143 STREET", "FeatureTyp": "0", "NonPed": " ", "TrafDir": "A", "SegmentID": "9003054", "PhysicalID": 89769.0, "StreetWidth_Min": 50.0, "StreetWidth_Max": 50.0, "Snow_Priority": "C", "Number_Travel_Lanes": " 2", "Number_Park_Lanes": " 2", "TRUCK_ROUTE_TYPE": " " }, "geometry": { "type": "MultiLineString", "coordinates": [ [ [ -73.921650520013827, 40.812704428842764 ], [ -73.921599906023999, 40.812683443419935 ] ] ] } },
{ "type": "Feature", "properties": { "Street": "EAST 143 STREET", "FeatureTyp": "0", "NonPed": " ", "TrafDir": "A", "SegmentID": "9003055", "PhysicalID": 89769.0, "StreetWidth_Min": 50.0, "StreetWidth_Max": 50.0, "Snow_Priority": "C", "Number_Travel_Lanes": " 2", "Number_Park_Lanes": " 2", "TRUCK_ROUTE_TYPE": " " }, "geometry": { "type": "MultiLineString", "coordinates": [ [ [ -73.921599906023999, 40.812683443419935 ], [ -73.921357494146378, 40.812582935108615 ] ] ] } },
{ "type": "Feature", "properties": { "Street": "EAST 143 STREET", "FeatureTyp": "0", "NonPed": " ", "TrafDir": "A", "SegmentID": "9003055", "PhysicalID": 89769.0, "StreetWidth_Min": 50.0, "StreetWidth_Max": 50.0, "Snow_Priority": "C", "Number_Travel_Lanes": " 2", "Number_Park_Lanes": " 2", "TRUCK_ROUTE_TYPE": " " }, "geometry": { "type": "MultiLineString", "coordinates": [ [ [ -73.921599906023999, 40.812683443419935 ], [ -73.921357494146378, 40.812582935108615 ] ] ] } },
{ "type": "Feature", "properties": { "Street": "EAST 143 STREET", "FeatureTyp": "0", "NonPed": " ", "TrafDir": "A", "SegmentID": "9003057", "PhysicalID": 89769.0, "StreetWidth_Min": 50.0, "StreetWidth_Max": 50.0, "Snow_Priority": "C", "Number_Travel_Lanes": " 2", "Number_Park_Lanes": " 2", "TRUCK_ROUTE_TYPE": " " }, "geometry": { "type": "MultiLineString", "coordinates": [ [ [ -73.921357494146378, 40.812582935108615 ], [ -73.921308895157807, 40.812562785327572 ] ] ] } },
{ "type": "Feature", "properties": { "Street": "EAST 143 STREET", "FeatureTyp": "0", "NonPed": " ", "TrafDir": "A", "SegmentID": "9003057", "PhysicalID": 89769.0, "StreetWidth_Min": 50.0, "StreetWidth_Max": 50.0, "Snow_Priority": "C", "Number_Travel_Lanes": " 2", "Number_Park_Lanes": " 2", "TRUCK_ROUTE_TYPE": " " }, "geometry": { "type": "MultiLineString", "coordinates": [ [ [ -73.921357494146378, 40.812582935108615 ], [ -73.921308895157807, 40.812562785327572 ] ] ] } },
{ "type": "Feature", "properties": { "Street": "EAST 143 STREET", "FeatureTyp": "0", "NonPed": " ", "TrafDir": "A", "SegmentID": "9003057", "PhysicalID": 89769.0, "StreetWidth_Min": 50.0, "StreetWidth_Max": 50.0, "Snow_Priority": "C", "Number_Travel_Lanes": " 2", "Number_Park_Lanes": " 2", "TRUCK_ROUTE_TYPE": " " }, "geometry": { "type": "MultiLineString", "coordinates": [ [ [ -73.921357494146378, 40.812582935108615 ], [ -73.921308895157807, 40.812562785327572 ] ] ] } },
{ "type": "Feature", "properties": { "Street": "EAST 138 STREET", "FeatureTyp": "0", "NonPed": " ", "TrafDir": "T", "SegmentID": "9004571", "PhysicalID": 57262.0, "StreetWidth_Min": 50.0, "StreetWidth_Max": 60.0, "Snow_Priority": "C", "Number_Travel_Lanes": " 2", "Number_Park_Lanes": " 2", "TRUCK_ROUTE_TYPE": "2" }, "geometry": { "type": "MultiLineString", "coordinates": [ [ [ -73.927142998495341, 40.810949808818982 ], [ -73.926377050729457, 40.81060851790901 ] ] ] } },
{ "type": "Feature", "properties": { "Street": "EAST 138 STREET", "FeatureTyp": "0", "NonPed": " ", "TrafDir": "T", "SegmentID": "9004572", "PhysicalID": 57262.0, "StreetWidth_Min": 50.0, "StreetWidth_Max": 60.0, "Snow_Priority": "C", "Number_Travel_Lanes": " 2", "Number_Park_Lanes": " 2", "TRUCK_ROUTE_TYPE": "2" }, "geometry": { "type": "MultiLineString", "coordinates": [ [ [ -73.926377050729457, 40.81060851790901 ], [ -73.926233601510575, 40.810545970308596 ] ] ] } },
{ "type": "Feature", "properties": { "Street": "EAST 138 STREET", "FeatureTyp": "0", "NonPed": " ", "TrafDir": "T", "SegmentID": "9004572", "PhysicalID": 57262.0, "StreetWidth_Min": 50.0, "StreetWidth_Max": 60.0, "Snow_Priority": "C", "Number_Travel_Lanes": " 2", "Number_Park_Lanes": " 2", "TRUCK_ROUTE_TYPE": "2" }, "geometry": { "type": "MultiLineString", "coordinates": [ [ [ -73.926377050729457, 40.81060851790901 ], [ -73.926233601510575, 40.810545970308596 ] ] ] } },
{ "type": "Feature", "properties": { "Street": "EAST 138 STREET", "FeatureTyp": "0", "NonPed": " ", "TrafDir": "T", "SegmentID": "9004575", "PhysicalID": 151199.0, "StreetWidth_Min": 50.0, "StreetWidth_Max": 60.0, "Snow_Priority": "C", "Number_Travel_Lanes": " 2", "Number_Park_Lanes": " 2", "TRUCK_ROUTE_TYPE": "2" }, "geometry": { "type": "MultiLineString", "coordinates": [ [ [ -73.925622861262738, 40.810268571642574 ], [ -73.925142339823466, 40.810053211821234 ] ] ] } },
{ "type": "Feature", "properties": { "Street": "EAST 138 STREET", "FeatureTyp": "0", "NonPed": " ", "TrafDir": "T", "SegmentID": "9004574", "PhysicalID": 151199.0, "StreetWidth_Min": 50.0, "StreetWidth_Max": 60.0, "Snow_Priority": "C", "Number_Travel_Lanes": " 2", "Number_Park_Lanes": " 2", "TRUCK_ROUTE_TYPE": "2" }, "geometry": { "type": "MultiLineString", "coordinates": [ [ [ -73.925688756865043, 40.810298472884625 ], [ -73.925622861262738, 40.810268571642574 ] ] ] } },
{ "type": "Feature", "properties": { "Street": "EAST 137 STREET", "FeatureTyp": "0", "NonPed": " ", "TrafDir": "T", "SegmentID": "9004576", "PhysicalID": 102923.0, "StreetWidth_Min": 35.0, "StreetWidth_Max": 70.0, "Snow_Priority": "H", "Number_Travel_Lanes": " 2", "Number_Park_Lanes": " 2", "TRUCK_ROUTE_TYPE": " " }, "geometry": { "type": "MultiLineString", "coordinates": [ [ [ -73.92563785528796, 40.809379829061896 ], [ -73.925321437585197, 40.809242608462739 ] ] ] } },
{ "type": "Feature", "properties": { "Street": "EAST 137 STREET", "FeatureTyp": "0", "NonPed": " ", "TrafDir": "T", "SegmentID": "9004577", "PhysicalID": 102923.0, "StreetWidth_Min": 35.0, "StreetWidth_Max": 70.0, "Snow_Priority": "H", "Number_Travel_Lanes": " 2", "Number_Park_Lanes": " 2", "TRUCK_ROUTE_TYPE": " " }, "geometry": { "type": "MultiLineString", "coordinates": [ [ [ -73.925321437585197, 40.809242608462739 ], [ -73.925260534461628, 40.809216196589993 ] ] ] } },
{ "type": "Feature", "properties": { "Street": "EAST 137 STREET", "FeatureTyp": "0", "NonPed": " ", "TrafDir": "T", "SegmentID": "9004577", "PhysicalID": 102923.0, "StreetWidth_Min": 35.0, "StreetWidth_Max": 70.0, "Snow_Priority": "H", "Number_Travel_Lanes": " 2", "Number_Park_Lanes": " 2", "TRUCK_ROUTE_TYPE": " " }, "geometry": { "type": "MultiLineString", "coordinates": [ [ [ -73.925321437585197, 40.809242608462739 ], [ -73.925260534461628, 40.809216196589993 ] ] ] } },
{ "type": "Feature", "properties": { "Street": "EAST 137 STREET", "FeatureTyp": "0", "NonPed": " ", "TrafDir": "T", "SegmentID": "9004580", "PhysicalID": 102923.0, "StreetWidth_Min": 35.0, "StreetWidth_Max": 70.0, "Snow_Priority": "H", "Number_Travel_Lanes": " 2", "Number_Park_Lanes": " 2", "TRUCK_ROUTE_TYPE": " " }, "geometry": { "type": "MultiLineString", "coordinates": [ [ [ -73.924976680140546, 40.809093096067933 ], [ -73.924738580226631, 40.808989843277239 ] ] ] } },
{ "type": "Feature", "properties": { "Street": "EAST 137 STREET", "FeatureTyp": "0", "NonPed": " ", "TrafDir": "T", "SegmentID": "9004580", "PhysicalID": 102923.0, "StreetWidth_Min": 35.0, "StreetWidth_Max": 70.0, "Snow_Priority": "H", "Number_Travel_Lanes": " 2", "Number_Park_Lanes": " 2", "TRUCK_ROUTE_TYPE": " " }, "geometry": { "type": "MultiLineString", "coordinates": [ [ [ -73.924976680140546, 40.809093096067933 ], [ -73.924738580226631, 40.808989843277239 ] ] ] } },
{ "type": "Feature", "properties": { "Street": "EAST 135 STREET", "FeatureTyp": "0", "NonPed": " ", "TrafDir": "A", "SegmentID": "9004586", "PhysicalID": 146360.0, "StreetWidth_Min": 50.0, "StreetWidth_Max": 50.0, "Snow_Priority": "C", "Number_Travel_Lanes": " 4", "Number_Park_Lanes": "  ", "TRUCK_ROUTE_TYPE": "3" }, "geometry": { "type": "MultiLineString", "coordinates": [ [ [ -73.925359179533018, 40.807650820129332 ], [ -73.924763132778892, 40.807389403315348 ] ] ] } },
{ "type": "Feature", "properties": { "Street": "EAST 135 STREET", "FeatureTyp": "0", "NonPed": " ", "TrafDir": "A", "SegmentID": "9004586", "PhysicalID": 146360.0, "StreetWidth_Min": 50.0, "StreetWidth_Max": 50.0, "Snow_Priority": "C", "Number_Travel_Lanes": " 4", "Number_Park_Lanes": "  ", "TRUCK_ROUTE_TYPE": "3" }, "geometry": { "type": "MultiLineString", "coordinates": [ [ [ -73.925359179533018, 40.807650820129332 ], [ -73.924763132778892, 40.807389403315348 ] ] ] } },
{ "type": "Feature", "properties": { "Street": "EAST 135 STREET", "FeatureTyp": "0", "NonPed": " ", "TrafDir": "A", "SegmentID": "9004586", "PhysicalID": 146360.0, "StreetWidth_Min": 50.0, "StreetWidth_Max": 50.0, "Snow_Priority": "C", "Number_Travel_Lanes": " 4", "Number_Park_Lanes": "  ", "TRUCK_ROUTE_TYPE": "3" }, "geometry": { "type": "MultiLineString", "coordinates": [ [ [ -73.925359179533018, 40.807650820129332 ], [ -73.924763132778892, 40.807389403315348 ] ] ] } },
{ "type": "Feature", "properties": { "Street": "EAST 135 STREET", "FeatureTyp": "0", "NonPed": " ", "TrafDir": "A", "SegmentID": "9004585", "PhysicalID": 146360.0, "StreetWidth_Min": 50.0, "StreetWidth_Max": 50.0, "Snow_Priority": "C", "Number_Travel_Lanes": " 4", "Number_Park_Lanes": "  ", "TRUCK_ROUTE_TYPE": "3" }, "geometry": { "type": "MultiLineString", "coordinates": [ [ [ -73.925411872066348, 40.807673929682359 ], [ -73.925359179533018, 40.807650820129332 ] ] ] } },
{ "type": "Feature", "properties": { "Street": "WILLIS AVENUE", "FeatureTyp": "0", "NonPed": " ", "TrafDir": "T", "SegmentID": "9004587", "PhysicalID": 169020.0, "StreetWidth_Min": 70.0, "StreetWidth_Max": 70.0, "Snow_Priority": "C", "Number_Travel_Lanes": " 4", "Number_Park_Lanes": " 2", "TRUCK_ROUTE_TYPE": "2" }, "geometry": { "type": "MultiLineString", "coordinates": [ [ [ -73.924279807978365, 40.807186717759876 ], [ -73.92407160275171, 40.807479539031206 ] ] ] } },
{ "type": "Feature", "properties": { "Street": "WILLIS AVENUE", "FeatureTyp": "0", "NonPed": " ", "TrafDir": "T", "SegmentID": "9004588", "PhysicalID": 169020.0, "StreetWidth_Min": 70.0, "StreetWidth_Max": 70.0, "Snow_Priority": "C", "Number_Travel_Lanes": " 4", "Number_Park_Lanes": " 2", "TRUCK_ROUTE_TYPE": "2" }, "geometry": { "type": "MultiLineString", "coordinates": [ [ [ -73.92407160275171, 40.807479539031206 ], [ -73.924035950869182, 40.807529679782355 ] ] ] } },
{ "type": "Feature", "properties": { "Street": "WILLIS AVENUE", "FeatureTyp": "0", "NonPed": " ", "TrafDir": "T", "SegmentID": "9004588", "PhysicalID": 169020.0, "StreetWidth_Min": 70.0, "StreetWidth_Max": 70.0, "Snow_Priority": "C", "Number_Travel_Lanes": " 4", "Number_Park_Lanes": " 2", "TRUCK_ROUTE_TYPE": "2" }, "geometry": { "type": "MultiLineString", "coordinates": [ [ [ -73.92407160275171, 40.807479539031206 ], [ -73.924035950869182, 40.807529679782355 ] ] ] } },
{ "type": "Feature", "properties": { "Street": "WILLIS AVENUE", "FeatureTyp": "0", "NonPed": " ", "TrafDir": "T", "SegmentID": "9004589", "PhysicalID": 169020.0, "StreetWidth_Min": 70.0, "StreetWidth_Max": 70.0, "Snow_Priority": "C", "Number_Travel_Lanes": " 4", "Number_Park_Lanes": " 2", "TRUCK_ROUTE_TYPE": "2" }, "geometry": { "type": "MultiLineString", "coordinates": [ [ [ -73.924035950869182, 40.807529679782355 ], [ -73.92399898484112, 40.80758166905138 ] ] ] } },
{ "type": "Feature", "properties": { "Street": "WILLIS AVENUE", "FeatureTyp": "0", "NonPed": " ", "TrafDir": "T", "SegmentID": "9004590", "PhysicalID": 169020.0, "StreetWidth_Min": 70.0, "StreetWidth_Max": 70.0, "Snow_Priority": "C", "Number_Travel_Lanes": " 4", "Number_Park_Lanes": " 2", "TRUCK_ROUTE_TYPE": "2" }, "geometry": { "type": "MultiLineString", "coordinates": [ [ [ -73.92399898484112, 40.80758166905138 ], [ -73.923972365068863, 40.807619106562555 ] ] ] } },
{ "type": "Feature", "properties": { "Street": "EAST 135 STREET", "FeatureTyp": "0", "NonPed": " ", "TrafDir": "A", "SegmentID": "9004563", "PhysicalID": 57306.0, "StreetWidth_Min": 50.0, "StreetWidth_Max": 50.0, "Snow_Priority": "C", "Number_Travel_Lanes": " 4", "Number_Park_Lanes": "  ", "TRUCK_ROUTE_TYPE": "3" }, "geometry": { "type": "MultiLineString", "coordinates": [ [ [ -73.928556021368493, 40.809046238920402 ], [ -73.92768910792239, 40.808668868671504 ] ] ] } },
{ "type": "Feature", "properties": { "Street": "EAST 135 STREET", "FeatureTyp": "0", "NonPed": " ", "TrafDir": "A", "SegmentID": "9004565", "PhysicalID": 57306.0, "StreetWidth_Min": 50.0, "StreetWidth_Max": 50.0, "Snow_Priority": "C", "Number_Travel_Lanes": " 4", "Number_Park_Lanes": "  ", "TRUCK_ROUTE_TYPE": "3" }, "geometry": { "type": "MultiLineString", "coordinates": [ [ [ -73.92768910792239, 40.808668868671504 ], [ -73.927555944967594, 40.808610901582412 ] ] ] } },
{ "type": "Feature", "properties": { "Street": "EAST 135 STREET", "FeatureTyp": "0", "NonPed": " ", "TrafDir": "A", "SegmentID": "9004565", "PhysicalID": 57306.0, "StreetWidth_Min": 50.0, "StreetWidth_Max": 50.0, "Snow_Priority": "C", "Number_Travel_Lanes": " 4", "Number_Park_Lanes": "  ", "TRUCK_ROUTE_TYPE": "3" }, "geometry": { "type": "MultiLineString", "coordinates": [ [ [ -73.92768910792239, 40.808668868671504 ], [ -73.927555944967594, 40.808610901582412 ] ] ] } },
{ "type": "Feature", "properties": { "Street": "LINCOLN AVENUE", "FeatureTyp": "0", "NonPed": " ", "TrafDir": "T", "SegmentID": "9004567", "PhysicalID": 58242.0, "StreetWidth_Min": 62.0, "StreetWidth_Max": 66.0, "Snow_Priority": "C", "Number_Travel_Lanes": " 4", "Number_Park_Lanes": " 2", "TRUCK_ROUTE_TYPE": " " }, "geometry": { "type": "MultiLineString", "coordinates": [ [ [ -73.928134623206603, 40.809621557138009 ], [ -73.928101297783329, 40.809666377460751 ] ] ] } },
{ "type": "Feature", "properties": { "Street": "LINCOLN AVENUE", "FeatureTyp": "0", "NonPed": " ", "TrafDir": "T", "SegmentID": "9004568", "PhysicalID": 58242.0, "StreetWidth_Min": 62.0, "StreetWidth_Max": 66.0, "Snow_Priority": "C", "Number_Travel_Lanes": " 4", "Number_Park_Lanes": " 2", "TRUCK_ROUTE_TYPE": " " }, "geometry": { "type": "MultiLineString", "coordinates": [ [ [ -73.928101297783329, 40.809666377460751 ], [ -73.9279521802614, 40.809866930808056 ] ] ] } },
{ "type": "Feature", "properties": { "Street": "LINCOLN AVENUE", "FeatureTyp": "0", "NonPed": " ", "TrafDir": "T", "SegmentID": "9004569", "PhysicalID": 58242.0, "StreetWidth_Min": 62.0, "StreetWidth_Max": 66.0, "Snow_Priority": "C", "Number_Travel_Lanes": " 4", "Number_Park_Lanes": " 2", "TRUCK_ROUTE_TYPE": " " }, "geometry": { "type": "MultiLineString", "coordinates": [ [ [ -73.9279521802614, 40.809866930808056 ], [ -73.92790667531348, 40.809928131107895 ] ] ] } },
{ "type": "Feature", "properties": { "Street": "WILLIS AVENUE", "FeatureTyp": "0", "NonPed": " ", "TrafDir": "T", "SegmentID": "9004592", "PhysicalID": 62169.0, "StreetWidth_Min": 70.0, "StreetWidth_Max": 72.0, "Snow_Priority": "C", "Number_Travel_Lanes": " 4", "Number_Park_Lanes": " 2", "TRUCK_ROUTE_TYPE": "2" }, "geometry": { "type": "MultiLineString", "coordinates": [ [ [ -73.923372861722484, 40.808431671822383 ], [ -73.923296243968295, 40.808539097142933 ] ] ] } },
{ "type": "Feature", "properties": { "Street": "WILLIS AVENUE", "FeatureTyp": "0", "NonPed": " ", "TrafDir": "T", "SegmentID": "9004593", "PhysicalID": 62169.0, "StreetWidth_Min": 70.0, "StreetWidth_Max": 72.0, "Snow_Priority": "C", "Number_Travel_Lanes": " 4", "Number_Park_Lanes": " 2", "TRUCK_ROUTE_TYPE": "2" }, "geometry": { "type": "MultiLineString", "coordinates": [ [ [ -73.923296243968295, 40.808539097142933 ], [ -73.923237907110078, 40.808619750466391 ] ] ] } },
{ "type": "Feature", "properties": { "Street": "WILLIS AVENUE", "FeatureTyp": "0", "NonPed": " ", "TrafDir": "T", "SegmentID": "9004593", "PhysicalID": 62169.0, "StreetWidth_Min": 70.0, "StreetWidth_Max": 72.0, "Snow_Priority": "C", "Number_Travel_Lanes": " 4", "Number_Park_Lanes": " 2", "TRUCK_ROUTE_TYPE": "2" }, "geometry": { "type": "MultiLineString", "coordinates": [ [ [ -73.923296243968295, 40.808539097142933 ], [ -73.923237907110078, 40.808619750466391 ] ] ] } },
{ "type": "Feature", "properties": { "Street": "EAST 136 STREET", "FeatureTyp": "0", "NonPed": " ", "TrafDir": "W", "SegmentID": "9004736", "PhysicalID": 114343.0, "StreetWidth_Min": 32.0, "StreetWidth_Max": 34.0, "Snow_Priority": "S", "Number_Travel_Lanes": " 1", "Number_Park_Lanes": " 2", "TRUCK_ROUTE_TYPE": " " }, "geometry": { "type": "MultiLineString", "coordinates": [ [ [ -73.923837115871578, 40.807809318936172 ], [ -73.9232424188435, 40.807558584211527 ] ] ] } },
{ "type": "Feature", "properties": { "Street": "EAST 136 STREET", "FeatureTyp": "0", "NonPed": " ", "TrafDir": "W", "SegmentID": "9004736", "PhysicalID": 114343.0, "StreetWidth_Min": 32.0, "StreetWidth_Max": 34.0, "Snow_Priority": "S", "Number_Travel_Lanes": " 1", "Number_Park_Lanes": " 2", "TRUCK_ROUTE_TYPE": " " }, "geometry": { "type": "MultiLineString", "coordinates": [ [ [ -73.923837115871578, 40.807809318936172 ], [ -73.9232424188435, 40.807558584211527 ] ] ] } },
{ "type": "Feature", "properties": { "Street": "EAST 136 STREET", "FeatureTyp": "0", "NonPed": " ", "TrafDir": "W", "SegmentID": "9004737", "PhysicalID": 114343.0, "StreetWidth_Min": 32.0, "StreetWidth_Max": 34.0, "Snow_Priority": "S", "Number_Travel_Lanes": " 1", "Number_Park_Lanes": " 2", "TRUCK_ROUTE_TYPE": " " }, "geometry": { "type": "MultiLineString", "coordinates": [ [ [ -73.9232424188435, 40.807558584211527 ], [ -73.923217945979587, 40.807548266413534 ] ] ] } },
{ "type": "Feature", "properties": { "Street": "EAST 136 STREET", "FeatureTyp": "0", "NonPed": " ", "TrafDir": "W", "SegmentID": "9004738", "PhysicalID": 114343.0, "StreetWidth_Min": 32.0, "StreetWidth_Max": 34.0, "Snow_Priority": "S", "Number_Travel_Lanes": " 1", "Number_Park_Lanes": " 2", "TRUCK_ROUTE_TYPE": " " }, "geometry": { "type": "MultiLineString", "coordinates": [ [ [ -73.923217945979587, 40.807548266413534 ], [ -73.922774715582264, 40.807361389454279 ] ] ] } },
{ "type": "Feature", "properties": { "Street": "EAST 136 STREET", "FeatureTyp": "0", "NonPed": " ", "TrafDir": "W", "SegmentID": "9004739", "PhysicalID": 114343.0, "StreetWidth_Min": 32.0, "StreetWidth_Max": 34.0, "Snow_Priority": "S", "Number_Travel_Lanes": " 1", "Number_Park_Lanes": " 2", "TRUCK_ROUTE_TYPE": " " }, "geometry": { "type": "MultiLineString", "coordinates": [ [ [ -73.922774715582264, 40.807361389454279 ], [ -73.922738676977829, 40.807346194664063 ] ] ] } },
{ "type": "Feature", "properties": { "Street": "EAST 136 STREET", "FeatureTyp": "0", "NonPed": " ", "TrafDir": "W", "SegmentID": "9004740", "PhysicalID": 114343.0, "StreetWidth_Min": 32.0, "StreetWidth_Max": 34.0, "Snow_Priority": "S", "Number_Travel_Lanes": " 1", "Number_Park_Lanes": " 2", "TRUCK_ROUTE_TYPE": " " }, "geometry": { "type": "MultiLineString", "coordinates": [ [ [ -73.922738676977829, 40.807346194664063 ], [ -73.922698128873805, 40.807329098587104 ] ] ] } },
{ "type": "Feature", "properties": { "Street": "EAST 136 STREET", "FeatureTyp": "0", "NonPed": " ", "TrafDir": "W", "SegmentID": "9004741", "PhysicalID": 114343.0, "StreetWidth_Min": 32.0, "StreetWidth_Max": 34.0, "Snow_Priority": "S", "Number_Travel_Lanes": " 1", "Number_Park_Lanes": " 2", "TRUCK_ROUTE_TYPE": " " }, "geometry": { "type": "MultiLineString", "coordinates": [ [ [ -73.922698128873805, 40.807329098587104 ], [ -73.922663829843003, 40.807314637232437 ] ] ] } },
{ "type": "Feature", "properties": { "Street": "EAST 136 STREET", "FeatureTyp": "0", "NonPed": " ", "TrafDir": "W", "SegmentID": "9004742", "PhysicalID": 114343.0, "StreetWidth_Min": 32.0, "StreetWidth_Max": 34.0, "Snow_Priority": "S", "Number_Travel_Lanes": " 1", "Number_Park_Lanes": " 2", "TRUCK_ROUTE_TYPE": " " }, "geometry": { "type": "MultiLineString", "coordinates": [ [ [ -73.922663829843003, 40.807314637232437 ], [ -73.922612365799637, 40.807292938583423 ] ] ] } },
{ "type": "Feature", "properties": { "Street": "EAST 136 STREET", "FeatureTyp": "0", "NonPed": " ", "TrafDir": "W", "SegmentID": "9004743", "PhysicalID": 114343.0, "StreetWidth_Min": 32.0, "StreetWidth_Max": 34.0, "Snow_Priority": "S", "Number_Travel_Lanes": " 1", "Number_Park_Lanes": " 2", "TRUCK_ROUTE_TYPE": " " }, "geometry": { "type": "MultiLineString", "coordinates": [ [ [ -73.922612365799637, 40.807292938583423 ], [ -73.922575665104603, 40.807277464433561 ] ] ] } },
{ "type": "Feature", "properties": { "Street": "EAST 136 STREET", "FeatureTyp": "0", "NonPed": " ", "TrafDir": "W", "SegmentID": "9004744", "PhysicalID": 114343.0, "StreetWidth_Min": 32.0, "StreetWidth_Max": 34.0, "Snow_Priority": "S", "Number_Travel_Lanes": " 1", "Number_Park_Lanes": " 2", "TRUCK_ROUTE_TYPE": " " }, "geometry": { "type": "MultiLineString", "coordinates": [ [ [ -73.922575665104603, 40.807277464433561 ], [ -73.922538835170911, 40.807261935839513 ] ] ] } },
{ "type": "Feature", "properties": { "Street": "EAST 136 STREET", "FeatureTyp": "0", "NonPed": " ", "TrafDir": "W", "SegmentID": "9004745", "PhysicalID": 114343.0, "StreetWidth_Min": 32.0, "StreetWidth_Max": 34.0, "Snow_Priority": "S", "Number_Travel_Lanes": " 1", "Number_Park_Lanes": " 2", "TRUCK_ROUTE_TYPE": " " }, "geometry": { "type": "MultiLineString", "coordinates": [ [ [ -73.922538835170911, 40.807261935839513 ], [ -73.92250572333873, 40.807247975324167 ] ] ] } },
{ "type": "Feature", "properties": { "Street": "EAST 135 STREET", "FeatureTyp": "0", "NonPed": " ", "TrafDir": "A", "SegmentID": "9004878", "PhysicalID": 57313.0, "StreetWidth_Min": 48.0, "StreetWidth_Max": 50.0, "Snow_Priority": "C", "Number_Travel_Lanes": " 2", "Number_Park_Lanes": " 2", "TRUCK_ROUTE_TYPE": " " }, "geometry": { "type": "MultiLineString", "coordinates": [ [ [ -73.91881906860047, 40.8049053883691 ], [ -73.917870319074112, 40.804513019766546 ] ] ] } },
{ "type": "Feature", "properties": { "Street": "EAST 135 STREET", "FeatureTyp": "0", "NonPed": " ", "TrafDir": "A", "SegmentID": "9004880", "PhysicalID": 57313.0, "StreetWidth_Min": 48.0, "StreetWidth_Max": 50.0, "Snow_Priority": "C", "Number_Travel_Lanes": " 2", "Number_Park_Lanes": " 2", "TRUCK_ROUTE_TYPE": " " }, "geometry": { "type": "MultiLineString", "coordinates": [ [ [ -73.917870319074112, 40.804513019766546 ], [ -73.91779413799388, 40.804481513648206 ] ] ] } },
{ "type": "Feature", "properties": { "Street": "EAST 144 STREET", "FeatureTyp": "0", "NonPed": " ", "TrafDir": "W", "SegmentID": "9004889", "PhysicalID": 87864.0, "StreetWidth_Min": 30.0, "StreetWidth_Max": 32.0, "Snow_Priority": "C", "Number_Travel_Lanes": " 1", "Number_Park_Lanes": " 2", "TRUCK_ROUTE_TYPE": " " }, "geometry": { "type": "MultiLineString", "coordinates": [ [ [ -73.916837958324962, 40.811656210558908 ], [ -73.916791447183215, 40.811640728051408 ] ] ] } },
{ "type": "Feature", "properties": { "Street": "EAST 144 STREET", "FeatureTyp": "0", "NonPed": " ", "TrafDir": "W", "SegmentID": "9004891", "PhysicalID": 87864.0, "StreetWidth_Min": 30.0, "StreetWidth_Max": 32.0, "Snow_Priority": "C", "Number_Travel_Lanes": " 1", "Number_Park_Lanes": " 2", "TRUCK_ROUTE_TYPE": " " }, "geometry": { "type": "MultiLineString", "coordinates": [ [ [ -73.916791447183215, 40.811640728051408 ], [ -73.916762093364824, 40.811630956507848 ] ] ] } },
{ "type": "Feature", "properties": { "Street": "EAST 144 STREET", "FeatureTyp": "0", "NonPed": " ", "TrafDir": "W", "SegmentID": "9004892", "PhysicalID": 87864.0, "StreetWidth_Min": 30.0, "StreetWidth_Max": 32.0, "Snow_Priority": "C", "Number_Travel_Lanes": " 1", "Number_Park_Lanes": " 2", "TRUCK_ROUTE_TYPE": " " }, "geometry": { "type": "MultiLineString", "coordinates": [ [ [ -73.916762093364824, 40.811630956507848 ], [ -73.916743558106162, 40.811624786710226 ] ] ] } },
{ "type": "Feature", "properties": { "Street": "EAST 144 STREET", "FeatureTyp": "0", "NonPed": " ", "TrafDir": "W", "SegmentID": "9004894", "PhysicalID": 87864.0, "StreetWidth_Min": 30.0, "StreetWidth_Max": 32.0, "Snow_Priority": "C", "Number_Travel_Lanes": " 1", "Number_Park_Lanes": " 2", "TRUCK_ROUTE_TYPE": " " }, "geometry": { "type": "MultiLineString", "coordinates": [ [ [ -73.916743558106162, 40.811624786710226 ], [ -73.91667072934321, 40.811600543202701 ] ] ] } },
{ "type": "Feature", "properties": { "Street": "EAST 144 STREET", "FeatureTyp": "0", "NonPed": " ", "TrafDir": "W", "SegmentID": "9004894", "PhysicalID": 87864.0, "StreetWidth_Min": 30.0, "StreetWidth_Max": 32.0, "Snow_Priority": "C", "Number_Travel_Lanes": " 1", "Number_Park_Lanes": " 2", "TRUCK_ROUTE_TYPE": " " }, "geometry": { "type": "MultiLineString", "coordinates": [ [ [ -73.916743558106162, 40.811624786710226 ], [ -73.91667072934321, 40.811600543202701 ] ] ] } },
{ "type": "Feature", "properties": { "Street": "EAST 144 STREET", "FeatureTyp": "0", "NonPed": " ", "TrafDir": "W", "SegmentID": "9004895", "PhysicalID": 87864.0, "StreetWidth_Min": 30.0, "StreetWidth_Max": 32.0, "Snow_Priority": "C", "Number_Travel_Lanes": " 1", "Number_Park_Lanes": " 2", "TRUCK_ROUTE_TYPE": " " }, "geometry": { "type": "MultiLineString", "coordinates": [ [ [ -73.91667072934321, 40.811600543202701 ], [ -73.916629506220133, 40.81158682052547 ] ] ] } },
{ "type": "Feature", "properties": { "Street": "EAST 144 STREET", "FeatureTyp": "0", "NonPed": " ", "TrafDir": "W", "SegmentID": "9004895", "PhysicalID": 87864.0, "StreetWidth_Min": 30.0, "StreetWidth_Max": 32.0, "Snow_Priority": "C", "Number_Travel_Lanes": " 1", "Number_Park_Lanes": " 2", "TRUCK_ROUTE_TYPE": " " }, "geometry": { "type": "MultiLineString", "coordinates": [ [ [ -73.91667072934321, 40.811600543202701 ], [ -73.916629506220133, 40.81158682052547 ] ] ] } },
{ "type": "Feature", "properties": { "Street": "EAST 144 STREET", "FeatureTyp": "0", "NonPed": " ", "TrafDir": "W", "SegmentID": "9004896", "PhysicalID": 87864.0, "StreetWidth_Min": 30.0, "StreetWidth_Max": 32.0, "Snow_Priority": "C", "Number_Travel_Lanes": " 1", "Number_Park_Lanes": " 2", "TRUCK_ROUTE_TYPE": " " }, "geometry": { "type": "MultiLineString", "coordinates": [ [ [ -73.916629506220133, 40.81158682052547 ], [ -73.91659664184121, 40.811575880442561 ] ] ] } },
{ "type": "Feature", "properties": { "Street": "EAST 144 STREET", "FeatureTyp": "0", "NonPed": " ", "TrafDir": "W", "SegmentID": "9004898", "PhysicalID": 87864.0, "StreetWidth_Min": 30.0, "StreetWidth_Max": 32.0, "Snow_Priority": "C", "Number_Travel_Lanes": " 1", "Number_Park_Lanes": " 2", "TRUCK_ROUTE_TYPE": " " }, "geometry": { "type": "MultiLineString", "coordinates": [ [ [ -73.91659664184121, 40.811575880442561 ], [ -73.916506269549402, 40.811545796542013 ] ] ] } },
{ "type": "Feature", "properties": { "Street": "EAST 144 STREET", "FeatureTyp": "0", "NonPed": " ", "TrafDir": "W", "SegmentID": "9004900", "PhysicalID": 87864.0, "StreetWidth_Min": 30.0, "StreetWidth_Max": 32.0, "Snow_Priority": "C", "Number_Travel_Lanes": " 1", "Number_Park_Lanes": " 2", "TRUCK_ROUTE_TYPE": " " }, "geometry": { "type": "MultiLineString", "coordinates": [ [ [ -73.916506269549402, 40.811545796542013 ], [ -73.916473558316667, 40.811534907586676 ] ] ] } },
{ "type": "Feature", "properties": { "Street": "EAST 144 STREET", "FeatureTyp": "0", "NonPed": " ", "TrafDir": "W", "SegmentID": "9004900", "PhysicalID": 87864.0, "StreetWidth_Min": 30.0, "StreetWidth_Max": 32.0, "Snow_Priority": "C", "Number_Travel_Lanes": " 1", "Number_Park_Lanes": " 2", "TRUCK_ROUTE_TYPE": " " }, "geometry": { "type": "MultiLineString", "coordinates": [ [ [ -73.916506269549402, 40.811545796542013 ], [ -73.916473558316667, 40.811534907586676 ] ] ] } },
{ "type": "Feature", "properties": { "Street": "EAST 144 STREET", "FeatureTyp": "0", "NonPed": " ", "TrafDir": "W", "SegmentID": "9004901", "PhysicalID": 87864.0, "StreetWidth_Min": 30.0, "StreetWidth_Max": 32.0, "Snow_Priority": "C", "Number_Travel_Lanes": " 1", "Number_Park_Lanes": " 2", "TRUCK_ROUTE_TYPE": " " }, "geometry": { "type": "MultiLineString", "coordinates": [ [ [ -73.916473558316667, 40.811534907586676 ], [ -73.916326489342723, 40.811485950085725 ] ] ] } },
{ "type": "Feature", "properties": { "Street": "EAST 144 STREET", "FeatureTyp": "0", "NonPed": " ", "TrafDir": "W", "SegmentID": "9004902", "PhysicalID": 87864.0, "StreetWidth_Min": 30.0, "StreetWidth_Max": 32.0, "Snow_Priority": "C", "Number_Travel_Lanes": " 1", "Number_Park_Lanes": " 2", "TRUCK_ROUTE_TYPE": " " }, "geometry": { "type": "MultiLineString", "coordinates": [ [ [ -73.916326489342723, 40.811485950085725 ], [ -73.916296157806642, 40.811475853012809 ] ] ] } },
{ "type": "Feature", "properties": { "Street": "EAST 144 STREET", "FeatureTyp": "0", "NonPed": " ", "TrafDir": "W", "SegmentID": "9004902", "PhysicalID": 87864.0, "StreetWidth_Min": 30.0, "StreetWidth_Max": 32.0, "Snow_Priority": "C", "Number_Travel_Lanes": " 1", "Number_Park_Lanes": " 2", "TRUCK_ROUTE_TYPE": " " }, "geometry": { "type": "MultiLineString", "coordinates": [ [ [ -73.916326489342723, 40.811485950085725 ], [ -73.916296157806642, 40.811475853012809 ] ] ] } },
{ "type": "Feature", "properties": { "Street": "EAST 144 STREET", "FeatureTyp": "0", "NonPed": " ", "TrafDir": "W", "SegmentID": "9004903", "PhysicalID": 87864.0, "StreetWidth_Min": 30.0, "StreetWidth_Max": 32.0, "Snow_Priority": "C", "Number_Travel_Lanes": " 1", "Number_Park_Lanes": " 2", "TRUCK_ROUTE_TYPE": " " }, "geometry": { "type": "MultiLineString", "coordinates": [ [ [ -73.916296157806642, 40.811475853012809 ], [ -73.916138085002785, 40.811423231584421 ] ] ] } },
{ "type": "Feature", "properties": { "Street": "EAST 144 STREET", "FeatureTyp": "0", "NonPed": " ", "TrafDir": "W", "SegmentID": "9004903", "PhysicalID": 87864.0, "StreetWidth_Min": 30.0, "StreetWidth_Max": 32.0, "Snow_Priority": "C", "Number_Travel_Lanes": " 1", "Number_Park_Lanes": " 2", "TRUCK_ROUTE_TYPE": " " }, "geometry": { "type": "MultiLineString", "coordinates": [ [ [ -73.916296157806642, 40.811475853012809 ], [ -73.916138085002785, 40.811423231584421 ] ] ] } },
{ "type": "Feature", "properties": { "Street": "EAST 144 STREET", "FeatureTyp": "0", "NonPed": " ", "TrafDir": "W", "SegmentID": "9004904", "PhysicalID": 87864.0, "StreetWidth_Min": 30.0, "StreetWidth_Max": 32.0, "Snow_Priority": "C", "Number_Travel_Lanes": " 1", "Number_Park_Lanes": " 2", "TRUCK_ROUTE_TYPE": " " }, "geometry": { "type": "MultiLineString", "coordinates": [ [ [ -73.916138085002785, 40.811423231584421 ], [ -73.916104255932865, 40.811411970075383 ] ] ] } },
{ "type": "Feature", "properties": { "Street": "EAST 144 STREET", "FeatureTyp": "0", "NonPed": " ", "TrafDir": "W", "SegmentID": "9004904", "PhysicalID": 87864.0, "StreetWidth_Min": 30.0, "StreetWidth_Max": 32.0, "Snow_Priority": "C", "Number_Travel_Lanes": " 1", "Number_Park_Lanes": " 2", "TRUCK_ROUTE_TYPE": " " }, "geometry": { "type": "MultiLineString", "coordinates": [ [ [ -73.916138085002785, 40.811423231584421 ], [ -73.916104255932865, 40.811411970075383 ] ] ] } },
{ "type": "Feature", "properties": { "Street": "EAST 144 STREET", "FeatureTyp": "0", "NonPed": " ", "TrafDir": "W", "SegmentID": "9004905", "PhysicalID": 87864.0, "StreetWidth_Min": 30.0, "StreetWidth_Max": 32.0, "Snow_Priority": "C", "Number_Travel_Lanes": " 1", "Number_Park_Lanes": " 2", "TRUCK_ROUTE_TYPE": " " }, "geometry": { "type": "MultiLineString", "coordinates": [ [ [ -73.916104255932865, 40.811411970075383 ], [ -73.915926419152029, 40.811352768594176 ] ] ] } },
{ "type": "Feature", "properties": { "Street": "EAST 146 STREET", "FeatureTyp": "0", "NonPed": " ", "TrafDir": "W", "SegmentID": "9005062", "PhysicalID": 65902.0, "StreetWidth_Min": 30.0, "StreetWidth_Max": 30.0, "Snow_Priority": "C", "Number_Travel_Lanes": " 1", "Number_Park_Lanes": " 2", "TRUCK_ROUTE_TYPE": " " }, "geometry": { "type": "MultiLineString", "coordinates": [ [ [ -73.919200388535714, 40.814143903102583 ], [ -73.918895908279993, 40.814006787526665 ] ] ] } },
{ "type": "Feature", "properties": { "Street": "EAST 146 STREET", "FeatureTyp": "0", "NonPed": " ", "TrafDir": "W", "SegmentID": "9005064", "PhysicalID": 65902.0, "StreetWidth_Min": 30.0, "StreetWidth_Max": 30.0, "Snow_Priority": "C", "Number_Travel_Lanes": " 1", "Number_Park_Lanes": " 2", "TRUCK_ROUTE_TYPE": " " }, "geometry": { "type": "MultiLineString", "coordinates": [ [ [ -73.91780276600133, 40.81355197265448 ], [ -73.917698719966253, 40.81351112503144 ] ] ] } },
{ "type": "Feature", "properties": { "Street": "EAST 146 STREET", "FeatureTyp": "0", "NonPed": " ", "TrafDir": "W", "SegmentID": "9005065", "PhysicalID": 65902.0, "StreetWidth_Min": 30.0, "StreetWidth_Max": 30.0, "Snow_Priority": "C", "Number_Travel_Lanes": " 1", "Number_Park_Lanes": " 2", "TRUCK_ROUTE_TYPE": " " }, "geometry": { "type": "MultiLineString", "coordinates": [ [ [ -73.917698719966253, 40.81351112503144 ], [ -73.917678565638667, 40.813503212429943 ], [ -73.917643570252253, 40.813490438202528 ] ] ] } },
{ "type": "Feature", "properties": { "Street": "EAST 146 STREET", "FeatureTyp": "0", "NonPed": " ", "TrafDir": "W", "SegmentID": "9005066", "PhysicalID": 65902.0, "StreetWidth_Min": 30.0, "StreetWidth_Max": 30.0, "Snow_Priority": "C", "Number_Travel_Lanes": " 1", "Number_Park_Lanes": " 2", "TRUCK_ROUTE_TYPE": " " }, "geometry": { "type": "MultiLineString", "coordinates": [ [ [ -73.917643570252253, 40.813490438202528 ], [ -73.917594221992488, 40.813472424461878 ] ] ] } },
{ "type": "Feature", "properties": { "Street": "EAST 146 STREET", "FeatureTyp": "0", "NonPed": " ", "TrafDir": "W", "SegmentID": "9005067", "PhysicalID": 65902.0, "StreetWidth_Min": 30.0, "StreetWidth_Max": 30.0, "Snow_Priority": "C", "Number_Travel_Lanes": " 1", "Number_Park_Lanes": " 2", "TRUCK_ROUTE_TYPE": " " }, "geometry": { "type": "MultiLineString", "coordinates": [ [ [ -73.917594221992488, 40.813472424461878 ], [ -73.917486586967115, 40.813433133632657 ] ] ] } },
{ "type": "Feature", "properties": { "Street": "EAST 146 STREET", "FeatureTyp": "0", "NonPed": " ", "TrafDir": "W", "SegmentID": "9005068", "PhysicalID": 65902.0, "StreetWidth_Min": 30.0, "StreetWidth_Max": 30.0, "Snow_Priority": "C", "Number_Travel_Lanes": " 1", "Number_Park_Lanes": " 2", "TRUCK_ROUTE_TYPE": " " }, "geometry": { "type": "MultiLineString", "coordinates": [ [ [ -73.917486586967115, 40.813433133632657 ], [ -73.917424290596941, 40.813410393471841 ] ] ] } },
{ "type": "Feature", "properties": { "Street": "EAST 146 STREET", "FeatureTyp": "0", "NonPed": " ", "TrafDir": "W", "SegmentID": "9005068", "PhysicalID": 65902.0, "StreetWidth_Min": 30.0, "StreetWidth_Max": 30.0, "Snow_Priority": "C", "Number_Travel_Lanes": " 1", "Number_Park_Lanes": " 2", "TRUCK_ROUTE_TYPE": " " }, "geometry": { "type": "MultiLineString", "coordinates": [ [ [ -73.917486586967115, 40.813433133632657 ], [ -73.917424290596941, 40.813410393471841 ] ] ] } },
{ "type": "Feature", "properties": { "Street": "EAST 143 STREET", "FeatureTyp": "0", "NonPed": " ", "TrafDir": "A", "SegmentID": "9006187", "PhysicalID": 89768.0, "StreetWidth_Min": 34.0, "StreetWidth_Max": 34.0, "Snow_Priority": "C", "Number_Travel_Lanes": " 1", "Number_Park_Lanes": " 2", "TRUCK_ROUTE_TYPE": " " }, "geometry": { "type": "MultiLineString", "coordinates": [ [ [ -73.918960703295241, 40.811589760095885 ], [ -73.918939911201889, 40.811581146810497 ] ] ] } },
{ "type": "Feature", "properties": { "Street": "EAST 143 STREET", "FeatureTyp": "0", "NonPed": " ", "TrafDir": "A", "SegmentID": "9006188", "PhysicalID": 89768.0, "StreetWidth_Min": 34.0, "StreetWidth_Max": 34.0, "Snow_Priority": "C", "Number_Travel_Lanes": " 1", "Number_Park_Lanes": " 2", "TRUCK_ROUTE_TYPE": " " }, "geometry": { "type": "MultiLineString", "coordinates": [ [ [ -73.918939911201889, 40.811581146810497 ], [ -73.918205291445602, 40.811332617524243 ] ] ] } },
{ "type": "Feature", "properties": { "Street": "EAST 143 STREET", "FeatureTyp": "0", "NonPed": " ", "TrafDir": "A", "SegmentID": "9006188", "PhysicalID": 89768.0, "StreetWidth_Min": 34.0, "StreetWidth_Max": 34.0, "Snow_Priority": "C", "Number_Travel_Lanes": " 1", "Number_Park_Lanes": " 2", "TRUCK_ROUTE_TYPE": " " }, "geometry": { "type": "MultiLineString", "coordinates": [ [ [ -73.918939911201889, 40.811581146810497 ], [ -73.918205291445602, 40.811332617524243 ] ] ] } },
{ "type": "Feature", "properties": { "Street": "EAST 143 STREET", "FeatureTyp": "0", "NonPed": " ", "TrafDir": "A", "SegmentID": "9006189", "PhysicalID": 89768.0, "StreetWidth_Min": 34.0, "StreetWidth_Max": 34.0, "Snow_Priority": "C", "Number_Travel_Lanes": " 1", "Number_Park_Lanes": " 2", "TRUCK_ROUTE_TYPE": " " }, "geometry": { "type": "MultiLineString", "coordinates": [ [ [ -73.918205291445602, 40.811332617524243 ], [ -73.918177837851474, 40.811323329662244 ] ] ] } },
{ "type": "Feature", "properties": { "Street": "EAST 143 STREET", "FeatureTyp": "0", "NonPed": " ", "TrafDir": "A", "SegmentID": "9006190", "PhysicalID": 89768.0, "StreetWidth_Min": 34.0, "StreetWidth_Max": 34.0, "Snow_Priority": "C", "Number_Travel_Lanes": " 1", "Number_Park_Lanes": " 2", "TRUCK_ROUTE_TYPE": " " }, "geometry": { "type": "MultiLineString", "coordinates": [ [ [ -73.918177837851474, 40.811323329662244 ], [ -73.917780511236458, 40.811188906877497 ] ] ] } },
{ "type": "Feature", "properties": { "Street": "EAST 143 STREET", "FeatureTyp": "0", "NonPed": " ", "TrafDir": "A", "SegmentID": "9006191", "PhysicalID": 89768.0, "StreetWidth_Min": 34.0, "StreetWidth_Max": 34.0, "Snow_Priority": "C", "Number_Travel_Lanes": " 1", "Number_Park_Lanes": " 2", "TRUCK_ROUTE_TYPE": " " }, "geometry": { "type": "MultiLineString", "coordinates": [ [ [ -73.917780511236458, 40.811188906877497 ], [ -73.91775491018754, 40.811180245758003 ] ] ] } },
{ "type": "Feature", "properties": { "Street": "EAST 143 STREET", "FeatureTyp": "0", "NonPed": " ", "TrafDir": "A", "SegmentID": "9006191", "PhysicalID": 89768.0, "StreetWidth_Min": 34.0, "StreetWidth_Max": 34.0, "Snow_Priority": "C", "Number_Travel_Lanes": " 1", "Number_Park_Lanes": " 2", "TRUCK_ROUTE_TYPE": " " }, "geometry": { "type": "MultiLineString", "coordinates": [ [ [ -73.917780511236458, 40.811188906877497 ], [ -73.91775491018754, 40.811180245758003 ] ] ] } },
{ "type": "Feature", "properties": { "Street": "EAST 143 STREET", "FeatureTyp": "0", "NonPed": " ", "TrafDir": "A", "SegmentID": "9006193", "PhysicalID": 89768.0, "StreetWidth_Min": 34.0, "StreetWidth_Max": 34.0, "Snow_Priority": "C", "Number_Travel_Lanes": " 1", "Number_Park_Lanes": " 2", "TRUCK_ROUTE_TYPE": " " }, "geometry": { "type": "MultiLineString", "coordinates": [ [ [ -73.91775491018754, 40.811180245758003 ], [ -73.917730403269132, 40.811171954304385 ] ] ] } },
{ "type": "Feature", "properties": { "Street": "EAST 143 STREET", "FeatureTyp": "0", "NonPed": " ", "TrafDir": "A", "SegmentID": "9006194", "PhysicalID": 89768.0, "StreetWidth_Min": 34.0, "StreetWidth_Max": 34.0, "Snow_Priority": "C", "Number_Travel_Lanes": " 1", "Number_Park_Lanes": " 2", "TRUCK_ROUTE_TYPE": " " }, "geometry": { "type": "MultiLineString", "coordinates": [ [ [ -73.917730403269132, 40.811171954304385 ], [ -73.917690317202286, 40.811158392559747 ] ] ] } },
{ "type": "Feature", "properties": { "Street": "EAST 143 STREET", "FeatureTyp": "0", "NonPed": " ", "TrafDir": "A", "SegmentID": "9006195", "PhysicalID": 89768.0, "StreetWidth_Min": 34.0, "StreetWidth_Max": 34.0, "Snow_Priority": "C", "Number_Travel_Lanes": " 1", "Number_Park_Lanes": " 2", "TRUCK_ROUTE_TYPE": " " }, "geometry": { "type": "MultiLineString", "coordinates": [ [ [ -73.917690317202286, 40.811158392559747 ], [ -73.917617629922731, 40.811133801169497 ] ] ] } },
{ "type": "Feature", "properties": { "Street": "EAST 143 STREET", "FeatureTyp": "0", "NonPed": " ", "TrafDir": "A", "SegmentID": "9006197", "PhysicalID": 89768.0, "StreetWidth_Min": 34.0, "StreetWidth_Max": 34.0, "Snow_Priority": "C", "Number_Travel_Lanes": " 1", "Number_Park_Lanes": " 2", "TRUCK_ROUTE_TYPE": " " }, "geometry": { "type": "MultiLineString", "coordinates": [ [ [ -73.917617629922731, 40.811133801169497 ], [ -73.917582930013396, 40.811122061340804 ] ] ] } },
{ "type": "Feature", "properties": { "Street": "EAST 147 STREET", "FeatureTyp": "0", "NonPed": " ", "TrafDir": "A", "SegmentID": "9006254", "PhysicalID": 60942.0, "StreetWidth_Min": 32.0, "StreetWidth_Max": 32.0, "Snow_Priority": "C", "Number_Travel_Lanes": " 1", "Number_Park_Lanes": " 2", "TRUCK_ROUTE_TYPE": " " }, "geometry": { "type": "MultiLineString", "coordinates": [ [ [ -73.917183062435001, 40.814106352820666 ], [ -73.917116122191146, 40.814083923705574 ] ] ] } },
{ "type": "Feature", "properties": { "Street": "EAST 147 STREET", "FeatureTyp": "0", "NonPed": " ", "TrafDir": "A", "SegmentID": "9006255", "PhysicalID": 60942.0, "StreetWidth_Min": 32.0, "StreetWidth_Max": 32.0, "Snow_Priority": "C", "Number_Travel_Lanes": " 1", "Number_Park_Lanes": " 2", "TRUCK_ROUTE_TYPE": " " }, "geometry": { "type": "MultiLineString", "coordinates": [ [ [ -73.917116122191146, 40.814083923705574 ], [ -73.917072894819057, 40.814069440013711 ] ] ] } },
{ "type": "Feature", "properties": { "Street": "EAST 147 STREET", "FeatureTyp": "0", "NonPed": " ", "TrafDir": "A", "SegmentID": "9006256", "PhysicalID": 60942.0, "StreetWidth_Min": 32.0, "StreetWidth_Max": 32.0, "Snow_Priority": "C", "Number_Travel_Lanes": " 1", "Number_Park_Lanes": " 2", "TRUCK_ROUTE_TYPE": " " }, "geometry": { "type": "MultiLineString", "coordinates": [ [ [ -73.917072894819057, 40.814069440013711 ], [ -73.917029104851878, 40.814054768161725 ] ] ] } },
{ "type": "Feature", "properties": { "Street": "EAST 147 STREET", "FeatureTyp": "0", "NonPed": " ", "TrafDir": "A", "SegmentID": "9006258", "PhysicalID": 60942.0, "StreetWidth_Min": 32.0, "StreetWidth_Max": 32.0, "Snow_Priority": "C", "Number_Travel_Lanes": " 1", "Number_Park_Lanes": " 2", "TRUCK_ROUTE_TYPE": " " }, "geometry": { "type": "MultiLineString", "coordinates": [ [ [ -73.917029104851878, 40.814054768161725 ], [ -73.916985746795163, 40.814040240427488 ] ] ] } },
{ "type": "Feature", "properties": { "Street": "EAST 147 STREET", "FeatureTyp": "0", "NonPed": " ", "TrafDir": "A", "SegmentID": "9006260", "PhysicalID": 60942.0, "StreetWidth_Min": 32.0, "StreetWidth_Max": 32.0, "Snow_Priority": "C", "Number_Travel_Lanes": " 1", "Number_Park_Lanes": " 2", "TRUCK_ROUTE_TYPE": " " }, "geometry": { "type": "MultiLineString", "coordinates": [ [ [ -73.916985746795163, 40.814040240427488 ], [ -73.916710822894217, 40.813948122505991 ] ] ] } },
{ "type": "Feature", "properties": { "Street": "EAST 147 STREET", "FeatureTyp": "0", "NonPed": " ", "TrafDir": "A", "SegmentID": "9006260", "PhysicalID": 60942.0, "StreetWidth_Min": 32.0, "StreetWidth_Max": 32.0, "Snow_Priority": "C", "Number_Travel_Lanes": " 1", "Number_Park_Lanes": " 2", "TRUCK_ROUTE_TYPE": " " }, "geometry": { "type": "MultiLineString", "coordinates": [ [ [ -73.916985746795163, 40.814040240427488 ], [ -73.916710822894217, 40.813948122505991 ] ] ] } },
{ "type": "Feature", "properties": { "Street": "EAST 147 STREET", "FeatureTyp": "0", "NonPed": " ", "TrafDir": "A", "SegmentID": "9006260", "PhysicalID": 60942.0, "StreetWidth_Min": 32.0, "StreetWidth_Max": 32.0, "Snow_Priority": "C", "Number_Travel_Lanes": " 1", "Number_Park_Lanes": " 2", "TRUCK_ROUTE_TYPE": " " }, "geometry": { "type": "MultiLineString", "coordinates": [ [ [ -73.916985746795163, 40.814040240427488 ], [ -73.916710822894217, 40.813948122505991 ] ] ] } },
{ "type": "Feature", "properties": { "Street": "EAST 147 STREET", "FeatureTyp": "0", "NonPed": " ", "TrafDir": "A", "SegmentID": "9006261", "PhysicalID": 60942.0, "StreetWidth_Min": 32.0, "StreetWidth_Max": 32.0, "Snow_Priority": "C", "Number_Travel_Lanes": " 1", "Number_Park_Lanes": " 2", "TRUCK_ROUTE_TYPE": " " }, "geometry": { "type": "MultiLineString", "coordinates": [ [ [ -73.916710822894217, 40.813948122505991 ], [ -73.916663636475008, 40.8139323117462 ] ] ] } },
{ "type": "Feature", "properties": { "Street": "EAST 147 STREET", "FeatureTyp": "0", "NonPed": " ", "TrafDir": "A", "SegmentID": "9006262", "PhysicalID": 60942.0, "StreetWidth_Min": 32.0, "StreetWidth_Max": 32.0, "Snow_Priority": "C", "Number_Travel_Lanes": " 1", "Number_Park_Lanes": " 2", "TRUCK_ROUTE_TYPE": " " }, "geometry": { "type": "MultiLineString", "coordinates": [ [ [ -73.916663636475008, 40.8139323117462 ], [ -73.916613066466752, 40.813915367694413 ] ] ] } },
{ "type": "Feature", "properties": { "Street": "EAST 147 STREET", "FeatureTyp": "0", "NonPed": " ", "TrafDir": "A", "SegmentID": "9006263", "PhysicalID": 60942.0, "StreetWidth_Min": 32.0, "StreetWidth_Max": 32.0, "Snow_Priority": "C", "Number_Travel_Lanes": " 1", "Number_Park_Lanes": " 2", "TRUCK_ROUTE_TYPE": " " }, "geometry": { "type": "MultiLineString", "coordinates": [ [ [ -73.916613066466752, 40.813915367694413 ], [ -73.916568514758936, 40.813900439856901 ] ] ] } },
{ "type": "Feature", "properties": { "Street": "ALEXANDER AVENUE", "FeatureTyp": "0", "NonPed": " ", "TrafDir": "T", "SegmentID": "9006649", "PhysicalID": 63165.0, "StreetWidth_Min": 68.0, "StreetWidth_Max": 70.0, "Snow_Priority": "C", "Number_Travel_Lanes": " 2", "Number_Park_Lanes": "  ", "TRUCK_ROUTE_TYPE": " " }, "geometry": { "type": "MultiLineString", "coordinates": [ [ [ -73.926523721855659, 40.808161554517945 ], [ -73.926444400590356, 40.808270642413902 ] ] ] } },
{ "type": "Feature", "properties": { "Street": "ALEXANDER AVENUE", "FeatureTyp": "0", "NonPed": " ", "TrafDir": "T", "SegmentID": "9006650", "PhysicalID": 63165.0, "StreetWidth_Min": 68.0, "StreetWidth_Max": 70.0, "Snow_Priority": "C", "Number_Travel_Lanes": " 2", "Number_Park_Lanes": " 2", "TRUCK_ROUTE_TYPE": " " }, "geometry": { "type": "MultiLineString", "coordinates": [ [ [ -73.926444400590356, 40.808270642413902 ], [ -73.926371647597307, 40.808370696620166 ] ] ] } },
{ "type": "Feature", "properties": { "Street": "ALEXANDER AVENUE", "FeatureTyp": "0", "NonPed": " ", "TrafDir": "T", "SegmentID": "9006650", "PhysicalID": 63165.0, "StreetWidth_Min": 68.0, "StreetWidth_Max": 70.0, "Snow_Priority": "C", "Number_Travel_Lanes": " 2", "Number_Park_Lanes": " 2", "TRUCK_ROUTE_TYPE": " " }, "geometry": { "type": "MultiLineString", "coordinates": [ [ [ -73.926444400590356, 40.808270642413902 ], [ -73.926371647597307, 40.808370696620166 ] ] ] } },
{ "type": "Feature", "properties": { "Street": "ALEXANDER AVENUE", "FeatureTyp": "0", "NonPed": " ", "TrafDir": "T", "SegmentID": "9006651", "PhysicalID": 63165.0, "StreetWidth_Min": 68.0, "StreetWidth_Max": 70.0, "Snow_Priority": "C", "Number_Travel_Lanes": " 2", "Number_Park_Lanes": " 2", "TRUCK_ROUTE_TYPE": " " }, "geometry": { "type": "MultiLineString", "coordinates": [ [ [ -73.926371647597307, 40.808370696620166 ], [ -73.926286266672662, 40.808488116810501 ] ] ] } },
{ "type": "Feature", "properties": { "Street": "ALEXANDER AVENUE", "FeatureTyp": "0", "NonPed": " ", "TrafDir": "T", "SegmentID": "9006652", "PhysicalID": 63165.0, "StreetWidth_Min": 68.0, "StreetWidth_Max": 70.0, "Snow_Priority": "C", "Number_Travel_Lanes": " 2", "Number_Park_Lanes": " 2", "TRUCK_ROUTE_TYPE": " " }, "geometry": { "type": "MultiLineString", "coordinates": [ [ [ -73.926286266672662, 40.808488116810501 ], [ -73.926224920292213, 40.808572483331318 ] ] ] } },
{ "type": "Feature", "properties": { "Street": "ALEXANDER AVENUE", "FeatureTyp": "0", "NonPed": " ", "TrafDir": "T", "SegmentID": "9006653", "PhysicalID": 63165.0, "StreetWidth_Min": 68.0, "StreetWidth_Max": 70.0, "Snow_Priority": "C", "Number_Travel_Lanes": " 2", "Number_Park_Lanes": " 2", "TRUCK_ROUTE_TYPE": " " }, "geometry": { "type": "MultiLineString", "coordinates": [ [ [ -73.926224920292213, 40.808572483331318 ], [ -73.926116110995721, 40.808722124085499 ] ] ] } },
{ "type": "Feature", "properties": { "Street": "ALEXANDER AVENUE", "FeatureTyp": "0", "NonPed": " ", "TrafDir": "T", "SegmentID": "9006654", "PhysicalID": 151214.0, "StreetWidth_Min": 68.0, "StreetWidth_Max": 70.0, "Snow_Priority": "C", "Number_Travel_Lanes": " 2", "Number_Park_Lanes": " 2", "TRUCK_ROUTE_TYPE": " " }, "geometry": { "type": "MultiLineString", "coordinates": [ [ [ -73.926116110995721, 40.808722124085499 ], [ -73.926067442668909, 40.808789053725931 ] ] ] } },
{ "type": "Feature", "properties": { "Street": "ALEXANDER AVENUE", "FeatureTyp": "0", "NonPed": " ", "TrafDir": "T", "SegmentID": "9006654", "PhysicalID": 151214.0, "StreetWidth_Min": 68.0, "StreetWidth_Max": 70.0, "Snow_Priority": "C", "Number_Travel_Lanes": " 2", "Number_Park_Lanes": " 2", "TRUCK_ROUTE_TYPE": " " }, "geometry": { "type": "MultiLineString", "coordinates": [ [ [ -73.926116110995721, 40.808722124085499 ], [ -73.926067442668909, 40.808789053725931 ] ] ] } },
{ "type": "Feature", "properties": { "Street": "ALEXANDER AVENUE", "FeatureTyp": "0", "NonPed": " ", "TrafDir": "T", "SegmentID": "9006655", "PhysicalID": 151206.0, "StreetWidth_Min": 68.0, "StreetWidth_Max": 70.0, "Snow_Priority": "C", "Number_Travel_Lanes": " 2", "Number_Park_Lanes": " 2", "TRUCK_ROUTE_TYPE": " " }, "geometry": { "type": "MultiLineString", "coordinates": [ [ [ -73.926067442668909, 40.808789053725931 ], [ -73.925992592701803, 40.808891989398795 ] ] ] } },
{ "type": "Feature", "properties": { "Street": "ALEXANDER AVENUE", "FeatureTyp": "0", "NonPed": " ", "TrafDir": "T", "SegmentID": "9006656", "PhysicalID": 151206.0, "StreetWidth_Min": 68.0, "StreetWidth_Max": 70.0, "Snow_Priority": "C", "Number_Travel_Lanes": " 2", "Number_Park_Lanes": " 2", "TRUCK_ROUTE_TYPE": " " }, "geometry": { "type": "MultiLineString", "coordinates": [ [ [ -73.925992592701803, 40.808891989398795 ], [ -73.92593714889577, 40.808968237362848 ] ] ] } },
{ "type": "Feature", "properties": { "Street": "ALEXANDER AVENUE", "FeatureTyp": "0", "NonPed": " ", "TrafDir": "T", "SegmentID": "9006656", "PhysicalID": 151206.0, "StreetWidth_Min": 68.0, "StreetWidth_Max": 70.0, "Snow_Priority": "C", "Number_Travel_Lanes": " 2", "Number_Park_Lanes": " 2", "TRUCK_ROUTE_TYPE": " " }, "geometry": { "type": "MultiLineString", "coordinates": [ [ [ -73.925992592701803, 40.808891989398795 ], [ -73.92593714889577, 40.808968237362848 ] ] ] } },
{ "type": "Feature", "properties": { "Street": "ALEXANDER AVENUE", "FeatureTyp": "0", "NonPed": " ", "TrafDir": "T", "SegmentID": "9006658", "PhysicalID": 63164.0, "StreetWidth_Min": 62.0, "StreetWidth_Max": 62.0, "Snow_Priority": "C", "Number_Travel_Lanes": " 2", "Number_Park_Lanes": " 2", "TRUCK_ROUTE_TYPE": " " }, "geometry": { "type": "MultiLineString", "coordinates": [ [ [ -73.92563785528796, 40.809379829061896 ], [ -73.925615523401191, 40.809409378625858 ] ] ] } },
{ "type": "Feature", "properties": { "Street": "ALEXANDER AVENUE", "FeatureTyp": "0", "NonPed": " ", "TrafDir": "T", "SegmentID": "9006659", "PhysicalID": 63164.0, "StreetWidth_Min": 62.0, "StreetWidth_Max": 62.0, "Snow_Priority": "C", "Number_Travel_Lanes": " 2", "Number_Park_Lanes": " 2", "TRUCK_ROUTE_TYPE": " " }, "geometry": { "type": "MultiLineString", "coordinates": [ [ [ -73.925615523401191, 40.809409378625858 ], [ -73.925572217324728, 40.809468602129563 ] ] ] } },
{ "type": "Feature", "properties": { "Street": "ALEXANDER AVENUE", "FeatureTyp": "0", "NonPed": " ", "TrafDir": "T", "SegmentID": "9006659", "PhysicalID": 63164.0, "StreetWidth_Min": 62.0, "StreetWidth_Max": 62.0, "Snow_Priority": "C", "Number_Travel_Lanes": " 2", "Number_Park_Lanes": " 2", "TRUCK_ROUTE_TYPE": " " }, "geometry": { "type": "MultiLineString", "coordinates": [ [ [ -73.925615523401191, 40.809409378625858 ], [ -73.925572217324728, 40.809468602129563 ] ] ] } },
{ "type": "Feature", "properties": { "Street": "ALEXANDER AVENUE", "FeatureTyp": "0", "NonPed": " ", "TrafDir": "T", "SegmentID": "9006660", "PhysicalID": 63164.0, "StreetWidth_Min": 62.0, "StreetWidth_Max": 62.0, "Snow_Priority": "C", "Number_Travel_Lanes": " 2", "Number_Park_Lanes": " 2", "TRUCK_ROUTE_TYPE": " " }, "geometry": { "type": "MultiLineString", "coordinates": [ [ [ -73.925572217324728, 40.809468602129563 ], [ -73.925483827861257, 40.809588145552958 ] ] ] } },
{ "type": "Feature", "properties": { "Street": "ALEXANDER AVENUE", "FeatureTyp": "0", "NonPed": " ", "TrafDir": "T", "SegmentID": "9006661", "PhysicalID": 63164.0, "StreetWidth_Min": 62.0, "StreetWidth_Max": 62.0, "Snow_Priority": "C", "Number_Travel_Lanes": " 2", "Number_Park_Lanes": " 2", "TRUCK_ROUTE_TYPE": " " }, "geometry": { "type": "MultiLineString", "coordinates": [ [ [ -73.925483827861257, 40.809588145552958 ], [ -73.925420976701417, 40.809673148807995 ] ] ] } },
{ "type": "Feature", "properties": { "Street": "MORRIS AVENUE", "FeatureTyp": "0", "NonPed": " ", "TrafDir": "T", "SegmentID": "9006866", "PhysicalID": 37938.0, "StreetWidth_Min": 64.0, "StreetWidth_Max": 65.0, "Snow_Priority": "C", "Number_Travel_Lanes": " 4", "Number_Park_Lanes": " 2", "TRUCK_ROUTE_TYPE": " " }, "geometry": { "type": "MultiLineString", "coordinates": [ [ [ -73.926704265508249, 40.811716868287043 ], [ -73.926432122746093, 40.812086785965896 ] ] ] } },
{ "type": "Feature", "properties": { "Street": "MORRIS AVENUE", "FeatureTyp": "0", "NonPed": " ", "TrafDir": "T", "SegmentID": "9006867", "PhysicalID": 37938.0, "StreetWidth_Min": 64.0, "StreetWidth_Max": 65.0, "Snow_Priority": "C", "Number_Travel_Lanes": " 4", "Number_Park_Lanes": " 2", "TRUCK_ROUTE_TYPE": " " }, "geometry": { "type": "MultiLineString", "coordinates": [ [ [ -73.926432122746093, 40.812086785965896 ], [ -73.926392859076316, 40.812140858566401 ] ] ] } },
{ "type": "Feature", "properties": { "Street": "MORRIS AVENUE", "FeatureTyp": "0", "NonPed": " ", "TrafDir": "T", "SegmentID": "9006869", "PhysicalID": 37939.0, "StreetWidth_Min": 64.0, "StreetWidth_Max": 68.0, "Snow_Priority": "C", "Number_Travel_Lanes": " 4", "Number_Park_Lanes": " 2", "TRUCK_ROUTE_TYPE": " " }, "geometry": { "type": "MultiLineString", "coordinates": [ [ [ -73.925795492187092, 40.812963515546464 ], [ -73.925746656961252, 40.813029964573843 ] ] ] } },
{ "type": "Feature", "properties": { "Street": "MORRIS AVENUE", "FeatureTyp": "0", "NonPed": " ", "TrafDir": "T", "SegmentID": "9006870", "PhysicalID": 37939.0, "StreetWidth_Min": 64.0, "StreetWidth_Max": 68.0, "Snow_Priority": "C", "Number_Travel_Lanes": " 4", "Number_Park_Lanes": " 2", "TRUCK_ROUTE_TYPE": " " }, "geometry": { "type": "MultiLineString", "coordinates": [ [ [ -73.925746656961252, 40.813029964573843 ], [ -73.925701200198858, 40.813091816700471 ] ] ] } },
{ "type": "Feature", "properties": { "Street": "MORRIS AVENUE", "FeatureTyp": "0", "NonPed": " ", "TrafDir": "T", "SegmentID": "9006870", "PhysicalID": 37939.0, "StreetWidth_Min": 64.0, "StreetWidth_Max": 68.0, "Snow_Priority": "C", "Number_Travel_Lanes": " 4", "Number_Park_Lanes": " 2", "TRUCK_ROUTE_TYPE": " " }, "geometry": { "type": "MultiLineString", "coordinates": [ [ [ -73.925746656961252, 40.813029964573843 ], [ -73.925701200198858, 40.813091816700471 ] ] ] } },
{ "type": "Feature", "properties": { "Street": "MORRIS AVENUE", "FeatureTyp": "0", "NonPed": " ", "TrafDir": "T", "SegmentID": "9008571", "PhysicalID": 151438.0, "StreetWidth_Min": 64.0, "StreetWidth_Max": 68.0, "Snow_Priority": "C", "Number_Travel_Lanes": " 4", "Number_Park_Lanes": " 2", "TRUCK_ROUTE_TYPE": " " }, "geometry": { "type": "MultiLineString", "coordinates": [ [ [ -73.925701200198858, 40.813091816700471 ], [ -73.925327122837771, 40.813600810472103 ] ] ] } },
{ "type": "Feature", "properties": { "Street": "MORRIS AVENUE", "FeatureTyp": "0", "NonPed": " ", "TrafDir": "T", "SegmentID": "9008571", "PhysicalID": 151438.0, "StreetWidth_Min": 64.0, "StreetWidth_Max": 68.0, "Snow_Priority": "C", "Number_Travel_Lanes": " 4", "Number_Park_Lanes": " 2", "TRUCK_ROUTE_TYPE": " " }, "geometry": { "type": "MultiLineString", "coordinates": [ [ [ -73.925701200198858, 40.813091816700471 ], [ -73.925327122837771, 40.813600810472103 ] ] ] } },
{ "type": "Feature", "properties": { "Street": "MORRIS AVENUE", "FeatureTyp": "0", "NonPed": " ", "TrafDir": "T", "SegmentID": "9006872", "PhysicalID": 151436.0, "StreetWidth_Min": 50.0, "StreetWidth_Max": 68.0, "Snow_Priority": "C", "Number_Travel_Lanes": " 2", "Number_Park_Lanes": " 2", "TRUCK_ROUTE_TYPE": " " }, "geometry": { "type": "MultiLineString", "coordinates": [ [ [ -73.925255847683587, 40.813697791310055 ], [ -73.925223005772708, 40.813742477144736 ] ] ] } },
{ "type": "Feature", "properties": { "Street": "MORRIS AVENUE", "FeatureTyp": "0", "NonPed": " ", "TrafDir": "T", "SegmentID": "9006874", "PhysicalID": 151431.0, "StreetWidth_Min": 50.0, "StreetWidth_Max": 68.0, "Snow_Priority": "C", "Number_Travel_Lanes": " 2", "Number_Park_Lanes": " 2", "TRUCK_ROUTE_TYPE": " " }, "geometry": { "type": "MultiLineString", "coordinates": [ [ [ -73.92480323399397, 40.814313633271404 ], [ -73.924754589999495, 40.814379819045676 ] ] ] } },
{ "type": "Feature", "properties": { "Street": "MORRIS AVENUE", "FeatureTyp": "0", "NonPed": " ", "TrafDir": "T", "SegmentID": "9006874", "PhysicalID": 151431.0, "StreetWidth_Min": 50.0, "StreetWidth_Max": 68.0, "Snow_Priority": "C", "Number_Travel_Lanes": " 2", "Number_Park_Lanes": " 2", "TRUCK_ROUTE_TYPE": " " }, "geometry": { "type": "MultiLineString", "coordinates": [ [ [ -73.92480323399397, 40.814313633271404 ], [ -73.924754589999495, 40.814379819045676 ] ] ] } },
{ "type": "Feature", "properties": { "Street": "MORRIS AVENUE", "FeatureTyp": "0", "NonPed": " ", "TrafDir": "T", "SegmentID": "9006876", "PhysicalID": 37940.0, "StreetWidth_Min": 50.0, "StreetWidth_Max": 50.0, "Snow_Priority": "C", "Number_Travel_Lanes": " 2", "Number_Park_Lanes": " 2", "TRUCK_ROUTE_TYPE": " " }, "geometry": { "type": "MultiLineString", "coordinates": [ [ [ -73.924754589999495, 40.814379819045676 ], [ -73.924513956440705, 40.814705236244812 ] ] ] } },
{ "type": "Feature", "properties": { "Street": "EAST 138 STREET", "FeatureTyp": "0", "NonPed": " ", "TrafDir": "T", "SegmentID": "9008565", "PhysicalID": 57262.0, "StreetWidth_Min": 50.0, "StreetWidth_Max": 60.0, "Snow_Priority": "C", "Number_Travel_Lanes": " 2", "Number_Park_Lanes": " 2", "TRUCK_ROUTE_TYPE": "2" }, "geometry": { "type": "MultiLineString", "coordinates": [ [ [ -73.926233601510575, 40.810545970308596 ], [ -73.92609807160332, 40.810484207655925 ] ] ] } },
{ "type": "Feature", "properties": { "Street": "3 AVENUE", "FeatureTyp": "0", "NonPed": " ", "TrafDir": "T", "SegmentID": "9008568", "PhysicalID": 151441.0, "StreetWidth_Min": 50.0, "StreetWidth_Max": 50.0, "Snow_Priority": "C", "Number_Travel_Lanes": " 2", "Number_Park_Lanes": " 2", "TRUCK_ROUTE_TYPE": "2" }, "geometry": { "type": "MultiLineString", "coordinates": [ [ [ -73.924165665306262, 40.812650937291998 ], [ -73.924092127474822, 40.81268884182434 ] ] ] } },
{ "type": "Feature", "properties": { "Street": "EAST 143 STREET", "FeatureTyp": "0", "NonPed": " ", "TrafDir": "T", "SegmentID": "9008569", "PhysicalID": 151553.0, "StreetWidth_Min": 44.0, "StreetWidth_Max": 45.0, "Snow_Priority": "S", "Number_Travel_Lanes": " 2", "Number_Park_Lanes": " 2", "TRUCK_ROUTE_TYPE": " " }, "geometry": { "type": "MultiLineString", "coordinates": [ [ [ -73.923659103849346, 40.814298649460149 ], [ -73.923490749535162, 40.814087379277041 ] ] ] } },
{ "type": "Feature", "properties": { "Street": "MORRIS AVENUE", "FeatureTyp": "0", "NonPed": " ", "TrafDir": "T", "SegmentID": "9008572", "PhysicalID": 151436.0, "StreetWidth_Min": 50.0, "StreetWidth_Max": 68.0, "Snow_Priority": "C", "Number_Travel_Lanes": " 2", "Number_Park_Lanes": " 2", "TRUCK_ROUTE_TYPE": " " }, "geometry": { "type": "MultiLineString", "coordinates": [ [ [ -73.925327122837771, 40.813600810472103 ], [ -73.925255847683587, 40.813697791310055 ] ] ] } },
{ "type": "Feature", "properties": { "Street": "MORRIS AVENUE", "FeatureTyp": "0", "NonPed": " ", "TrafDir": "T", "SegmentID": "9008572", "PhysicalID": 151436.0, "StreetWidth_Min": 50.0, "StreetWidth_Max": 68.0, "Snow_Priority": "C", "Number_Travel_Lanes": " 2", "Number_Park_Lanes": " 2", "TRUCK_ROUTE_TYPE": " " }, "geometry": { "type": "MultiLineString", "coordinates": [ [ [ -73.925327122837771, 40.813600810472103 ], [ -73.925255847683587, 40.813697791310055 ] ] ] } },
{ "type": "Feature", "properties": { "Street": "EAST 145 STREET", "FeatureTyp": "0", "NonPed": " ", "TrafDir": "A", "SegmentID": "9008574", "PhysicalID": 151456.0, "StreetWidth_Min": 30.0, "StreetWidth_Max": 30.0, "Snow_Priority": "H", "Number_Travel_Lanes": " 1", "Number_Park_Lanes": " 2", "TRUCK_ROUTE_TYPE": " " }, "geometry": { "type": "MultiLineString", "coordinates": [ [ [ -73.92160612055045, 40.814585394081597 ], [ -73.92146327380496, 40.81442855404147 ] ] ] } },
{ "type": "Feature", "properties": { "Street": "EAST 137 STREET", "FeatureTyp": "0", "NonPed": " ", "TrafDir": "A", "SegmentID": "9008555", "PhysicalID": 88136.0, "StreetWidth_Min": 50.0, "StreetWidth_Max": 52.0, "Snow_Priority": "S", "Number_Travel_Lanes": " 2", "Number_Park_Lanes": " 2", "TRUCK_ROUTE_TYPE": " " }, "geometry": { "type": "MultiLineString", "coordinates": [ [ [ -73.916240876560607, 40.805393820661145 ], [ -73.916159783647032, 40.805359842938806 ] ] ] } },
{ "type": "Feature", "properties": { "Street": "EAST 135 STREET", "FeatureTyp": "0", "NonPed": " ", "TrafDir": "A", "SegmentID": "9008556", "PhysicalID": 57313.0, "StreetWidth_Min": 48.0, "StreetWidth_Max": 50.0, "Snow_Priority": "C", "Number_Travel_Lanes": " 2", "Number_Park_Lanes": " 2", "TRUCK_ROUTE_TYPE": " " }, "geometry": { "type": "MultiLineString", "coordinates": [ [ [ -73.91779413799388, 40.804481513648206 ], [ -73.917089952722179, 40.804190278864652 ] ] ] } },
{ "type": "Feature", "properties": { "Street": "EAST 137 STREET", "FeatureTyp": "0", "NonPed": " ", "TrafDir": "A", "SegmentID": "9008562", "PhysicalID": 151195.0, "StreetWidth_Min": 50.0, "StreetWidth_Max": 50.0, "Snow_Priority": "S", "Number_Travel_Lanes": " 2", "Number_Park_Lanes": " 2", "TRUCK_ROUTE_TYPE": " " }, "geometry": { "type": "MultiLineString", "coordinates": [ [ [ -73.918880185365083, 40.806517648713658 ], [ -73.918527239569556, 40.806368005512994 ] ] ] } },
{ "type": "Feature", "properties": { "Street": "EAST 135 STREET", "FeatureTyp": "0", "NonPed": " ", "TrafDir": "A", "SegmentID": "9008563", "PhysicalID": 57312.0, "StreetWidth_Min": 48.0, "StreetWidth_Max": 52.0, "Snow_Priority": "C", "Number_Travel_Lanes": " 2", "Number_Park_Lanes": " 2", "TRUCK_ROUTE_TYPE": " " }, "geometry": { "type": "MultiLineString", "coordinates": [ [ [ -73.9206150125774, 40.805651063646714 ], [ -73.919751380101175, 40.805292490322493 ] ] ] } },
{ "type": "Feature", "properties": { "Street": "ST ANNS AVENUE", "FeatureTyp": "0", "NonPed": " ", "TrafDir": "T", "SegmentID": "9009814", "PhysicalID": 149347.0, "StreetWidth_Min": 42.0, "StreetWidth_Max": 42.0, "Snow_Priority": "C", "Number_Travel_Lanes": " 2", "Number_Park_Lanes": " 2", "TRUCK_ROUTE_TYPE": " " }, "geometry": { "type": "MultiLineString", "coordinates": [ [ [ -73.914918746200257, 40.810869986211571 ], [ -73.914847452929749, 40.810993575962826 ] ] ] } },
{ "type": "Feature", "properties": { "Street": "ST ANNS AVENUE", "FeatureTyp": "0", "NonPed": " ", "TrafDir": "T", "SegmentID": "9009813", "PhysicalID": 149347.0, "StreetWidth_Min": 42.0, "StreetWidth_Max": 42.0, "Snow_Priority": "C", "Number_Travel_Lanes": " 2", "Number_Park_Lanes": " 2", "TRUCK_ROUTE_TYPE": " " }, "geometry": { "type": "MultiLineString", "coordinates": [ [ [ -73.914944709403045, 40.810824977903678 ], [ -73.914918746200257, 40.810869986211571 ] ] ] } },
{ "type": "Feature", "properties": { "Street": "ST ANNS AVENUE", "FeatureTyp": "0", "NonPed": " ", "TrafDir": "T", "SegmentID": "9009813", "PhysicalID": 149347.0, "StreetWidth_Min": 42.0, "StreetWidth_Max": 42.0, "Snow_Priority": "C", "Number_Travel_Lanes": " 2", "Number_Park_Lanes": " 2", "TRUCK_ROUTE_TYPE": " " }, "geometry": { "type": "MultiLineString", "coordinates": [ [ [ -73.914944709403045, 40.810824977903678 ], [ -73.914918746200257, 40.810869986211571 ] ] ] } },
{ "type": "Feature", "properties": { "Street": "ST ANNS AVENUE", "FeatureTyp": "0", "NonPed": " ", "TrafDir": "T", "SegmentID": "9009815", "PhysicalID": 59531.0, "StreetWidth_Min": 42.0, "StreetWidth_Max": 42.0, "Snow_Priority": "C", "Number_Travel_Lanes": " 2", "Number_Park_Lanes": " 2", "TRUCK_ROUTE_TYPE": " " }, "geometry": { "type": "MultiLineString", "coordinates": [ [ [ -73.914847452929749, 40.810993575962826 ], [ -73.914706433873221, 40.811242086304347 ] ] ] } },
{ "type": "Feature", "properties": { "Street": "ST ANNS AVENUE", "FeatureTyp": "0", "NonPed": " ", "TrafDir": "T", "SegmentID": "9009816", "PhysicalID": 59531.0, "StreetWidth_Min": 42.0, "StreetWidth_Max": 42.0, "Snow_Priority": "C", "Number_Travel_Lanes": " 2", "Number_Park_Lanes": " 2", "TRUCK_ROUTE_TYPE": " " }, "geometry": { "type": "MultiLineString", "coordinates": [ [ [ -73.914706433873221, 40.811242086304347 ], [ -73.914686604239421, 40.811277031174747 ] ] ] } },
{ "type": "Feature", "properties": { "Street": "ST ANNS AVENUE", "FeatureTyp": "0", "NonPed": " ", "TrafDir": "T", "SegmentID": "9009816", "PhysicalID": 59531.0, "StreetWidth_Min": 42.0, "StreetWidth_Max": 42.0, "Snow_Priority": "C", "Number_Travel_Lanes": " 2", "Number_Park_Lanes": " 2", "TRUCK_ROUTE_TYPE": " " }, "geometry": { "type": "MultiLineString", "coordinates": [ [ [ -73.914706433873221, 40.811242086304347 ], [ -73.914686604239421, 40.811277031174747 ] ] ] } },
{ "type": "Feature", "properties": { "Street": "ST ANNS AVENUE", "FeatureTyp": "0", "NonPed": " ", "TrafDir": "T", "SegmentID": "9009817", "PhysicalID": 59531.0, "StreetWidth_Min": 42.0, "StreetWidth_Max": 42.0, "Snow_Priority": "C", "Number_Travel_Lanes": " 2", "Number_Park_Lanes": " 2", "TRUCK_ROUTE_TYPE": " " }, "geometry": { "type": "MultiLineString", "coordinates": [ [ [ -73.914686604239421, 40.811277031174747 ], [ -73.914631255815394, 40.811374568963942 ] ] ] } },
{ "type": "Feature", "properties": { "Street": "ST ANNS AVENUE", "FeatureTyp": "0", "NonPed": " ", "TrafDir": "T", "SegmentID": "9009818", "PhysicalID": 59531.0, "StreetWidth_Min": 42.0, "StreetWidth_Max": 42.0, "Snow_Priority": "C", "Number_Travel_Lanes": " 2", "Number_Park_Lanes": " 2", "TRUCK_ROUTE_TYPE": " " }, "geometry": { "type": "MultiLineString", "coordinates": [ [ [ -73.914631255815394, 40.811374568963942 ], [ -73.914604071782392, 40.811422473897728 ] ] ] } },
{ "type": "Feature", "properties": { "Street": "ST ANNS AVENUE", "FeatureTyp": "0", "NonPed": " ", "TrafDir": "T", "SegmentID": "9009818", "PhysicalID": 59531.0, "StreetWidth_Min": 42.0, "StreetWidth_Max": 42.0, "Snow_Priority": "C", "Number_Travel_Lanes": " 2", "Number_Park_Lanes": " 2", "TRUCK_ROUTE_TYPE": " " }, "geometry": { "type": "MultiLineString", "coordinates": [ [ [ -73.914631255815394, 40.811374568963942 ], [ -73.914604071782392, 40.811422473897728 ] ] ] } },
{ "type": "Feature", "properties": { "Street": "ST ANNS AVENUE", "FeatureTyp": "0", "NonPed": " ", "TrafDir": "T", "SegmentID": "9009818", "PhysicalID": 59531.0, "StreetWidth_Min": 42.0, "StreetWidth_Max": 42.0, "Snow_Priority": "C", "Number_Travel_Lanes": " 2", "Number_Park_Lanes": " 2", "TRUCK_ROUTE_TYPE": " " }, "geometry": { "type": "MultiLineString", "coordinates": [ [ [ -73.914631255815394, 40.811374568963942 ], [ -73.914604071782392, 40.811422473897728 ] ] ] } },
{ "type": "Feature", "properties": { "Street": "MAJOR DEEGAN EXPRESSWAY", "FeatureTyp": "0", "NonPed": "V", "TrafDir": "T", "SegmentID": "9012289", "PhysicalID": null, "StreetWidth_Min": null, "StreetWidth_Max": null, "Snow_Priority": "C", "Number_Travel_Lanes": "  ", "Number_Park_Lanes": "  ", "TRUCK_ROUTE_TYPE": " " }, "geometry": { "type": "MultiLineString", "coordinates": [ [ [ -73.921242960255697, 40.805529747101609 ], [ -73.921658619104093, 40.805697504698436 ] ] ] } },
{ "type": "Feature", "properties": { "Street": "MAJOR DEEGAN EXPRESSWAY", "FeatureTyp": "0", "NonPed": "V", "TrafDir": "T", "SegmentID": "9012290", "PhysicalID": null, "StreetWidth_Min": null, "StreetWidth_Max": null, "Snow_Priority": "C", "Number_Travel_Lanes": "  ", "Number_Park_Lanes": "  ", "TRUCK_ROUTE_TYPE": " " }, "geometry": { "type": "MultiLineString", "coordinates": [ [ [ -73.921658619104093, 40.805697504698436 ], [ -73.924134833394177, 40.806696841631101 ] ] ] } },
{ "type": "Feature", "properties": { "Street": "MAJOR DEEGAN EXPRESSWAY", "FeatureTyp": "0", "NonPed": "V", "TrafDir": "W", "SegmentID": "9012291", "PhysicalID": 50703.0, "StreetWidth_Min": 34.0, "StreetWidth_Max": 50.0, "Snow_Priority": "C", "Number_Travel_Lanes": " 3", "Number_Park_Lanes": "  ", "TRUCK_ROUTE_TYPE": "3" }, "geometry": { "type": "MultiLineString", "coordinates": [ [ [ -73.921419327947376, 40.805688706380458 ], [ -73.921804568309526, 40.805840366026139 ] ] ] } },
{ "type": "Feature", "properties": { "Street": "MAJOR DEEGAN EXPRESSWAY", "FeatureTyp": "0", "NonPed": "V", "TrafDir": "W", "SegmentID": "9012292", "PhysicalID": 50703.0, "StreetWidth_Min": 34.0, "StreetWidth_Max": 50.0, "Snow_Priority": "C", "Number_Travel_Lanes": " 3", "Number_Park_Lanes": "  ", "TRUCK_ROUTE_TYPE": "3" }, "geometry": { "type": "MultiLineString", "coordinates": [ [ [ -73.921804568309526, 40.805840366026139 ], [ -73.922442598438934, 40.806091537318601 ], [ -73.924099569942186, 40.806743806467608 ] ] ] } },
{ "type": "Feature", "properties": { "Street": "MAJOR DEEGAN EXPRESSWAY", "FeatureTyp": "0", "NonPed": "V", "TrafDir": "A", "SegmentID": "9012293", "PhysicalID": 50710.0, "StreetWidth_Min": 34.0, "StreetWidth_Max": 52.0, "Snow_Priority": "C", "Number_Travel_Lanes": " 3", "Number_Park_Lanes": "  ", "TRUCK_ROUTE_TYPE": "3" }, "geometry": { "type": "MultiLineString", "coordinates": [ [ [ -73.921446955482509, 40.8055459599478 ], [ -73.921744735567998, 40.805665012113735 ], [ -73.92183801169331, 40.805702303754671 ] ] ] } },
{ "type": "Feature", "properties": { "Street": "MAJOR DEEGAN EXPRESSWAY", "FeatureTyp": "0", "NonPed": "V", "TrafDir": "A", "SegmentID": "9012294", "PhysicalID": 50710.0, "StreetWidth_Min": 34.0, "StreetWidth_Max": 52.0, "Snow_Priority": "C", "Number_Travel_Lanes": " 3", "Number_Park_Lanes": "  ", "TRUCK_ROUTE_TYPE": "3" }, "geometry": { "type": "MultiLineString", "coordinates": [ [ [ -73.92183801169331, 40.805702303754671 ], [ -73.923506623083227, 40.806369386457398 ], [ -73.924167661857467, 40.806633648366429 ] ] ] } },
{ "type": "Feature", "properties": { "Street": "MAJOR DEEGAN EXPRESSWAY", "FeatureTyp": "0", "NonPed": "V", "TrafDir": "T", "SegmentID": "9012365", "PhysicalID": null, "StreetWidth_Min": null, "StreetWidth_Max": null, "Snow_Priority": "C", "Number_Travel_Lanes": "  ", "Number_Park_Lanes": "  ", "TRUCK_ROUTE_TYPE": " " }, "geometry": { "type": "MultiLineString", "coordinates": [ [ [ -73.929480202994313, 40.809530393148762 ], [ -73.93025143115392, 40.810113069796749 ] ] ] } },
{ "type": "Feature", "properties": { "Street": "MAJOR DEEGAN EXPRESSWAY", "FeatureTyp": "0", "NonPed": "V", "TrafDir": "T", "SegmentID": "9012366", "PhysicalID": null, "StreetWidth_Min": null, "StreetWidth_Max": null, "Snow_Priority": "C", "Number_Travel_Lanes": "  ", "Number_Park_Lanes": "  ", "TRUCK_ROUTE_TYPE": " " }, "geometry": { "type": "MultiLineString", "coordinates": [ [ [ -73.93025143115392, 40.810113069796749 ], [ -73.930655434684539, 40.810418294820494 ] ] ] } },
{ "type": "Feature", "properties": { "Street": "MAJOR DEEGAN EXPRESSWAY", "FeatureTyp": "0", "NonPed": "V", "TrafDir": "W", "SegmentID": "9012367", "PhysicalID": 192217.0, "StreetWidth_Min": 34.0, "StreetWidth_Max": 38.0, "Snow_Priority": "C", "Number_Travel_Lanes": " 3", "Number_Park_Lanes": "  ", "TRUCK_ROUTE_TYPE": "3" }, "geometry": { "type": "MultiLineString", "coordinates": [ [ [ -73.929421343617108, 40.809567718859455 ], [ -73.930212060477118, 40.810167154901173 ] ] ] } },
{ "type": "Feature", "properties": { "Street": "MAJOR DEEGAN EXPRESSWAY", "FeatureTyp": "0", "NonPed": "V", "TrafDir": "W", "SegmentID": "9012368", "PhysicalID": 192217.0, "StreetWidth_Min": 34.0, "StreetWidth_Max": 38.0, "Snow_Priority": "C", "Number_Travel_Lanes": " 3", "Number_Park_Lanes": "  ", "TRUCK_ROUTE_TYPE": "3" }, "geometry": { "type": "MultiLineString", "coordinates": [ [ [ -73.930212060477118, 40.810167154901173 ], [ -73.930458745285861, 40.810354160890526 ], [ -73.930626273150793, 40.810481159162919 ] ] ] } },
{ "type": "Feature", "properties": { "Street": "MAJOR DEEGAN EXPRESSWAY", "FeatureTyp": "0", "NonPed": "V", "TrafDir": "A", "SegmentID": "9012369", "PhysicalID": 50718.0, "StreetWidth_Min": 34.0, "StreetWidth_Max": 50.0, "Snow_Priority": "C", "Number_Travel_Lanes": " 3", "Number_Park_Lanes": "  ", "TRUCK_ROUTE_TYPE": "3" }, "geometry": { "type": "MultiLineString", "coordinates": [ [ [ -73.929526621055942, 40.809489836399777 ], [ -73.929960941509492, 40.809818333797672 ], [ -73.930333061187937, 40.81009978199247 ] ] ] } },
{ "type": "Feature", "properties": { "Street": "MAJOR DEEGAN EXPRESSWAY", "FeatureTyp": "0", "NonPed": "V", "TrafDir": "A", "SegmentID": "9012370", "PhysicalID": 50718.0, "StreetWidth_Min": 34.0, "StreetWidth_Max": 50.0, "Snow_Priority": "C", "Number_Travel_Lanes": " 3", "Number_Park_Lanes": "  ", "TRUCK_ROUTE_TYPE": "3" }, "geometry": { "type": "MultiLineString", "coordinates": [ [ [ -73.930333061187937, 40.81009978199247 ], [ -73.930755510419587, 40.810419291470147 ] ] ] } },
{ "type": "Feature", "properties": { "Street": "BRUCKNER BOULEVARD", "FeatureTyp": "0", "NonPed": "D", "TrafDir": "W", "SegmentID": "0214167", "PhysicalID": 113390.0, "StreetWidth_Min": 34.0, "StreetWidth_Max": 34.0, "Snow_Priority": "C", "Number_Travel_Lanes": " 2", "Number_Park_Lanes": " 1", "TRUCK_ROUTE_TYPE": " " }, "geometry": { "type": "MultiLineString", "coordinates": [ [ [ -73.914604299750806, 40.803113682597143 ], [ -73.914204131213381, 40.80328626758277 ] ] ] } },
{ "type": "Feature", "properties": { "Street": "BRUCKNER BOULEVARD", "FeatureTyp": "0", "NonPed": "D", "TrafDir": "T", "SegmentID": "0214216", "PhysicalID": null, "StreetWidth_Min": null, "StreetWidth_Max": null, "Snow_Priority": "C", "Number_Travel_Lanes": "  ", "Number_Park_Lanes": "  ", "TRUCK_ROUTE_TYPE": " " }, "geometry": { "type": "MultiLineString", "coordinates": [ [ [ -73.914712597704309, 40.803486686624481 ], [ -73.914401363553239, 40.803561560449957 ] ] ] } },
{ "type": "Feature", "properties": { "Street": "BRUCKNER BOULEVARD", "FeatureTyp": "0", "NonPed": "D", "TrafDir": "A", "SegmentID": "0214428", "PhysicalID": 41648.0, "StreetWidth_Min": 30.0, "StreetWidth_Max": 30.0, "Snow_Priority": "C", "Number_Travel_Lanes": " 2", "Number_Park_Lanes": "  ", "TRUCK_ROUTE_TYPE": "2" }, "geometry": { "type": "MultiLineString", "coordinates": [ [ [ -73.914747445423188, 40.803564524034378 ], [ -73.914456199433573, 40.803647815768585 ] ] ] } },
{ "type": "Feature", "properties": { "Street": "BRUCKNER BOULEVARD", "FeatureTyp": "0", "NonPed": " ", "TrafDir": "A", "SegmentID": "0214447", "PhysicalID": 123010.0, "StreetWidth_Min": 24.0, "StreetWidth_Max": 24.0, "Snow_Priority": "C", "Number_Travel_Lanes": " 1", "Number_Park_Lanes": " 2", "TRUCK_ROUTE_TYPE": "2" }, "geometry": { "type": "MultiLineString", "coordinates": [ [ [ -73.914783266853874, 40.803761003515419 ], [ -73.91455223684099, 40.803815749541926 ] ] ] } },
{ "type": "Feature", "properties": { "Street": "BRUCKNER BOULEVARD", "FeatureTyp": "0", "NonPed": " ", "TrafDir": "A", "SegmentID": "0214448", "PhysicalID": 123010.0, "StreetWidth_Min": 24.0, "StreetWidth_Max": 24.0, "Snow_Priority": "C", "Number_Travel_Lanes": " 1", "Number_Park_Lanes": " 2", "TRUCK_ROUTE_TYPE": "2" }, "geometry": { "type": "MultiLineString", "coordinates": [ [ [ -73.91455223684099, 40.803815749541926 ], [ -73.91442871885755, 40.803845018811202 ] ] ] } },
{ "type": "Feature", "properties": { "Street": "EAST 145 STREET", "FeatureTyp": "0", "NonPed": " ", "TrafDir": "A", "SegmentID": "0215189", "PhysicalID": 114150.0, "StreetWidth_Min": 34.0, "StreetWidth_Max": 34.0, "Snow_Priority": "S", "Number_Travel_Lanes": " 1", "Number_Park_Lanes": " 2", "TRUCK_ROUTE_TYPE": " " }, "geometry": { "type": "MultiLineString", "coordinates": [ [ [ -73.919663632479043, 40.813511882358476 ], [ -73.91920662600451, 40.813327420145036 ] ] ] } },
{ "type": "Feature", "properties": { "Street": "EAST 145 STREET", "FeatureTyp": "0", "NonPed": " ", "TrafDir": "A", "SegmentID": "0215190", "PhysicalID": 114150.0, "StreetWidth_Min": 34.0, "StreetWidth_Max": 34.0, "Snow_Priority": "S", "Number_Travel_Lanes": " 1", "Number_Park_Lanes": " 2", "TRUCK_ROUTE_TYPE": " " }, "geometry": { "type": "MultiLineString", "coordinates": [ [ [ -73.91920662600451, 40.813327420145036 ], [ -73.918042499992055, 40.812832699961035 ] ] ] } },
{ "type": "Feature", "properties": { "Street": "EAST 145 STREET", "FeatureTyp": "0", "NonPed": " ", "TrafDir": "A", "SegmentID": "0215194", "PhysicalID": 114150.0, "StreetWidth_Min": 34.0, "StreetWidth_Max": 34.0, "Snow_Priority": "S", "Number_Travel_Lanes": " 1", "Number_Park_Lanes": " 2", "TRUCK_ROUTE_TYPE": " " }, "geometry": { "type": "MultiLineString", "coordinates": [ [ [ -73.918042499992055, 40.812832699961035 ], [ -73.916858571373098, 40.812439814199848 ] ] ] } },
{ "type": "Feature", "properties": { "Street": "EAST 145 STREET", "FeatureTyp": "0", "NonPed": " ", "TrafDir": "A", "SegmentID": "0215195", "PhysicalID": 114150.0, "StreetWidth_Min": 34.0, "StreetWidth_Max": 34.0, "Snow_Priority": "S", "Number_Travel_Lanes": " 1", "Number_Park_Lanes": " 2", "TRUCK_ROUTE_TYPE": " " }, "geometry": { "type": "MultiLineString", "coordinates": [ [ [ -73.916858571373098, 40.812439814199848 ], [ -73.916473842705457, 40.812312322606033 ] ] ] } },
{ "type": "Feature", "properties": { "Street": "ST ANNS AVENUE", "FeatureTyp": "6", "NonPed": " ", "TrafDir": "T", "SegmentID": "0215477", "PhysicalID": 114315.0, "StreetWidth_Min": 52.0, "StreetWidth_Max": 52.0, "Snow_Priority": "V", "Number_Travel_Lanes": " 2", "Number_Park_Lanes": "  ", "TRUCK_ROUTE_TYPE": " " }, "geometry": { "type": "MultiLineString", "coordinates": [ [ [ -73.920811930380893, 40.802192301629873 ], [ -73.920618962203278, 40.802455909196276 ] ] ] } },
{ "type": "Feature", "properties": { "Street": "ST ANNS AVENUE", "FeatureTyp": "6", "NonPed": " ", "TrafDir": "T", "SegmentID": "0215477", "PhysicalID": 114315.0, "StreetWidth_Min": 52.0, "StreetWidth_Max": 52.0, "Snow_Priority": "V", "Number_Travel_Lanes": " 2", "Number_Park_Lanes": "  ", "TRUCK_ROUTE_TYPE": " " }, "geometry": { "type": "MultiLineString", "coordinates": [ [ [ -73.920811930380893, 40.802192301629873 ], [ -73.920618962203278, 40.802455909196276 ] ] ] } },
{ "type": "Feature", "properties": { "Street": "ST ANNS AVENUE", "FeatureTyp": "6", "NonPed": " ", "TrafDir": "T", "SegmentID": "0215478", "PhysicalID": 114315.0, "StreetWidth_Min": 52.0, "StreetWidth_Max": 52.0, "Snow_Priority": "V", "Number_Travel_Lanes": " 2", "Number_Park_Lanes": " 2", "TRUCK_ROUTE_TYPE": " " }, "geometry": { "type": "MultiLineString", "coordinates": [ [ [ -73.920618962203278, 40.802455909196276 ], [ -73.920282883154911, 40.802915011189313 ] ] ] } },
{ "type": "Feature", "properties": { "Street": "ROBERT F KENNEDY BRIDGE", "FeatureTyp": "0", "NonPed": "V", "TrafDir": "A", "SegmentID": "0215479", "PhysicalID": 114317.0, "StreetWidth_Min": 40.0, "StreetWidth_Max": 42.0, "Snow_Priority": "C", "Number_Travel_Lanes": " 4", "Number_Park_Lanes": "  ", "TRUCK_ROUTE_TYPE": "3" }, "geometry": { "type": "MultiLineString", "coordinates": [ [ [ -73.917667910122901, 40.800849591580011 ], [ -73.917653365021309, 40.800869956403638 ], [ -73.917560090019961, 40.80099660174357 ], [ -73.917453969909587, 40.80114014039097 ] ] ] } },
{ "type": "Feature", "properties": { "Street": "ROBERT F KENNEDY BRIDGE", "FeatureTyp": "0", "NonPed": "V", "TrafDir": "A", "SegmentID": "0215480", "PhysicalID": 114318.0, "StreetWidth_Min": 40.0, "StreetWidth_Max": 42.0, "Snow_Priority": "C", "Number_Travel_Lanes": " 4", "Number_Park_Lanes": "  ", "TRUCK_ROUTE_TYPE": "3" }, "geometry": { "type": "MultiLineString", "coordinates": [ [ [ -73.917453969909587, 40.80114014039097 ], [ -73.917186753294672, 40.801502471820029 ], [ -73.917119019566229, 40.801594314974295 ] ] ] } },
{ "type": "Feature", "properties": { "Street": "LINCOLN AVENUE", "FeatureTyp": "0", "NonPed": " ", "TrafDir": "W", "SegmentID": "0215502", "PhysicalID": 114325.0, "StreetWidth_Min": 36.0, "StreetWidth_Max": 40.0, "Snow_Priority": "C", "Number_Travel_Lanes": " 2", "Number_Park_Lanes": " 1", "TRUCK_ROUTE_TYPE": " " }, "geometry": { "type": "MultiLineString", "coordinates": [ [ [ -73.927815498028409, 40.810050757163467 ], [ -73.927653480569873, 40.810267632865845 ] ] ] } },
{ "type": "Feature", "properties": { "Street": "LINCOLN AVENUE", "FeatureTyp": "0", "NonPed": " ", "TrafDir": "W", "SegmentID": "0215503", "PhysicalID": 114325.0, "StreetWidth_Min": 36.0, "StreetWidth_Max": 40.0, "Snow_Priority": "C", "Number_Travel_Lanes": " 2", "Number_Park_Lanes": " 1", "TRUCK_ROUTE_TYPE": " " }, "geometry": { "type": "MultiLineString", "coordinates": [ [ [ -73.927653480569873, 40.810267632865845 ], [ -73.927142998495341, 40.810949808818982 ] ] ] } },
{ "type": "Feature", "properties": { "Street": "LINCOLN AVENUE", "FeatureTyp": "0", "NonPed": " ", "TrafDir": "W", "SegmentID": "0215503", "PhysicalID": 114325.0, "StreetWidth_Min": 36.0, "StreetWidth_Max": 40.0, "Snow_Priority": "C", "Number_Travel_Lanes": " 2", "Number_Park_Lanes": " 1", "TRUCK_ROUTE_TYPE": " " }, "geometry": { "type": "MultiLineString", "coordinates": [ [ [ -73.927653480569873, 40.810267632865845 ], [ -73.927142998495341, 40.810949808818982 ] ] ] } },
{ "type": "Feature", "properties": { "Street": "EAST 135 STREET", "FeatureTyp": "0", "NonPed": " ", "TrafDir": "A", "SegmentID": "0215561", "PhysicalID": 57306.0, "StreetWidth_Min": 50.0, "StreetWidth_Max": 50.0, "Snow_Priority": "C", "Number_Travel_Lanes": " 4", "Number_Park_Lanes": "  ", "TRUCK_ROUTE_TYPE": "3" }, "geometry": { "type": "MultiLineString", "coordinates": [ [ [ -73.927555944967594, 40.808610901582412 ], [ -73.9274678142894, 40.80857253750392 ] ] ] } },
{ "type": "Feature", "properties": { "Street": "EAST 135 STREET", "FeatureTyp": "0", "NonPed": " ", "TrafDir": "A", "SegmentID": "0215562", "PhysicalID": 151200.0, "StreetWidth_Min": 50.0, "StreetWidth_Max": 50.0, "Snow_Priority": "C", "Number_Travel_Lanes": " 4", "Number_Park_Lanes": "  ", "TRUCK_ROUTE_TYPE": "3" }, "geometry": { "type": "MultiLineString", "coordinates": [ [ [ -73.9274678142894, 40.80857253750392 ], [ -73.926523721855659, 40.808161554517945 ] ] ] } },
{ "type": "Feature", "properties": { "Street": "MITCHEL HOUSES PEDESTRIAN PATH", "FeatureTyp": "0", "NonPed": " ", "TrafDir": "P", "SegmentID": "0215589", "PhysicalID": 151218.0, "StreetWidth_Min": null, "StreetWidth_Max": null, "Snow_Priority": " ", "Number_Travel_Lanes": "  ", "Number_Park_Lanes": "  ", "TRUCK_ROUTE_TYPE": " " }, "geometry": { "type": "MultiLineString", "coordinates": [ [ [ -73.924520193288146, 40.808058728979582 ], [ -73.923837115871578, 40.807809318936172 ] ] ] } },
{ "type": "Feature", "properties": { "Street": "ROBERT F KENNEDY BRIDGE", "FeatureTyp": "0", "NonPed": "V", "TrafDir": "T", "SegmentID": "0223586", "PhysicalID": null, "StreetWidth_Min": null, "StreetWidth_Max": null, "Snow_Priority": "C", "Number_Travel_Lanes": "  ", "Number_Park_Lanes": "  ", "TRUCK_ROUTE_TYPE": " " }, "geometry": { "type": "MultiLineString", "coordinates": [ [ [ -73.917593298051898, 40.800812218748696 ], [ -73.917379933231715, 40.801106956839085 ] ] ] } },
{ "type": "Feature", "properties": { "Street": "ROBERT F KENNEDY BRIDGE", "FeatureTyp": "0", "NonPed": "V", "TrafDir": "T", "SegmentID": "0223587", "PhysicalID": null, "StreetWidth_Min": null, "StreetWidth_Max": null, "Snow_Priority": "C", "Number_Travel_Lanes": "  ", "Number_Park_Lanes": "  ", "TRUCK_ROUTE_TYPE": " " }, "geometry": { "type": "MultiLineString", "coordinates": [ [ [ -73.917379933231715, 40.801106956839085 ], [ -73.917049390449122, 40.801563556329292 ] ] ] } },
{ "type": "Feature", "properties": { "Street": "ROBERT F KENNEDY BRIDGE", "FeatureTyp": "0", "NonPed": "V", "TrafDir": "W", "SegmentID": "0223536", "PhysicalID": 119970.0, "StreetWidth_Min": 40.0, "StreetWidth_Max": 42.0, "Snow_Priority": "C", "Number_Travel_Lanes": " 4", "Number_Park_Lanes": "  ", "TRUCK_ROUTE_TYPE": "3" }, "geometry": { "type": "MultiLineString", "coordinates": [ [ [ -73.917530098509459, 40.800776982296355 ], [ -73.917501705262239, 40.800814863927677 ], [ -73.917427413998027, 40.800912647110792 ], [ -73.917303565368101, 40.801080266142051 ] ] ] } },
{ "type": "Feature", "properties": { "Street": "ROBERT F KENNEDY BRIDGE", "FeatureTyp": "0", "NonPed": "V", "TrafDir": "W", "SegmentID": "0223537", "PhysicalID": 119970.0, "StreetWidth_Min": 40.0, "StreetWidth_Max": 42.0, "Snow_Priority": "C", "Number_Travel_Lanes": " 4", "Number_Park_Lanes": "  ", "TRUCK_ROUTE_TYPE": "3" }, "geometry": { "type": "MultiLineString", "coordinates": [ [ [ -73.917303565368101, 40.801080266142051 ], [ -73.917005830054052, 40.801488975976888 ], [ -73.916974734249322, 40.801531662095783 ] ] ] } },
{ "type": "Feature", "properties": { "Street": "EAST 138 STREET", "FeatureTyp": "0", "NonPed": " ", "TrafDir": "T", "SegmentID": "0231604", "PhysicalID": 121651.0, "StreetWidth_Min": 48.0, "StreetWidth_Max": 60.0, "Snow_Priority": "C", "Number_Travel_Lanes": " 4", "Number_Park_Lanes": "  ", "TRUCK_ROUTE_TYPE": "2" }, "geometry": { "type": "MultiLineString", "coordinates": [ [ [ -73.929880996945187, 40.813040704367097 ], [ -73.929606394983281, 40.812828687843144 ] ] ] } },
{ "type": "Feature", "properties": { "Street": "EAST 138 STREET", "FeatureTyp": "0", "NonPed": " ", "TrafDir": "T", "SegmentID": "0231604", "PhysicalID": 121651.0, "StreetWidth_Min": 48.0, "StreetWidth_Max": 60.0, "Snow_Priority": "C", "Number_Travel_Lanes": " 4", "Number_Park_Lanes": "  ", "TRUCK_ROUTE_TYPE": "2" }, "geometry": { "type": "MultiLineString", "coordinates": [ [ [ -73.929880996945187, 40.813040704367097 ], [ -73.929606394983281, 40.812828687843144 ] ] ] } },
{ "type": "Feature", "properties": { "Street": "BRUCKNER BOULEVARD", "FeatureTyp": "0", "NonPed": "D", "TrafDir": "W", "SegmentID": "0232589", "PhysicalID": 41452.0, "StreetWidth_Min": 12.0, "StreetWidth_Max": 24.0, "Snow_Priority": "C", "Number_Travel_Lanes": " 2", "Number_Park_Lanes": "  ", "TRUCK_ROUTE_TYPE": "3" }, "geometry": { "type": "MultiLineString", "coordinates": [ [ [ -73.914673381348365, 40.80341471666587 ], [ -73.914366636873737, 40.803475868989146 ] ] ] } },
{ "type": "Feature", "properties": { "Street": "EAST 134 STREET", "FeatureTyp": "0", "NonPed": " ", "TrafDir": "T", "SegmentID": "0241762", "PhysicalID": null, "StreetWidth_Min": null, "StreetWidth_Max": null, "Snow_Priority": "H", "Number_Travel_Lanes": "  ", "Number_Park_Lanes": "  ", "TRUCK_ROUTE_TYPE": " " }, "geometry": { "type": "MultiLineString", "coordinates": [ [ [ -73.930239179701687, 40.808944297526672 ], [ -73.930198200490381, 40.80891046266327 ] ] ] } },
{ "type": "Feature", "properties": { "Street": "EAST 134 STREET", "FeatureTyp": "0", "NonPed": " ", "TrafDir": "T", "SegmentID": "0241763", "PhysicalID": null, "StreetWidth_Min": null, "StreetWidth_Max": null, "Snow_Priority": "H", "Number_Travel_Lanes": "  ", "Number_Park_Lanes": "  ", "TRUCK_ROUTE_TYPE": " " }, "geometry": { "type": "MultiLineString", "coordinates": [ [ [ -73.930198200490381, 40.80891046266327 ], [ -73.930132229605846, 40.80885599317709 ] ] ] } },
{ "type": "Feature", "properties": { "Street": "3 AVENUE BRIDGE BIKE PATH", "FeatureTyp": "0", "NonPed": "D", "TrafDir": "P", "SegmentID": "0241764", "PhysicalID": 132665.0, "StreetWidth_Min": null, "StreetWidth_Max": null, "Snow_Priority": " ", "Number_Travel_Lanes": "  ", "Number_Park_Lanes": "  ", "TRUCK_ROUTE_TYPE": " " }, "geometry": { "type": "MultiLineString", "coordinates": [ [ [ -73.930869544907083, 40.808438981583663 ], [ -73.930751537981479, 40.808516140164556 ], [ -73.930198200490381, 40.80891046266327 ] ] ] } },
{ "type": "Feature", "properties": { "Street": "WILLIS AVENUE BRIDGE BIKE PATH", "FeatureTyp": "0", "NonPed": "D", "TrafDir": "P", "SegmentID": "0241796", "PhysicalID": 132688.0, "StreetWidth_Min": null, "StreetWidth_Max": null, "Snow_Priority": " ", "Number_Travel_Lanes": "  ", "Number_Park_Lanes": "  ", "TRUCK_ROUTE_TYPE": " " }, "geometry": { "type": "MultiLineString", "coordinates": [ [ [ -73.927232368805846, 40.804454567993986 ], [ -73.92674176075127, 40.804701409414079 ] ] ] } },
{ "type": "Feature", "properties": { "Street": "EAST 132 STREET", "FeatureTyp": "0", "NonPed": " ", "TrafDir": "A", "SegmentID": "0241803", "PhysicalID": 132689.0, "StreetWidth_Min": 36.0, "StreetWidth_Max": 36.0, "Snow_Priority": "H", "Number_Travel_Lanes": " 2", "Number_Park_Lanes": " 2", "TRUCK_ROUTE_TYPE": " " }, "geometry": { "type": "MultiLineString", "coordinates": [ [ [ -73.92798051368267, 40.806162421870994 ], [ -73.925848468151855, 40.805288315017094 ] ] ] } },
{ "type": "Feature", "properties": { "Street": "WILLIS AVENUE BRIDGE BIKE PATH", "FeatureTyp": "0", "NonPed": "D", "TrafDir": "P", "SegmentID": "0241805", "PhysicalID": 132691.0, "StreetWidth_Min": null, "StreetWidth_Max": null, "Snow_Priority": " ", "Number_Travel_Lanes": "  ", "Number_Park_Lanes": "  ", "TRUCK_ROUTE_TYPE": " " }, "geometry": { "type": "MultiLineString", "coordinates": [ [ [ -73.92674176075127, 40.804701409414079 ], [ -73.926669744363906, 40.804735366006021 ], [ -73.926598832260879, 40.804770639016724 ], [ -73.926529066109623, 40.804807207720771 ], [ -73.926460486905114, 40.804845050631315 ], [ -73.926393134944576, 40.804884145512858 ], [ -73.926327049804314, 40.804924469394251 ], [ -73.926262270317039, 40.804965998582119 ], [ -73.926198834663751, 40.805008708517157 ], [ -73.926136779997407, 40.805052574257488 ], [ -73.926076142782264, 40.805097570028551 ], [ -73.926016958650877, 40.80514366939174 ], [ -73.925959262381411, 40.805190845260064 ], [ -73.925903087878226, 40.805239069913831 ], [ -73.925848468151855, 40.805288315017094 ] ] ] } },
{ "type": "Feature", "properties": { "Street": "RFK BR BRONX PED AND BIKE PATH", "FeatureTyp": "0", "NonPed": "D", "TrafDir": "P", "SegmentID": "0241974", "PhysicalID": 132824.0, "StreetWidth_Min": null, "StreetWidth_Max": null, "Snow_Priority": " ", "Number_Travel_Lanes": "  ", "Number_Park_Lanes": "  ", "TRUCK_ROUTE_TYPE": " " }, "geometry": { "type": "MultiLineString", "coordinates": [ [ [ -73.918803940724146, 40.798879729654665 ], [ -73.918704540418688, 40.799014906650612 ] ] ] } },
{ "type": "Feature", "properties": { "Street": "RFK BR BRONX PED AND BIKE PATH", "FeatureTyp": "0", "NonPed": "D", "TrafDir": "P", "SegmentID": "0241977", "PhysicalID": 132825.0, "StreetWidth_Min": null, "StreetWidth_Max": null, "Snow_Priority": " ", "Number_Travel_Lanes": "  ", "Number_Park_Lanes": "  ", "TRUCK_ROUTE_TYPE": " " }, "geometry": { "type": "MultiLineString", "coordinates": [ [ [ -73.918704540418688, 40.799014906650612 ], [ -73.918682087264102, 40.799047961225504 ] ] ] } },
{ "type": "Feature", "properties": { "Street": "RFK BR BRONX PED AND BIKE PATH", "FeatureTyp": "0", "NonPed": "D", "TrafDir": "P", "SegmentID": "0241986", "PhysicalID": 132827.0, "StreetWidth_Min": null, "StreetWidth_Max": null, "Snow_Priority": " ", "Number_Travel_Lanes": "  ", "Number_Park_Lanes": "  ", "TRUCK_ROUTE_TYPE": " " }, "geometry": { "type": "MultiLineString", "coordinates": [ [ [ -73.917446214916254, 40.800730211923536 ], [ -73.917213841381681, 40.801044857879539 ] ] ] } },
{ "type": "Feature", "properties": { "Street": "EAST 132 STREET", "FeatureTyp": "0", "NonPed": " ", "TrafDir": "T", "SegmentID": "0241989", "PhysicalID": 132828.0, "StreetWidth_Min": 30.0, "StreetWidth_Max": 35.0, "Snow_Priority": "S", "Number_Travel_Lanes": " 2", "Number_Park_Lanes": " 2", "TRUCK_ROUTE_TYPE": " " }, "geometry": { "type": "MultiLineString", "coordinates": [ [ [ -73.916974734249322, 40.801531662095783 ], [ -73.916891894908289, 40.801496273914367 ] ] ] } },
{ "type": "Feature", "properties": { "Street": "EAST 132 STREET", "FeatureTyp": "0", "NonPed": " ", "TrafDir": "T", "SegmentID": "0241990", "PhysicalID": 132829.0, "StreetWidth_Min": 30.0, "StreetWidth_Max": 35.0, "Snow_Priority": "S", "Number_Travel_Lanes": " 2", "Number_Park_Lanes": "  ", "TRUCK_ROUTE_TYPE": " " }, "geometry": { "type": "MultiLineString", "coordinates": [ [ [ -73.916891894908289, 40.801496273914367 ], [ -73.916820483545337, 40.80146576855627 ] ] ] } },
{ "type": "Feature", "properties": { "Street": "RFK BR BRONX PED AND BIKE PATH", "FeatureTyp": "0", "NonPed": "D", "TrafDir": "P", "SegmentID": "0241991", "PhysicalID": 132827.0, "StreetWidth_Min": null, "StreetWidth_Max": null, "Snow_Priority": " ", "Number_Travel_Lanes": "  ", "Number_Park_Lanes": "  ", "TRUCK_ROUTE_TYPE": " " }, "geometry": { "type": "MultiLineString", "coordinates": [ [ [ -73.917213841381681, 40.801044857879539 ], [ -73.916891894908289, 40.801496273914367 ] ] ] } },
{ "type": "Feature", "properties": { "Street": "RFK BR BRONX PED AND BIKE PATH", "FeatureTyp": "0", "NonPed": "D", "TrafDir": "P", "SegmentID": "0241998", "PhysicalID": 132832.0, "StreetWidth_Min": null, "StreetWidth_Max": null, "Snow_Priority": " ", "Number_Travel_Lanes": "  ", "Number_Park_Lanes": "  ", "TRUCK_ROUTE_TYPE": " " }, "geometry": { "type": "MultiLineString", "coordinates": [ [ [ -73.91912380277445, 40.799032454941738 ], [ -73.919012180949949, 40.799189206522811 ] ] ] } },
{ "type": "Feature", "properties": { "Street": "RFK BR BRONX PED AND BIKE PATH", "FeatureTyp": "0", "NonPed": "D", "TrafDir": "P", "SegmentID": "0242001", "PhysicalID": 132833.0, "StreetWidth_Min": null, "StreetWidth_Max": null, "Snow_Priority": " ", "Number_Travel_Lanes": "  ", "Number_Park_Lanes": "  ", "TRUCK_ROUTE_TYPE": " " }, "geometry": { "type": "MultiLineString", "coordinates": [ [ [ -73.919012180949949, 40.799189206522811 ], [ -73.918543464088202, 40.799829625980315 ], [ -73.917760340548298, 40.800891683735678 ] ] ] } },
{ "type": "Feature", "properties": { "Street": "RFK BR BRONX PED AND BIKE PATH", "FeatureTyp": "0", "NonPed": "D", "TrafDir": "P", "SegmentID": "0242001", "PhysicalID": 132833.0, "StreetWidth_Min": null, "StreetWidth_Max": null, "Snow_Priority": " ", "Number_Travel_Lanes": "  ", "Number_Park_Lanes": "  ", "TRUCK_ROUTE_TYPE": " " }, "geometry": { "type": "MultiLineString", "coordinates": [ [ [ -73.919012180949949, 40.799189206522811 ], [ -73.918543464088202, 40.799829625980315 ], [ -73.917760340548298, 40.800891683735678 ] ] ] } },
{ "type": "Feature", "properties": { "Street": "PRIVATE DRIVEWAY", "FeatureTyp": "0", "NonPed": " ", "TrafDir": "T", "SegmentID": "0242004", "PhysicalID": 132834.0, "StreetWidth_Min": 28.0, "StreetWidth_Max": 32.0, "Snow_Priority": "V", "Number_Travel_Lanes": " 2", "Number_Park_Lanes": "  ", "TRUCK_ROUTE_TYPE": " " }, "geometry": { "type": "MultiLineString", "coordinates": [ [ [ -73.920618962203278, 40.802455909196276 ], [ -73.917546749588567, 40.801179258229894 ] ] ] } },
{ "type": "Feature", "properties": { "Street": "PRIVATE DRIVEWAY", "FeatureTyp": "0", "NonPed": " ", "TrafDir": "T", "SegmentID": "0242005", "PhysicalID": 132837.0, "StreetWidth_Min": 28.0, "StreetWidth_Max": 32.0, "Snow_Priority": "V", "Number_Travel_Lanes": " 2", "Number_Park_Lanes": "  ", "TRUCK_ROUTE_TYPE": " " }, "geometry": { "type": "MultiLineString", "coordinates": [ [ [ -73.917546749588567, 40.801179258229894 ], [ -73.917453969909587, 40.80114014039097 ] ] ] } },
{ "type": "Feature", "properties": { "Street": "RFK BR BRONX PED AND BIKE PATH", "FeatureTyp": "0", "NonPed": "D", "TrafDir": "P", "SegmentID": "0242006", "PhysicalID": 132836.0, "StreetWidth_Min": null, "StreetWidth_Max": null, "Snow_Priority": " ", "Number_Travel_Lanes": "  ", "Number_Park_Lanes": "  ", "TRUCK_ROUTE_TYPE": " " }, "geometry": { "type": "MultiLineString", "coordinates": [ [ [ -73.917760340548298, 40.800891683735678 ], [ -73.917546749588567, 40.801179258229894 ] ] ] } },
{ "type": "Feature", "properties": { "Street": "EAST 132 STREET", "FeatureTyp": "0", "NonPed": " ", "TrafDir": "T", "SegmentID": "0242007", "PhysicalID": 132838.0, "StreetWidth_Min": 30.0, "StreetWidth_Max": 35.0, "Snow_Priority": "S", "Number_Travel_Lanes": " 2", "Number_Park_Lanes": " 2", "TRUCK_ROUTE_TYPE": " " }, "geometry": { "type": "MultiLineString", "coordinates": [ [ [ -73.917331496364383, 40.801688163214131 ], [ -73.91721336120861, 40.801635985151272 ] ] ] } },
{ "type": "Feature", "properties": { "Street": "EAST 132 STREET", "FeatureTyp": "0", "NonPed": " ", "TrafDir": "T", "SegmentID": "0242008", "PhysicalID": 132840.0, "StreetWidth_Min": 30.0, "StreetWidth_Max": 35.0, "Snow_Priority": "S", "Number_Travel_Lanes": " 2", "Number_Park_Lanes": " 2", "TRUCK_ROUTE_TYPE": " " }, "geometry": { "type": "MultiLineString", "coordinates": [ [ [ -73.91721336120861, 40.801635985151272 ], [ -73.917119019566229, 40.801594314974295 ] ] ] } },
{ "type": "Feature", "properties": { "Street": "RFK BR BRONX PED AND BIKE PATH", "FeatureTyp": "0", "NonPed": "D", "TrafDir": "P", "SegmentID": "0242009", "PhysicalID": 132839.0, "StreetWidth_Min": null, "StreetWidth_Max": null, "Snow_Priority": " ", "Number_Travel_Lanes": "  ", "Number_Park_Lanes": "  ", "TRUCK_ROUTE_TYPE": " " }, "geometry": { "type": "MultiLineString", "coordinates": [ [ [ -73.917546749588567, 40.801179258229894 ], [ -73.91721336120861, 40.801635985151272 ] ] ] } },
{ "type": "Feature", "properties": { "Street": "RFK BR BRONX PED AND BIKE PATH", "FeatureTyp": "0", "NonPed": "D", "TrafDir": "P", "SegmentID": "0242010", "PhysicalID": 132841.0, "StreetWidth_Min": null, "StreetWidth_Max": null, "Snow_Priority": " ", "Number_Travel_Lanes": "  ", "Number_Park_Lanes": "  ", "TRUCK_ROUTE_TYPE": " " }, "geometry": { "type": "MultiLineString", "coordinates": [ [ [ -73.91721336120861, 40.801635985151272 ], [ -73.917142402711917, 40.801732395972785 ], [ -73.916952340719192, 40.801987456280187 ], [ -73.91682613147762, 40.802205558488581 ], [ -73.916844592898101, 40.802213227400962 ], [ -73.917155795033239, 40.801765581119938 ], [ -73.917331496364383, 40.801688163214131 ] ] ] } },
{ "type": "Feature", "properties": { "Street": "BRUCKNER EXPRESSWAY EB EXIT 47", "FeatureTyp": "0", "NonPed": "V", "TrafDir": "W", "SegmentID": "0247553", "PhysicalID": null, "StreetWidth_Min": null, "StreetWidth_Max": null, "Snow_Priority": "V", "Number_Travel_Lanes": "  ", "Number_Park_Lanes": "  ", "TRUCK_ROUTE_TYPE": " " }, "geometry": { "type": "MultiLineString", "coordinates": [ [ [ -73.916745097974072, 40.802014320397717 ], [ -73.916580927753486, 40.802199862759267 ] ] ] } },
{ "type": "Feature", "properties": { "Street": "BRUCKNER EXPRESSWAY", "FeatureTyp": "0", "NonPed": "V", "TrafDir": "A", "SegmentID": "0247557", "PhysicalID": 137187.0, "StreetWidth_Min": 20.0, "StreetWidth_Max": 40.0, "Snow_Priority": "C", "Number_Travel_Lanes": " 2", "Number_Park_Lanes": "  ", "TRUCK_ROUTE_TYPE": "3" }, "geometry": { "type": "MultiLineString", "coordinates": [ [ [ -73.91681760289832, 40.802042496314947 ], [ -73.916678489378683, 40.802240594258166 ] ] ] } },
{ "type": "Feature", "properties": { "Street": "EAST 133 STREET", "FeatureTyp": "0", "NonPed": " ", "TrafDir": "W", "SegmentID": "0247564", "PhysicalID": 137189.0, "StreetWidth_Min": 40.0, "StreetWidth_Max": 40.0, "Snow_Priority": "C", "Number_Travel_Lanes": " 2", "Number_Park_Lanes": " 2", "TRUCK_ROUTE_TYPE": " " }, "geometry": { "type": "MultiLineString", "coordinates": [ [ [ -73.916850065931953, 40.802316050481195 ], [ -73.916746640046895, 40.80227038591174 ] ] ] } },
{ "type": "Feature", "properties": { "Street": "EAST 133 STREET", "FeatureTyp": "0", "NonPed": " ", "TrafDir": "W", "SegmentID": "0247565", "PhysicalID": 137195.0, "StreetWidth_Min": 40.0, "StreetWidth_Max": 40.0, "Snow_Priority": "C", "Number_Travel_Lanes": " 2", "Number_Park_Lanes": " 2", "TRUCK_ROUTE_TYPE": " " }, "geometry": { "type": "MultiLineString", "coordinates": [ [ [ -73.916746640046895, 40.80227038591174 ], [ -73.916678489378683, 40.802240594258166 ] ] ] } },
{ "type": "Feature", "properties": { "Street": "EAST 133 STREET", "FeatureTyp": "0", "NonPed": " ", "TrafDir": "W", "SegmentID": "0247566", "PhysicalID": 137190.0, "StreetWidth_Min": 40.0, "StreetWidth_Max": 40.0, "Snow_Priority": "C", "Number_Travel_Lanes": " 2", "Number_Park_Lanes": " 2", "TRUCK_ROUTE_TYPE": " " }, "geometry": { "type": "MultiLineString", "coordinates": [ [ [ -73.916459834215345, 40.802152740320345 ], [ -73.916410872954557, 40.802133784872915 ] ] ] } },
{ "type": "Feature", "properties": { "Street": "EAST 133 STREET", "FeatureTyp": "0", "NonPed": " ", "TrafDir": "W", "SegmentID": "0247567", "PhysicalID": 137207.0, "StreetWidth_Min": 40.0, "StreetWidth_Max": 40.0, "Snow_Priority": "C", "Number_Travel_Lanes": " 2", "Number_Park_Lanes": " 2", "TRUCK_ROUTE_TYPE": " " }, "geometry": { "type": "MultiLineString", "coordinates": [ [ [ -73.916410872954557, 40.802133784872915 ], [ -73.916349125732623, 40.802109878519822 ] ] ] } },
{ "type": "Feature", "properties": { "Street": "RFK BRIDGE BRONX ENTRANCE RAMP", "FeatureTyp": "0", "NonPed": "V", "TrafDir": "W", "SegmentID": "0247570", "PhysicalID": 137464.0, "StreetWidth_Min": 22.0, "StreetWidth_Max": 32.0, "Snow_Priority": "V", "Number_Travel_Lanes": " 2", "Number_Park_Lanes": "  ", "TRUCK_ROUTE_TYPE": "3" }, "geometry": { "type": "MultiLineString", "coordinates": [ [ [ -73.916774851953576, 40.802878743225854 ], [ -73.916741650772707, 40.802616649412656 ] ] ] } },
{ "type": "Feature", "properties": { "Street": "RFK BRIDGE BRONX ENTRANCE RAMP", "FeatureTyp": "0", "NonPed": "V", "TrafDir": "W", "SegmentID": "0247571", "PhysicalID": 137192.0, "StreetWidth_Min": 22.0, "StreetWidth_Max": 32.0, "Snow_Priority": "V", "Number_Travel_Lanes": " 2", "Number_Park_Lanes": "  ", "TRUCK_ROUTE_TYPE": "3" }, "geometry": { "type": "MultiLineString", "coordinates": [ [ [ -73.916741650772707, 40.802616649412656 ], [ -73.916746640046895, 40.80227038591174 ] ] ] } },
{ "type": "Feature", "properties": { "Street": "RFK BRIDGE BRONX ENTRANCE RAMP", "FeatureTyp": "0", "NonPed": "V", "TrafDir": "W", "SegmentID": "0247572", "PhysicalID": 137194.0, "StreetWidth_Min": 22.0, "StreetWidth_Max": 24.0, "Snow_Priority": "V", "Number_Travel_Lanes": " 2", "Number_Park_Lanes": "  ", "TRUCK_ROUTE_TYPE": "3" }, "geometry": { "type": "MultiLineString", "coordinates": [ [ [ -73.916746640046895, 40.80227038591174 ], [ -73.91681760289832, 40.802042496314947 ] ] ] } },
{ "type": "Feature", "properties": { "Street": "BRUCKNER EXPRESSWAY", "FeatureTyp": "0", "NonPed": "V", "TrafDir": "A", "SegmentID": "0247573", "PhysicalID": 201382.0, "StreetWidth_Min": 20.0, "StreetWidth_Max": 40.0, "Snow_Priority": "C", "Number_Travel_Lanes": " 2", "Number_Park_Lanes": "  ", "TRUCK_ROUTE_TYPE": "3" }, "geometry": { "type": "MultiLineString", "coordinates": [ [ [ -73.916566069419346, 40.80276298275264 ], [ -73.916562305185224, 40.802791544453562 ], [ -73.916557253947232, 40.802819991237797 ], [ -73.916550921647968, 40.802848289628592 ], [ -73.916543315737798, 40.802876406323819 ], [ -73.91653444516605, 40.8029043082351 ], [ -73.916524320370101, 40.802931962526849 ], [ -73.916512953263592, 40.802959336654702 ], [ -73.916500357147896, 40.8029863983569 ], [ -73.91648654692132, 40.803013115831696 ], [ -73.916471538834756, 40.803039457637176 ], [ -73.916455350548631, 40.803065392773455 ], [ -73.916438001112496, 40.803090890719226 ], [ -73.91641951094249, 40.803115921467665 ], [ -73.91639990179722, 40.803140455561689 ] ] ] } },
{ "type": "Feature", "properties": { "Street": "ROBERT F KENNEDY BRIDGE", "FeatureTyp": "0", "NonPed": "V", "TrafDir": "T", "SegmentID": "0247577", "PhysicalID": null, "StreetWidth_Min": null, "StreetWidth_Max": null, "Snow_Priority": "C", "Number_Travel_Lanes": "  ", "Number_Park_Lanes": "  ", "TRUCK_ROUTE_TYPE": " " }, "geometry": { "type": "MultiLineString", "coordinates": [ [ [ -73.917049390449122, 40.801563556329292 ], [ -73.91683659769771, 40.80187877714625 ] ] ] } },
{ "type": "Feature", "properties": { "Street": "ROBERT F KENNEDY BRIDGE", "FeatureTyp": "0", "NonPed": "V", "TrafDir": "T", "SegmentID": "0247578", "PhysicalID": null, "StreetWidth_Min": null, "StreetWidth_Max": null, "Snow_Priority": "C", "Number_Travel_Lanes": "  ", "Number_Park_Lanes": "  ", "TRUCK_ROUTE_TYPE": " " }, "geometry": { "type": "MultiLineString", "coordinates": [ [ [ -73.91683659769771, 40.80187877714625 ], [ -73.916745097974072, 40.802014320397717 ] ] ] } },
{ "type": "Feature", "properties": { "Street": "ROBERT F KENNEDY BRIDGE", "FeatureTyp": "0", "NonPed": "V", "TrafDir": "A", "SegmentID": "0247579", "PhysicalID": 137199.0, "StreetWidth_Min": 40.0, "StreetWidth_Max": 44.0, "Snow_Priority": "C", "Number_Travel_Lanes": " 4", "Number_Park_Lanes": "  ", "TRUCK_ROUTE_TYPE": "3" }, "geometry": { "type": "MultiLineString", "coordinates": [ [ [ -73.917119019566229, 40.801594314974295 ], [ -73.916905574159642, 40.801898413811877 ] ] ] } },
{ "type": "Feature", "properties": { "Street": "ROBERT F KENNEDY BRIDGE", "FeatureTyp": "0", "NonPed": "V", "TrafDir": "A", "SegmentID": "0247580", "PhysicalID": 137469.0, "StreetWidth_Min": 40.0, "StreetWidth_Max": 44.0, "Snow_Priority": "C", "Number_Travel_Lanes": " 4", "Number_Park_Lanes": "  ", "TRUCK_ROUTE_TYPE": "3" }, "geometry": { "type": "MultiLineString", "coordinates": [ [ [ -73.916905574159642, 40.801898413811877 ], [ -73.91681760289832, 40.802042496314947 ] ] ] } },
{ "type": "Feature", "properties": { "Street": "ROBERT F KENNEDY BRIDGE", "FeatureTyp": "0", "NonPed": "V", "TrafDir": "W", "SegmentID": "0247581", "PhysicalID": 137200.0, "StreetWidth_Min": 40.0, "StreetWidth_Max": 42.0, "Snow_Priority": "C", "Number_Travel_Lanes": " 4", "Number_Park_Lanes": "  ", "TRUCK_ROUTE_TYPE": "3" }, "geometry": { "type": "MultiLineString", "coordinates": [ [ [ -73.916974734249322, 40.801531662095783 ], [ -73.916752015664699, 40.801837547378057 ] ] ] } },
{ "type": "Feature", "properties": { "Street": "ROBERT F KENNEDY BRIDGE", "FeatureTyp": "0", "NonPed": "V", "TrafDir": "W", "SegmentID": "0247582", "PhysicalID": 137200.0, "StreetWidth_Min": 40.0, "StreetWidth_Max": 42.0, "Snow_Priority": "C", "Number_Travel_Lanes": " 4", "Number_Park_Lanes": "  ", "TRUCK_ROUTE_TYPE": "3" }, "geometry": { "type": "MultiLineString", "coordinates": [ [ [ -73.916752015664699, 40.801837547378057 ], [ -73.916648374912739, 40.801975661829061 ] ] ] } },
{ "type": "Feature", "properties": { "Street": "RFK BRIDGE BRONX ENTRANCE RAMP", "FeatureTyp": "0", "NonPed": "V", "TrafDir": "W", "SegmentID": "0247585", "PhysicalID": null, "StreetWidth_Min": null, "StreetWidth_Max": null, "Snow_Priority": "V", "Number_Travel_Lanes": "  ", "Number_Park_Lanes": "  ", "TRUCK_ROUTE_TYPE": " " }, "geometry": { "type": "MultiLineString", "coordinates": [ [ [ -73.91681760289832, 40.802042496314947 ], [ -73.91683659769771, 40.80187877714625 ] ] ] } },
{ "type": "Feature", "properties": { "Street": "BRUCKNER EXPRESSWAY", "FeatureTyp": "0", "NonPed": "V", "TrafDir": "A", "SegmentID": "0247586", "PhysicalID": null, "StreetWidth_Min": null, "StreetWidth_Max": null, "Snow_Priority": "C", "Number_Travel_Lanes": "  ", "Number_Park_Lanes": "  ", "TRUCK_ROUTE_TYPE": " " }, "geometry": { "type": "MultiLineString", "coordinates": [ [ [ -73.916745097974072, 40.802014320397717 ], [ -73.916678489378683, 40.802240594258166 ] ] ] } },
{ "type": "Feature", "properties": { "Street": "BRUCKNER EXPRESSWAY EB EXIT 48", "FeatureTyp": "0", "NonPed": " ", "TrafDir": "W", "SegmentID": "0247588", "PhysicalID": null, "StreetWidth_Min": null, "StreetWidth_Max": null, "Snow_Priority": "V", "Number_Travel_Lanes": "  ", "Number_Park_Lanes": "  ", "TRUCK_ROUTE_TYPE": " " }, "geometry": { "type": "MultiLineString", "coordinates": [ [ [ -73.91683659769771, 40.80187877714625 ], [ -73.916648374912739, 40.801975661829061 ] ] ] } },
{ "type": "Feature", "properties": { "Street": "BRUCKNER EXPRESSWAY EB EXIT 48", "FeatureTyp": "0", "NonPed": "V", "TrafDir": "W", "SegmentID": "0247590", "PhysicalID": 137205.0, "StreetWidth_Min": 20.0, "StreetWidth_Max": 22.0, "Snow_Priority": "V", "Number_Travel_Lanes": " 1", "Number_Park_Lanes": "  ", "TRUCK_ROUTE_TYPE": "3" }, "geometry": { "type": "MultiLineString", "coordinates": [ [ [ -73.916648374912739, 40.801975661829061 ], [ -73.916410872954557, 40.802133784872915 ] ] ] } },
{ "type": "Feature", "properties": { "Street": "BRUCKNER EXPRESSWAY EB EXIT 48", "FeatureTyp": "0", "NonPed": "V", "TrafDir": "W", "SegmentID": "0247597", "PhysicalID": 137463.0, "StreetWidth_Min": 20.0, "StreetWidth_Max": 20.0, "Snow_Priority": "V", "Number_Travel_Lanes": " 1", "Number_Park_Lanes": "  ", "TRUCK_ROUTE_TYPE": "3" }, "geometry": { "type": "MultiLineString", "coordinates": [ [ [ -73.916410872954557, 40.802133784872915 ], [ -73.916279214872787, 40.802255883493899 ], [ -73.915701497628604, 40.80273370484533 ] ] ] } },
{ "type": "Feature", "properties": { "Street": "BRUCKNER EXPRESSWAY", "FeatureTyp": "0", "NonPed": "V", "TrafDir": "A", "SegmentID": "0247598", "PhysicalID": 201382.0, "StreetWidth_Min": 20.0, "StreetWidth_Max": 40.0, "Snow_Priority": "C", "Number_Travel_Lanes": " 2", "Number_Park_Lanes": "  ", "TRUCK_ROUTE_TYPE": "3" }, "geometry": { "type": "MultiLineString", "coordinates": [ [ [ -73.916596893463094, 40.802476040538295 ], [ -73.916566069419346, 40.80276298275264 ] ] ] } },
{ "type": "Feature", "properties": { "Street": "BRUCKNER EXPRESSWAY", "FeatureTyp": "0", "NonPed": "V", "TrafDir": "A", "SegmentID": "0247599", "PhysicalID": 201382.0, "StreetWidth_Min": 20.0, "StreetWidth_Max": 40.0, "Snow_Priority": "C", "Number_Travel_Lanes": " 2", "Number_Park_Lanes": "  ", "TRUCK_ROUTE_TYPE": "3" }, "geometry": { "type": "MultiLineString", "coordinates": [ [ [ -73.916678489378683, 40.802240594258166 ], [ -73.916596893463094, 40.802476040538295 ] ] ] } },
{ "type": "Feature", "properties": { "Street": "EAST 138 STREET", "FeatureTyp": "0", "NonPed": " ", "TrafDir": "T", "SegmentID": "0253489", "PhysicalID": 141903.0, "StreetWidth_Min": 104.0, "StreetWidth_Max": 104.0, "Snow_Priority": "C", "Number_Travel_Lanes": " 6", "Number_Park_Lanes": " 2", "TRUCK_ROUTE_TYPE": "2" }, "geometry": { "type": "MultiLineString", "coordinates": [ [ [ -73.93020618409156, 40.81321763488679 ], [ -73.930026425351755, 40.813112448085022 ] ] ] } },
{ "type": "Feature", "properties": { "Street": "EAST 138 STREET", "FeatureTyp": "0", "NonPed": " ", "TrafDir": "T", "SegmentID": "0253490", "PhysicalID": 141903.0, "StreetWidth_Min": 104.0, "StreetWidth_Max": 104.0, "Snow_Priority": "C", "Number_Travel_Lanes": " 6", "Number_Park_Lanes": " 2", "TRUCK_ROUTE_TYPE": "2" }, "geometry": { "type": "MultiLineString", "coordinates": [ [ [ -73.930026425351755, 40.813112448085022 ], [ -73.929880996945187, 40.813040704367097 ] ] ] } },
{ "type": "Feature", "properties": { "Street": "WILLIS AVENUE BRIDGE EXIT RAMP", "FeatureTyp": "0", "NonPed": "V", "TrafDir": "W", "SegmentID": "0258670", "PhysicalID": 146031.0, "StreetWidth_Min": 26.0, "StreetWidth_Max": 54.0, "Snow_Priority": "C", "Number_Travel_Lanes": " 2", "Number_Park_Lanes": "  ", "TRUCK_ROUTE_TYPE": " " }, "geometry": { "type": "MultiLineString", "coordinates": [ [ [ -73.926534712700985, 40.804613270209671 ], [ -73.926208862539355, 40.80477125437497 ] ] ] } },
{ "type": "Feature", "properties": { "Street": "WILLIS AVENUE BRIDGE EXIT RAMP", "FeatureTyp": "0", "NonPed": "V", "TrafDir": "W", "SegmentID": "0258673", "PhysicalID": 146032.0, "StreetWidth_Min": 26.0, "StreetWidth_Max": 54.0, "Snow_Priority": "C", "Number_Travel_Lanes": " 2", "Number_Park_Lanes": "  ", "TRUCK_ROUTE_TYPE": " " }, "geometry": { "type": "MultiLineString", "coordinates": [ [ [ -73.927070496938512, 40.804389698949798 ], [ -73.926534712700985, 40.804613270209671 ] ] ] } },
{ "type": "Feature", "properties": { "Street": "EAST 134 STREET", "FeatureTyp": "0", "NonPed": " ", "TrafDir": "W", "SegmentID": "0258674", "PhysicalID": 146033.0, "StreetWidth_Min": 30.0, "StreetWidth_Max": 32.0, "Snow_Priority": "C", "Number_Travel_Lanes": " 2", "Number_Park_Lanes": "  ", "TRUCK_ROUTE_TYPE": " " }, "geometry": { "type": "MultiLineString", "coordinates": [ [ [ -73.925541641659876, 40.806913518377137 ], [ -73.924942290184362, 40.80664537244985 ] ] ] } },
{ "type": "Feature", "properties": { "Street": "WILLIS AVENUE", "FeatureTyp": "0", "NonPed": " ", "TrafDir": "A", "SegmentID": "0258675", "PhysicalID": 146040.0, "StreetWidth_Min": 42.0, "StreetWidth_Max": 42.0, "Snow_Priority": "C", "Number_Travel_Lanes": " 3", "Number_Park_Lanes": "  ", "TRUCK_ROUTE_TYPE": " " }, "geometry": { "type": "MultiLineString", "coordinates": [ [ [ -73.925432932658808, 40.805982873173967 ], [ -73.924942290184362, 40.80664537244985 ] ] ] } },
{ "type": "Feature", "properties": { "Street": "BRUCKNER BOULEVARD", "FeatureTyp": "0", "NonPed": " ", "TrafDir": "T", "SegmentID": "0258679", "PhysicalID": 146034.0, "StreetWidth_Min": 58.0, "StreetWidth_Max": 60.0, "Snow_Priority": "C", "Number_Travel_Lanes": " 4", "Number_Park_Lanes": " 2", "TRUCK_ROUTE_TYPE": "2" }, "geometry": { "type": "MultiLineString", "coordinates": [ [ [ -73.927491454078719, 40.806839380085066 ], [ -73.925432932658808, 40.805982873173967 ] ] ] } },
{ "type": "Feature", "properties": { "Street": "EAST 134 STREET", "FeatureTyp": "0", "NonPed": " ", "TrafDir": "W", "SegmentID": "0258682", "PhysicalID": 146036.0, "StreetWidth_Min": 30.0, "StreetWidth_Max": 30.0, "Snow_Priority": "S", "Number_Travel_Lanes": " 1", "Number_Park_Lanes": " 2", "TRUCK_ROUTE_TYPE": " " }, "geometry": { "type": "MultiLineString", "coordinates": [ [ [ -73.92454444877913, 40.806471023053994 ], [ -73.921895199441551, 40.805368254222444 ] ] ] } },
{ "type": "Feature", "properties": { "Street": "WILLIS AVENUE", "FeatureTyp": "0", "NonPed": " ", "TrafDir": "W", "SegmentID": "0258684", "PhysicalID": 146039.0, "StreetWidth_Min": 30.0, "StreetWidth_Max": 30.0, "Snow_Priority": "S", "Number_Travel_Lanes": " 2", "Number_Park_Lanes": "  ", "TRUCK_ROUTE_TYPE": " " }, "geometry": { "type": "MultiLineString", "coordinates": [ [ [ -73.925037422988993, 40.805816932963708 ], [ -73.92454444877913, 40.806471023053994 ] ] ] } },
{ "type": "Feature", "properties": { "Street": "BRUCKNER BOULEVARD", "FeatureTyp": "0", "NonPed": " ", "TrafDir": "T", "SegmentID": "0258685", "PhysicalID": 146037.0, "StreetWidth_Min": 62.0, "StreetWidth_Max": 62.0, "Snow_Priority": "C", "Number_Travel_Lanes": " 4", "Number_Park_Lanes": "  ", "TRUCK_ROUTE_TYPE": "3" }, "geometry": { "type": "MultiLineString", "coordinates": [ [ [ -73.925165043338026, 40.80587124781227 ], [ -73.925037422988993, 40.805816932963708 ] ] ] } },
{ "type": "Feature", "properties": { "Street": "BRUCKNER BOULEVARD", "FeatureTyp": "0", "NonPed": " ", "TrafDir": "T", "SegmentID": "0258686", "PhysicalID": 146038.0, "StreetWidth_Min": 65.0, "StreetWidth_Max": 68.0, "Snow_Priority": "C", "Number_Travel_Lanes": " 4", "Number_Park_Lanes": " 2", "TRUCK_ROUTE_TYPE": "3" }, "geometry": { "type": "MultiLineString", "coordinates": [ [ [ -73.925037422988993, 40.805816932963708 ], [ -73.923293233654874, 40.805070382866752 ] ] ] } },
{ "type": "Feature", "properties": { "Street": "BRUCKNER BOULEVARD", "FeatureTyp": "0", "NonPed": " ", "TrafDir": "T", "SegmentID": "0258686", "PhysicalID": 146038.0, "StreetWidth_Min": 65.0, "StreetWidth_Max": 68.0, "Snow_Priority": "C", "Number_Travel_Lanes": " 4", "Number_Park_Lanes": " 2", "TRUCK_ROUTE_TYPE": "3" }, "geometry": { "type": "MultiLineString", "coordinates": [ [ [ -73.925037422988993, 40.805816932963708 ], [ -73.923293233654874, 40.805070382866752 ] ] ] } },
{ "type": "Feature", "properties": { "Street": "WILLIS AVENUE BRIDGE BIKE PATH", "FeatureTyp": "0", "NonPed": "D", "TrafDir": "P", "SegmentID": "0258838", "PhysicalID": 146143.0, "StreetWidth_Min": null, "StreetWidth_Max": null, "Snow_Priority": " ", "Number_Travel_Lanes": "  ", "Number_Park_Lanes": "  ", "TRUCK_ROUTE_TYPE": " " }, "geometry": { "type": "MultiLineString", "coordinates": [ [ [ -73.928109596254188, 40.804012934220651 ], [ -73.927232368805846, 40.804454567993986 ] ] ] } },
{ "type": "Feature", "properties": { "Street": "WILLIS AVENUE BRIDGE BIKE PATH", "FeatureTyp": "0", "NonPed": "D", "TrafDir": "P", "SegmentID": "0258838", "PhysicalID": 146143.0, "StreetWidth_Min": null, "StreetWidth_Max": null, "Snow_Priority": " ", "Number_Travel_Lanes": "  ", "Number_Park_Lanes": "  ", "TRUCK_ROUTE_TYPE": " " }, "geometry": { "type": "MultiLineString", "coordinates": [ [ [ -73.928109596254188, 40.804012934220651 ], [ -73.927232368805846, 40.804454567993986 ] ] ] } },
{ "type": "Feature", "properties": { "Street": "WILLIS AVENUE BRIDGE", "FeatureTyp": "0", "NonPed": "V", "TrafDir": "W", "SegmentID": "0259119", "PhysicalID": 146350.0, "StreetWidth_Min": 54.0, "StreetWidth_Max": 58.0, "Snow_Priority": "C", "Number_Travel_Lanes": " 4", "Number_Park_Lanes": "  ", "TRUCK_ROUTE_TYPE": "2" }, "geometry": { "type": "MultiLineString", "coordinates": [ [ [ -73.927931740384707, 40.803999462390188 ], [ -73.927070496938512, 40.804389698949798 ] ] ] } },
{ "type": "Feature", "properties": { "Street": "WILLIS AVENUE BRIDGE", "FeatureTyp": "0", "NonPed": "V", "TrafDir": "W", "SegmentID": "0259119", "PhysicalID": 146350.0, "StreetWidth_Min": 54.0, "StreetWidth_Max": 58.0, "Snow_Priority": "C", "Number_Travel_Lanes": " 4", "Number_Park_Lanes": "  ", "TRUCK_ROUTE_TYPE": "2" }, "geometry": { "type": "MultiLineString", "coordinates": [ [ [ -73.927931740384707, 40.803999462390188 ], [ -73.927070496938512, 40.804389698949798 ] ] ] } },
{ "type": "Feature", "properties": { "Street": "WILLIS AVENUE BRIDGE", "FeatureTyp": "0", "NonPed": "V", "TrafDir": "W", "SegmentID": "0259120", "PhysicalID": 146351.0, "StreetWidth_Min": 42.0, "StreetWidth_Max": 42.0, "Snow_Priority": "C", "Number_Travel_Lanes": " 4", "Number_Park_Lanes": "  ", "TRUCK_ROUTE_TYPE": "2" }, "geometry": { "type": "MultiLineString", "coordinates": [ [ [ -73.927070496938512, 40.804389698949798 ], [ -73.926630660595009, 40.804654057285248 ] ] ] } },
{ "type": "Feature", "properties": { "Street": "WILLIS AVENUE BRIDGE", "FeatureTyp": "0", "NonPed": " ", "TrafDir": "W", "SegmentID": "0259123", "PhysicalID": 169024.0, "StreetWidth_Min": 30.0, "StreetWidth_Max": 30.0, "Snow_Priority": "C", "Number_Travel_Lanes": " 2", "Number_Park_Lanes": "  ", "TRUCK_ROUTE_TYPE": "3" }, "geometry": { "type": "MultiLineString", "coordinates": [ [ [ -73.925710365995116, 40.805224843249718 ], [ -73.925165043338026, 40.80587124781227 ] ] ] } },
{ "type": "Feature", "properties": { "Street": "WILLIS AVENUE BRIDGE", "FeatureTyp": "0", "NonPed": " ", "TrafDir": "W", "SegmentID": "0259123", "PhysicalID": 169024.0, "StreetWidth_Min": 30.0, "StreetWidth_Max": 30.0, "Snow_Priority": "C", "Number_Travel_Lanes": " 2", "Number_Park_Lanes": "  ", "TRUCK_ROUTE_TYPE": "3" }, "geometry": { "type": "MultiLineString", "coordinates": [ [ [ -73.925710365995116, 40.805224843249718 ], [ -73.925165043338026, 40.80587124781227 ] ] ] } },
{ "type": "Feature", "properties": { "Street": "WILLIS AVENUE BRIDGE", "FeatureTyp": "0", "NonPed": " ", "TrafDir": "W", "SegmentID": "0259125", "PhysicalID": 194049.0, "StreetWidth_Min": 40.0, "StreetWidth_Max": 40.0, "Snow_Priority": "C", "Number_Travel_Lanes": " 3", "Number_Park_Lanes": "  ", "TRUCK_ROUTE_TYPE": "3" }, "geometry": { "type": "MultiLineString", "coordinates": [ [ [ -73.924683195943715, 40.806532087854954 ], [ -73.9245271514244, 40.806779913533916 ] ] ] } },
{ "type": "Feature", "properties": { "Street": "MAJOR DEEGAN EP NB EN E 135 ST", "FeatureTyp": "0", "NonPed": "V", "TrafDir": "W", "SegmentID": "0259132", "PhysicalID": 146359.0, "StreetWidth_Min": 18.0, "StreetWidth_Max": 18.0, "Snow_Priority": "C", "Number_Travel_Lanes": " 1", "Number_Park_Lanes": "  ", "TRUCK_ROUTE_TYPE": "3" }, "geometry": { "type": "MultiLineString", "coordinates": [ [ [ -73.925411872066348, 40.807673929682359 ], [ -73.925509807179083, 40.807668468870631 ], [ -73.925607945411002, 40.807665856126306 ], [ -73.925706143359307, 40.80766609526723 ], [ -73.925804257534267, 40.807669185943958 ], [ -73.925902144568184, 40.807675123640273 ], [ -73.925999661425337, 40.807683899679866 ], [ -73.926096665610984, 40.807695501238825 ], [ -73.926193015551888, 40.807709911347509 ], [ -73.926288570284683, 40.807727108975428 ], [ -73.926383190180204, 40.807747068992839 ], [ -73.926476736975332, 40.807769762233313 ], [ -73.92656907397425, 40.807795155536425 ], [ -73.926660066248786, 40.807823211796439 ], [ -73.926749580835136, 40.807853890016183 ] ] ] } },
{ "type": "Feature", "properties": { "Street": "PARK AVENUE", "FeatureTyp": "0", "NonPed": " ", "TrafDir": "W", "SegmentID": "0261726", "PhysicalID": 103557.0, "StreetWidth_Min": 33.0, "StreetWidth_Max": 56.0, "Snow_Priority": "C", "Number_Travel_Lanes": " 1", "Number_Park_Lanes": " 2", "TRUCK_ROUTE_TYPE": "3" }, "geometry": { "type": "MultiLineString", "coordinates": [ [ [ -73.930560788265225, 40.812029588421318 ], [ -73.929647192927021, 40.812468696293394 ] ] ] } },
{ "type": "Feature", "properties": { "Street": "PARK AVENUE", "FeatureTyp": "0", "NonPed": " ", "TrafDir": "W", "SegmentID": "0261727", "PhysicalID": 103557.0, "StreetWidth_Min": 33.0, "StreetWidth_Max": 56.0, "Snow_Priority": "C", "Number_Travel_Lanes": " 1", "Number_Park_Lanes": " 2", "TRUCK_ROUTE_TYPE": "3" }, "geometry": { "type": "MultiLineString", "coordinates": [ [ [ -73.929647192927021, 40.812468696293394 ], [ -73.92932890524169, 40.812621628600105 ] ] ] } },
{ "type": "Feature", "properties": { "Street": "MAJOR DEEGAN EXPWY NB ET 3", "FeatureTyp": "0", "NonPed": "V", "TrafDir": "W", "SegmentID": "0261801", "PhysicalID": 196641.0, "StreetWidth_Min": 20.0, "StreetWidth_Max": 22.0, "Snow_Priority": "C", "Number_Travel_Lanes": " 2", "Number_Park_Lanes": "  ", "TRUCK_ROUTE_TYPE": " " }, "geometry": { "type": "MultiLineString", "coordinates": [ [ [ -73.929163282808076, 40.814303863159566 ], [ -73.929094034245438, 40.814375986461691 ] ] ] } },
{ "type": "Feature", "properties": { "Street": "EAST 144 STREET", "FeatureTyp": "0", "NonPed": " ", "TrafDir": "W", "SegmentID": "0263553", "PhysicalID": 87864.0, "StreetWidth_Min": 30.0, "StreetWidth_Max": 32.0, "Snow_Priority": "C", "Number_Travel_Lanes": " 1", "Number_Park_Lanes": " 2", "TRUCK_ROUTE_TYPE": " " }, "geometry": { "type": "MultiLineString", "coordinates": [ [ [ -73.915926419152029, 40.811352768594176 ], [ -73.915529429984588, 40.811220610926163 ] ] ] } },
{ "type": "Feature", "properties": { "Street": "EAST 144 STREET", "FeatureTyp": "0", "NonPed": " ", "TrafDir": "W", "SegmentID": "0263554", "PhysicalID": 149343.0, "StreetWidth_Min": 30.0, "StreetWidth_Max": 32.0, "Snow_Priority": "C", "Number_Travel_Lanes": " 1", "Number_Park_Lanes": " 2", "TRUCK_ROUTE_TYPE": " " }, "geometry": { "type": "MultiLineString", "coordinates": [ [ [ -73.915529429984588, 40.811220610926163 ], [ -73.914847452929749, 40.810993575962826 ] ] ] } },
{ "type": "Feature", "properties": { "Street": "EAST 144 STREET", "FeatureTyp": "0", "NonPed": " ", "TrafDir": "W", "SegmentID": "0263554", "PhysicalID": 149343.0, "StreetWidth_Min": 30.0, "StreetWidth_Max": 32.0, "Snow_Priority": "C", "Number_Travel_Lanes": " 1", "Number_Park_Lanes": " 2", "TRUCK_ROUTE_TYPE": " " }, "geometry": { "type": "MultiLineString", "coordinates": [ [ [ -73.915529429984588, 40.811220610926163 ], [ -73.914847452929749, 40.810993575962826 ] ] ] } },
{ "type": "Feature", "properties": { "Street": "BETANCES I HOUSES PED PATH", "FeatureTyp": "0", "NonPed": " ", "TrafDir": "P", "SegmentID": "0263555", "PhysicalID": 149348.0, "StreetWidth_Min": null, "StreetWidth_Max": null, "Snow_Priority": " ", "Number_Travel_Lanes": "  ", "Number_Park_Lanes": "  ", "TRUCK_ROUTE_TYPE": " " }, "geometry": { "type": "MultiLineString", "coordinates": [ [ [ -73.915633360170986, 40.811021246636678 ], [ -73.915921919594652, 40.810983183089057 ], [ -73.916365954230301, 40.811126165526304 ], [ -73.916491804194976, 40.811195846468394 ], [ -73.916565094213595, 40.811181981587325 ] ] ] } },
{ "type": "Feature", "properties": { "Street": "BETANCES I HOUSES PED PATH", "FeatureTyp": "0", "NonPed": " ", "TrafDir": "P", "SegmentID": "0263556", "PhysicalID": 149345.0, "StreetWidth_Min": null, "StreetWidth_Max": null, "Snow_Priority": " ", "Number_Travel_Lanes": "  ", "Number_Park_Lanes": "  ", "TRUCK_ROUTE_TYPE": " " }, "geometry": { "type": "MultiLineString", "coordinates": [ [ [ -73.914944709403045, 40.810824977903678 ], [ -73.915113871796436, 40.810794698726077 ], [ -73.915537278849413, 40.810951586567128 ], [ -73.915633360170986, 40.811021246636678 ] ] ] } },
{ "type": "Feature", "properties": { "Street": "BETANCES I HOUSES PED PATH", "FeatureTyp": "0", "NonPed": " ", "TrafDir": "P", "SegmentID": "0263557", "PhysicalID": 149346.0, "StreetWidth_Min": null, "StreetWidth_Max": null, "Snow_Priority": " ", "Number_Travel_Lanes": "  ", "Number_Park_Lanes": "  ", "TRUCK_ROUTE_TYPE": " " }, "geometry": { "type": "MultiLineString", "coordinates": [ [ [ -73.915633360170986, 40.811021246636678 ], [ -73.915529429984588, 40.811220610926163 ] ] ] } },
{ "type": "Feature", "properties": { "Street": "BETANCES II HOUSES PED PATH", "FeatureTyp": "0", "NonPed": " ", "TrafDir": "P", "SegmentID": "0263558", "PhysicalID": 149351.0, "StreetWidth_Min": null, "StreetWidth_Max": null, "Snow_Priority": " ", "Number_Travel_Lanes": "  ", "Number_Park_Lanes": "  ", "TRUCK_ROUTE_TYPE": " " }, "geometry": { "type": "MultiLineString", "coordinates": [ [ [ -73.915926419152029, 40.811352768594176 ], [ -73.915786627811855, 40.811385019996436 ], [ -73.915662889182443, 40.811585739815477 ], [ -73.915742891233236, 40.811707601989859 ], [ -73.916448831226404, 40.811950075706719 ], [ -73.916638819083147, 40.812010927603467 ] ] ] } },
{ "type": "Feature", "properties": { "Street": "BROOK AVENUE", "FeatureTyp": "0", "NonPed": " ", "TrafDir": "A", "SegmentID": "0263559", "PhysicalID": 149349.0, "StreetWidth_Min": 44.0, "StreetWidth_Max": 44.0, "Snow_Priority": "C", "Number_Travel_Lanes": " 2", "Number_Park_Lanes": " 2", "TRUCK_ROUTE_TYPE": " " }, "geometry": { "type": "MultiLineString", "coordinates": [ [ [ -73.916837958324962, 40.811656210558908 ], [ -73.916638819083147, 40.812010927603467 ] ] ] } },
{ "type": "Feature", "properties": { "Street": "BROOK AVENUE", "FeatureTyp": "0", "NonPed": " ", "TrafDir": "A", "SegmentID": "0263560", "PhysicalID": 149350.0, "StreetWidth_Min": 44.0, "StreetWidth_Max": 44.0, "Snow_Priority": "C", "Number_Travel_Lanes": " 2", "Number_Park_Lanes": " 2", "TRUCK_ROUTE_TYPE": " " }, "geometry": { "type": "MultiLineString", "coordinates": [ [ [ -73.916638819083147, 40.812010927603467 ], [ -73.916473842705457, 40.812312322606033 ] ] ] } },
{ "type": "Feature", "properties": { "Street": "MILL BROOK HOUSES PEDESTRIAN PTH", "FeatureTyp": "0", "NonPed": " ", "TrafDir": "P", "SegmentID": "0265829", "PhysicalID": 151186.0, "StreetWidth_Min": null, "StreetWidth_Max": null, "Snow_Priority": " ", "Number_Travel_Lanes": "  ", "Number_Park_Lanes": "  ", "TRUCK_ROUTE_TYPE": " " }, "geometry": { "type": "MultiLineString", "coordinates": [ [ [ -73.920171962360783, 40.806265447236584 ], [ -73.919834075875997, 40.806116277376965 ] ] ] } },
{ "type": "Feature", "properties": { "Street": "MILL BROOK HOUSES PEDESTRIAN PTH", "FeatureTyp": "0", "NonPed": " ", "TrafDir": "P", "SegmentID": "0265830", "PhysicalID": 151183.0, "StreetWidth_Min": null, "StreetWidth_Max": null, "Snow_Priority": " ", "Number_Travel_Lanes": "  ", "Number_Park_Lanes": "  ", "TRUCK_ROUTE_TYPE": " " }, "geometry": { "type": "MultiLineString", "coordinates": [ [ [ -73.919834075875997, 40.806116277376965 ], [ -73.919745357470958, 40.805595734419931 ], [ -73.91983487405615, 40.805453553758596 ], [ -73.919751380101175, 40.805292490322493 ] ] ] } },
{ "type": "Feature", "properties": { "Street": "MILL BROOK HOUSES PEDESTRIAN PTH", "FeatureTyp": "0", "NonPed": " ", "TrafDir": "P", "SegmentID": "0265831", "PhysicalID": 151185.0, "StreetWidth_Min": null, "StreetWidth_Max": null, "Snow_Priority": " ", "Number_Travel_Lanes": "  ", "Number_Park_Lanes": "  ", "TRUCK_ROUTE_TYPE": " " }, "geometry": { "type": "MultiLineString", "coordinates": [ [ [ -73.919834075875997, 40.806116277376965 ], [ -73.919447132116161, 40.805934971041268 ] ] ] } },
{ "type": "Feature", "properties": { "Street": "MILL BROOK HOUSES PEDESTRIAN PTH", "FeatureTyp": "0", "NonPed": " ", "TrafDir": "P", "SegmentID": "0265832", "PhysicalID": 151185.0, "StreetWidth_Min": null, "StreetWidth_Max": null, "Snow_Priority": " ", "Number_Travel_Lanes": "  ", "Number_Park_Lanes": "  ", "TRUCK_ROUTE_TYPE": " " }, "geometry": { "type": "MultiLineString", "coordinates": [ [ [ -73.919447132116161, 40.805934971041268 ], [ -73.91920697513676, 40.805997705506712 ] ] ] } },
{ "type": "Feature", "properties": { "Street": "MILL BROOK HOUSES PEDESTRIAN PTH", "FeatureTyp": "0", "NonPed": " ", "TrafDir": "P", "SegmentID": "0265835", "PhysicalID": 151197.0, "StreetWidth_Min": null, "StreetWidth_Max": null, "Snow_Priority": " ", "Number_Travel_Lanes": "  ", "Number_Park_Lanes": "  ", "TRUCK_ROUTE_TYPE": " " }, "geometry": { "type": "MultiLineString", "coordinates": [ [ [ -73.91920697513676, 40.805997705506712 ], [ -73.919020547821177, 40.805709136695469 ], [ -73.918864687433896, 40.805585419753264 ] ] ] } },
{ "type": "Feature", "properties": { "Street": "MILL BROOK HOUSES PEDESTRIAN PTH", "FeatureTyp": "0", "NonPed": " ", "TrafDir": "P", "SegmentID": "0265836", "PhysicalID": 151189.0, "StreetWidth_Min": null, "StreetWidth_Max": null, "Snow_Priority": " ", "Number_Travel_Lanes": "  ", "Number_Park_Lanes": "  ", "TRUCK_ROUTE_TYPE": " " }, "geometry": { "type": "MultiLineString", "coordinates": [ [ [ -73.918864687433896, 40.805585419753264 ], [ -73.918436791204712, 40.805442906422741 ] ] ] } },
{ "type": "Feature", "properties": { "Street": "MILL BROOK HOUSES PEDESTRIAN PTH", "FeatureTyp": "0", "NonPed": " ", "TrafDir": "P", "SegmentID": "0265838", "PhysicalID": 151193.0, "StreetWidth_Min": null, "StreetWidth_Max": null, "Snow_Priority": " ", "Number_Travel_Lanes": "  ", "Number_Park_Lanes": "  ", "TRUCK_ROUTE_TYPE": " " }, "geometry": { "type": "MultiLineString", "coordinates": [ [ [ -73.91920697513676, 40.805997705506712 ], [ -73.918932291703328, 40.805970170814966 ] ] ] } },
{ "type": "Feature", "properties": { "Street": "MILL BROOK HOUSES PEDESTRIAN PTH", "FeatureTyp": "0", "NonPed": " ", "TrafDir": "P", "SegmentID": "0265839", "PhysicalID": 151191.0, "StreetWidth_Min": null, "StreetWidth_Max": null, "Snow_Priority": " ", "Number_Travel_Lanes": "  ", "Number_Park_Lanes": "  ", "TRUCK_ROUTE_TYPE": " " }, "geometry": { "type": "MultiLineString", "coordinates": [ [ [ -73.918527239569556, 40.806368005512994 ], [ -73.918702136226727, 40.806306220053223 ], [ -73.918932291703328, 40.805970170814966 ] ] ] } },
{ "type": "Feature", "properties": { "Street": "MILL BROOK HOUSES PEDESTRIAN PTH", "FeatureTyp": "0", "NonPed": " ", "TrafDir": "P", "SegmentID": "0265840", "PhysicalID": 151192.0, "StreetWidth_Min": null, "StreetWidth_Max": null, "Snow_Priority": " ", "Number_Travel_Lanes": "  ", "Number_Park_Lanes": "  ", "TRUCK_ROUTE_TYPE": " " }, "geometry": { "type": "MultiLineString", "coordinates": [ [ [ -73.918932291703328, 40.805970170814966 ], [ -73.91879200989213, 40.805873088024164 ], [ -73.918753873159773, 40.805746982177766 ], [ -73.918864687433896, 40.805585419753264 ] ] ] } },
{ "type": "Feature", "properties": { "Street": "MILL BROOK HOUSES PEDESTRIAN PTH", "FeatureTyp": "0", "NonPed": " ", "TrafDir": "P", "SegmentID": "0265841", "PhysicalID": 151196.0, "StreetWidth_Min": null, "StreetWidth_Max": null, "Snow_Priority": " ", "Number_Travel_Lanes": "  ", "Number_Park_Lanes": "  ", "TRUCK_ROUTE_TYPE": " " }, "geometry": { "type": "MultiLineString", "coordinates": [ [ [ -73.91920697513676, 40.805997705506712 ], [ -73.919292768964226, 40.80669257034468 ] ] ] } },
{ "type": "Feature", "properties": { "Street": "EAST 137 STREET", "FeatureTyp": "0", "NonPed": " ", "TrafDir": "A", "SegmentID": "0265842", "PhysicalID": 151194.0, "StreetWidth_Min": 50.0, "StreetWidth_Max": 50.0, "Snow_Priority": "S", "Number_Travel_Lanes": " 2", "Number_Park_Lanes": " 2", "TRUCK_ROUTE_TYPE": " " }, "geometry": { "type": "MultiLineString", "coordinates": [ [ [ -73.919721586638303, 40.806876836060049 ], [ -73.919292768964226, 40.80669257034468 ] ] ] } },
{ "type": "Feature", "properties": { "Street": "EAST 137 STREET", "FeatureTyp": "0", "NonPed": " ", "TrafDir": "A", "SegmentID": "0265843", "PhysicalID": 151195.0, "StreetWidth_Min": 50.0, "StreetWidth_Max": 50.0, "Snow_Priority": "S", "Number_Travel_Lanes": " 2", "Number_Park_Lanes": " 2", "TRUCK_ROUTE_TYPE": " " }, "geometry": { "type": "MultiLineString", "coordinates": [ [ [ -73.919292768964226, 40.80669257034468 ], [ -73.918880185365083, 40.806517648713658 ] ] ] } },
{ "type": "Feature", "properties": { "Street": "MITCHEL HOUSES PEDESTRIAN PATH", "FeatureTyp": "0", "NonPed": " ", "TrafDir": "P", "SegmentID": "0265844", "PhysicalID": 151202.0, "StreetWidth_Min": null, "StreetWidth_Max": null, "Snow_Priority": " ", "Number_Travel_Lanes": "  ", "Number_Park_Lanes": "  ", "TRUCK_ROUTE_TYPE": " " }, "geometry": { "type": "MultiLineString", "coordinates": [ [ [ -73.92609807160332, 40.810484207655925 ], [ -73.926568875370663, 40.809821633037998 ] ] ] } },
{ "type": "Feature", "properties": { "Street": "MITCHEL HOUSES PEDESTRIAN PATH", "FeatureTyp": "0", "NonPed": " ", "TrafDir": "P", "SegmentID": "0265845", "PhysicalID": 151198.0, "StreetWidth_Min": null, "StreetWidth_Max": null, "Snow_Priority": " ", "Number_Travel_Lanes": "  ", "Number_Park_Lanes": "  ", "TRUCK_ROUTE_TYPE": " " }, "geometry": { "type": "MultiLineString", "coordinates": [ [ [ -73.926568875370663, 40.809821633037998 ], [ -73.927045523081759, 40.809186230153536 ] ] ] } },
{ "type": "Feature", "properties": { "Street": "MITCHEL HOUSES PEDESTRIAN PATH", "FeatureTyp": "0", "NonPed": " ", "TrafDir": "P", "SegmentID": "0265846", "PhysicalID": 151205.0, "StreetWidth_Min": null, "StreetWidth_Max": null, "Snow_Priority": " ", "Number_Travel_Lanes": "  ", "Number_Park_Lanes": "  ", "TRUCK_ROUTE_TYPE": " " }, "geometry": { "type": "MultiLineString", "coordinates": [ [ [ -73.927045523081759, 40.809186230153536 ], [ -73.92745100502033, 40.808634164101527 ], [ -73.9274678142894, 40.80857253750392 ] ] ] } },
{ "type": "Feature", "properties": { "Street": "MITCHEL HOUSES PEDESTRIAN PATH", "FeatureTyp": "0", "NonPed": " ", "TrafDir": "P", "SegmentID": "0265847", "PhysicalID": 155505.0, "StreetWidth_Min": null, "StreetWidth_Max": null, "Snow_Priority": " ", "Number_Travel_Lanes": "  ", "Number_Park_Lanes": "  ", "TRUCK_ROUTE_TYPE": " " }, "geometry": { "type": "MultiLineString", "coordinates": [ [ [ -73.925615523401191, 40.809409378625858 ], [ -73.925767717913828, 40.809475300690735 ] ] ] } },
{ "type": "Feature", "properties": { "Street": "MITCHEL HOUSES PEDESTRIAN PATH", "FeatureTyp": "0", "NonPed": " ", "TrafDir": "P", "SegmentID": "0265850", "PhysicalID": 151201.0, "StreetWidth_Min": null, "StreetWidth_Max": null, "Snow_Priority": " ", "Number_Travel_Lanes": "  ", "Number_Park_Lanes": "  ", "TRUCK_ROUTE_TYPE": " " }, "geometry": { "type": "MultiLineString", "coordinates": [ [ [ -73.925767717913828, 40.809475300690735 ], [ -73.926568875370663, 40.809821633037998 ] ] ] } },
{ "type": "Feature", "properties": { "Street": "MITCHEL HOUSES PEDESTRIAN PATH", "FeatureTyp": "0", "NonPed": " ", "TrafDir": "P", "SegmentID": "0265851", "PhysicalID": 151203.0, "StreetWidth_Min": null, "StreetWidth_Max": null, "Snow_Priority": " ", "Number_Travel_Lanes": "  ", "Number_Park_Lanes": "  ", "TRUCK_ROUTE_TYPE": " " }, "geometry": { "type": "MultiLineString", "coordinates": [ [ [ -73.926568875370663, 40.809821633037998 ], [ -73.926965269370427, 40.809993301334089 ], [ -73.927017604302208, 40.80992568389977 ] ] ] } },
{ "type": "Feature", "properties": { "Street": "MITCHEL HOUSES PEDESTRIAN PATH", "FeatureTyp": "0", "NonPed": " ", "TrafDir": "P", "SegmentID": "0265854", "PhysicalID": 151203.0, "StreetWidth_Min": null, "StreetWidth_Max": null, "Snow_Priority": " ", "Number_Travel_Lanes": "  ", "Number_Park_Lanes": "  ", "TRUCK_ROUTE_TYPE": " " }, "geometry": { "type": "MultiLineString", "coordinates": [ [ [ -73.927017604302208, 40.80992568389977 ], [ -73.927233616115487, 40.810008782457693 ], [ -73.927272228148468, 40.809949588860398 ], [ -73.927680542819942, 40.810116934605567 ], [ -73.927815498028409, 40.810050757163467 ] ] ] } },
{ "type": "Feature", "properties": { "Street": "MITCHEL HOUSES PEDESTRIAN PATH", "FeatureTyp": "0", "NonPed": " ", "TrafDir": "P", "SegmentID": "0265855", "PhysicalID": 151204.0, "StreetWidth_Min": null, "StreetWidth_Max": null, "Snow_Priority": " ", "Number_Travel_Lanes": "  ", "Number_Park_Lanes": "  ", "TRUCK_ROUTE_TYPE": " " }, "geometry": { "type": "MultiLineString", "coordinates": [ [ [ -73.926067442668909, 40.808789053725931 ], [ -73.926320033439168, 40.808878271302412 ], [ -73.927045523081759, 40.809186230153536 ] ] ] } },
{ "type": "Feature", "properties": { "Street": "MITCHEL HOUSES PEDESTRIAN PATH", "FeatureTyp": "0", "NonPed": " ", "TrafDir": "P", "SegmentID": "0265856", "PhysicalID": 151207.0, "StreetWidth_Min": null, "StreetWidth_Max": null, "Snow_Priority": " ", "Number_Travel_Lanes": "  ", "Number_Park_Lanes": "  ", "TRUCK_ROUTE_TYPE": " " }, "geometry": { "type": "MultiLineString", "coordinates": [ [ [ -73.927045523081759, 40.809186230153536 ], [ -73.928134623206603, 40.809621557138009 ] ] ] } },
{ "type": "Feature", "properties": { "Street": "MITCHEL HOUSES PEDESTRIAN PATH", "FeatureTyp": "0", "NonPed": " ", "TrafDir": "P", "SegmentID": "0265861", "PhysicalID": 151213.0, "StreetWidth_Min": null, "StreetWidth_Max": null, "Snow_Priority": " ", "Number_Travel_Lanes": "  ", "Number_Park_Lanes": "  ", "TRUCK_ROUTE_TYPE": " " }, "geometry": { "type": "MultiLineString", "coordinates": [ [ [ -73.924398755443306, 40.808815605969315 ], [ -73.924507489591164, 40.808675248895042 ], [ -73.924590790152223, 40.80865297178628 ] ] ] } },
{ "type": "Feature", "properties": { "Street": "MITCHEL HOUSES PEDESTRIAN PATH", "FeatureTyp": "0", "NonPed": " ", "TrafDir": "P", "SegmentID": "0265859", "PhysicalID": 151209.0, "StreetWidth_Min": null, "StreetWidth_Max": null, "Snow_Priority": " ", "Number_Travel_Lanes": "  ", "Number_Park_Lanes": "  ", "TRUCK_ROUTE_TYPE": " " }, "geometry": { "type": "MultiLineString", "coordinates": [ [ [ -73.924738580226631, 40.808989843277239 ], [ -73.924587783550621, 40.808879060440638 ], [ -73.924398755443306, 40.808815605969315 ] ] ] } },
{ "type": "Feature", "properties": { "Street": "MITCHEL HOUSES PEDESTRIAN PATH", "FeatureTyp": "0", "NonPed": " ", "TrafDir": "P", "SegmentID": "0265860", "PhysicalID": 151210.0, "StreetWidth_Min": null, "StreetWidth_Max": null, "Snow_Priority": " ", "Number_Travel_Lanes": "  ", "Number_Park_Lanes": "  ", "TRUCK_ROUTE_TYPE": " " }, "geometry": { "type": "MultiLineString", "coordinates": [ [ [ -73.924398755443306, 40.808815605969315 ], [ -73.924077245685467, 40.808650757341617 ], [ -73.923984567181378, 40.808613056219109 ], [ -73.923841868126075, 40.808598004940158 ], [ -73.923372861722484, 40.808431671822383 ] ] ] } },
{ "type": "Feature", "properties": { "Street": "MITCHEL HOUSES PEDESTRIAN PATH", "FeatureTyp": "0", "NonPed": " ", "TrafDir": "P", "SegmentID": "0265863", "PhysicalID": 151212.0, "StreetWidth_Min": null, "StreetWidth_Max": null, "Snow_Priority": " ", "Number_Travel_Lanes": "  ", "Number_Park_Lanes": "  ", "TRUCK_ROUTE_TYPE": " " }, "geometry": { "type": "MultiLineString", "coordinates": [ [ [ -73.924590790152223, 40.80865297178628 ], [ -73.924737821606271, 40.808586071890268 ], [ -73.924855331851248, 40.808634534190887 ] ] ] } },
{ "type": "Feature", "properties": { "Street": "MITCHEL HOUSES PEDESTRIAN PATH", "FeatureTyp": "0", "NonPed": " ", "TrafDir": "P", "SegmentID": "0265864", "PhysicalID": 191894.0, "StreetWidth_Min": null, "StreetWidth_Max": null, "Snow_Priority": " ", "Number_Travel_Lanes": "  ", "Number_Park_Lanes": "  ", "TRUCK_ROUTE_TYPE": " " }, "geometry": { "type": "MultiLineString", "coordinates": [ [ [ -73.924855331851248, 40.808634534190887 ], [ -73.925104587972328, 40.808301655925746 ] ] ] } },
{ "type": "Feature", "properties": { "Street": "MITCHEL HOUSES PEDESTRIAN PATH", "FeatureTyp": "0", "NonPed": " ", "TrafDir": "P", "SegmentID": "0265868", "PhysicalID": 151217.0, "StreetWidth_Min": null, "StreetWidth_Max": null, "Snow_Priority": " ", "Number_Travel_Lanes": "  ", "Number_Park_Lanes": "  ", "TRUCK_ROUTE_TYPE": " " }, "geometry": { "type": "MultiLineString", "coordinates": [ [ [ -73.924738580226631, 40.808989843277239 ], [ -73.924605034736757, 40.809051234546224 ], [ -73.924168033866565, 40.80964255946509 ] ] ] } },
{ "type": "Feature", "properties": { "Street": "EAST 138 STREET", "FeatureTyp": "0", "NonPed": " ", "TrafDir": "T", "SegmentID": "0265869", "PhysicalID": 151215.0, "StreetWidth_Min": 50.0, "StreetWidth_Max": 50.0, "Snow_Priority": "C", "Number_Travel_Lanes": " 2", "Number_Park_Lanes": " 2", "TRUCK_ROUTE_TYPE": "2" }, "geometry": { "type": "MultiLineString", "coordinates": [ [ [ -73.925142339823466, 40.810053211821234 ], [ -73.924168033866565, 40.80964255946509 ] ] ] } },
{ "type": "Feature", "properties": { "Street": "EAST 138 STREET", "FeatureTyp": "0", "NonPed": " ", "TrafDir": "T", "SegmentID": "0265870", "PhysicalID": 151216.0, "StreetWidth_Min": 50.0, "StreetWidth_Max": 50.0, "Snow_Priority": "C", "Number_Travel_Lanes": " 2", "Number_Park_Lanes": " 2", "TRUCK_ROUTE_TYPE": "2" }, "geometry": { "type": "MultiLineString", "coordinates": [ [ [ -73.924168033866565, 40.80964255946509 ], [ -73.922886298233593, 40.809105863935592 ] ] ] } },
{ "type": "Feature", "properties": { "Street": "MITCHEL HOUSES PEDESTRIAN PATH", "FeatureTyp": "0", "NonPed": " ", "TrafDir": "P", "SegmentID": "0265873", "PhysicalID": 151218.0, "StreetWidth_Min": null, "StreetWidth_Max": null, "Snow_Priority": " ", "Number_Travel_Lanes": "  ", "Number_Park_Lanes": "  ", "TRUCK_ROUTE_TYPE": " " }, "geometry": { "type": "MultiLineString", "coordinates": [ [ [ -73.925104587972328, 40.808301655925746 ], [ -73.924520193288146, 40.808058728979582 ] ] ] } },
{ "type": "Feature", "properties": { "Street": "MITCHEL HOUSES PEDESTRIAN PATH", "FeatureTyp": "0", "NonPed": " ", "TrafDir": "P", "SegmentID": "0265874", "PhysicalID": 151222.0, "StreetWidth_Min": null, "StreetWidth_Max": null, "Snow_Priority": " ", "Number_Travel_Lanes": "  ", "Number_Park_Lanes": "  ", "TRUCK_ROUTE_TYPE": " " }, "geometry": { "type": "MultiLineString", "coordinates": [ [ [ -73.924855331851248, 40.808634534190887 ], [ -73.924717970781074, 40.808813100325068 ], [ -73.924665247076859, 40.808822690534626 ] ] ] } },
{ "type": "Feature", "properties": { "Street": "MITCHEL HOUSES PEDESTRIAN PATH", "FeatureTyp": "0", "NonPed": " ", "TrafDir": "P", "SegmentID": "0265875", "PhysicalID": 151220.0, "StreetWidth_Min": null, "StreetWidth_Max": null, "Snow_Priority": " ", "Number_Travel_Lanes": "  ", "Number_Park_Lanes": "  ", "TRUCK_ROUTE_TYPE": " " }, "geometry": { "type": "MultiLineString", "coordinates": [ [ [ -73.924738580226631, 40.808989843277239 ], [ -73.924665247076859, 40.808822690534626 ] ] ] } },
{ "type": "Feature", "properties": { "Street": "MITCHEL HOUSES PEDESTRIAN PATH", "FeatureTyp": "0", "NonPed": " ", "TrafDir": "P", "SegmentID": "0265876", "PhysicalID": 151221.0, "StreetWidth_Min": null, "StreetWidth_Max": null, "Snow_Priority": " ", "Number_Travel_Lanes": "  ", "Number_Park_Lanes": "  ", "TRUCK_ROUTE_TYPE": " " }, "geometry": { "type": "MultiLineString", "coordinates": [ [ [ -73.924665247076859, 40.808822690534626 ], [ -73.924590790152223, 40.80865297178628 ] ] ] } },
{ "type": "Feature", "properties": { "Street": "MOTT HAVEN HOUSES PEDESTRIAN PTH", "FeatureTyp": "0", "NonPed": " ", "TrafDir": "P", "SegmentID": "0266043", "PhysicalID": 151371.0, "StreetWidth_Min": null, "StreetWidth_Max": null, "Snow_Priority": " ", "Number_Travel_Lanes": "  ", "Number_Park_Lanes": "  ", "TRUCK_ROUTE_TYPE": " " }, "geometry": { "type": "MultiLineString", "coordinates": [ [ [ -73.922143607829511, 40.812908868123372 ], [ -73.922310646833935, 40.812854864205846 ], [ -73.922565392244238, 40.812535632766533 ] ] ] } },
{ "type": "Feature", "properties": { "Street": "MOTT HAVEN HOUSES PEDESTRIAN PTH", "FeatureTyp": "0", "NonPed": " ", "TrafDir": "P", "SegmentID": "0266046", "PhysicalID": 151369.0, "StreetWidth_Min": null, "StreetWidth_Max": null, "Snow_Priority": " ", "Number_Travel_Lanes": "  ", "Number_Park_Lanes": "  ", "TRUCK_ROUTE_TYPE": " " }, "geometry": { "type": "MultiLineString", "coordinates": [ [ [ -73.922565392244238, 40.812535632766533 ], [ -73.922299797961145, 40.812428127738926 ] ] ] } },
{ "type": "Feature", "properties": { "Street": "MOTT HAVEN HOUSES PEDESTRIAN PTH", "FeatureTyp": "0", "NonPed": " ", "TrafDir": "P", "SegmentID": "0266047", "PhysicalID": 151369.0, "StreetWidth_Min": null, "StreetWidth_Max": null, "Snow_Priority": " ", "Number_Travel_Lanes": "  ", "Number_Park_Lanes": "  ", "TRUCK_ROUTE_TYPE": " " }, "geometry": { "type": "MultiLineString", "coordinates": [ [ [ -73.922299797961145, 40.812428127738926 ], [ -73.922328199584172, 40.812397974139792 ], [ -73.92200498603448, 40.812259823194758 ] ] ] } },
{ "type": "Feature", "properties": { "Street": "MOTT HAVEN HOUSES PEDESTRIAN PTH", "FeatureTyp": "0", "NonPed": " ", "TrafDir": "P", "SegmentID": "0266048", "PhysicalID": 151369.0, "StreetWidth_Min": null, "StreetWidth_Max": null, "Snow_Priority": " ", "Number_Travel_Lanes": "  ", "Number_Park_Lanes": "  ", "TRUCK_ROUTE_TYPE": " " }, "geometry": { "type": "MultiLineString", "coordinates": [ [ [ -73.92200498603448, 40.812259823194758 ], [ -73.921970901091342, 40.812298593493956 ], [ -73.921613649355521, 40.812160418407132 ], [ -73.921642066400025, 40.812117333498882 ], [ -73.921063699510285, 40.811862625567237 ], [ -73.921035073812249, 40.811651426152899 ] ] ] } },
{ "type": "Feature", "properties": { "Street": "EAST 141 STREET", "FeatureTyp": "0", "NonPed": " ", "TrafDir": "A", "SegmentID": "0266050", "PhysicalID": 151366.0, "StreetWidth_Min": 40.0, "StreetWidth_Max": 40.0, "Snow_Priority": "S", "Number_Travel_Lanes": " 2", "Number_Park_Lanes": " 2", "TRUCK_ROUTE_TYPE": " " }, "geometry": { "type": "MultiLineString", "coordinates": [ [ [ -73.923725462705548, 40.811979019306087 ], [ -73.923141679698801, 40.811732748081837 ] ] ] } },
{ "type": "Feature", "properties": { "Street": "EAST 141 STREET", "FeatureTyp": "0", "NonPed": " ", "TrafDir": "A", "SegmentID": "0266051", "PhysicalID": 151367.0, "StreetWidth_Min": 40.0, "StreetWidth_Max": 40.0, "Snow_Priority": "S", "Number_Travel_Lanes": " 2", "Number_Park_Lanes": " 2", "TRUCK_ROUTE_TYPE": " " }, "geometry": { "type": "MultiLineString", "coordinates": [ [ [ -73.923141679698801, 40.811732748081837 ], [ -73.922620505185265, 40.811512883931968 ] ] ] } },
{ "type": "Feature", "properties": { "Street": "EAST 141 STREET", "FeatureTyp": "0", "NonPed": " ", "TrafDir": "A", "SegmentID": "0266051", "PhysicalID": 151367.0, "StreetWidth_Min": 40.0, "StreetWidth_Max": 40.0, "Snow_Priority": "S", "Number_Travel_Lanes": " 2", "Number_Park_Lanes": " 2", "TRUCK_ROUTE_TYPE": " " }, "geometry": { "type": "MultiLineString", "coordinates": [ [ [ -73.923141679698801, 40.811732748081837 ], [ -73.922620505185265, 40.811512883931968 ] ] ] } },
{ "type": "Feature", "properties": { "Street": "EAST 141 STREET", "FeatureTyp": "0", "NonPed": " ", "TrafDir": "A", "SegmentID": "0266051", "PhysicalID": 151367.0, "StreetWidth_Min": 40.0, "StreetWidth_Max": 40.0, "Snow_Priority": "S", "Number_Travel_Lanes": " 2", "Number_Park_Lanes": " 2", "TRUCK_ROUTE_TYPE": " " }, "geometry": { "type": "MultiLineString", "coordinates": [ [ [ -73.923141679698801, 40.811732748081837 ], [ -73.922620505185265, 40.811512883931968 ] ] ] } },
{ "type": "Feature", "properties": { "Street": "MOTT HAVEN HOUSES PEDESTRIAN PTH", "FeatureTyp": "0", "NonPed": " ", "TrafDir": "P", "SegmentID": "0266054", "PhysicalID": 151373.0, "StreetWidth_Min": null, "StreetWidth_Max": null, "Snow_Priority": " ", "Number_Travel_Lanes": "  ", "Number_Park_Lanes": "  ", "TRUCK_ROUTE_TYPE": " " }, "geometry": { "type": "MultiLineString", "coordinates": [ [ [ -73.922839086690189, 40.812144003254538 ], [ -73.92260661001896, 40.812036087419443 ], [ -73.922583881783225, 40.812066244898411 ], [ -73.922243650028506, 40.811928083734685 ], [ -73.92227206153207, 40.811889308979033 ], [ -73.922025588482555, 40.811784843076488 ] ] ] } },
{ "type": "Feature", "properties": { "Street": "MOTT HAVEN HOUSES PEDESTRIAN PTH", "FeatureTyp": "0", "NonPed": " ", "TrafDir": "P", "SegmentID": "0266055", "PhysicalID": 151370.0, "StreetWidth_Min": null, "StreetWidth_Max": null, "Snow_Priority": " ", "Number_Travel_Lanes": "  ", "Number_Park_Lanes": "  ", "TRUCK_ROUTE_TYPE": " " }, "geometry": { "type": "MultiLineString", "coordinates": [ [ [ -73.922565392244238, 40.812535632766533 ], [ -73.922839086690189, 40.812144003254538 ] ] ] } },
{ "type": "Feature", "properties": { "Street": "MOTT HAVEN HOUSES PEDESTRIAN PTH", "FeatureTyp": "0", "NonPed": " ", "TrafDir": "P", "SegmentID": "0266056", "PhysicalID": 151372.0, "StreetWidth_Min": null, "StreetWidth_Max": null, "Snow_Priority": " ", "Number_Travel_Lanes": "  ", "Number_Park_Lanes": "  ", "TRUCK_ROUTE_TYPE": " " }, "geometry": { "type": "MultiLineString", "coordinates": [ [ [ -73.922839086690189, 40.812144003254538 ], [ -73.923141679698801, 40.811732748081837 ] ] ] } },
{ "type": "Feature", "properties": { "Street": "MOTT HAVEN HOUSES PEDESTRIAN PTH", "FeatureTyp": "0", "NonPed": " ", "TrafDir": "P", "SegmentID": "0266059", "PhysicalID": 151373.0, "StreetWidth_Min": null, "StreetWidth_Max": null, "Snow_Priority": " ", "Number_Travel_Lanes": "  ", "Number_Park_Lanes": "  ", "TRUCK_ROUTE_TYPE": " " }, "geometry": { "type": "MultiLineString", "coordinates": [ [ [ -73.922025588482555, 40.811784843076488 ], [ -73.921931835663244, 40.811746836032157 ], [ -73.921886409833661, 40.811781288316652 ], [ -73.921302351120019, 40.811543819237549 ], [ -73.921035073812249, 40.811651426152899 ] ] ] } },
{ "type": "Feature", "properties": { "Street": "MOTT HAVEN HOUSES PEDESTRIAN PTH", "FeatureTyp": "0", "NonPed": " ", "TrafDir": "P", "SegmentID": "0266060", "PhysicalID": 151377.0, "StreetWidth_Min": null, "StreetWidth_Max": null, "Snow_Priority": " ", "Number_Travel_Lanes": "  ", "Number_Park_Lanes": "  ", "TRUCK_ROUTE_TYPE": " " }, "geometry": { "type": "MultiLineString", "coordinates": [ [ [ -73.921798120924223, 40.81276562547842 ], [ -73.921683078008087, 40.812821573214819 ], [ -73.921261600247931, 40.813379982623509 ] ] ] } },
{ "type": "Feature", "properties": { "Street": "EAST 144 STREET", "FeatureTyp": "0", "NonPed": " ", "TrafDir": "W", "SegmentID": "0266061", "PhysicalID": 151375.0, "StreetWidth_Min": 34.0, "StreetWidth_Max": 34.0, "Snow_Priority": "C", "Number_Travel_Lanes": " 1", "Number_Park_Lanes": " 2", "TRUCK_ROUTE_TYPE": " " }, "geometry": { "type": "MultiLineString", "coordinates": [ [ [ -73.922087646240513, 40.813731535573233 ], [ -73.921261600247931, 40.813379982623509 ] ] ] } },
{ "type": "Feature", "properties": { "Street": "EAST 144 STREET", "FeatureTyp": "0", "NonPed": " ", "TrafDir": "W", "SegmentID": "0266061", "PhysicalID": 151375.0, "StreetWidth_Min": 34.0, "StreetWidth_Max": 34.0, "Snow_Priority": "C", "Number_Travel_Lanes": " 1", "Number_Park_Lanes": " 2", "TRUCK_ROUTE_TYPE": " " }, "geometry": { "type": "MultiLineString", "coordinates": [ [ [ -73.922087646240513, 40.813731535573233 ], [ -73.921261600247931, 40.813379982623509 ] ] ] } },
{ "type": "Feature", "properties": { "Street": "MOTT HAVEN HOUSES PEDESTRIAN PTH", "FeatureTyp": "0", "NonPed": " ", "TrafDir": "P", "SegmentID": "0266063", "PhysicalID": 151382.0, "StreetWidth_Min": null, "StreetWidth_Max": null, "Snow_Priority": " ", "Number_Travel_Lanes": "  ", "Number_Park_Lanes": "  ", "TRUCK_ROUTE_TYPE": " " }, "geometry": { "type": "MultiLineString", "coordinates": [ [ [ -73.920630260174335, 40.813111286609931 ], [ -73.921093367807202, 40.812473422459412 ] ] ] } },
{ "type": "Feature", "properties": { "Street": "EAST 144 STREET", "FeatureTyp": "0", "NonPed": " ", "TrafDir": "W", "SegmentID": "0266064", "PhysicalID": 151378.0, "StreetWidth_Min": 34.0, "StreetWidth_Max": 34.0, "Snow_Priority": "C", "Number_Travel_Lanes": " 1", "Number_Park_Lanes": " 2", "TRUCK_ROUTE_TYPE": " " }, "geometry": { "type": "MultiLineString", "coordinates": [ [ [ -73.921261600247931, 40.813379982623509 ], [ -73.920630260174335, 40.813111286609931 ] ] ] } },
{ "type": "Feature", "properties": { "Street": "EAST 144 STREET", "FeatureTyp": "0", "NonPed": " ", "TrafDir": "W", "SegmentID": "0266065", "PhysicalID": 151379.0, "StreetWidth_Min": 34.0, "StreetWidth_Max": 34.0, "Snow_Priority": "C", "Number_Travel_Lanes": " 1", "Number_Park_Lanes": " 2", "TRUCK_ROUTE_TYPE": " " }, "geometry": { "type": "MultiLineString", "coordinates": [ [ [ -73.920630260174335, 40.813111286609931 ], [ -73.920119353313098, 40.812893842137122 ] ] ] } },
{ "type": "Feature", "properties": { "Street": "EAST 143 STREET", "FeatureTyp": "0", "NonPed": " ", "TrafDir": "A", "SegmentID": "0266066", "PhysicalID": 89769.0, "StreetWidth_Min": 50.0, "StreetWidth_Max": 50.0, "Snow_Priority": "C", "Number_Travel_Lanes": " 2", "Number_Park_Lanes": " 2", "TRUCK_ROUTE_TYPE": " " }, "geometry": { "type": "MultiLineString", "coordinates": [ [ [ -73.921308895157807, 40.812562785327572 ], [ -73.921093367807202, 40.812473422459412 ] ] ] } },
{ "type": "Feature", "properties": { "Street": "EAST 143 STREET", "FeatureTyp": "0", "NonPed": " ", "TrafDir": "A", "SegmentID": "0266067", "PhysicalID": 151381.0, "StreetWidth_Min": 50.0, "StreetWidth_Max": 50.0, "Snow_Priority": "C", "Number_Travel_Lanes": " 2", "Number_Park_Lanes": " 2", "TRUCK_ROUTE_TYPE": " " }, "geometry": { "type": "MultiLineString", "coordinates": [ [ [ -73.921093367807202, 40.812473422459412 ], [ -73.920587083374699, 40.81226350209154 ] ] ] } },
{ "type": "Feature", "properties": { "Street": "PATTERSON HOUSES PEDESTRIAN PATH", "FeatureTyp": "0", "NonPed": " ", "TrafDir": "P", "SegmentID": "0266118", "PhysicalID": 151684.0, "StreetWidth_Min": null, "StreetWidth_Max": null, "Snow_Priority": " ", "Number_Travel_Lanes": "  ", "Number_Park_Lanes": "  ", "TRUCK_ROUTE_TYPE": " " }, "geometry": { "type": "MultiLineString", "coordinates": [ [ [ -73.923918433487998, 40.813860575523634 ], [ -73.924012341634224, 40.813478844417006 ] ] ] } },
{ "type": "Feature", "properties": { "Street": "PATTERSON HOUSES PEDESTRIAN PATH", "FeatureTyp": "0", "NonPed": " ", "TrafDir": "P", "SegmentID": "0266124", "PhysicalID": 151432.0, "StreetWidth_Min": null, "StreetWidth_Max": null, "Snow_Priority": " ", "Number_Travel_Lanes": "  ", "Number_Park_Lanes": "  ", "TRUCK_ROUTE_TYPE": " " }, "geometry": { "type": "MultiLineString", "coordinates": [ [ [ -73.924490096364352, 40.813233411245001 ], [ -73.924588098900031, 40.813071902918736 ], [ -73.924556558931343, 40.812869191673791 ] ] ] } },
{ "type": "Feature", "properties": { "Street": "PATTERSON HOUSES PEDESTRIAN PATH", "FeatureTyp": "0", "NonPed": " ", "TrafDir": "P", "SegmentID": "0266125", "PhysicalID": 151437.0, "StreetWidth_Min": null, "StreetWidth_Max": null, "Snow_Priority": " ", "Number_Travel_Lanes": "  ", "Number_Park_Lanes": "  ", "TRUCK_ROUTE_TYPE": " " }, "geometry": { "type": "MultiLineString", "coordinates": [ [ [ -73.924883933730825, 40.813133468029392 ], [ -73.924761069717462, 40.812966687205638 ] ] ] } },
{ "type": "Feature", "properties": { "Street": "PATTERSON HOUSES PEDESTRIAN PATH", "FeatureTyp": "0", "NonPed": " ", "TrafDir": "P", "SegmentID": "0266126", "PhysicalID": 151434.0, "StreetWidth_Min": null, "StreetWidth_Max": null, "Snow_Priority": " ", "Number_Travel_Lanes": "  ", "Number_Park_Lanes": "  ", "TRUCK_ROUTE_TYPE": " " }, "geometry": { "type": "MultiLineString", "coordinates": [ [ [ -73.925327122837771, 40.813600810472103 ], [ -73.925276344480409, 40.8134452951046 ], [ -73.924935718629015, 40.813309034978438 ], [ -73.924883933730825, 40.813133468029392 ] ] ] } },
{ "type": "Feature", "properties": { "Street": "PATTERSON HOUSES PEDESTRIAN PATH", "FeatureTyp": "0", "NonPed": " ", "TrafDir": "P", "SegmentID": "0266127", "PhysicalID": 151435.0, "StreetWidth_Min": null, "StreetWidth_Max": null, "Snow_Priority": " ", "Number_Travel_Lanes": "  ", "Number_Park_Lanes": "  ", "TRUCK_ROUTE_TYPE": " " }, "geometry": { "type": "MultiLineString", "coordinates": [ [ [ -73.924883933730825, 40.813133468029392 ], [ -73.92471644767501, 40.813120194002408 ], [ -73.924490096364352, 40.813233411245001 ] ] ] } },
{ "type": "Feature", "properties": { "Street": "PATTERSON HOUSES PEDESTRIAN PATH", "FeatureTyp": "0", "NonPed": " ", "TrafDir": "P", "SegmentID": "0266128", "PhysicalID": 160204.0, "StreetWidth_Min": null, "StreetWidth_Max": null, "Snow_Priority": " ", "Number_Travel_Lanes": "  ", "Number_Park_Lanes": "  ", "TRUCK_ROUTE_TYPE": " " }, "geometry": { "type": "MultiLineString", "coordinates": [ [ [ -73.924761069717462, 40.812966687205638 ], [ -73.925172432228678, 40.81273466027811 ] ] ] } },
{ "type": "Feature", "properties": { "Street": "PATTERSON HOUSES PEDESTRIAN PATH", "FeatureTyp": "0", "NonPed": " ", "TrafDir": "P", "SegmentID": "0266131", "PhysicalID": 151440.0, "StreetWidth_Min": null, "StreetWidth_Max": null, "Snow_Priority": " ", "Number_Travel_Lanes": "  ", "Number_Park_Lanes": "  ", "TRUCK_ROUTE_TYPE": " " }, "geometry": { "type": "MultiLineString", "coordinates": [ [ [ -73.925172432228678, 40.81273466027811 ], [ -73.925382294079839, 40.812915606526474 ], [ -73.925701200198858, 40.813091816700471 ] ] ] } },
{ "type": "Feature", "properties": { "Street": "PATTERSON HOUSES PEDESTRIAN PATH", "FeatureTyp": "0", "NonPed": " ", "TrafDir": "P", "SegmentID": "0266132", "PhysicalID": 151439.0, "StreetWidth_Min": null, "StreetWidth_Max": null, "Snow_Priority": " ", "Number_Travel_Lanes": "  ", "Number_Park_Lanes": "  ", "TRUCK_ROUTE_TYPE": " " }, "geometry": { "type": "MultiLineString", "coordinates": [ [ [ -73.925172432228678, 40.81273466027811 ], [ -73.925051859339106, 40.812458783458951 ], [ -73.924941384129909, 40.812372205069764 ], [ -73.924683256610635, 40.812384143705607 ] ] ] } },
{ "type": "Feature", "properties": { "Street": "PATTERSON HOUSES PEDESTRIAN PATH", "FeatureTyp": "0", "NonPed": " ", "TrafDir": "P", "SegmentID": "0266134", "PhysicalID": 160205.0, "StreetWidth_Min": null, "StreetWidth_Max": null, "Snow_Priority": " ", "Number_Travel_Lanes": "  ", "Number_Park_Lanes": "  ", "TRUCK_ROUTE_TYPE": " " }, "geometry": { "type": "MultiLineString", "coordinates": [ [ [ -73.924556558931343, 40.812869191673791 ], [ -73.924384884591518, 40.812684109618452 ], [ -73.924165665306262, 40.812650937291998 ] ] ] } },
{ "type": "Feature", "properties": { "Street": "PARKSIDE HOUSES PEDESTRIAN PATH", "FeatureTyp": "0", "NonPed": " ", "TrafDir": "P", "SegmentID": "0266135", "PhysicalID": 151443.0, "StreetWidth_Min": null, "StreetWidth_Max": null, "Snow_Priority": " ", "Number_Travel_Lanes": "  ", "Number_Park_Lanes": "  ", "TRUCK_ROUTE_TYPE": " " }, "geometry": { "type": "MultiLineString", "coordinates": [ [ [ -73.925246713488363, 40.812096764117278 ], [ -73.925468434376839, 40.812120141191699 ], [ -73.925849182858798, 40.812528502251169 ], [ -73.92607982850862, 40.812571947808259 ] ] ] } },
{ "type": "Feature", "properties": { "Street": "MORRIS AVENUE", "FeatureTyp": "0", "NonPed": " ", "TrafDir": "T", "SegmentID": "0266136", "PhysicalID": 37938.0, "StreetWidth_Min": 64.0, "StreetWidth_Max": 65.0, "Snow_Priority": "C", "Number_Travel_Lanes": " 4", "Number_Park_Lanes": " 2", "TRUCK_ROUTE_TYPE": " " }, "geometry": { "type": "MultiLineString", "coordinates": [ [ [ -73.926392859076316, 40.812140858566401 ], [ -73.92607982850862, 40.812571947808259 ] ] ] } },
{ "type": "Feature", "properties": { "Street": "MORRIS AVENUE", "FeatureTyp": "0", "NonPed": " ", "TrafDir": "T", "SegmentID": "0266137", "PhysicalID": 151442.0, "StreetWidth_Min": 64.0, "StreetWidth_Max": 65.0, "Snow_Priority": "C", "Number_Travel_Lanes": " 4", "Number_Park_Lanes": " 2", "TRUCK_ROUTE_TYPE": " " }, "geometry": { "type": "MultiLineString", "coordinates": [ [ [ -73.92607982850862, 40.812571947808259 ], [ -73.925795492187092, 40.812963515546464 ] ] ] } },
{ "type": "Feature", "properties": { "Street": "PARKSIDE HOUSES PEDESTRIAN PATH", "FeatureTyp": "0", "NonPed": " ", "TrafDir": "P", "SegmentID": "0266143", "PhysicalID": 151452.0, "StreetWidth_Min": null, "StreetWidth_Max": null, "Snow_Priority": " ", "Number_Travel_Lanes": "  ", "Number_Park_Lanes": "  ", "TRUCK_ROUTE_TYPE": " " }, "geometry": { "type": "MultiLineString", "coordinates": [ [ [ -73.922508835693478, 40.814167543494158 ], [ -73.922087646240513, 40.813731535573233 ] ] ] } },
{ "type": "Feature", "properties": { "Street": "PARKSIDE HOUSES PEDESTRIAN PATH", "FeatureTyp": "0", "NonPed": " ", "TrafDir": "P", "SegmentID": "0266144", "PhysicalID": 151455.0, "StreetWidth_Min": null, "StreetWidth_Max": null, "Snow_Priority": " ", "Number_Travel_Lanes": "  ", "Number_Park_Lanes": "  ", "TRUCK_ROUTE_TYPE": " " }, "geometry": { "type": "MultiLineString", "coordinates": [ [ [ -73.922440044070228, 40.814541780679598 ], [ -73.922716618277818, 40.814299333542081 ] ] ] } },
{ "type": "Feature", "properties": { "Street": "PARKSIDE HOUSES PEDESTRIAN PATH", "FeatureTyp": "0", "NonPed": " ", "TrafDir": "P", "SegmentID": "0266148", "PhysicalID": 151452.0, "StreetWidth_Min": null, "StreetWidth_Max": null, "Snow_Priority": " ", "Number_Travel_Lanes": "  ", "Number_Park_Lanes": "  ", "TRUCK_ROUTE_TYPE": " " }, "geometry": { "type": "MultiLineString", "coordinates": [ [ [ -73.922716618277818, 40.814299333542081 ], [ -73.922508835693478, 40.814167543494158 ] ] ] } },
{ "type": "Feature", "properties": { "Street": "PARKSIDE HOUSES PEDESTRIAN PATH", "FeatureTyp": "0", "NonPed": " ", "TrafDir": "P", "SegmentID": "0266153", "PhysicalID": 151454.0, "StreetWidth_Min": null, "StreetWidth_Max": null, "Snow_Priority": " ", "Number_Travel_Lanes": "  ", "Number_Park_Lanes": "  ", "TRUCK_ROUTE_TYPE": " " }, "geometry": { "type": "MultiLineString", "coordinates": [ [ [ -73.92160612055045, 40.814585394081597 ], [ -73.921709743044374, 40.81458866922793 ], [ -73.921964828518867, 40.814459549842397 ], [ -73.922159803379202, 40.814430060053624 ], [ -73.922440044070228, 40.814541780679598 ] ] ] } },
{ "type": "Feature", "properties": { "Street": "PARKSIDE HOUSES PEDESTRIAN PATH", "FeatureTyp": "0", "NonPed": " ", "TrafDir": "P", "SegmentID": "0266303", "PhysicalID": 151554.0, "StreetWidth_Min": null, "StreetWidth_Max": null, "Snow_Priority": " ", "Number_Travel_Lanes": "  ", "Number_Park_Lanes": "  ", "TRUCK_ROUTE_TYPE": " " }, "geometry": { "type": "MultiLineString", "coordinates": [ [ [ -73.923334956671113, 40.814679572476102 ], [ -73.923304624223547, 40.814538925939161 ], [ -73.92319132982044, 40.814387986340876 ], [ -73.923038127231152, 40.814283128028201 ] ] ] } },
{ "type": "Feature", "properties": { "Street": "PARKSIDE HOUSES PEDESTRIAN PATH", "FeatureTyp": "0", "NonPed": " ", "TrafDir": "P", "SegmentID": "0266304", "PhysicalID": 151551.0, "StreetWidth_Min": null, "StreetWidth_Max": null, "Snow_Priority": " ", "Number_Travel_Lanes": "  ", "Number_Park_Lanes": "  ", "TRUCK_ROUTE_TYPE": " " }, "geometry": { "type": "MultiLineString", "coordinates": [ [ [ -73.923796909689941, 40.814471581790094 ], [ -73.923334956671113, 40.814679572476102 ] ] ] } },
{ "type": "Feature", "properties": { "Street": "PARKSIDE HOUSES PEDESTRIAN PATH", "FeatureTyp": "0", "NonPed": " ", "TrafDir": "P", "SegmentID": "0266309", "PhysicalID": 151554.0, "StreetWidth_Min": null, "StreetWidth_Max": null, "Snow_Priority": " ", "Number_Travel_Lanes": "  ", "Number_Park_Lanes": "  ", "TRUCK_ROUTE_TYPE": " " }, "geometry": { "type": "MultiLineString", "coordinates": [ [ [ -73.923038127231152, 40.814283128028201 ], [ -73.923005562721698, 40.814248876860411 ] ] ] } },
{ "type": "Feature", "properties": { "Street": "PARKSIDE HOUSES PEDESTRIAN PATH", "FeatureTyp": "0", "NonPed": " ", "TrafDir": "P", "SegmentID": "0266310", "PhysicalID": 151555.0, "StreetWidth_Min": null, "StreetWidth_Max": null, "Snow_Priority": " ", "Number_Travel_Lanes": "  ", "Number_Park_Lanes": "  ", "TRUCK_ROUTE_TYPE": " " }, "geometry": { "type": "MultiLineString", "coordinates": [ [ [ -73.923490749535162, 40.814087379277041 ], [ -73.923363761938475, 40.814097901643144 ], [ -73.923017030849692, 40.814246874283931 ], [ -73.923005562721698, 40.814248876860411 ] ] ] } },
{ "type": "Feature", "properties": { "Street": "PARKSIDE HOUSES PEDESTRIAN PATH", "FeatureTyp": "0", "NonPed": " ", "TrafDir": "P", "SegmentID": "0266311", "PhysicalID": 151556.0, "StreetWidth_Min": null, "StreetWidth_Max": null, "Snow_Priority": " ", "Number_Travel_Lanes": "  ", "Number_Park_Lanes": "  ", "TRUCK_ROUTE_TYPE": " " }, "geometry": { "type": "MultiLineString", "coordinates": [ [ [ -73.923005562721698, 40.814248876860411 ], [ -73.922716618277818, 40.814299333542081 ] ] ] } },
{ "type": "Feature", "properties": { "Street": "PATTERSON HOUSES PEDESTRIAN PATH", "FeatureTyp": "0", "NonPed": " ", "TrafDir": "P", "SegmentID": "0266589", "PhysicalID": 151685.0, "StreetWidth_Min": null, "StreetWidth_Max": null, "Snow_Priority": " ", "Number_Travel_Lanes": "  ", "Number_Park_Lanes": "  ", "TRUCK_ROUTE_TYPE": " " }, "geometry": { "type": "MultiLineString", "coordinates": [ [ [ -73.924205168111499, 40.813906913034899 ], [ -73.924460468498594, 40.813762660449946 ], [ -73.924329543444571, 40.813618548599884 ] ] ] } },
{ "type": "Feature", "properties": { "Street": "PATTERSON HOUSES PEDESTRIAN PATH", "FeatureTyp": "0", "NonPed": " ", "TrafDir": "P", "SegmentID": "0266590", "PhysicalID": 151683.0, "StreetWidth_Min": null, "StreetWidth_Max": null, "Snow_Priority": " ", "Number_Travel_Lanes": "  ", "Number_Park_Lanes": "  ", "TRUCK_ROUTE_TYPE": " " }, "geometry": { "type": "MultiLineString", "coordinates": [ [ [ -73.92480323399397, 40.814313633271404 ], [ -73.924771808809382, 40.81414186839195 ], [ -73.924205168111499, 40.813906913034899 ] ] ] } },
{ "type": "Feature", "properties": { "Street": "PATTERSON HOUSES PEDESTRIAN PATH", "FeatureTyp": "0", "NonPed": " ", "TrafDir": "P", "SegmentID": "0266591", "PhysicalID": 151684.0, "StreetWidth_Min": null, "StreetWidth_Max": null, "Snow_Priority": " ", "Number_Travel_Lanes": "  ", "Number_Park_Lanes": "  ", "TRUCK_ROUTE_TYPE": " " }, "geometry": { "type": "MultiLineString", "coordinates": [ [ [ -73.924205168111499, 40.813906913034899 ], [ -73.924177587655848, 40.813895693690085 ], [ -73.923918433487998, 40.813860575523634 ] ] ] } },
{ "type": "Feature", "properties": { "Street": "PATTERSON HOUSES PEDESTRIAN PATH", "FeatureTyp": "0", "NonPed": " ", "TrafDir": "P", "SegmentID": "0266594", "PhysicalID": 151685.0, "StreetWidth_Min": null, "StreetWidth_Max": null, "Snow_Priority": " ", "Number_Travel_Lanes": "  ", "Number_Park_Lanes": "  ", "TRUCK_ROUTE_TYPE": " " }, "geometry": { "type": "MultiLineString", "coordinates": [ [ [ -73.924329543444571, 40.813618548599884 ], [ -73.924122128630998, 40.813422444612272 ] ] ] } },
{ "type": "Feature", "properties": { "Street": "PATTERSON HOUSES PEDESTRIAN PATH", "FeatureTyp": "0", "NonPed": " ", "TrafDir": "P", "SegmentID": "0266595", "PhysicalID": 151684.0, "StreetWidth_Min": null, "StreetWidth_Max": null, "Snow_Priority": " ", "Number_Travel_Lanes": "  ", "Number_Park_Lanes": "  ", "TRUCK_ROUTE_TYPE": " " }, "geometry": { "type": "MultiLineString", "coordinates": [ [ [ -73.924012341634224, 40.813478844417006 ], [ -73.924122128630998, 40.813422444612272 ] ] ] } },
{ "type": "Feature", "properties": { "Street": "PATTERSON HOUSES PEDESTRIAN PATH", "FeatureTyp": "0", "NonPed": " ", "TrafDir": "P", "SegmentID": "0266596", "PhysicalID": 151686.0, "StreetWidth_Min": null, "StreetWidth_Max": null, "Snow_Priority": " ", "Number_Travel_Lanes": "  ", "Number_Park_Lanes": "  ", "TRUCK_ROUTE_TYPE": " " }, "geometry": { "type": "MultiLineString", "coordinates": [ [ [ -73.924122128630998, 40.813422444612272 ], [ -73.924490096364352, 40.813233411245001 ] ] ] } },
{ "type": "Feature", "properties": { "Street": "PATTERSON HOUSES PEDESTRIAN PATH", "FeatureTyp": "0", "NonPed": " ", "TrafDir": "P", "SegmentID": "0275949", "PhysicalID": 160203.0, "StreetWidth_Min": null, "StreetWidth_Max": null, "Snow_Priority": " ", "Number_Travel_Lanes": "  ", "Number_Park_Lanes": "  ", "TRUCK_ROUTE_TYPE": " " }, "geometry": { "type": "MultiLineString", "coordinates": [ [ [ -73.924761069717462, 40.812966687205638 ], [ -73.924556558931343, 40.812869191673791 ] ] ] } },
{ "type": "Feature", "properties": { "Street": "BRUCKNER BOULEVARD", "FeatureTyp": "0", "NonPed": " ", "TrafDir": "T", "SegmentID": "0276611", "PhysicalID": 160824.0, "StreetWidth_Min": 58.0, "StreetWidth_Max": 60.0, "Snow_Priority": "C", "Number_Travel_Lanes": " 4", "Number_Park_Lanes": "  ", "TRUCK_ROUTE_TYPE": "2" }, "geometry": { "type": "MultiLineString", "coordinates": [ [ [ -73.925432932658808, 40.805982873173967 ], [ -73.9253382354606, 40.805943470360525 ] ] ] } },
{ "type": "Feature", "properties": { "Street": "BRUCKNER BOULEVARD", "FeatureTyp": "0", "NonPed": " ", "TrafDir": "T", "SegmentID": "0276649", "PhysicalID": 160863.0, "StreetWidth_Min": 58.0, "StreetWidth_Max": 60.0, "Snow_Priority": "C", "Number_Travel_Lanes": " 4", "Number_Park_Lanes": "  ", "TRUCK_ROUTE_TYPE": "2" }, "geometry": { "type": "MultiLineString", "coordinates": [ [ [ -73.9253382354606, 40.805943470360525 ], [ -73.925267151148688, 40.805913828200971 ] ] ] } },
{ "type": "Feature", "properties": { "Street": "MDE NB ENTRANCE WILLIS AVE BRDG", "FeatureTyp": "0", "NonPed": "V", "TrafDir": "W", "SegmentID": "0276651", "PhysicalID": 160864.0, "StreetWidth_Min": 24.0, "StreetWidth_Max": 30.0, "Snow_Priority": "C", "Number_Travel_Lanes": " 2", "Number_Park_Lanes": "  ", "TRUCK_ROUTE_TYPE": "3" }, "geometry": { "type": "MultiLineString", "coordinates": [ [ [ -73.92579476891332, 40.805263844994037 ], [ -73.925267151148688, 40.805913828200971 ] ] ] } },
{ "type": "Feature", "properties": { "Street": "MAJOR DEEGAN EXPRESSWAY", "FeatureTyp": "0", "NonPed": "V", "TrafDir": "A", "SegmentID": "0276696", "PhysicalID": 160905.0, "StreetWidth_Min": 50.0, "StreetWidth_Max": 50.0, "Snow_Priority": "C", "Number_Travel_Lanes": " 3", "Number_Park_Lanes": "  ", "TRUCK_ROUTE_TYPE": "3" }, "geometry": { "type": "MultiLineString", "coordinates": [ [ [ -73.924769198906816, 40.806874508948496 ], [ -73.925248820872341, 40.807061948604286 ], [ -73.926202229342863, 40.807434530169544 ] ] ] } },
{ "type": "Feature", "properties": { "Street": "MAJOR DEEGAN EXPRESSWAY", "FeatureTyp": "0", "NonPed": "V", "TrafDir": "T", "SegmentID": "0276698", "PhysicalID": null, "StreetWidth_Min": null, "StreetWidth_Max": null, "Snow_Priority": "C", "Number_Travel_Lanes": "  ", "Number_Park_Lanes": "  ", "TRUCK_ROUTE_TYPE": " " }, "geometry": { "type": "MultiLineString", "coordinates": [ [ [ -73.924776240301838, 40.806950856423917 ], [ -73.926353040213598, 40.807570475663866 ] ] ] } },
{ "type": "Feature", "properties": { "Street": "MAJOR DEEGAN EXPRESSWAY", "FeatureTyp": "0", "NonPed": "V", "TrafDir": "W", "SegmentID": "0276700", "PhysicalID": 169008.0, "StreetWidth_Min": 24.0, "StreetWidth_Max": 50.0, "Snow_Priority": "C", "Number_Travel_Lanes": " 2", "Number_Park_Lanes": "  ", "TRUCK_ROUTE_TYPE": "3" }, "geometry": { "type": "MultiLineString", "coordinates": [ [ [ -73.924781163123825, 40.807010904887477 ], [ -73.925949574441702, 40.807464517314614 ], [ -73.926135583094052, 40.807536540746163 ] ] ] } },
{ "type": "Feature", "properties": { "Street": "MDE NB ENTRANCE WILLIS AVE BRDG", "FeatureTyp": "0", "NonPed": "V", "TrafDir": "W", "SegmentID": "0276705", "PhysicalID": 160908.0, "StreetWidth_Min": 30.0, "StreetWidth_Max": 30.0, "Snow_Priority": "C", "Number_Travel_Lanes": " 2", "Number_Park_Lanes": "  ", "TRUCK_ROUTE_TYPE": "3" }, "geometry": { "type": "MultiLineString", "coordinates": [ [ [ -73.924769198906816, 40.806874508948496 ], [ -73.924776240301838, 40.806950856423917 ] ] ] } },
{ "type": "Feature", "properties": { "Street": "MDE NB ENTRANCE WILLIS AVE BRDG", "FeatureTyp": "0", "NonPed": "V", "TrafDir": "W", "SegmentID": "0276706", "PhysicalID": 160908.0, "StreetWidth_Min": 30.0, "StreetWidth_Max": 30.0, "Snow_Priority": "C", "Number_Travel_Lanes": " 2", "Number_Park_Lanes": "  ", "TRUCK_ROUTE_TYPE": "3" }, "geometry": { "type": "MultiLineString", "coordinates": [ [ [ -73.924776240301838, 40.806950856423917 ], [ -73.924781163123825, 40.807010904887477 ] ] ] } },
{ "type": "Feature", "properties": { "Street": "MDE NB ENTRANCE WILLIS AVE BRDG", "FeatureTyp": "0", "NonPed": "V", "TrafDir": "W", "SegmentID": "0276708", "PhysicalID": 160911.0, "StreetWidth_Min": 18.0, "StreetWidth_Max": 30.0, "Snow_Priority": "C", "Number_Travel_Lanes": " 1", "Number_Park_Lanes": "  ", "TRUCK_ROUTE_TYPE": "3" }, "geometry": { "type": "MultiLineString", "coordinates": [ [ [ -73.924781163123825, 40.807010904887477 ], [ -73.924813041024066, 40.80707252508634 ], [ -73.9248506825856, 40.807132238676012 ], [ -73.924893891923276, 40.80718973488586 ], [ -73.924942444173922, 40.807244714484376 ], [ -73.924996086666084, 40.807296891336769 ], [ -73.925054540234513, 40.80734599389416 ], [ -73.92511750067338, 40.807391766606884 ], [ -73.925184640319216, 40.807433971254753 ], [ -73.925255609756036, 40.807472388186696 ], [ -73.925330039649438, 40.807506817462681 ], [ -73.925407542623603, 40.807537079896726 ], [ -73.925487715321736, 40.807563017989345 ], [ -73.925570140490493, 40.807584496746657 ], [ -73.925654389152683, 40.807601404383199 ], [ -73.925740022839506, 40.807613652903655 ], [ -73.925826595872962, 40.807621178560893 ], [ -73.925913657685669, 40.807623942187796 ], [ -73.9260007551661, 40.807621929401144 ] ] ] } },
{ "type": "Feature", "properties": { "Street": "MDE NB ENTRANCE WILLIS AVE BRDG", "FeatureTyp": "0", "NonPed": "V", "TrafDir": "W", "SegmentID": "0276712", "PhysicalID": 160911.0, "StreetWidth_Min": 18.0, "StreetWidth_Max": 30.0, "Snow_Priority": "C", "Number_Travel_Lanes": " 1", "Number_Park_Lanes": "  ", "TRUCK_ROUTE_TYPE": "3" }, "geometry": { "type": "MultiLineString", "coordinates": [ [ [ -73.9260007551661, 40.807621929401144 ], [ -73.926058609650468, 40.807628186904921 ], [ -73.92611611157173, 40.80763610129155 ], [ -73.926173178772572, 40.807645661253133 ], [ -73.926229729716425, 40.807656853130624 ], [ -73.92628568360422, 40.807669660933335 ], [ -73.926340960490165, 40.807684066361709 ], [ -73.926395481395303, 40.807700048833603 ], [ -73.926449168466348, 40.807717585488831 ], [ -73.926501944950772, 40.807736651298008 ], [ -73.926553735441615, 40.80775721902021 ], [ -73.926604465940557, 40.807779259268656 ], [ -73.926654063963412, 40.807802740552468 ], [ -73.926702458643959, 40.807827629321906 ], [ -73.926749580835136, 40.807853890016183 ] ] ] } },
{ "type": "Feature", "properties": { "Street": "BRUCKNER BOULEVARD", "FeatureTyp": "0", "NonPed": " ", "TrafDir": "T", "SegmentID": "0276729", "PhysicalID": 160923.0, "StreetWidth_Min": 58.0, "StreetWidth_Max": 60.0, "Snow_Priority": "C", "Number_Travel_Lanes": " 4", "Number_Park_Lanes": "  ", "TRUCK_ROUTE_TYPE": "2" }, "geometry": { "type": "MultiLineString", "coordinates": [ [ [ -73.925267151148688, 40.805913828200971 ], [ -73.925212112680157, 40.805890876246551 ] ] ] } },
{ "type": "Feature", "properties": { "Street": "BRUCKNER BOULEVARD", "FeatureTyp": "0", "NonPed": " ", "TrafDir": "T", "SegmentID": "0276730", "PhysicalID": 160925.0, "StreetWidth_Min": 62.0, "StreetWidth_Max": 62.0, "Snow_Priority": "C", "Number_Travel_Lanes": " 4", "Number_Park_Lanes": "  ", "TRUCK_ROUTE_TYPE": "3" }, "geometry": { "type": "MultiLineString", "coordinates": [ [ [ -73.925212112680157, 40.805890876246551 ], [ -73.925165043338026, 40.80587124781227 ] ] ] } },
{ "type": "Feature", "properties": { "Street": "WILLIS AVENUE", "FeatureTyp": "0", "NonPed": " ", "TrafDir": "T", "SegmentID": "0276731", "PhysicalID": 160924.0, "StreetWidth_Min": 42.0, "StreetWidth_Max": 42.0, "Snow_Priority": "H", "Number_Travel_Lanes": " 3", "Number_Park_Lanes": "  ", "TRUCK_ROUTE_TYPE": " " }, "geometry": { "type": "MultiLineString", "coordinates": [ [ [ -73.925726173808798, 40.80523234159638 ], [ -73.925212112680157, 40.805890876246551 ] ] ] } },
{ "type": "Feature", "properties": { "Street": "WILLIS AVENUE BRIDGE EXIT RAMP", "FeatureTyp": "0", "NonPed": "V", "TrafDir": "W", "SegmentID": "0280441", "PhysicalID": 146031.0, "StreetWidth_Min": 26.0, "StreetWidth_Max": 54.0, "Snow_Priority": "C", "Number_Travel_Lanes": " 2", "Number_Park_Lanes": "  ", "TRUCK_ROUTE_TYPE": " " }, "geometry": { "type": "MultiLineString", "coordinates": [ [ [ -73.926208862539355, 40.80477125437497 ], [ -73.926146123115899, 40.804812864665337 ], [ -73.92607949506862, 40.804850824585586 ], [ -73.926009345399649, 40.804884925040511 ], [ -73.925936060511418, 40.804914978193601 ], [ -73.925860044077552, 40.804940818502061 ], [ -73.925781714819834, 40.80496230362867 ], [ -73.925701504201214, 40.804979315225893 ], [ -73.925619854122417, 40.804991759550539 ], [ -73.925537214270776, 40.804999568096207 ], [ -73.925454039856177, 40.805002697850668 ], [ -73.925370789033053, 40.805001131574109 ], [ -73.925287920377343, 40.804994877894146 ], [ -73.925205890359095, 40.804983971258281 ], [ -73.925125150828606, 40.804968471744132 ] ] ] } },
{ "type": "Feature", "properties": { "Street": "RFK BR BRONX PED AND BIKE PATH", "FeatureTyp": "0", "NonPed": "D", "TrafDir": "P", "SegmentID": "0281504", "PhysicalID": 164148.0, "StreetWidth_Min": null, "StreetWidth_Max": null, "Snow_Priority": " ", "Number_Travel_Lanes": "  ", "Number_Park_Lanes": "  ", "TRUCK_ROUTE_TYPE": " " }, "geometry": { "type": "MultiLineString", "coordinates": [ [ [ -73.916891894908289, 40.801496273914367 ], [ -73.91651240958042, 40.802005881147473 ] ] ] } },
{ "type": "Feature", "properties": { "Street": "RFK BR BRONX PED AND BIKE PATH", "FeatureTyp": "0", "NonPed": "D", "TrafDir": "P", "SegmentID": "0281505", "PhysicalID": 164148.0, "StreetWidth_Min": null, "StreetWidth_Max": null, "Snow_Priority": " ", "Number_Travel_Lanes": "  ", "Number_Park_Lanes": "  ", "TRUCK_ROUTE_TYPE": " " }, "geometry": { "type": "MultiLineString", "coordinates": [ [ [ -73.91651240958042, 40.802005881147473 ], [ -73.916445739900183, 40.802083371941862 ], [ -73.916349125732623, 40.802109878519822 ] ] ] } },
{ "type": "Feature", "properties": { "Street": "BRUCKNER BOULEVARD", "FeatureTyp": "0", "NonPed": " ", "TrafDir": "W", "SegmentID": "0283080", "PhysicalID": 41646.0, "StreetWidth_Min": 42.0, "StreetWidth_Max": 46.0, "Snow_Priority": "C", "Number_Travel_Lanes": " 2", "Number_Park_Lanes": " 1", "TRUCK_ROUTE_TYPE": "3" }, "geometry": { "type": "MultiLineString", "coordinates": [ [ [ -73.9189939024659, 40.803258497893538 ], [ -73.918904387685458, 40.803227891636098 ] ] ] } },
{ "type": "Feature", "properties": { "Street": "BRUCKNER BOULEVARD", "FeatureTyp": "0", "NonPed": " ", "TrafDir": "A", "SegmentID": "0283086", "PhysicalID": 41655.0, "StreetWidth_Min": 34.0, "StreetWidth_Max": 34.0, "Snow_Priority": "C", "Number_Travel_Lanes": " 2", "Number_Park_Lanes": "  ", "TRUCK_ROUTE_TYPE": "2" }, "geometry": { "type": "MultiLineString", "coordinates": [ [ [ -73.918928376577227, 40.803367107878415 ], [ -73.918830962391681, 40.803334206906726 ] ] ] } },
{ "type": "Feature", "properties": { "Street": "BRUCKNER BOULEVARD", "FeatureTyp": "0", "NonPed": " ", "TrafDir": "T", "SegmentID": "0283088", "PhysicalID": null, "StreetWidth_Min": null, "StreetWidth_Max": null, "Snow_Priority": "C", "Number_Travel_Lanes": "  ", "Number_Park_Lanes": "  ", "TRUCK_ROUTE_TYPE": " " }, "geometry": { "type": "MultiLineString", "coordinates": [ [ [ -73.918984611701163, 40.803313577482704 ], [ -73.918872370346236, 40.803274253344632 ] ] ] } },
{ "type": "Feature", "properties": { "Street": "EAST 133 STREET", "FeatureTyp": "0", "NonPed": " ", "TrafDir": "W", "SegmentID": "0283092", "PhysicalID": null, "StreetWidth_Min": null, "StreetWidth_Max": null, "Snow_Priority": "C", "Number_Travel_Lanes": "  ", "Number_Park_Lanes": "  ", "TRUCK_ROUTE_TYPE": " " }, "geometry": { "type": "MultiLineString", "coordinates": [ [ [ -73.918984611701163, 40.803313577482704 ], [ -73.918904387685458, 40.803227891636098 ] ] ] } },
{ "type": "Feature", "properties": { "Street": "WILLIS AVENUE BRIDGE BIKE PATH", "FeatureTyp": "0", "NonPed": "D", "TrafDir": "P", "SegmentID": "0289172", "PhysicalID": 203387.0, "StreetWidth_Min": null, "StreetWidth_Max": null, "Snow_Priority": " ", "Number_Travel_Lanes": "  ", "Number_Park_Lanes": "  ", "TRUCK_ROUTE_TYPE": " " }, "geometry": { "type": "MultiLineString", "coordinates": [ [ [ -73.924935628274341, 40.806508490313377 ], [ -73.924898490864919, 40.806625776779292 ] ] ] } },
{ "type": "Feature", "properties": { "Street": "MDE NB ENTRANCE WILLIS AVE BRDG", "FeatureTyp": "0", "NonPed": "V", "TrafDir": "W", "SegmentID": "0289175", "PhysicalID": 194047.0, "StreetWidth_Min": 24.0, "StreetWidth_Max": 30.0, "Snow_Priority": "C", "Number_Travel_Lanes": " 2", "Number_Park_Lanes": "  ", "TRUCK_ROUTE_TYPE": "3" }, "geometry": { "type": "MultiLineString", "coordinates": [ [ [ -73.924798299215482, 40.80658095103631 ], [ -73.924790784395128, 40.806597295657454 ], [ -73.924784000259862, 40.806613823783096 ], [ -73.924777954549128, 40.806630516559537 ], [ -73.924772654159568, 40.806647354945191 ], [ -73.924768105138241, 40.806664319732441 ], [ -73.92476431267464, 40.806681391569469 ], [ -73.924761281095471, 40.806698550982247 ], [ -73.924759013792624, 40.806715778310448 ], [ -73.924757513416054, 40.806733053990826 ], [ -73.924756781677729, 40.80675035831684 ], [ -73.924756819413147, 40.806767671549245 ], [ -73.924757626579634, 40.806784973938591 ], [ -73.924759202257178, 40.806802245747875 ], [ -73.924761544648987, 40.806819467274856 ] ] ] } },
{ "type": "Feature", "properties": { "Street": "MDE NB ENTRANCE WILLIS AVE BRDG", "FeatureTyp": "0", "NonPed": "V", "TrafDir": "W", "SegmentID": "0289176", "PhysicalID": 169011.0, "StreetWidth_Min": 24.0, "StreetWidth_Max": 30.0, "Snow_Priority": "C", "Number_Travel_Lanes": " 2", "Number_Park_Lanes": "  ", "TRUCK_ROUTE_TYPE": "3" }, "geometry": { "type": "MultiLineString", "coordinates": [ [ [ -73.924761544648987, 40.806819467274856 ], [ -73.924761892302428, 40.806823412998277 ], [ -73.924762270643768, 40.806827357091365 ], [ -73.924762679659693, 40.806831299416331 ], [ -73.924763119336049, 40.806835239835415 ], [ -73.924763589657289, 40.806839178210929 ], [ -73.924764090606985, 40.806843114405339 ], [ -73.924764622167928, 40.806847048281071 ], [ -73.924765184378415, 40.806850979700535 ], [ -73.92476577716171, 40.806854908526248 ], [ -73.924766400496921, 40.806858834621025 ], [ -73.924767054362462, 40.806862757847661 ], [ -73.924767738735355, 40.806866678069035 ], [ -73.924768453591852, 40.806870595148311 ], [ -73.924769198906816, 40.806874508948496 ] ] ] } },
{ "type": "Feature", "properties": { "Street": "MAJOR DEEGAN EXPRESSWAY", "FeatureTyp": "0", "NonPed": "V", "TrafDir": "A", "SegmentID": "0289177", "PhysicalID": 169004.0, "StreetWidth_Min": 50.0, "StreetWidth_Max": 50.0, "Snow_Priority": "C", "Number_Travel_Lanes": " 3", "Number_Park_Lanes": "  ", "TRUCK_ROUTE_TYPE": "3" }, "geometry": { "type": "MultiLineString", "coordinates": [ [ [ -73.9245271514244, 40.806779913533916 ], [ -73.924726048046537, 40.806857645186817 ] ] ] } },
{ "type": "Feature", "properties": { "Street": "MAJOR DEEGAN EXPRESSWAY", "FeatureTyp": "0", "NonPed": "V", "TrafDir": "A", "SegmentID": "0289178", "PhysicalID": 169016.0, "StreetWidth_Min": 50.0, "StreetWidth_Max": 50.0, "Snow_Priority": "C", "Number_Travel_Lanes": " 3", "Number_Park_Lanes": "  ", "TRUCK_ROUTE_TYPE": "3" }, "geometry": { "type": "MultiLineString", "coordinates": [ [ [ -73.924726048046537, 40.806857645186817 ], [ -73.924769198906816, 40.806874508948496 ] ] ] } },
{ "type": "Feature", "properties": { "Street": "MAJOR DEEGAN EXPRESSWAY", "FeatureTyp": "0", "NonPed": "V", "TrafDir": "T", "SegmentID": "0289179", "PhysicalID": null, "StreetWidth_Min": null, "StreetWidth_Max": null, "Snow_Priority": "C", "Number_Travel_Lanes": "  ", "Number_Park_Lanes": "  ", "TRUCK_ROUTE_TYPE": " " }, "geometry": { "type": "MultiLineString", "coordinates": [ [ [ -73.924485464014339, 40.806836588961943 ], [ -73.924679680880715, 40.806912911231407 ] ] ] } },
{ "type": "Feature", "properties": { "Street": "MAJOR DEEGAN EXPRESSWAY", "FeatureTyp": "0", "NonPed": "V", "TrafDir": "T", "SegmentID": "0289180", "PhysicalID": null, "StreetWidth_Min": null, "StreetWidth_Max": null, "Snow_Priority": "C", "Number_Travel_Lanes": "  ", "Number_Park_Lanes": "  ", "TRUCK_ROUTE_TYPE": " " }, "geometry": { "type": "MultiLineString", "coordinates": [ [ [ -73.924679680880715, 40.806912911231407 ], [ -73.924776240301838, 40.806950856423917 ] ] ] } },
{ "type": "Feature", "properties": { "Street": "MAJOR DEEGAN EXPRESSWAY", "FeatureTyp": "0", "NonPed": "V", "TrafDir": "W", "SegmentID": "0289181", "PhysicalID": 169006.0, "StreetWidth_Min": 24.0, "StreetWidth_Max": 50.0, "Snow_Priority": "C", "Number_Travel_Lanes": " 2", "Number_Park_Lanes": "  ", "TRUCK_ROUTE_TYPE": "3" }, "geometry": { "type": "MultiLineString", "coordinates": [ [ [ -73.924453300694623, 40.806883615222169 ], [ -73.924643864711285, 40.806957600494442 ] ] ] } },
{ "type": "Feature", "properties": { "Street": "MAJOR DEEGAN EXPRESSWAY", "FeatureTyp": "0", "NonPed": "V", "TrafDir": "W", "SegmentID": "0289182", "PhysicalID": 169007.0, "StreetWidth_Min": 24.0, "StreetWidth_Max": 50.0, "Snow_Priority": "C", "Number_Travel_Lanes": " 2", "Number_Park_Lanes": "  ", "TRUCK_ROUTE_TYPE": "3" }, "geometry": { "type": "MultiLineString", "coordinates": [ [ [ -73.924643864711285, 40.806957600494442 ], [ -73.924781163123825, 40.807010904887477 ] ] ] } },
{ "type": "Feature", "properties": { "Street": "WILLIS AVENUE BRIDGE BIKE PATH", "FeatureTyp": "0", "NonPed": "D", "TrafDir": "P", "SegmentID": "0289191", "PhysicalID": 203387.0, "StreetWidth_Min": null, "StreetWidth_Max": null, "Snow_Priority": " ", "Number_Travel_Lanes": "  ", "Number_Park_Lanes": "  ", "TRUCK_ROUTE_TYPE": " " }, "geometry": { "type": "MultiLineString", "coordinates": [ [ [ -73.924898490864919, 40.806625776779292 ], [ -73.924890589441148, 40.806640322816122 ], [ -73.924882389923667, 40.806654773287107 ], [ -73.924873894313222, 40.806669124665511 ], [ -73.924865104683278, 40.806683373448777 ], [ -73.924856023178563, 40.806697516159346 ], [ -73.924846652015489, 40.806711549345628 ], [ -73.924836993481065, 40.806725469582638 ], [ -73.924827050024845, 40.806739273514054 ], [ -73.924816823979938, 40.806752957730957 ], [ -73.924806317841856, 40.806766518893639 ], [ -73.924795534174621, 40.806779953692349 ], [ -73.924784475609684, 40.806793258848202 ], [ -73.924773144846128, 40.806806431113998 ], [ -73.924761544648987, 40.806819467274856 ] ] ] } },
{ "type": "Feature", "properties": { "Street": "WILLIS AVENUE BRIDGE BIKE PATH", "FeatureTyp": "0", "NonPed": "D", "TrafDir": "P", "SegmentID": "0289192", "PhysicalID": 169015.0, "StreetWidth_Min": null, "StreetWidth_Max": null, "Snow_Priority": " ", "Number_Travel_Lanes": "  ", "Number_Park_Lanes": "  ", "TRUCK_ROUTE_TYPE": " " }, "geometry": { "type": "MultiLineString", "coordinates": [ [ [ -73.924761544648987, 40.806819467274856 ], [ -73.924726048046537, 40.806857645186817 ] ] ] } },
{ "type": "Feature", "properties": { "Street": "WILLIS AVENUE BRIDGE BIKE PATH", "FeatureTyp": "0", "NonPed": "D", "TrafDir": "P", "SegmentID": "0289193", "PhysicalID": 169017.0, "StreetWidth_Min": null, "StreetWidth_Max": null, "Snow_Priority": " ", "Number_Travel_Lanes": "  ", "Number_Park_Lanes": "  ", "TRUCK_ROUTE_TYPE": " " }, "geometry": { "type": "MultiLineString", "coordinates": [ [ [ -73.924726048046537, 40.806857645186817 ], [ -73.924679680880715, 40.806912911231407 ] ] ] } },
{ "type": "Feature", "properties": { "Street": "WILLIS AVENUE BRIDGE BIKE PATH", "FeatureTyp": "0", "NonPed": "D", "TrafDir": "P", "SegmentID": "0289195", "PhysicalID": 169019.0, "StreetWidth_Min": null, "StreetWidth_Max": null, "Snow_Priority": " ", "Number_Travel_Lanes": "  ", "Number_Park_Lanes": "  ", "TRUCK_ROUTE_TYPE": " " }, "geometry": { "type": "MultiLineString", "coordinates": [ [ [ -73.924643864711285, 40.806957600494442 ], [ -73.924480238782266, 40.807145832610253 ], [ -73.924279807978365, 40.807186717759876 ] ] ] } },
{ "type": "Feature", "properties": { "Street": "EAST 132 STREET", "FeatureTyp": "0", "NonPed": " ", "TrafDir": "A", "SegmentID": "0289207", "PhysicalID": 169021.0, "StreetWidth_Min": 36.0, "StreetWidth_Max": 36.0, "Snow_Priority": "H", "Number_Travel_Lanes": " 2", "Number_Park_Lanes": " 2", "TRUCK_ROUTE_TYPE": " " }, "geometry": { "type": "MultiLineString", "coordinates": [ [ [ -73.925848468151855, 40.805288315017094 ], [ -73.92579476891332, 40.805263844994037 ] ] ] } },
{ "type": "Feature", "properties": { "Street": "EAST 132 STREET", "FeatureTyp": "0", "NonPed": " ", "TrafDir": "A", "SegmentID": "0289208", "PhysicalID": 169025.0, "StreetWidth_Min": 36.0, "StreetWidth_Max": 36.0, "Snow_Priority": "H", "Number_Travel_Lanes": " 2", "Number_Park_Lanes": " 2", "TRUCK_ROUTE_TYPE": " " }, "geometry": { "type": "MultiLineString", "coordinates": [ [ [ -73.92579476891332, 40.805263844994037 ], [ -73.925726173808798, 40.80523234159638 ] ] ] } },
{ "type": "Feature", "properties": { "Street": "WILLIS AVENUE BRIDGE", "FeatureTyp": "0", "NonPed": "V", "TrafDir": "W", "SegmentID": "0289209", "PhysicalID": 169022.0, "StreetWidth_Min": 42.0, "StreetWidth_Max": 42.0, "Snow_Priority": "C", "Number_Travel_Lanes": " 4", "Number_Park_Lanes": "  ", "TRUCK_ROUTE_TYPE": "2" }, "geometry": { "type": "MultiLineString", "coordinates": [ [ [ -73.926630660595009, 40.804654057285248 ], [ -73.926285395093856, 40.804838602097036 ] ] ] } },
{ "type": "Feature", "properties": { "Street": "WILLIS AVENUE BRIDGE", "FeatureTyp": "0", "NonPed": "V", "TrafDir": "W", "SegmentID": "0289210", "PhysicalID": 169024.0, "StreetWidth_Min": 26.0, "StreetWidth_Max": 30.0, "Snow_Priority": "C", "Number_Travel_Lanes": " 2", "Number_Park_Lanes": "  ", "TRUCK_ROUTE_TYPE": "3" }, "geometry": { "type": "MultiLineString", "coordinates": [ [ [ -73.926285395093856, 40.804838602097036 ], [ -73.925710365995116, 40.805224843249718 ] ] ] } },
{ "type": "Feature", "properties": { "Street": "MDE NB ENTRANCE WILLIS AVE BRDG", "FeatureTyp": "0", "NonPed": "V", "TrafDir": "W", "SegmentID": "0289213", "PhysicalID": 169023.0, "StreetWidth_Min": 24.0, "StreetWidth_Max": 30.0, "Snow_Priority": "C", "Number_Travel_Lanes": " 2", "Number_Park_Lanes": "  ", "TRUCK_ROUTE_TYPE": "3" }, "geometry": { "type": "MultiLineString", "coordinates": [ [ [ -73.926285395093856, 40.804838602097036 ], [ -73.92579476891332, 40.805263844994037 ] ] ] } },
{ "type": "Feature", "properties": { "Street": "3 AVENUE", "FeatureTyp": "0", "NonPed": " ", "TrafDir": "W", "SegmentID": "0295701", "PhysicalID": 36010.0, "StreetWidth_Min": 30.0, "StreetWidth_Max": 30.0, "Snow_Priority": "C", "Number_Travel_Lanes": " 2", "Number_Park_Lanes": "  ", "TRUCK_ROUTE_TYPE": "2" }, "geometry": { "type": "MultiLineString", "coordinates": [ [ [ -73.927142998495341, 40.810949808818982 ], [ -73.926928167482771, 40.81116026339005 ] ] ] } },
{ "type": "Feature", "properties": { "Street": "MORRIS AVENUE", "FeatureTyp": "0", "NonPed": " ", "TrafDir": "W", "SegmentID": "0295702", "PhysicalID": 172965.0, "StreetWidth_Min": 30.0, "StreetWidth_Max": 30.0, "Snow_Priority": "C", "Number_Travel_Lanes": " 2", "Number_Park_Lanes": "  ", "TRUCK_ROUTE_TYPE": " " }, "geometry": { "type": "MultiLineString", "coordinates": [ [ [ -73.927092496893195, 40.811055059809149 ], [ -73.926706694995033, 40.811608546872115 ] ] ] } },
{ "type": "Feature", "properties": { "Street": "RANDALLS ISLAND CONNECTOR", "FeatureTyp": "0", "NonPed": " ", "TrafDir": "P", "SegmentID": "0297705", "PhysicalID": 176984.0, "StreetWidth_Min": null, "StreetWidth_Max": null, "Snow_Priority": " ", "Number_Travel_Lanes": "  ", "Number_Park_Lanes": "  ", "TRUCK_ROUTE_TYPE": " " }, "geometry": { "type": "MultiLineString", "coordinates": [ [ [ -73.913709269251214, 40.799574035409186 ], [ -73.915991250796694, 40.79798412390727 ] ] ] } },
{ "type": "Feature", "properties": { "Street": "3 AVENUE BRIDGE BIKE PATH", "FeatureTyp": "0", "NonPed": "D", "TrafDir": "P", "SegmentID": "0299101", "PhysicalID": 132665.0, "StreetWidth_Min": null, "StreetWidth_Max": null, "Snow_Priority": " ", "Number_Travel_Lanes": "  ", "Number_Park_Lanes": "  ", "TRUCK_ROUTE_TYPE": " " }, "geometry": { "type": "MultiLineString", "coordinates": [ [ [ -73.930198200490381, 40.80891046266327 ], [ -73.929647812496015, 40.809332420909541 ] ] ] } },
{ "type": "Feature", "properties": { "Street": "3 AVENUE BRIDGE BIKE PATH", "FeatureTyp": "0", "NonPed": "D", "TrafDir": "P", "SegmentID": "0299103", "PhysicalID": 132665.0, "StreetWidth_Min": null, "StreetWidth_Max": null, "Snow_Priority": " ", "Number_Travel_Lanes": "  ", "Number_Park_Lanes": "  ", "TRUCK_ROUTE_TYPE": " " }, "geometry": { "type": "MultiLineString", "coordinates": [ [ [ -73.929647812496015, 40.809332420909541 ], [ -73.929627648758185, 40.80941867746936 ] ] ] } },
{ "type": "Feature", "properties": { "Street": "WILLIS AVENUE BRIDGE BIKE PATH", "FeatureTyp": "0", "NonPed": "D", "TrafDir": "P", "SegmentID": "0299164", "PhysicalID": 169017.0, "StreetWidth_Min": null, "StreetWidth_Max": null, "Snow_Priority": " ", "Number_Travel_Lanes": "  ", "Number_Park_Lanes": "  ", "TRUCK_ROUTE_TYPE": " " }, "geometry": { "type": "MultiLineString", "coordinates": [ [ [ -73.924679680880715, 40.806912911231407 ], [ -73.924643864711285, 40.806957600494442 ] ] ] } },
{ "type": "Feature", "properties": { "Street": "WILLIS AVENUE BRIDGE BIKE PATH", "FeatureTyp": "0", "NonPed": "D", "TrafDir": "P", "SegmentID": "0302083", "PhysicalID": 176475.0, "StreetWidth_Min": null, "StreetWidth_Max": null, "Snow_Priority": " ", "Number_Travel_Lanes": "  ", "Number_Park_Lanes": "  ", "TRUCK_ROUTE_TYPE": " " }, "geometry": { "type": "MultiLineString", "coordinates": [ [ [ -73.925848468151855, 40.805288315017094 ], [ -73.925640729783282, 40.805525876923255 ], [ -73.925547504512565, 40.80565457485099 ] ] ] } },
{ "type": "Feature", "properties": { "Street": "WILLIS AVENUE BRIDGE BIKE PATH", "FeatureTyp": "0", "NonPed": "D", "TrafDir": "P", "SegmentID": "0302084", "PhysicalID": 176509.0, "StreetWidth_Min": null, "StreetWidth_Max": null, "Snow_Priority": " ", "Number_Travel_Lanes": "  ", "Number_Park_Lanes": "  ", "TRUCK_ROUTE_TYPE": " " }, "geometry": { "type": "MultiLineString", "coordinates": [ [ [ -73.925547504512565, 40.80565457485099 ], [ -73.9253382354606, 40.805943470360525 ] ] ] } },
{ "type": "Feature", "properties": { "Street": "PEDESTRIAN AND BIKE PATH LINK", "FeatureTyp": "0", "NonPed": " ", "TrafDir": "P", "SegmentID": "0302507", "PhysicalID": 201233.0, "StreetWidth_Min": null, "StreetWidth_Max": null, "Snow_Priority": " ", "Number_Travel_Lanes": "  ", "Number_Park_Lanes": "  ", "TRUCK_ROUTE_TYPE": " " }, "geometry": { "type": "MultiLineString", "coordinates": [ [ [ -73.925547504512565, 40.80565457485099 ], [ -73.925583208845978, 40.805671913829165 ], [ -73.925468937711656, 40.805831785595856 ] ] ] } },
{ "type": "Feature", "properties": { "Street": "PEDESTRIAN AND BIKE PATH LINK", "FeatureTyp": "0", "NonPed": " ", "TrafDir": "P", "SegmentID": "0302508", "PhysicalID": 201233.0, "StreetWidth_Min": null, "StreetWidth_Max": null, "Snow_Priority": " ", "Number_Travel_Lanes": "  ", "Number_Park_Lanes": "  ", "TRUCK_ROUTE_TYPE": " " }, "geometry": { "type": "MultiLineString", "coordinates": [ [ [ -73.925468937711656, 40.805831785595856 ], [ -73.925405304614927, 40.805920812153545 ], [ -73.9253382354606, 40.805943470360525 ] ] ] } },
{ "type": "Feature", "properties": { "Street": "CYPRESS AVENUE", "FeatureTyp": "0", "NonPed": " ", "TrafDir": "T", "SegmentID": "0313638", "PhysicalID": 183393.0, "StreetWidth_Min": 42.0, "StreetWidth_Max": 42.0, "Snow_Priority": "S", "Number_Travel_Lanes": " 2", "Number_Park_Lanes": " 2", "TRUCK_ROUTE_TYPE": " " }, "geometry": { "type": "MultiLineString", "coordinates": [ [ [ -73.914683367077203, 40.805302967963648 ], [ -73.914639959874833, 40.805362589706753 ] ] ] } },
{ "type": "Feature", "properties": { "Street": "CYPRESS AVENUE", "FeatureTyp": "0", "NonPed": " ", "TrafDir": "T", "SegmentID": "0313639", "PhysicalID": 183393.0, "StreetWidth_Min": 42.0, "StreetWidth_Max": 42.0, "Snow_Priority": "S", "Number_Travel_Lanes": " 2", "Number_Park_Lanes": " 2", "TRUCK_ROUTE_TYPE": " " }, "geometry": { "type": "MultiLineString", "coordinates": [ [ [ -73.914639959874833, 40.805362589706753 ], [ -73.914521967353338, 40.805556502530948 ] ] ] } },
{ "type": "Feature", "properties": { "Street": "CYPRESS AVENUE", "FeatureTyp": "0", "NonPed": " ", "TrafDir": "T", "SegmentID": "0313640", "PhysicalID": 183393.0, "StreetWidth_Min": 42.0, "StreetWidth_Max": 42.0, "Snow_Priority": "S", "Number_Travel_Lanes": " 2", "Number_Park_Lanes": " 2", "TRUCK_ROUTE_TYPE": " " }, "geometry": { "type": "MultiLineString", "coordinates": [ [ [ -73.914996746406572, 40.804872521189523 ], [ -73.914862431551427, 40.805057011771382 ] ] ] } },
{ "type": "Feature", "properties": { "Street": "CYPRESS AVENUE", "FeatureTyp": "0", "NonPed": " ", "TrafDir": "T", "SegmentID": "0313642", "PhysicalID": 183393.0, "StreetWidth_Min": 42.0, "StreetWidth_Max": 42.0, "Snow_Priority": "S", "Number_Travel_Lanes": " 2", "Number_Park_Lanes": " 2", "TRUCK_ROUTE_TYPE": " " }, "geometry": { "type": "MultiLineString", "coordinates": [ [ [ -73.914862431551427, 40.805057011771382 ], [ -73.914826289188539, 40.805106655833882 ] ] ] } },
{ "type": "Feature", "properties": { "Street": "CYPRESS AVENUE", "FeatureTyp": "0", "NonPed": " ", "TrafDir": "T", "SegmentID": "0313643", "PhysicalID": 183393.0, "StreetWidth_Min": 42.0, "StreetWidth_Max": 42.0, "Snow_Priority": "S", "Number_Travel_Lanes": " 2", "Number_Park_Lanes": " 2", "TRUCK_ROUTE_TYPE": " " }, "geometry": { "type": "MultiLineString", "coordinates": [ [ [ -73.914826289188539, 40.805106655833882 ], [ -73.914683367077203, 40.805302967963648 ] ] ] } },
{ "type": "Feature", "properties": { "Street": "EAST 139 STREET", "FeatureTyp": "0", "NonPed": " ", "TrafDir": "A", "SegmentID": "0313644", "PhysicalID": 183394.0, "StreetWidth_Min": 34.0, "StreetWidth_Max": 34.0, "Snow_Priority": "C", "Number_Travel_Lanes": " 1", "Number_Park_Lanes": " 2", "TRUCK_ROUTE_TYPE": " " }, "geometry": { "type": "MultiLineString", "coordinates": [ [ [ -73.917015483986702, 40.807506725980232 ], [ -73.9144214101713, 40.80641006563539 ] ] ] } },
{ "type": "Feature", "properties": { "Street": "EAST 139 STREET", "FeatureTyp": "0", "NonPed": " ", "TrafDir": "A", "SegmentID": "0313644", "PhysicalID": 183394.0, "StreetWidth_Min": 34.0, "StreetWidth_Max": 34.0, "Snow_Priority": "C", "Number_Travel_Lanes": " 1", "Number_Park_Lanes": " 2", "TRUCK_ROUTE_TYPE": " " }, "geometry": { "type": "MultiLineString", "coordinates": [ [ [ -73.917015483986702, 40.807506725980232 ], [ -73.9144214101713, 40.80641006563539 ] ] ] } },
{ "type": "Feature", "properties": { "Street": "EAST 139 STREET", "FeatureTyp": "0", "NonPed": " ", "TrafDir": "A", "SegmentID": "0313644", "PhysicalID": 183394.0, "StreetWidth_Min": 34.0, "StreetWidth_Max": 34.0, "Snow_Priority": "C", "Number_Travel_Lanes": " 1", "Number_Park_Lanes": " 2", "TRUCK_ROUTE_TYPE": " " }, "geometry": { "type": "MultiLineString", "coordinates": [ [ [ -73.917015483986702, 40.807506725980232 ], [ -73.9144214101713, 40.80641006563539 ] ] ] } },
{ "type": "Feature", "properties": { "Street": "EAST 134 STREET", "FeatureTyp": "0", "NonPed": " ", "TrafDir": "T", "SegmentID": "0313654", "PhysicalID": 183396.0, "StreetWidth_Min": 42.0, "StreetWidth_Max": 42.0, "Snow_Priority": "C", "Number_Travel_Lanes": " 2", "Number_Park_Lanes": " 2", "TRUCK_ROUTE_TYPE": " " }, "geometry": { "type": "MultiLineString", "coordinates": [ [ [ -73.915609110336334, 40.802669134512826 ], [ -73.91519402552187, 40.802494360757279 ] ] ] } },
{ "type": "Feature", "properties": { "Street": "EAST 134 STREET", "FeatureTyp": "0", "NonPed": " ", "TrafDir": "T", "SegmentID": "0313656", "PhysicalID": 183396.0, "StreetWidth_Min": 42.0, "StreetWidth_Max": 42.0, "Snow_Priority": "C", "Number_Travel_Lanes": " 2", "Number_Park_Lanes": " 2", "TRUCK_ROUTE_TYPE": " " }, "geometry": { "type": "MultiLineString", "coordinates": [ [ [ -73.91519402552187, 40.802494360757279 ], [ -73.915061772870857, 40.802438674424501 ] ] ] } },
{ "type": "Feature", "properties": { "Street": "EAST 134 STREET", "FeatureTyp": "0", "NonPed": " ", "TrafDir": "T", "SegmentID": "0313657", "PhysicalID": 183396.0, "StreetWidth_Min": 42.0, "StreetWidth_Max": 42.0, "Snow_Priority": "C", "Number_Travel_Lanes": " 2", "Number_Park_Lanes": " 2", "TRUCK_ROUTE_TYPE": " " }, "geometry": { "type": "MultiLineString", "coordinates": [ [ [ -73.915061772870857, 40.802438674424501 ], [ -73.913223424948171, 40.80166459471198 ] ] ] } },
{ "type": "Feature", "properties": { "Street": "EAST 136 STREET", "FeatureTyp": "0", "NonPed": " ", "TrafDir": "T", "SegmentID": "0313710", "PhysicalID": 183405.0, "StreetWidth_Min": 34.0, "StreetWidth_Max": 34.0, "Snow_Priority": "S", "Number_Travel_Lanes": " 2", "Number_Park_Lanes": " 2", "TRUCK_ROUTE_TYPE": " " }, "geometry": { "type": "MultiLineString", "coordinates": [ [ [ -73.915450480454624, 40.804264613072348 ], [ -73.91523062702673, 40.804174330166902 ] ] ] } },
{ "type": "Feature", "properties": { "Street": "EAST 136 STREET", "FeatureTyp": "0", "NonPed": " ", "TrafDir": "T", "SegmentID": "0313712", "PhysicalID": 183405.0, "StreetWidth_Min": 34.0, "StreetWidth_Max": 34.0, "Snow_Priority": "S", "Number_Travel_Lanes": " 2", "Number_Park_Lanes": " 2", "TRUCK_ROUTE_TYPE": " " }, "geometry": { "type": "MultiLineString", "coordinates": [ [ [ -73.91523062702673, 40.804174330166902 ], [ -73.915129528933406, 40.804132813429426 ] ] ] } },
{ "type": "Feature", "properties": { "Street": "EAST 136 STREET", "FeatureTyp": "0", "NonPed": " ", "TrafDir": "T", "SegmentID": "0313713", "PhysicalID": 183405.0, "StreetWidth_Min": 34.0, "StreetWidth_Max": 34.0, "Snow_Priority": "S", "Number_Travel_Lanes": " 2", "Number_Park_Lanes": " 2", "TRUCK_ROUTE_TYPE": " " }, "geometry": { "type": "MultiLineString", "coordinates": [ [ [ -73.915129528933406, 40.804132813429426 ], [ -73.91442871885755, 40.803845018811202 ] ] ] } },
{ "type": "Feature", "properties": { "Street": "EAST 138 STREET", "FeatureTyp": "0", "NonPed": " ", "TrafDir": "T", "SegmentID": "0313714", "PhysicalID": 183407.0, "StreetWidth_Min": 50.0, "StreetWidth_Max": 50.0, "Snow_Priority": "C", "Number_Travel_Lanes": " 2", "Number_Park_Lanes": " 2", "TRUCK_ROUTE_TYPE": "2" }, "geometry": { "type": "MultiLineString", "coordinates": [ [ [ -73.914521967353338, 40.805556502530948 ], [ -73.914250308972669, 40.805441980201927 ] ] ] } },
{ "type": "Feature", "properties": { "Street": "EAST 137 STREET", "FeatureTyp": "0", "NonPed": " ", "TrafDir": "A", "SegmentID": "0313744", "PhysicalID": 183413.0, "StreetWidth_Min": 32.0, "StreetWidth_Max": 34.0, "Snow_Priority": "S", "Number_Travel_Lanes": " 1", "Number_Park_Lanes": " 2", "TRUCK_ROUTE_TYPE": " " }, "geometry": { "type": "MultiLineString", "coordinates": [ [ [ -73.914996746406572, 40.804872521189523 ], [ -73.914728614586949, 40.804759229192108 ] ] ] } },
{ "type": "Feature", "properties": { "Street": "EAST 137 STREET", "FeatureTyp": "0", "NonPed": " ", "TrafDir": "A", "SegmentID": "0313745", "PhysicalID": 183413.0, "StreetWidth_Min": 32.0, "StreetWidth_Max": 34.0, "Snow_Priority": "S", "Number_Travel_Lanes": " 1", "Number_Park_Lanes": " 2", "TRUCK_ROUTE_TYPE": " " }, "geometry": { "type": "MultiLineString", "coordinates": [ [ [ -73.914728614586949, 40.804759229192108 ], [ -73.91352680779994, 40.804251425534737 ] ] ] } },
{ "type": "Feature", "properties": { "Street": "ST ANNS AVENUE", "FeatureTyp": "0", "NonPed": " ", "TrafDir": "T", "SegmentID": "0313851", "PhysicalID": 59535.0, "StreetWidth_Min": 42.0, "StreetWidth_Max": 44.0, "Snow_Priority": "C", "Number_Travel_Lanes": " 2", "Number_Park_Lanes": " 2", "TRUCK_ROUTE_TYPE": " " }, "geometry": { "type": "MultiLineString", "coordinates": [ [ [ -73.916506074257143, 40.80826724311158 ], [ -73.91640093816325, 40.808437690076431 ] ] ] } },
{ "type": "Feature", "properties": { "Street": "ST ANNS AVENUE", "FeatureTyp": "0", "NonPed": " ", "TrafDir": "T", "SegmentID": "0313852", "PhysicalID": 59535.0, "StreetWidth_Min": 42.0, "StreetWidth_Max": 44.0, "Snow_Priority": "C", "Number_Travel_Lanes": " 2", "Number_Park_Lanes": " 2", "TRUCK_ROUTE_TYPE": " " }, "geometry": { "type": "MultiLineString", "coordinates": [ [ [ -73.91640093816325, 40.808437690076431 ], [ -73.91618405399683, 40.808789298694705 ] ] ] } },
{ "type": "Feature", "properties": { "Street": "EAST 148 STREET", "FeatureTyp": "0", "NonPed": " ", "TrafDir": "W", "SegmentID": "0313857", "PhysicalID": 183435.0, "StreetWidth_Min": 34.0, "StreetWidth_Max": 35.0, "Snow_Priority": "C", "Number_Travel_Lanes": " 1", "Number_Park_Lanes": " 2", "TRUCK_ROUTE_TYPE": " " }, "geometry": { "type": "MultiLineString", "coordinates": [ [ [ -73.915340532814895, 40.814269472327375 ], [ -73.914754423397369, 40.814076728772747 ] ] ] } },
{ "type": "Feature", "properties": { "Street": "EAST 148 STREET", "FeatureTyp": "0", "NonPed": " ", "TrafDir": "W", "SegmentID": "0313859", "PhysicalID": 183435.0, "StreetWidth_Min": 34.0, "StreetWidth_Max": 35.0, "Snow_Priority": "C", "Number_Travel_Lanes": " 1", "Number_Park_Lanes": " 2", "TRUCK_ROUTE_TYPE": " " }, "geometry": { "type": "MultiLineString", "coordinates": [ [ [ -73.914754423397369, 40.814076728772747 ], [ -73.914675238187058, 40.814050688110186 ] ] ] } },
{ "type": "Feature", "properties": { "Street": "EAST 148 STREET", "FeatureTyp": "0", "NonPed": " ", "TrafDir": "W", "SegmentID": "0313860", "PhysicalID": 183435.0, "StreetWidth_Min": 34.0, "StreetWidth_Max": 35.0, "Snow_Priority": "C", "Number_Travel_Lanes": " 1", "Number_Park_Lanes": " 2", "TRUCK_ROUTE_TYPE": " " }, "geometry": { "type": "MultiLineString", "coordinates": [ [ [ -73.914675238187058, 40.814050688110186 ], [ -73.913337785866332, 40.81361084625668 ] ] ] } },
{ "type": "Feature", "properties": { "Street": "EAST 135 STREET", "FeatureTyp": "0", "NonPed": " ", "TrafDir": "A", "SegmentID": "0313861", "PhysicalID": 183436.0, "StreetWidth_Min": 28.0, "StreetWidth_Max": 30.0, "Snow_Priority": "C", "Number_Travel_Lanes": " 2", "Number_Park_Lanes": "  ", "TRUCK_ROUTE_TYPE": "3" }, "geometry": { "type": "MultiLineString", "coordinates": [ [ [ -73.924279807978365, 40.807186717759876 ], [ -73.922957606074021, 40.806610106004278 ] ] ] } },
{ "type": "Feature", "properties": { "Street": "EAST 135 STREET", "FeatureTyp": "0", "NonPed": " ", "TrafDir": "A", "SegmentID": "0313861", "PhysicalID": 183436.0, "StreetWidth_Min": 28.0, "StreetWidth_Max": 30.0, "Snow_Priority": "C", "Number_Travel_Lanes": " 2", "Number_Park_Lanes": "  ", "TRUCK_ROUTE_TYPE": "3" }, "geometry": { "type": "MultiLineString", "coordinates": [ [ [ -73.924279807978365, 40.807186717759876 ], [ -73.922957606074021, 40.806610106004278 ] ] ] } },
{ "type": "Feature", "properties": { "Street": "EAST 135 STREET", "FeatureTyp": "0", "NonPed": " ", "TrafDir": "A", "SegmentID": "0313863", "PhysicalID": 183436.0, "StreetWidth_Min": 28.0, "StreetWidth_Max": 30.0, "Snow_Priority": "C", "Number_Travel_Lanes": " 2", "Number_Park_Lanes": "  ", "TRUCK_ROUTE_TYPE": "3" }, "geometry": { "type": "MultiLineString", "coordinates": [ [ [ -73.922957606074021, 40.806610106004278 ], [ -73.922871122420503, 40.80657238999656 ] ] ] } },
{ "type": "Feature", "properties": { "Street": "EAST 135 STREET", "FeatureTyp": "0", "NonPed": " ", "TrafDir": "A", "SegmentID": "0313864", "PhysicalID": 183436.0, "StreetWidth_Min": 28.0, "StreetWidth_Max": 30.0, "Snow_Priority": "C", "Number_Travel_Lanes": " 2", "Number_Park_Lanes": "  ", "TRUCK_ROUTE_TYPE": "3" }, "geometry": { "type": "MultiLineString", "coordinates": [ [ [ -73.922871122420503, 40.80657238999656 ], [ -73.922693898030772, 40.806495100045645 ] ] ] } },
{ "type": "Feature", "properties": { "Street": "3 AVENUE", "FeatureTyp": "0", "NonPed": " ", "TrafDir": "T", "SegmentID": "0314168", "PhysicalID": 183514.0, "StreetWidth_Min": 50.0, "StreetWidth_Max": 50.0, "Snow_Priority": "C", "Number_Travel_Lanes": " 2", "Number_Park_Lanes": " 2", "TRUCK_ROUTE_TYPE": "2" }, "geometry": { "type": "MultiLineString", "coordinates": [ [ [ -73.922400933892945, 40.813565999672832 ], [ -73.922087646240513, 40.813731535573233 ] ] ] } },
{ "type": "Feature", "properties": { "Street": "3 AVENUE", "FeatureTyp": "0", "NonPed": " ", "TrafDir": "T", "SegmentID": "0314169", "PhysicalID": 183514.0, "StreetWidth_Min": 50.0, "StreetWidth_Max": 50.0, "Snow_Priority": "C", "Number_Travel_Lanes": " 2", "Number_Park_Lanes": " 2", "TRUCK_ROUTE_TYPE": "2" }, "geometry": { "type": "MultiLineString", "coordinates": [ [ [ -73.922875482536384, 40.813315251760834 ], [ -73.922522534644457, 40.813501746810459 ] ] ] } },
{ "type": "Feature", "properties": { "Street": "3 AVENUE", "FeatureTyp": "0", "NonPed": " ", "TrafDir": "T", "SegmentID": "0314170", "PhysicalID": 183514.0, "StreetWidth_Min": 50.0, "StreetWidth_Max": 50.0, "Snow_Priority": "C", "Number_Travel_Lanes": " 2", "Number_Park_Lanes": " 2", "TRUCK_ROUTE_TYPE": "2" }, "geometry": { "type": "MultiLineString", "coordinates": [ [ [ -73.922522534644457, 40.813501746810459 ], [ -73.922400933892945, 40.813565999672832 ] ] ] } },
{ "type": "Feature", "properties": { "Street": "EAST 140 STREET", "FeatureTyp": "0", "NonPed": " ", "TrafDir": "W", "SegmentID": "0314209", "PhysicalID": 183525.0, "StreetWidth_Min": 30.0, "StreetWidth_Max": 30.0, "Snow_Priority": "C", "Number_Travel_Lanes": " 1", "Number_Park_Lanes": " 2", "TRUCK_ROUTE_TYPE": " " }, "geometry": { "type": "MultiLineString", "coordinates": [ [ [ -73.925552716720986, 40.811940690776609 ], [ -73.924977975730698, 40.811691368835909 ] ] ] } },
{ "type": "Feature", "properties": { "Street": "EAST 140 STREET", "FeatureTyp": "0", "NonPed": " ", "TrafDir": "W", "SegmentID": "0314209", "PhysicalID": 183525.0, "StreetWidth_Min": 30.0, "StreetWidth_Max": 30.0, "Snow_Priority": "C", "Number_Travel_Lanes": " 1", "Number_Park_Lanes": " 2", "TRUCK_ROUTE_TYPE": " " }, "geometry": { "type": "MultiLineString", "coordinates": [ [ [ -73.925552716720986, 40.811940690776609 ], [ -73.924977975730698, 40.811691368835909 ] ] ] } },
{ "type": "Feature", "properties": { "Street": "EAST 140 STREET", "FeatureTyp": "0", "NonPed": " ", "TrafDir": "W", "SegmentID": "0314211", "PhysicalID": 183525.0, "StreetWidth_Min": 30.0, "StreetWidth_Max": 30.0, "Snow_Priority": "C", "Number_Travel_Lanes": " 1", "Number_Park_Lanes": " 2", "TRUCK_ROUTE_TYPE": " " }, "geometry": { "type": "MultiLineString", "coordinates": [ [ [ -73.924977975730698, 40.811691368835909 ], [ -73.924836676045373, 40.811630072501423 ] ] ] } },
{ "type": "Feature", "properties": { "Street": "EAST 140 STREET", "FeatureTyp": "0", "NonPed": " ", "TrafDir": "W", "SegmentID": "0314212", "PhysicalID": 183525.0, "StreetWidth_Min": 30.0, "StreetWidth_Max": 30.0, "Snow_Priority": "C", "Number_Travel_Lanes": " 1", "Number_Park_Lanes": " 2", "TRUCK_ROUTE_TYPE": " " }, "geometry": { "type": "MultiLineString", "coordinates": [ [ [ -73.924836676045373, 40.811630072501423 ], [ -73.924190413082584, 40.811349716161693 ] ] ] } },
{ "type": "Feature", "properties": { "Street": "EAST 138 STREET", "FeatureTyp": "0", "NonPed": " ", "TrafDir": "T", "SegmentID": "0314275", "PhysicalID": 183544.0, "StreetWidth_Min": 50.0, "StreetWidth_Max": 52.0, "Snow_Priority": "C", "Number_Travel_Lanes": " 2", "Number_Park_Lanes": " 2", "TRUCK_ROUTE_TYPE": "2" }, "geometry": { "type": "MultiLineString", "coordinates": [ [ [ -73.917497518153382, 40.806813636354192 ], [ -73.916596806714594, 40.806449091450993 ] ] ] } },
{ "type": "Feature", "properties": { "Street": "EAST 138 STREET", "FeatureTyp": "0", "NonPed": " ", "TrafDir": "T", "SegmentID": "0314303", "PhysicalID": 183544.0, "StreetWidth_Min": 50.0, "StreetWidth_Max": 52.0, "Snow_Priority": "C", "Number_Travel_Lanes": " 2", "Number_Park_Lanes": " 2", "TRUCK_ROUTE_TYPE": "2" }, "geometry": { "type": "MultiLineString", "coordinates": [ [ [ -73.916596806714594, 40.806449091450993 ], [ -73.916488629605425, 40.806403398544802 ] ] ] } },
{ "type": "Feature", "properties": { "Street": "ST ANNS AVENUE", "FeatureTyp": "0", "NonPed": " ", "TrafDir": "T", "SegmentID": "0314393", "PhysicalID": 183572.0, "StreetWidth_Min": 42.0, "StreetWidth_Max": 42.0, "Snow_Priority": "C", "Number_Travel_Lanes": " 2", "Number_Park_Lanes": " 2", "TRUCK_ROUTE_TYPE": " " }, "geometry": { "type": "MultiLineString", "coordinates": [ [ [ -73.917952243226779, 40.806124212473982 ], [ -73.91781208885655, 40.806336706455063 ] ] ] } },
{ "type": "Feature", "properties": { "Street": "ST ANNS AVENUE", "FeatureTyp": "0", "NonPed": " ", "TrafDir": "T", "SegmentID": "0314395", "PhysicalID": 183572.0, "StreetWidth_Min": 42.0, "StreetWidth_Max": 42.0, "Snow_Priority": "C", "Number_Travel_Lanes": " 2", "Number_Park_Lanes": " 2", "TRUCK_ROUTE_TYPE": " " }, "geometry": { "type": "MultiLineString", "coordinates": [ [ [ -73.91781208885655, 40.806336706455063 ], [ -73.917789470154247, 40.806370999396194 ] ] ] } },
{ "type": "Feature", "properties": { "Street": "ST ANNS AVENUE", "FeatureTyp": "0", "NonPed": " ", "TrafDir": "T", "SegmentID": "0314397", "PhysicalID": 183572.0, "StreetWidth_Min": 42.0, "StreetWidth_Max": 42.0, "Snow_Priority": "C", "Number_Travel_Lanes": " 2", "Number_Park_Lanes": " 2", "TRUCK_ROUTE_TYPE": " " }, "geometry": { "type": "MultiLineString", "coordinates": [ [ [ -73.917789470154247, 40.806370999396194 ], [ -73.917672858610644, 40.806547798364441 ] ] ] } },
{ "type": "Feature", "properties": { "Street": "ST ANNS AVENUE", "FeatureTyp": "0", "NonPed": " ", "TrafDir": "T", "SegmentID": "0314409", "PhysicalID": 183572.0, "StreetWidth_Min": 42.0, "StreetWidth_Max": 42.0, "Snow_Priority": "C", "Number_Travel_Lanes": " 2", "Number_Park_Lanes": " 2", "TRUCK_ROUTE_TYPE": " " }, "geometry": { "type": "MultiLineString", "coordinates": [ [ [ -73.917672858610644, 40.806547798364441 ], [ -73.917645212950049, 40.806589711984401 ] ] ] } },
{ "type": "Feature", "properties": { "Street": "ST ANNS AVENUE", "FeatureTyp": "0", "NonPed": " ", "TrafDir": "T", "SegmentID": "0314410", "PhysicalID": 183572.0, "StreetWidth_Min": 42.0, "StreetWidth_Max": 42.0, "Snow_Priority": "C", "Number_Travel_Lanes": " 2", "Number_Park_Lanes": " 2", "TRUCK_ROUTE_TYPE": " " }, "geometry": { "type": "MultiLineString", "coordinates": [ [ [ -73.917645212950049, 40.806589711984401 ], [ -73.917497518153382, 40.806813636354192 ] ] ] } },
{ "type": "Feature", "properties": { "Street": "BROOK AVENUE", "FeatureTyp": "0", "NonPed": " ", "TrafDir": "A", "SegmentID": "0314567", "PhysicalID": 183614.0, "StreetWidth_Min": 46.0, "StreetWidth_Max": 46.0, "Snow_Priority": "C", "Number_Travel_Lanes": " 2", "Number_Park_Lanes": " 2", "TRUCK_ROUTE_TYPE": " " }, "geometry": { "type": "MultiLineString", "coordinates": [ [ [ -73.920171962360783, 40.806265447236584 ], [ -73.920051717537419, 40.806428514232437 ] ] ] } },
{ "type": "Feature", "properties": { "Street": "BROOK AVENUE", "FeatureTyp": "0", "NonPed": " ", "TrafDir": "A", "SegmentID": "0314569", "PhysicalID": 183614.0, "StreetWidth_Min": 46.0, "StreetWidth_Max": 46.0, "Snow_Priority": "C", "Number_Travel_Lanes": " 2", "Number_Park_Lanes": " 2", "TRUCK_ROUTE_TYPE": " " }, "geometry": { "type": "MultiLineString", "coordinates": [ [ [ -73.920051717537419, 40.806428514232437 ], [ -73.919834941997067, 40.806722484620835 ] ] ] } },
{ "type": "Feature", "properties": { "Street": "BROOK AVENUE", "FeatureTyp": "0", "NonPed": " ", "TrafDir": "A", "SegmentID": "0314570", "PhysicalID": 183614.0, "StreetWidth_Min": 46.0, "StreetWidth_Max": 46.0, "Snow_Priority": "C", "Number_Travel_Lanes": " 2", "Number_Park_Lanes": " 2", "TRUCK_ROUTE_TYPE": " " }, "geometry": { "type": "MultiLineString", "coordinates": [ [ [ -73.919834941997067, 40.806722484620835 ], [ -73.919721586638303, 40.806876836060049 ] ] ] } },
{ "type": "Feature", "properties": { "Street": "EAST 138 STREET", "FeatureTyp": "0", "NonPed": " ", "TrafDir": "T", "SegmentID": "0314591", "PhysicalID": 183544.0, "StreetWidth_Min": 50.0, "StreetWidth_Max": 52.0, "Snow_Priority": "C", "Number_Travel_Lanes": " 2", "Number_Park_Lanes": " 2", "TRUCK_ROUTE_TYPE": "2" }, "geometry": { "type": "MultiLineString", "coordinates": [ [ [ -73.916488629605425, 40.806403398544802 ], [ -73.915201174764178, 40.805849944343123 ] ] ] } },
{ "type": "Feature", "properties": { "Street": "EAST 138 STREET", "FeatureTyp": "0", "NonPed": " ", "TrafDir": "T", "SegmentID": "0314591", "PhysicalID": 183544.0, "StreetWidth_Min": 50.0, "StreetWidth_Max": 52.0, "Snow_Priority": "C", "Number_Travel_Lanes": " 2", "Number_Park_Lanes": " 2", "TRUCK_ROUTE_TYPE": "2" }, "geometry": { "type": "MultiLineString", "coordinates": [ [ [ -73.916488629605425, 40.806403398544802 ], [ -73.915201174764178, 40.805849944343123 ] ] ] } },
{ "type": "Feature", "properties": { "Street": "EAST 138 STREET", "FeatureTyp": "0", "NonPed": " ", "TrafDir": "T", "SegmentID": "0314597", "PhysicalID": 183544.0, "StreetWidth_Min": 50.0, "StreetWidth_Max": 52.0, "Snow_Priority": "C", "Number_Travel_Lanes": " 2", "Number_Park_Lanes": " 2", "TRUCK_ROUTE_TYPE": "2" }, "geometry": { "type": "MultiLineString", "coordinates": [ [ [ -73.915201174764178, 40.805849944343123 ], [ -73.914746578947842, 40.805654516413064 ] ] ] } },
{ "type": "Feature", "properties": { "Street": "EAST 138 STREET", "FeatureTyp": "0", "NonPed": " ", "TrafDir": "T", "SegmentID": "0314598", "PhysicalID": 183544.0, "StreetWidth_Min": 50.0, "StreetWidth_Max": 52.0, "Snow_Priority": "C", "Number_Travel_Lanes": " 2", "Number_Park_Lanes": " 2", "TRUCK_ROUTE_TYPE": "2" }, "geometry": { "type": "MultiLineString", "coordinates": [ [ [ -73.914746578947842, 40.805654516413064 ], [ -73.914521967353338, 40.805556502530948 ] ] ] } },
{ "type": "Feature", "properties": { "Street": "EAST 138 STREET", "FeatureTyp": "0", "NonPed": " ", "TrafDir": "T", "SegmentID": "0314587", "PhysicalID": 183618.0, "StreetWidth_Min": 50.0, "StreetWidth_Max": 50.0, "Snow_Priority": "C", "Number_Travel_Lanes": " 2", "Number_Park_Lanes": " 2", "TRUCK_ROUTE_TYPE": "2" }, "geometry": { "type": "MultiLineString", "coordinates": [ [ [ -73.919214506468748, 40.807553721341392 ], [ -73.918975741545566, 40.807451038852435 ] ] ] } },
{ "type": "Feature", "properties": { "Street": "EAST 138 STREET", "FeatureTyp": "0", "NonPed": " ", "TrafDir": "T", "SegmentID": "0314588", "PhysicalID": 183618.0, "StreetWidth_Min": 50.0, "StreetWidth_Max": 50.0, "Snow_Priority": "C", "Number_Travel_Lanes": " 2", "Number_Park_Lanes": " 2", "TRUCK_ROUTE_TYPE": "2" }, "geometry": { "type": "MultiLineString", "coordinates": [ [ [ -73.918975741545566, 40.807451038852435 ], [ -73.918845820659172, 40.80739501875621 ] ] ] } },
{ "type": "Feature", "properties": { "Street": "BRUCKNER BOULEVARD", "FeatureTyp": "0", "NonPed": " ", "TrafDir": "A", "SegmentID": "0314708", "PhysicalID": 41655.0, "StreetWidth_Min": 34.0, "StreetWidth_Max": 34.0, "Snow_Priority": "C", "Number_Travel_Lanes": " 2", "Number_Park_Lanes": " 1", "TRUCK_ROUTE_TYPE": "2" }, "geometry": { "type": "MultiLineString", "coordinates": [ [ [ -73.919651266046998, 40.803611252410604 ], [ -73.919285260664083, 40.803487641021619 ] ] ] } },
{ "type": "Feature", "properties": { "Street": "BRUCKNER BOULEVARD", "FeatureTyp": "0", "NonPed": " ", "TrafDir": "A", "SegmentID": "0314709", "PhysicalID": 41655.0, "StreetWidth_Min": 34.0, "StreetWidth_Max": 34.0, "Snow_Priority": "C", "Number_Travel_Lanes": " 2", "Number_Park_Lanes": " 1", "TRUCK_ROUTE_TYPE": "2" }, "geometry": { "type": "MultiLineString", "coordinates": [ [ [ -73.919285260664083, 40.803487641021619 ], [ -73.918928376577227, 40.803367107878415 ] ] ] } },
{ "type": "Feature", "properties": { "Street": "BRUCKNER BOULEVARD", "FeatureTyp": "0", "NonPed": " ", "TrafDir": "W", "SegmentID": "0314712", "PhysicalID": 41646.0, "StreetWidth_Min": 42.0, "StreetWidth_Max": 46.0, "Snow_Priority": "C", "Number_Travel_Lanes": " 2", "Number_Park_Lanes": " 1", "TRUCK_ROUTE_TYPE": "3" }, "geometry": { "type": "MultiLineString", "coordinates": [ [ [ -73.919724935705375, 40.803508439338792 ], [ -73.919352371489538, 40.803381060298172 ] ] ] } },
{ "type": "Feature", "properties": { "Street": "BRUCKNER BOULEVARD", "FeatureTyp": "0", "NonPed": " ", "TrafDir": "W", "SegmentID": "0314713", "PhysicalID": 41646.0, "StreetWidth_Min": 42.0, "StreetWidth_Max": 46.0, "Snow_Priority": "C", "Number_Travel_Lanes": " 2", "Number_Park_Lanes": " 1", "TRUCK_ROUTE_TYPE": "3" }, "geometry": { "type": "MultiLineString", "coordinates": [ [ [ -73.919352371489538, 40.803381060298172 ], [ -73.9189939024659, 40.803258497893538 ] ] ] } },
{ "type": "Feature", "properties": { "Street": "BRUCKNER BOULEVARD", "FeatureTyp": "0", "NonPed": " ", "TrafDir": "T", "SegmentID": "0314714", "PhysicalID": null, "StreetWidth_Min": null, "StreetWidth_Max": null, "Snow_Priority": "C", "Number_Travel_Lanes": "  ", "Number_Park_Lanes": "  ", "TRUCK_ROUTE_TYPE": " " }, "geometry": { "type": "MultiLineString", "coordinates": [ [ [ -73.919688408468772, 40.803560147877775 ], [ -73.919322048198211, 40.803431796763071 ] ] ] } },
{ "type": "Feature", "properties": { "Street": "BRUCKNER BOULEVARD", "FeatureTyp": "0", "NonPed": " ", "TrafDir": "T", "SegmentID": "0314715", "PhysicalID": null, "StreetWidth_Min": null, "StreetWidth_Max": null, "Snow_Priority": "C", "Number_Travel_Lanes": "  ", "Number_Park_Lanes": "  ", "TRUCK_ROUTE_TYPE": " " }, "geometry": { "type": "MultiLineString", "coordinates": [ [ [ -73.919322048198211, 40.803431796763071 ], [ -73.918984611701163, 40.803313577482704 ] ] ] } },
{ "type": "Feature", "properties": { "Street": "EAST 138 STREET", "FeatureTyp": "0", "NonPed": " ", "TrafDir": "T", "SegmentID": "0314960", "PhysicalID": 183618.0, "StreetWidth_Min": 50.0, "StreetWidth_Max": 50.0, "Snow_Priority": "C", "Number_Travel_Lanes": " 2", "Number_Park_Lanes": " 2", "TRUCK_ROUTE_TYPE": "2" }, "geometry": { "type": "MultiLineString", "coordinates": [ [ [ -73.918845820659172, 40.80739501875621 ], [ -73.918804758795247, 40.807377313814527 ] ] ] } },
{ "type": "Feature", "properties": { "Street": "EAST 138 STREET", "FeatureTyp": "0", "NonPed": " ", "TrafDir": "T", "SegmentID": "0314964", "PhysicalID": 183618.0, "StreetWidth_Min": 50.0, "StreetWidth_Max": 50.0, "Snow_Priority": "C", "Number_Travel_Lanes": " 2", "Number_Park_Lanes": " 2", "TRUCK_ROUTE_TYPE": "2" }, "geometry": { "type": "MultiLineString", "coordinates": [ [ [ -73.918804758795247, 40.807377313814527 ], [ -73.918476759292417, 40.807235884348195 ] ] ] } },
{ "type": "Feature", "properties": { "Street": "EAST 138 STREET", "FeatureTyp": "0", "NonPed": " ", "TrafDir": "T", "SegmentID": "0314965", "PhysicalID": 183618.0, "StreetWidth_Min": 50.0, "StreetWidth_Max": 50.0, "Snow_Priority": "C", "Number_Travel_Lanes": " 2", "Number_Park_Lanes": " 2", "TRUCK_ROUTE_TYPE": "2" }, "geometry": { "type": "MultiLineString", "coordinates": [ [ [ -73.918476759292417, 40.807235884348195 ], [ -73.917497518153382, 40.806813636354192 ] ] ] } },
{ "type": "Feature", "properties": { "Street": "MORRIS AVENUE", "FeatureTyp": "0", "NonPed": " ", "TrafDir": "A", "SegmentID": "0322230", "PhysicalID": 188383.0, "StreetWidth_Min": 30.0, "StreetWidth_Max": 30.0, "Snow_Priority": "C", "Number_Travel_Lanes": " 2", "Number_Park_Lanes": "  ", "TRUCK_ROUTE_TYPE": " " }, "geometry": { "type": "MultiLineString", "coordinates": [ [ [ -73.926801143081136, 40.811670329381059 ], [ -73.926704265508249, 40.811716868287043 ] ] ] } },
{ "type": "Feature", "properties": { "Street": "MORRIS AVENUE", "FeatureTyp": "0", "NonPed": " ", "TrafDir": "W", "SegmentID": "0322233", "PhysicalID": null, "StreetWidth_Min": null, "StreetWidth_Max": null, "Snow_Priority": "C", "Number_Travel_Lanes": "  ", "Number_Park_Lanes": "  ", "TRUCK_ROUTE_TYPE": " " }, "geometry": { "type": "MultiLineString", "coordinates": [ [ [ -73.927142998495341, 40.810949808818982 ], [ -73.927137758800271, 40.811101429230611 ] ] ] } },
{ "type": "Feature", "properties": { "Street": "MORRIS AVENUE", "FeatureTyp": "0", "NonPed": " ", "TrafDir": "A", "SegmentID": "0322234", "PhysicalID": null, "StreetWidth_Min": null, "StreetWidth_Max": null, "Snow_Priority": "C", "Number_Travel_Lanes": "  ", "Number_Park_Lanes": "  ", "TRUCK_ROUTE_TYPE": " " }, "geometry": { "type": "MultiLineString", "coordinates": [ [ [ -73.927294323716865, 40.811079651804008 ], [ -73.927137758800271, 40.811101429230611 ] ] ] } },
{ "type": "Feature", "properties": { "Street": "MORRIS AVENUE", "FeatureTyp": "0", "NonPed": " ", "TrafDir": "T", "SegmentID": "0322237", "PhysicalID": null, "StreetWidth_Min": null, "StreetWidth_Max": null, "Snow_Priority": "C", "Number_Travel_Lanes": "  ", "Number_Park_Lanes": "  ", "TRUCK_ROUTE_TYPE": " " }, "geometry": { "type": "MultiLineString", "coordinates": [ [ [ -73.927137758800271, 40.811101429230611 ], [ -73.926742055230605, 40.811636780705818 ] ] ] } },
{ "type": "Feature", "properties": { "Street": "MORRIS AVENUE", "FeatureTyp": "0", "NonPed": " ", "TrafDir": "T", "SegmentID": "0322237", "PhysicalID": null, "StreetWidth_Min": null, "StreetWidth_Max": null, "Snow_Priority": "C", "Number_Travel_Lanes": "  ", "Number_Park_Lanes": "  ", "TRUCK_ROUTE_TYPE": " " }, "geometry": { "type": "MultiLineString", "coordinates": [ [ [ -73.927137758800271, 40.811101429230611 ], [ -73.926742055230605, 40.811636780705818 ] ] ] } },
{ "type": "Feature", "properties": { "Street": "MORRIS AVENUE", "FeatureTyp": "0", "NonPed": " ", "TrafDir": "T", "SegmentID": "0322238", "PhysicalID": null, "StreetWidth_Min": null, "StreetWidth_Max": null, "Snow_Priority": "C", "Number_Travel_Lanes": "  ", "Number_Park_Lanes": "  ", "TRUCK_ROUTE_TYPE": " " }, "geometry": { "type": "MultiLineString", "coordinates": [ [ [ -73.926742055230605, 40.811636780705818 ], [ -73.926704265508249, 40.811716868287043 ] ] ] } },
{ "type": "Feature", "properties": { "Street": "MORRIS AVENUE", "FeatureTyp": "0", "NonPed": " ", "TrafDir": "A", "SegmentID": "0322239", "PhysicalID": 188383.0, "StreetWidth_Min": 30.0, "StreetWidth_Max": 30.0, "Snow_Priority": "C", "Number_Travel_Lanes": " 2", "Number_Park_Lanes": "  ", "TRUCK_ROUTE_TYPE": " " }, "geometry": { "type": "MultiLineString", "coordinates": [ [ [ -73.927294323716865, 40.811079651804008 ], [ -73.927223147081705, 40.81115902216618 ] ] ] } },
{ "type": "Feature", "properties": { "Street": "MORRIS AVENUE", "FeatureTyp": "0", "NonPed": " ", "TrafDir": "W", "SegmentID": "0322240", "PhysicalID": 172965.0, "StreetWidth_Min": 30.0, "StreetWidth_Max": 30.0, "Snow_Priority": "C", "Number_Travel_Lanes": " 2", "Number_Park_Lanes": "  ", "TRUCK_ROUTE_TYPE": " " }, "geometry": { "type": "MultiLineString", "coordinates": [ [ [ -73.927142998495341, 40.810949808818982 ], [ -73.927092496893195, 40.811055059809149 ] ] ] } },
{ "type": "Feature", "properties": { "Street": "EAST 145 STREET", "FeatureTyp": "0", "NonPed": " ", "TrafDir": "A", "SegmentID": "0325115", "PhysicalID": 189938.0, "StreetWidth_Min": 34.0, "StreetWidth_Max": 34.0, "Snow_Priority": "C", "Number_Travel_Lanes": " 1", "Number_Park_Lanes": " 2", "TRUCK_ROUTE_TYPE": " " }, "geometry": { "type": "MultiLineString", "coordinates": [ [ [ -73.921244447743277, 40.814188289371252 ], [ -73.920152875895198, 40.813721226227507 ] ] ] } },
{ "type": "Feature", "properties": { "Street": "EAST 145 STREET", "FeatureTyp": "0", "NonPed": " ", "TrafDir": "A", "SegmentID": "0325115", "PhysicalID": 189938.0, "StreetWidth_Min": 34.0, "StreetWidth_Max": 34.0, "Snow_Priority": "C", "Number_Travel_Lanes": " 1", "Number_Park_Lanes": " 2", "TRUCK_ROUTE_TYPE": " " }, "geometry": { "type": "MultiLineString", "coordinates": [ [ [ -73.921244447743277, 40.814188289371252 ], [ -73.920152875895198, 40.813721226227507 ] ] ] } },
{ "type": "Feature", "properties": { "Street": "EAST 145 STREET", "FeatureTyp": "0", "NonPed": " ", "TrafDir": "A", "SegmentID": "0325116", "PhysicalID": 189938.0, "StreetWidth_Min": 34.0, "StreetWidth_Max": 34.0, "Snow_Priority": "C", "Number_Travel_Lanes": " 1", "Number_Park_Lanes": " 2", "TRUCK_ROUTE_TYPE": " " }, "geometry": { "type": "MultiLineString", "coordinates": [ [ [ -73.920152875895198, 40.813721226227507 ], [ -73.919663632479043, 40.813511882358476 ] ] ] } },
{ "type": "Feature", "properties": { "Street": "EAST 145 STREET", "FeatureTyp": "0", "NonPed": " ", "TrafDir": "A", "SegmentID": "0325116", "PhysicalID": 189938.0, "StreetWidth_Min": 34.0, "StreetWidth_Max": 34.0, "Snow_Priority": "C", "Number_Travel_Lanes": " 1", "Number_Park_Lanes": " 2", "TRUCK_ROUTE_TYPE": " " }, "geometry": { "type": "MultiLineString", "coordinates": [ [ [ -73.920152875895198, 40.813721226227507 ], [ -73.919663632479043, 40.813511882358476 ] ] ] } },
{ "type": "Feature", "properties": { "Street": "EAST 145 STREET", "FeatureTyp": "0", "NonPed": " ", "TrafDir": "A", "SegmentID": "0325116", "PhysicalID": 189938.0, "StreetWidth_Min": 34.0, "StreetWidth_Max": 34.0, "Snow_Priority": "C", "Number_Travel_Lanes": " 1", "Number_Park_Lanes": " 2", "TRUCK_ROUTE_TYPE": " " }, "geometry": { "type": "MultiLineString", "coordinates": [ [ [ -73.920152875895198, 40.813721226227507 ], [ -73.919663632479043, 40.813511882358476 ] ] ] } },
{ "type": "Feature", "properties": { "Street": "EAST 145 STREET", "FeatureTyp": "0", "NonPed": " ", "TrafDir": "A", "SegmentID": "0325116", "PhysicalID": 189938.0, "StreetWidth_Min": 34.0, "StreetWidth_Max": 34.0, "Snow_Priority": "C", "Number_Travel_Lanes": " 1", "Number_Park_Lanes": " 2", "TRUCK_ROUTE_TYPE": " " }, "geometry": { "type": "MultiLineString", "coordinates": [ [ [ -73.920152875895198, 40.813721226227507 ], [ -73.919663632479043, 40.813511882358476 ] ] ] } },
{ "type": "Feature", "properties": { "Street": "3 AVENUE", "FeatureTyp": "0", "NonPed": " ", "TrafDir": "T", "SegmentID": "0325117", "PhysicalID": 189939.0, "StreetWidth_Min": 50.0, "StreetWidth_Max": 54.0, "Snow_Priority": "C", "Number_Travel_Lanes": " 2", "Number_Park_Lanes": " 2", "TRUCK_ROUTE_TYPE": "2" }, "geometry": { "type": "MultiLineString", "coordinates": [ [ [ -73.921244447743277, 40.814188289371252 ], [ -73.92092663317213, 40.814344600039981 ] ] ] } },
{ "type": "Feature", "properties": { "Street": "3 AVENUE", "FeatureTyp": "0", "NonPed": " ", "TrafDir": "T", "SegmentID": "0325118", "PhysicalID": 189939.0, "StreetWidth_Min": 50.0, "StreetWidth_Max": 54.0, "Snow_Priority": "C", "Number_Travel_Lanes": " 2", "Number_Park_Lanes": " 2", "TRUCK_ROUTE_TYPE": "2" }, "geometry": { "type": "MultiLineString", "coordinates": [ [ [ -73.92092663317213, 40.814344600039981 ], [ -73.920481174073572, 40.814563686973592 ] ] ] } },
{ "type": "Feature", "properties": { "Street": "EAST 145 STREET", "FeatureTyp": "0", "NonPed": " ", "TrafDir": "A", "SegmentID": "0325125", "PhysicalID": 62301.0, "StreetWidth_Min": 34.0, "StreetWidth_Max": 34.0, "Snow_Priority": "S", "Number_Travel_Lanes": " 1", "Number_Park_Lanes": " 2", "TRUCK_ROUTE_TYPE": " " }, "geometry": { "type": "MultiLineString", "coordinates": [ [ [ -73.915571121888519, 40.81201377700144 ], [ -73.915110120517326, 40.811861408276052 ] ] ] } },
{ "type": "Feature", "properties": { "Street": "EAST 145 STREET", "FeatureTyp": "0", "NonPed": " ", "TrafDir": "A", "SegmentID": "0325126", "PhysicalID": 62301.0, "StreetWidth_Min": 34.0, "StreetWidth_Max": 34.0, "Snow_Priority": "S", "Number_Travel_Lanes": " 1", "Number_Park_Lanes": " 2", "TRUCK_ROUTE_TYPE": " " }, "geometry": { "type": "MultiLineString", "coordinates": [ [ [ -73.915110120517326, 40.811861408276052 ], [ -73.914830714541438, 40.811769058011663 ] ] ] } },
{ "type": "Feature", "properties": { "Street": "BROOK AVENUE", "FeatureTyp": "0", "NonPed": " ", "TrafDir": "A", "SegmentID": "0325127", "PhysicalID": 189942.0, "StreetWidth_Min": 44.0, "StreetWidth_Max": 44.0, "Snow_Priority": "C", "Number_Travel_Lanes": " 2", "Number_Park_Lanes": " 2", "TRUCK_ROUTE_TYPE": " " }, "geometry": { "type": "MultiLineString", "coordinates": [ [ [ -73.916473842705457, 40.812312322606033 ], [ -73.916284027474745, 40.812634644305213 ] ] ] } },
{ "type": "Feature", "properties": { "Street": "BROOK AVENUE", "FeatureTyp": "0", "NonPed": " ", "TrafDir": "A", "SegmentID": "0325128", "PhysicalID": 189942.0, "StreetWidth_Min": 44.0, "StreetWidth_Max": 44.0, "Snow_Priority": "C", "Number_Travel_Lanes": " 2", "Number_Park_Lanes": " 2", "TRUCK_ROUTE_TYPE": " " }, "geometry": { "type": "MultiLineString", "coordinates": [ [ [ -73.916284027474745, 40.812634644305213 ], [ -73.916089144122765, 40.812965567791188 ] ] ] } },
{ "type": "Feature", "properties": { "Street": "EAST 135 STREET", "FeatureTyp": "0", "NonPed": " ", "TrafDir": "A", "SegmentID": "0333280", "PhysicalID": 191892.0, "StreetWidth_Min": 50.0, "StreetWidth_Max": 52.0, "Snow_Priority": "C", "Number_Travel_Lanes": " 4", "Number_Park_Lanes": "  ", "TRUCK_ROUTE_TYPE": "3" }, "geometry": { "type": "MultiLineString", "coordinates": [ [ [ -73.926523721855659, 40.808161554517945 ], [ -73.92549211793002, 40.807709123929584 ] ] ] } },
{ "type": "Feature", "properties": { "Street": "EAST 135 STREET", "FeatureTyp": "0", "NonPed": " ", "TrafDir": "A", "SegmentID": "0333280", "PhysicalID": 191892.0, "StreetWidth_Min": 50.0, "StreetWidth_Max": 52.0, "Snow_Priority": "C", "Number_Travel_Lanes": " 4", "Number_Park_Lanes": "  ", "TRUCK_ROUTE_TYPE": "3" }, "geometry": { "type": "MultiLineString", "coordinates": [ [ [ -73.926523721855659, 40.808161554517945 ], [ -73.92549211793002, 40.807709123929584 ] ] ] } },
{ "type": "Feature", "properties": { "Street": "EAST 135 STREET", "FeatureTyp": "0", "NonPed": " ", "TrafDir": "A", "SegmentID": "0333280", "PhysicalID": 191892.0, "StreetWidth_Min": 50.0, "StreetWidth_Max": 52.0, "Snow_Priority": "C", "Number_Travel_Lanes": " 4", "Number_Park_Lanes": "  ", "TRUCK_ROUTE_TYPE": "3" }, "geometry": { "type": "MultiLineString", "coordinates": [ [ [ -73.926523721855659, 40.808161554517945 ], [ -73.92549211793002, 40.807709123929584 ] ] ] } },
{ "type": "Feature", "properties": { "Street": "EAST 135 STREET", "FeatureTyp": "0", "NonPed": " ", "TrafDir": "A", "SegmentID": "0333281", "PhysicalID": 191892.0, "StreetWidth_Min": 50.0, "StreetWidth_Max": 52.0, "Snow_Priority": "C", "Number_Travel_Lanes": " 4", "Number_Park_Lanes": "  ", "TRUCK_ROUTE_TYPE": "3" }, "geometry": { "type": "MultiLineString", "coordinates": [ [ [ -73.92549211793002, 40.807709123929584 ], [ -73.925411872066348, 40.807673929682359 ] ] ] } },
{ "type": "Feature", "properties": { "Street": "MITCHEL HOUSES PEDESTRIAN PATH", "FeatureTyp": "0", "NonPed": " ", "TrafDir": "P", "SegmentID": "0333282", "PhysicalID": 191893.0, "StreetWidth_Min": null, "StreetWidth_Max": null, "Snow_Priority": " ", "Number_Travel_Lanes": "  ", "Number_Park_Lanes": "  ", "TRUCK_ROUTE_TYPE": " " }, "geometry": { "type": "MultiLineString", "coordinates": [ [ [ -73.925104587972328, 40.808301655925746 ], [ -73.925210359244545, 40.808350232105845 ] ] ] } },
{ "type": "Feature", "properties": { "Street": "MITCHEL HOUSES PEDESTRIAN PATH", "FeatureTyp": "0", "NonPed": " ", "TrafDir": "P", "SegmentID": "0333283", "PhysicalID": 191893.0, "StreetWidth_Min": null, "StreetWidth_Max": null, "Snow_Priority": " ", "Number_Travel_Lanes": "  ", "Number_Park_Lanes": "  ", "TRUCK_ROUTE_TYPE": " " }, "geometry": { "type": "MultiLineString", "coordinates": [ [ [ -73.925210359244545, 40.808350232105845 ], [ -73.925952540287668, 40.808691074023265 ], [ -73.926116110995721, 40.808722124085499 ] ] ] } },
{ "type": "Feature", "properties": { "Street": "3 AVENUE", "FeatureTyp": "0", "NonPed": " ", "TrafDir": "A", "SegmentID": "0334342", "PhysicalID": 66028.0, "StreetWidth_Min": null, "StreetWidth_Max": null, "Snow_Priority": "C", "Number_Travel_Lanes": "  ", "Number_Park_Lanes": "  ", "TRUCK_ROUTE_TYPE": "2" }, "geometry": { "type": "MultiLineString", "coordinates": [ [ [ -73.929480202994313, 40.809530393148762 ], [ -73.929421343617108, 40.809567718859455 ] ] ] } },
{ "type": "Feature", "properties": { "Street": "3 AVENUE", "FeatureTyp": "0", "NonPed": " ", "TrafDir": "A", "SegmentID": "0334343", "PhysicalID": 192218.0, "StreetWidth_Min": null, "StreetWidth_Max": null, "Snow_Priority": "C", "Number_Travel_Lanes": "  ", "Number_Park_Lanes": "  ", "TRUCK_ROUTE_TYPE": "2" }, "geometry": { "type": "MultiLineString", "coordinates": [ [ [ -73.929421343617108, 40.809567718859455 ], [ -73.929218541431567, 40.809564721625016 ] ] ] } },
{ "type": "Feature", "properties": { "Street": "3 AVENUE", "FeatureTyp": "0", "NonPed": " ", "TrafDir": "A", "SegmentID": "0334344", "PhysicalID": 192219.0, "StreetWidth_Min": null, "StreetWidth_Max": null, "Snow_Priority": "V", "Number_Travel_Lanes": "  ", "Number_Park_Lanes": "  ", "TRUCK_ROUTE_TYPE": "2" }, "geometry": { "type": "MultiLineString", "coordinates": [ [ [ -73.929244732635283, 40.809431923536835 ], [ -73.929218541431567, 40.809564721625016 ] ] ] } },
{ "type": "Feature", "properties": { "Street": "3 AVENUE", "FeatureTyp": "0", "NonPed": " ", "TrafDir": "A", "SegmentID": "0334348", "PhysicalID": 66030.0, "StreetWidth_Min": null, "StreetWidth_Max": null, "Snow_Priority": "V", "Number_Travel_Lanes": "  ", "Number_Park_Lanes": "  ", "TRUCK_ROUTE_TYPE": "2" }, "geometry": { "type": "MultiLineString", "coordinates": [ [ [ -73.929292186200257, 40.809387513375839 ], [ -73.929244732635283, 40.809431923536835 ] ] ] } },
{ "type": "Feature", "properties": { "Street": "3 AVENUE", "FeatureTyp": "0", "NonPed": " ", "TrafDir": "A", "SegmentID": "0338190", "PhysicalID": 193963.0, "StreetWidth_Min": 18.0, "StreetWidth_Max": 20.0, "Snow_Priority": "C", "Number_Travel_Lanes": " 1", "Number_Park_Lanes": " 1", "TRUCK_ROUTE_TYPE": "2" }, "geometry": { "type": "MultiLineString", "coordinates": [ [ [ -73.930239179701687, 40.808944297526672 ], [ -73.929693232557455, 40.809367802856215 ] ] ] } },
{ "type": "Feature", "properties": { "Street": "3 AVENUE", "FeatureTyp": "0", "NonPed": " ", "TrafDir": "A", "SegmentID": "0338191", "PhysicalID": 193963.0, "StreetWidth_Min": 18.0, "StreetWidth_Max": 20.0, "Snow_Priority": "C", "Number_Travel_Lanes": " 1", "Number_Park_Lanes": " 1", "TRUCK_ROUTE_TYPE": "2" }, "geometry": { "type": "MultiLineString", "coordinates": [ [ [ -73.929693232557455, 40.809367802856215 ], [ -73.929627648758185, 40.80941867746936 ] ] ] } },
{ "type": "Feature", "properties": { "Street": "3 AVENUE BRIDGE", "FeatureTyp": "0", "NonPed": "V", "TrafDir": "A", "SegmentID": "0338192", "PhysicalID": 206026.0, "StreetWidth_Min": 34.0, "StreetWidth_Max": 50.0, "Snow_Priority": "C", "Number_Travel_Lanes": " 3", "Number_Park_Lanes": "  ", "TRUCK_ROUTE_TYPE": "2" }, "geometry": { "type": "MultiLineString", "coordinates": [ [ [ -73.930132229605846, 40.80885599317709 ], [ -73.929572058896596, 40.809280412094196 ] ] ] } },
{ "type": "Feature", "properties": { "Street": "3 AVENUE BRIDGE", "FeatureTyp": "0", "NonPed": "V", "TrafDir": "A", "SegmentID": "0338193", "PhysicalID": 206026.0, "StreetWidth_Min": 34.0, "StreetWidth_Max": 50.0, "Snow_Priority": " ", "Number_Travel_Lanes": " 3", "Number_Park_Lanes": "  ", "TRUCK_ROUTE_TYPE": "2" }, "geometry": { "type": "MultiLineString", "coordinates": [ [ [ -73.929572058896596, 40.809280412094196 ], [ -73.929508374368282, 40.809328662472083 ] ] ] } },
{ "type": "Feature", "properties": { "Street": "3 AVENUE", "FeatureTyp": "0", "NonPed": " ", "TrafDir": "T", "SegmentID": "0338194", "PhysicalID": null, "StreetWidth_Min": null, "StreetWidth_Max": null, "Snow_Priority": "H", "Number_Travel_Lanes": "  ", "Number_Park_Lanes": "  ", "TRUCK_ROUTE_TYPE": " " }, "geometry": { "type": "MultiLineString", "coordinates": [ [ [ -73.930132229605846, 40.80885599317709 ], [ -73.929572058896596, 40.809280412094196 ] ] ] } },
{ "type": "Feature", "properties": { "Street": "3 AVENUE", "FeatureTyp": "0", "NonPed": " ", "TrafDir": "T", "SegmentID": "0338195", "PhysicalID": null, "StreetWidth_Min": null, "StreetWidth_Max": null, "Snow_Priority": "H", "Number_Travel_Lanes": "  ", "Number_Park_Lanes": "  ", "TRUCK_ROUTE_TYPE": " " }, "geometry": { "type": "MultiLineString", "coordinates": [ [ [ -73.929572058896596, 40.809280412094196 ], [ -73.929508374368282, 40.809328662472083 ] ] ] } },
{ "type": "Feature", "properties": { "Street": "3 AVENUE", "FeatureTyp": "0", "NonPed": " ", "TrafDir": "W", "SegmentID": "0338207", "PhysicalID": 193968.0, "StreetWidth_Min": 20.0, "StreetWidth_Max": 22.0, "Snow_Priority": "H", "Number_Travel_Lanes": " 1", "Number_Park_Lanes": " 1", "TRUCK_ROUTE_TYPE": "2" }, "geometry": { "type": "MultiLineString", "coordinates": [ [ [ -73.92999875834542, 40.808776236165684 ], [ -73.929478275426021, 40.809214689441461 ] ] ] } },
{ "type": "Feature", "properties": { "Street": "3 AVENUE", "FeatureTyp": "0", "NonPed": " ", "TrafDir": "W", "SegmentID": "0338208", "PhysicalID": 193968.0, "StreetWidth_Min": 20.0, "StreetWidth_Max": 22.0, "Snow_Priority": "H", "Number_Travel_Lanes": " 1", "Number_Park_Lanes": "  ", "TRUCK_ROUTE_TYPE": "2" }, "geometry": { "type": "MultiLineString", "coordinates": [ [ [ -73.929478275426021, 40.809214689441461 ], [ -73.929419378008788, 40.809264303807453 ] ] ] } },
{ "type": "Feature", "properties": { "Street": "MDE NB ENTRANCE WILLIS AVE BRDG", "FeatureTyp": "0", "NonPed": "V", "TrafDir": "W", "SegmentID": "0338438", "PhysicalID": 194047.0, "StreetWidth_Min": 24.0, "StreetWidth_Max": 30.0, "Snow_Priority": "C", "Number_Travel_Lanes": " 2", "Number_Park_Lanes": "  ", "TRUCK_ROUTE_TYPE": "3" }, "geometry": { "type": "MultiLineString", "coordinates": [ [ [ -73.925267151148688, 40.805913828200971 ], [ -73.925132351627184, 40.806105633824892 ] ] ] } },
{ "type": "Feature", "properties": { "Street": "MDE NB ENTRANCE WILLIS AVE BRDG", "FeatureTyp": "0", "NonPed": "V", "TrafDir": "W", "SegmentID": "0338439", "PhysicalID": 194047.0, "StreetWidth_Min": 24.0, "StreetWidth_Max": 30.0, "Snow_Priority": "C", "Number_Travel_Lanes": " 2", "Number_Park_Lanes": "  ", "TRUCK_ROUTE_TYPE": "3" }, "geometry": { "type": "MultiLineString", "coordinates": [ [ [ -73.925132351627184, 40.806105633824892 ], [ -73.924798299215482, 40.80658095103631 ] ] ] } },
{ "type": "Feature", "properties": { "Street": "WILLIS AVENUE BRIDGE", "FeatureTyp": "0", "NonPed": " ", "TrafDir": "W", "SegmentID": "0338444", "PhysicalID": 194049.0, "StreetWidth_Min": 30.0, "StreetWidth_Max": 40.0, "Snow_Priority": "C", "Number_Travel_Lanes": " 2", "Number_Park_Lanes": "  ", "TRUCK_ROUTE_TYPE": "3" }, "geometry": { "type": "MultiLineString", "coordinates": [ [ [ -73.925165043338026, 40.80587124781227 ], [ -73.925027408567871, 40.806060011416513 ] ] ] } },
{ "type": "Feature", "properties": { "Street": "WILLIS AVENUE BRIDGE", "FeatureTyp": "0", "NonPed": " ", "TrafDir": "W", "SegmentID": "0338445", "PhysicalID": 194049.0, "StreetWidth_Min": 30.0, "StreetWidth_Max": 40.0, "Snow_Priority": "C", "Number_Travel_Lanes": " 2", "Number_Park_Lanes": "  ", "TRUCK_ROUTE_TYPE": "3" }, "geometry": { "type": "MultiLineString", "coordinates": [ [ [ -73.925027408567871, 40.806060011416513 ], [ -73.924683195943715, 40.806532087854954 ] ] ] } },
{ "type": "Feature", "properties": { "Street": "WILLIS AVENUE BRIDGE BIKE PATH", "FeatureTyp": "0", "NonPed": "D", "TrafDir": "P", "SegmentID": "0338448", "PhysicalID": 194050.0, "StreetWidth_Min": null, "StreetWidth_Max": null, "Snow_Priority": " ", "Number_Travel_Lanes": "  ", "Number_Park_Lanes": "  ", "TRUCK_ROUTE_TYPE": " " }, "geometry": { "type": "MultiLineString", "coordinates": [ [ [ -73.9253382354606, 40.805943470360525 ], [ -73.92519185265914, 40.806129963270898 ] ] ] } },
{ "type": "Feature", "properties": { "Street": "WILLIS AVENUE BRIDGE BIKE PATH", "FeatureTyp": "0", "NonPed": "D", "TrafDir": "P", "SegmentID": "0338449", "PhysicalID": 194050.0, "StreetWidth_Min": null, "StreetWidth_Max": null, "Snow_Priority": " ", "Number_Travel_Lanes": "  ", "Number_Park_Lanes": "  ", "TRUCK_ROUTE_TYPE": " " }, "geometry": { "type": "MultiLineString", "coordinates": [ [ [ -73.92519185265914, 40.806129963270898 ], [ -73.925054278861168, 40.806305232222805 ], [ -73.924952606363419, 40.806454746197709 ], [ -73.924935628274341, 40.806508490313377 ] ] ] } },
{ "type": "Feature", "properties": { "Street": "WILLIS AVENUE BRIDGE BIKE PATH", "FeatureTyp": "0", "NonPed": "D", "TrafDir": "P", "SegmentID": "0338450", "PhysicalID": 194052.0, "StreetWidth_Min": null, "StreetWidth_Max": null, "Snow_Priority": " ", "Number_Travel_Lanes": "  ", "Number_Park_Lanes": "  ", "TRUCK_ROUTE_TYPE": " " }, "geometry": { "type": "MultiLineString", "coordinates": [ [ [ -73.924935628274341, 40.806508490313377 ], [ -73.92498663769193, 40.806473454161505 ], [ -73.925230928541765, 40.806146877465324 ] ] ] } },
{ "type": "Feature", "properties": { "Street": "WILLIS AVENUE BRIDGE BIKE PATH", "FeatureTyp": "0", "NonPed": "D", "TrafDir": "P", "SegmentID": "0338451", "PhysicalID": 194052.0, "StreetWidth_Min": null, "StreetWidth_Max": null, "Snow_Priority": " ", "Number_Travel_Lanes": "  ", "Number_Park_Lanes": "  ", "TRUCK_ROUTE_TYPE": " " }, "geometry": { "type": "MultiLineString", "coordinates": [ [ [ -73.925230928541765, 40.806146877465324 ], [ -73.925339509604413, 40.805991343314759 ], [ -73.925432932658808, 40.805982873173967 ] ] ] } },
{ "type": "Feature", "properties": { "Street": "MAJOR DEEGAN EXPWY NB ET 3", "FeatureTyp": "0", "NonPed": "V", "TrafDir": "W", "SegmentID": "0343670", "PhysicalID": 196640.0, "StreetWidth_Min": 20.0, "StreetWidth_Max": 22.0, "Snow_Priority": "C", "Number_Travel_Lanes": " 2", "Number_Park_Lanes": "  ", "TRUCK_ROUTE_TYPE": " " }, "geometry": { "type": "MultiLineString", "coordinates": [ [ [ -73.93020618409156, 40.81321763488679 ], [ -73.930048378206862, 40.813381999155595 ] ] ] } },
{ "type": "Feature", "properties": { "Street": "MAJOR DEEGAN EXPWY NB ET 3", "FeatureTyp": "0", "NonPed": "V", "TrafDir": "W", "SegmentID": "0343670", "PhysicalID": 196640.0, "StreetWidth_Min": 20.0, "StreetWidth_Max": 22.0, "Snow_Priority": "C", "Number_Travel_Lanes": " 2", "Number_Park_Lanes": "  ", "TRUCK_ROUTE_TYPE": " " }, "geometry": { "type": "MultiLineString", "coordinates": [ [ [ -73.93020618409156, 40.81321763488679 ], [ -73.930048378206862, 40.813381999155595 ] ] ] } },
{ "type": "Feature", "properties": { "Street": "MAJOR DEEGAN EXPWY NB ET 3", "FeatureTyp": "0", "NonPed": "V", "TrafDir": "W", "SegmentID": "0343671", "PhysicalID": 196641.0, "StreetWidth_Min": 20.0, "StreetWidth_Max": 22.0, "Snow_Priority": "C", "Number_Travel_Lanes": " 2", "Number_Park_Lanes": "  ", "TRUCK_ROUTE_TYPE": " " }, "geometry": { "type": "MultiLineString", "coordinates": [ [ [ -73.930048378206862, 40.813381999155595 ], [ -73.929163282808076, 40.814303863159566 ] ] ] } },
{ "type": "Feature", "properties": { "Street": "MDE SB ENTRANCE GRAND CNCRSE", "FeatureTyp": "0", "NonPed": "V", "TrafDir": "A", "SegmentID": "0343672", "PhysicalID": 196642.0, "StreetWidth_Min": 20.0, "StreetWidth_Max": 38.0, "Snow_Priority": "C", "Number_Travel_Lanes": " 2", "Number_Park_Lanes": "  ", "TRUCK_ROUTE_TYPE": " " }, "geometry": { "type": "MultiLineString", "coordinates": [ [ [ -73.930278126576425, 40.813248024611269 ], [ -73.930121136506855, 40.813415156151983 ] ] ] } },
{ "type": "Feature", "properties": { "Street": "MDE SB ENTRANCE GRAND CNCRSE", "FeatureTyp": "0", "NonPed": "V", "TrafDir": "A", "SegmentID": "0343673", "PhysicalID": 196643.0, "StreetWidth_Min": 20.0, "StreetWidth_Max": 38.0, "Snow_Priority": "C", "Number_Travel_Lanes": " 2", "Number_Park_Lanes": "  ", "TRUCK_ROUTE_TYPE": " " }, "geometry": { "type": "MultiLineString", "coordinates": [ [ [ -73.930121136506855, 40.813415156151983 ], [ -73.929212979496569, 40.814381957956684 ] ] ] } },
{ "type": "Feature", "properties": { "Street": "MAJOR DEEGAN EXPWY NB ET 3", "FeatureTyp": "0", "NonPed": "V", "TrafDir": "W", "SegmentID": "0343674", "PhysicalID": 91377.0, "StreetWidth_Min": 20.0, "StreetWidth_Max": 22.0, "Snow_Priority": "C", "Number_Travel_Lanes": " 2", "Number_Park_Lanes": "  ", "TRUCK_ROUTE_TYPE": " " }, "geometry": { "type": "MultiLineString", "coordinates": [ [ [ -73.93108633534122, 40.812428725111729 ], [ -73.930363703396225, 40.813076446659025 ] ] ] } },
{ "type": "Feature", "properties": { "Street": "MAJOR DEEGAN EXPWY NB ET 3", "FeatureTyp": "0", "NonPed": "V", "TrafDir": "W", "SegmentID": "0343675", "PhysicalID": 91377.0, "StreetWidth_Min": 20.0, "StreetWidth_Max": 22.0, "Snow_Priority": "C", "Number_Travel_Lanes": " 2", "Number_Park_Lanes": "  ", "TRUCK_ROUTE_TYPE": " " }, "geometry": { "type": "MultiLineString", "coordinates": [ [ [ -73.930363703396225, 40.813076446659025 ], [ -73.93020618409156, 40.81321763488679 ] ] ] } },
{ "type": "Feature", "properties": { "Street": "MDE SB ENTRANCE GRAND CNCRSE", "FeatureTyp": "0", "NonPed": "V", "TrafDir": "A", "SegmentID": "0343676", "PhysicalID": 68398.0, "StreetWidth_Min": 20.0, "StreetWidth_Max": 38.0, "Snow_Priority": "C", "Number_Travel_Lanes": " 2", "Number_Park_Lanes": "  ", "TRUCK_ROUTE_TYPE": " " }, "geometry": { "type": "MultiLineString", "coordinates": [ [ [ -73.930641181355412, 40.812893448174748 ], [ -73.93042541847359, 40.813104173223671 ] ] ] } },
{ "type": "Feature", "properties": { "Street": "MDE SB ENTRANCE GRAND CNCRSE", "FeatureTyp": "0", "NonPed": "V", "TrafDir": "A", "SegmentID": "0343677", "PhysicalID": 68398.0, "StreetWidth_Min": 20.0, "StreetWidth_Max": 38.0, "Snow_Priority": "C", "Number_Travel_Lanes": " 2", "Number_Park_Lanes": "  ", "TRUCK_ROUTE_TYPE": " " }, "geometry": { "type": "MultiLineString", "coordinates": [ [ [ -73.93042541847359, 40.813104173223671 ], [ -73.930278126576425, 40.813248024611269 ] ] ] } },
{ "type": "Feature", "properties": { "Street": "BRUCKNER EXPRESSWAY", "FeatureTyp": "0", "NonPed": "V", "TrafDir": "A", "SegmentID": "0348081", "PhysicalID": 201385.0, "StreetWidth_Min": 25.0, "StreetWidth_Max": 40.0, "Snow_Priority": "C", "Number_Travel_Lanes": " 2", "Number_Park_Lanes": "  ", "TRUCK_ROUTE_TYPE": "3" }, "geometry": { "type": "MultiLineString", "coordinates": [ [ [ -73.916060372760043, 40.803375313356369 ], [ -73.915935410205023, 40.803418714140847 ] ] ] } },
{ "type": "Feature", "properties": { "Street": "BRUCKNER EXPRESSWAY", "FeatureTyp": "0", "NonPed": "V", "TrafDir": "A", "SegmentID": "0348082", "PhysicalID": 201385.0, "StreetWidth_Min": 25.0, "StreetWidth_Max": 40.0, "Snow_Priority": "C", "Number_Travel_Lanes": " 2", "Number_Park_Lanes": "  ", "TRUCK_ROUTE_TYPE": "3" }, "geometry": { "type": "MultiLineString", "coordinates": [ [ [ -73.916175448677407, 40.803312062793587 ], [ -73.916060372760043, 40.803375313356369 ] ] ] } },
{ "type": "Feature", "properties": { "Street": "BRUCKNER EXPRESSWAY", "FeatureTyp": "0", "NonPed": "V", "TrafDir": "A", "SegmentID": "0348084", "PhysicalID": 201384.0, "StreetWidth_Min": 20.0, "StreetWidth_Max": 40.0, "Snow_Priority": "C", "Number_Travel_Lanes": " 2", "Number_Park_Lanes": "  ", "TRUCK_ROUTE_TYPE": "3" }, "geometry": { "type": "MultiLineString", "coordinates": [ [ [ -73.916369863492278, 40.803172528414834 ], [ -73.916343421078736, 40.803200762349853 ], [ -73.916316979365817, 40.803228995730208 ] ] ] } },
{ "type": "Feature", "properties": { "Street": "BRUCKNER EXPRESSWAY", "FeatureTyp": "0", "NonPed": "V", "TrafDir": "A", "SegmentID": "0348085", "PhysicalID": 201384.0, "StreetWidth_Min": 20.0, "StreetWidth_Max": 40.0, "Snow_Priority": "C", "Number_Travel_Lanes": " 2", "Number_Park_Lanes": "  ", "TRUCK_ROUTE_TYPE": "3" }, "geometry": { "type": "MultiLineString", "coordinates": [ [ [ -73.91639990179722, 40.803140455561689 ], [ -73.916369863492278, 40.803172528414834 ] ] ] } },
{ "type": "Feature", "properties": { "Street": "RFK BR BRONX PED AND BIKE PATH", "FeatureTyp": "0", "NonPed": "D", "TrafDir": "P", "SegmentID": "0348289", "PhysicalID": 132826.0, "StreetWidth_Min": null, "StreetWidth_Max": null, "Snow_Priority": " ", "Number_Travel_Lanes": "  ", "Number_Park_Lanes": "  ", "TRUCK_ROUTE_TYPE": " " }, "geometry": { "type": "MultiLineString", "coordinates": [ [ [ -73.918682087264102, 40.799047961225504 ], [ -73.917446214916254, 40.800730211923536 ] ] ] } },
{ "type": "Feature", "properties": { "Street": "BRUCKNER EXPRESSWAY EB EXIT 47", "FeatureTyp": "0", "NonPed": "V", "TrafDir": "W", "SegmentID": "0348293", "PhysicalID": 199060.0, "StreetWidth_Min": 26.0, "StreetWidth_Max": 44.0, "Snow_Priority": "V", "Number_Travel_Lanes": " 2", "Number_Park_Lanes": "  ", "TRUCK_ROUTE_TYPE": "3" }, "geometry": { "type": "MultiLineString", "coordinates": [ [ [ -73.916607029578984, 40.802091927674297 ], [ -73.916580927753486, 40.802199862759267 ] ] ] } },
{ "type": "Feature", "properties": { "Street": "BRUCKNER EXPRESSWAY EB EXIT 47", "FeatureTyp": "0", "NonPed": "V", "TrafDir": "W", "SegmentID": "0348294", "PhysicalID": 199061.0, "StreetWidth_Min": 26.0, "StreetWidth_Max": 44.0, "Snow_Priority": "V", "Number_Travel_Lanes": " 2", "Number_Park_Lanes": "  ", "TRUCK_ROUTE_TYPE": "3" }, "geometry": { "type": "MultiLineString", "coordinates": [ [ [ -73.916648374912739, 40.801975661829061 ], [ -73.916607029578984, 40.802091927674297 ] ] ] } },
{ "type": "Feature", "properties": { "Street": "BRUCKNER EXPRESSWAY", "FeatureTyp": "0", "NonPed": "V", "TrafDir": "W", "SegmentID": "0348295", "PhysicalID": null, "StreetWidth_Min": null, "StreetWidth_Max": null, "Snow_Priority": "C", "Number_Travel_Lanes": "  ", "Number_Park_Lanes": "  ", "TRUCK_ROUTE_TYPE": " " }, "geometry": { "type": "MultiLineString", "coordinates": [ [ [ -73.916745097974072, 40.802014320397717 ], [ -73.916607029578984, 40.802091927674297 ] ] ] } },
{ "type": "Feature", "properties": { "Street": "BRUCKNER EXPRESSWAY", "FeatureTyp": "0", "NonPed": "V", "TrafDir": "W", "SegmentID": "0348296", "PhysicalID": null, "StreetWidth_Min": null, "StreetWidth_Max": null, "Snow_Priority": "C", "Number_Travel_Lanes": "  ", "Number_Park_Lanes": "  ", "TRUCK_ROUTE_TYPE": " " }, "geometry": { "type": "MultiLineString", "coordinates": [ [ [ -73.916607029578984, 40.802091927674297 ], [ -73.916459834215345, 40.802152740320345 ] ] ] } },
{ "type": "Feature", "properties": { "Street": "BRUCKNER EXPRESSWAY", "FeatureTyp": "0", "NonPed": "V", "TrafDir": "W", "SegmentID": "0348300", "PhysicalID": 199062.0, "StreetWidth_Min": 26.0, "StreetWidth_Max": 44.0, "Snow_Priority": "C", "Number_Travel_Lanes": " 2", "Number_Park_Lanes": "  ", "TRUCK_ROUTE_TYPE": "3" }, "geometry": { "type": "MultiLineString", "coordinates": [ [ [ -73.916560989956494, 40.802073915296589 ], [ -73.916459834215345, 40.802152740320345 ] ] ] } },
{ "type": "Feature", "properties": { "Street": "BRUCKNER EXPRESSWAY", "FeatureTyp": "0", "NonPed": "V", "TrafDir": "W", "SegmentID": "0348301", "PhysicalID": 199062.0, "StreetWidth_Min": 26.0, "StreetWidth_Max": 44.0, "Snow_Priority": "C", "Number_Travel_Lanes": " 2", "Number_Park_Lanes": "  ", "TRUCK_ROUTE_TYPE": "3" }, "geometry": { "type": "MultiLineString", "coordinates": [ [ [ -73.916648374912739, 40.801975661829061 ], [ -73.916560989956494, 40.802073915296589 ] ] ] } },
{ "type": "Feature", "properties": { "Street": "BRUCKNER EXPRESSWAY EB EXIT 47", "FeatureTyp": "0", "NonPed": "V", "TrafDir": "W", "SegmentID": "0348302", "PhysicalID": 199398.0, "StreetWidth_Min": 22.0, "StreetWidth_Max": 40.0, "Snow_Priority": "V", "Number_Travel_Lanes": " 2", "Number_Park_Lanes": "  ", "TRUCK_ROUTE_TYPE": "3" }, "geometry": { "type": "MultiLineString", "coordinates": [ [ [ -73.916580927753486, 40.802199862759267 ], [ -73.916289924132997, 40.802668568698827 ], [ -73.916268116558697, 40.80272093612097 ], [ -73.916251215669362, 40.802774340412341 ], [ -73.916239305377943, 40.802828516458028 ], [ -73.916232444822938, 40.802883195311217 ], [ -73.916230668074917, 40.802938105528241 ], [ -73.916233983966976, 40.802992974516364 ], [ -73.916242376050107, 40.80304752988674 ], [ -73.916255802675735, 40.803101500806918 ], [ -73.91627419720102, 40.803154619344973 ] ] ] } },
{ "type": "Feature", "properties": { "Street": "FRESH DIRECT DRIVE", "FeatureTyp": "6", "NonPed": " ", "TrafDir": "T", "SegmentID": "0348950", "PhysicalID": 199457.0, "StreetWidth_Min": null, "StreetWidth_Max": null, "Snow_Priority": "V", "Number_Travel_Lanes": "  ", "Number_Park_Lanes": "  ", "TRUCK_ROUTE_TYPE": " " }, "geometry": { "type": "MultiLineString", "coordinates": [ [ [ -73.921166582369111, 40.80173875015852 ], [ -73.920811930380893, 40.802192301629873 ] ] ] } },
{ "type": "Feature", "properties": { "Street": "MAJOR DEEGAN EXPRESSWAY", "FeatureTyp": "0", "NonPed": "V", "TrafDir": "W", "SegmentID": "0351949", "PhysicalID": 50705.0, "StreetWidth_Min": 46.0, "StreetWidth_Max": 50.0, "Snow_Priority": "C", "Number_Travel_Lanes": " 3", "Number_Park_Lanes": "  ", "TRUCK_ROUTE_TYPE": "3" }, "geometry": { "type": "MultiLineString", "coordinates": [ [ [ -73.920163594512587, 40.805140169496887 ], [ -73.920474209047356, 40.805271728384128 ] ] ] } },
{ "type": "Feature", "properties": { "Street": "MAJOR DEEGAN EXPRESSWAY", "FeatureTyp": "0", "NonPed": "V", "TrafDir": "W", "SegmentID": "0351950", "PhysicalID": 50705.0, "StreetWidth_Min": 46.0, "StreetWidth_Max": 50.0, "Snow_Priority": "C", "Number_Travel_Lanes": " 3", "Number_Park_Lanes": "  ", "TRUCK_ROUTE_TYPE": "3" }, "geometry": { "type": "MultiLineString", "coordinates": [ [ [ -73.920474209047356, 40.805271728384128 ], [ -73.920736048345091, 40.805382627387978 ], [ -73.920794335181668, 40.805407313715165 ] ] ] } },
{ "type": "Feature", "properties": { "Street": "MAJOR DEEGAN EXPRESSWAY", "FeatureTyp": "0", "NonPed": "V", "TrafDir": "T", "SegmentID": "0351952", "PhysicalID": null, "StreetWidth_Min": null, "StreetWidth_Max": null, "Snow_Priority": "C", "Number_Travel_Lanes": "  ", "Number_Park_Lanes": "  ", "TRUCK_ROUTE_TYPE": " " }, "geometry": { "type": "MultiLineString", "coordinates": [ [ [ -73.920509218820996, 40.805222409494505 ], [ -73.920830855418416, 40.805360405087214 ] ] ] } },
{ "type": "Feature", "properties": { "Street": "MAJOR DEEGAN EXPRESSWAY", "FeatureTyp": "0", "NonPed": "V", "TrafDir": "A", "SegmentID": "0351953", "PhysicalID": 203389.0, "StreetWidth_Min": 34.0, "StreetWidth_Max": 52.0, "Snow_Priority": "C", "Number_Travel_Lanes": " 3", "Number_Park_Lanes": "  ", "TRUCK_ROUTE_TYPE": "3" }, "geometry": { "type": "MultiLineString", "coordinates": [ [ [ -73.920305076028995, 40.805068897105315 ], [ -73.920536563684905, 40.805169956872128 ] ] ] } },
{ "type": "Feature", "properties": { "Street": "MAJOR DEEGAN EXPRESSWAY", "FeatureTyp": "0", "NonPed": "V", "TrafDir": "A", "SegmentID": "0351954", "PhysicalID": 201722.0, "StreetWidth_Min": 34.0, "StreetWidth_Max": 52.0, "Snow_Priority": "C", "Number_Travel_Lanes": " 3", "Number_Park_Lanes": "  ", "TRUCK_ROUTE_TYPE": "3" }, "geometry": { "type": "MultiLineString", "coordinates": [ [ [ -73.920536563684905, 40.805169956872128 ], [ -73.920863846586016, 40.805312836388516 ] ] ] } },
{ "type": "Feature", "properties": { "Street": "ST ANNS AVENUE", "FeatureTyp": "0", "NonPed": " ", "TrafDir": "T", "SegmentID": "0351969", "PhysicalID": 201731.0, "StreetWidth_Min": 50.0, "StreetWidth_Max": 52.0, "Snow_Priority": "C", "Number_Travel_Lanes": " 2", "Number_Park_Lanes": " 2", "TRUCK_ROUTE_TYPE": " " }, "geometry": { "type": "MultiLineString", "coordinates": [ [ [ -73.919014552657998, 40.804642168016713 ], [ -73.918961408500678, 40.804713726578633 ] ] ] } },
{ "type": "Feature", "properties": { "Street": "ST ANNS AVENUE", "FeatureTyp": "0", "NonPed": " ", "TrafDir": "T", "SegmentID": "0351970", "PhysicalID": 201733.0, "StreetWidth_Min": 50.0, "StreetWidth_Max": 52.0, "Snow_Priority": "C", "Number_Travel_Lanes": " 2", "Number_Park_Lanes": " 2", "TRUCK_ROUTE_TYPE": " " }, "geometry": { "type": "MultiLineString", "coordinates": [ [ [ -73.918961408500678, 40.804713726578633 ], [ -73.91881906860047, 40.8049053883691 ] ] ] } },
{ "type": "Feature", "properties": { "Street": "MAJOR DEEGAN EP NB EN CYPRESS AV", "FeatureTyp": "0", "NonPed": "V", "TrafDir": "W", "SegmentID": "0351971", "PhysicalID": 201732.0, "StreetWidth_Min": 12.0, "StreetWidth_Max": 12.0, "Snow_Priority": "C", "Number_Travel_Lanes": " 1", "Number_Park_Lanes": "  ", "TRUCK_ROUTE_TYPE": "3" }, "geometry": { "type": "MultiLineString", "coordinates": [ [ [ -73.918961408500678, 40.804713726578633 ], [ -73.920007286159148, 40.805130059908905 ], [ -73.920163594512587, 40.805140169496887 ] ] ] } },
{ "type": "Feature", "properties": { "Street": "ST ANNS AVENUE", "FeatureTyp": "0", "NonPed": " ", "TrafDir": "T", "SegmentID": "0351974", "PhysicalID": 59541.0, "StreetWidth_Min": 50.0, "StreetWidth_Max": 52.0, "Snow_Priority": "C", "Number_Travel_Lanes": " 2", "Number_Park_Lanes": " 2", "TRUCK_ROUTE_TYPE": " " }, "geometry": { "type": "MultiLineString", "coordinates": [ [ [ -73.919094543683173, 40.804532947299926 ], [ -73.919014552657998, 40.804642168016713 ] ] ] } },
{ "type": "Feature", "properties": { "Street": "CRIMMINS AVENUE", "FeatureTyp": "0", "NonPed": " ", "TrafDir": "W", "SegmentID": "0353272", "PhysicalID": 202688.0, "StreetWidth_Min": 34.0, "StreetWidth_Max": 34.0, "Snow_Priority": "S", "Number_Travel_Lanes": " 1", "Number_Park_Lanes": " 2", "TRUCK_ROUTE_TYPE": " " }, "geometry": { "type": "MultiLineString", "coordinates": [ [ [ -73.915391993865398, 40.808453383407219 ], [ -73.915050243048512, 40.809068526227364 ] ] ] } },
{ "type": "Feature", "properties": { "Street": "CRIMMINS AVENUE", "FeatureTyp": "0", "NonPed": " ", "TrafDir": "W", "SegmentID": "0353275", "PhysicalID": 202729.0, "StreetWidth_Min": 34.0, "StreetWidth_Max": 34.0, "Snow_Priority": "S", "Number_Travel_Lanes": " 1", "Number_Park_Lanes": " 2", "TRUCK_ROUTE_TYPE": " " }, "geometry": { "type": "MultiLineString", "coordinates": [ [ [ -73.914993652345501, 40.809165362305663 ], [ -73.914630574702926, 40.809755573131099 ] ] ] } },
{ "type": "Feature", "properties": { "Street": "CRIMMINS AVENUE", "FeatureTyp": "0", "NonPed": " ", "TrafDir": "W", "SegmentID": "0353309", "PhysicalID": 202746.0, "StreetWidth_Min": 34.0, "StreetWidth_Max": 34.0, "Snow_Priority": "S", "Number_Travel_Lanes": " 1", "Number_Park_Lanes": " 2", "TRUCK_ROUTE_TYPE": " " }, "geometry": { "type": "MultiLineString", "coordinates": [ [ [ -73.915050243048512, 40.809068526227364 ], [ -73.914993652345501, 40.809165362305663 ] ] ] } },
{ "type": "Feature", "properties": { "Street": "PEDESTRIAN PATH", "FeatureTyp": "0", "NonPed": " ", "TrafDir": "P", "SegmentID": "0353312", "PhysicalID": 202759.0, "StreetWidth_Min": null, "StreetWidth_Max": null, "Snow_Priority": " ", "Number_Travel_Lanes": "  ", "Number_Park_Lanes": "  ", "TRUCK_ROUTE_TYPE": " " }, "geometry": { "type": "MultiLineString", "coordinates": [ [ [ -73.914993652345501, 40.809165362305663 ], [ -73.914903852994073, 40.809131042996029 ] ] ] } },
{ "type": "Feature", "properties": { "Street": "PEDESTRIAN PATH", "FeatureTyp": "0", "NonPed": "D", "TrafDir": "P", "SegmentID": "0353315", "PhysicalID": 202737.0, "StreetWidth_Min": null, "StreetWidth_Max": null, "Snow_Priority": " ", "Number_Travel_Lanes": "  ", "Number_Park_Lanes": "  ", "TRUCK_ROUTE_TYPE": " " }, "geometry": { "type": "MultiLineString", "coordinates": [ [ [ -73.914903852994073, 40.809131042996029 ], [ -73.914933306745453, 40.809086987204047 ] ] ] } },
{ "type": "Feature", "properties": { "Street": "PEDESTRIAN PATH", "FeatureTyp": "0", "NonPed": " ", "TrafDir": "P", "SegmentID": "0353321", "PhysicalID": 202748.0, "StreetWidth_Min": null, "StreetWidth_Max": null, "Snow_Priority": " ", "Number_Travel_Lanes": "  ", "Number_Park_Lanes": "  ", "TRUCK_ROUTE_TYPE": " " }, "geometry": { "type": "MultiLineString", "coordinates": [ [ [ -73.915050243048512, 40.809068526227364 ], [ -73.914963548526046, 40.809039655333514 ] ] ] } },
{ "type": "Feature", "properties": { "Street": "PEDESTRIAN PATH", "FeatureTyp": "0", "NonPed": "D", "TrafDir": "P", "SegmentID": "0353322", "PhysicalID": 202757.0, "StreetWidth_Min": null, "StreetWidth_Max": null, "Snow_Priority": " ", "Number_Travel_Lanes": "  ", "Number_Park_Lanes": "  ", "TRUCK_ROUTE_TYPE": " " }, "geometry": { "type": "MultiLineString", "coordinates": [ [ [ -73.914963548526046, 40.809039655333514 ], [ -73.914933306745453, 40.809086987204047 ] ] ] } },
{ "type": "Feature", "properties": { "Street": "PEDESTRIAN PATH", "FeatureTyp": "0", "NonPed": "D", "TrafDir": "P", "SegmentID": "0353323", "PhysicalID": 202762.0, "StreetWidth_Min": null, "StreetWidth_Max": null, "Snow_Priority": " ", "Number_Travel_Lanes": "  ", "Number_Park_Lanes": "  ", "TRUCK_ROUTE_TYPE": " " }, "geometry": { "type": "MultiLineString", "coordinates": [ [ [ -73.914933306745453, 40.809086987204047 ], [ -73.914884161137053, 40.809067863568501 ] ] ] } },
{ "type": "Feature", "properties": { "Street": "PEDESTRIAN PATH", "FeatureTyp": "0", "NonPed": " ", "TrafDir": "P", "SegmentID": "0353324", "PhysicalID": 202761.0, "StreetWidth_Min": null, "StreetWidth_Max": null, "Snow_Priority": " ", "Number_Travel_Lanes": "  ", "Number_Park_Lanes": "  ", "TRUCK_ROUTE_TYPE": " " }, "geometry": { "type": "MultiLineString", "coordinates": [ [ [ -73.914884161137053, 40.809067863568501 ], [ -73.914849353112245, 40.809054318450336 ] ] ] } },
{ "type": "Feature", "properties": { "Street": "2000 CB BOUNDARY", "FeatureTyp": "3", "NonPed": " ", "TrafDir": " ", "SegmentID": "0173382", "PhysicalID": null, "StreetWidth_Min": null, "StreetWidth_Max": null, "Snow_Priority": " ", "Number_Travel_Lanes": "  ", "Number_Park_Lanes": "  ", "TRUCK_ROUTE_TYPE": " " }, "geometry": { "type": "MultiLineString", "coordinates": [ [ [ -73.930626273150793, 40.810481159162919 ], [ -73.930480445931423, 40.810529122095119 ] ] ] } },
{ "type": "Feature", "properties": { "Street": "2000 CB BOUNDARY", "FeatureTyp": "3", "NonPed": " ", "TrafDir": " ", "SegmentID": "0173578", "PhysicalID": null, "StreetWidth_Min": null, "StreetWidth_Max": null, "Snow_Priority": " ", "Number_Travel_Lanes": "  ", "Number_Park_Lanes": "  ", "TRUCK_ROUTE_TYPE": " " }, "geometry": { "type": "MultiLineString", "coordinates": [ [ [ -73.917379090743538, 40.803012021018169 ], [ -73.917287626035673, 40.803147507610852 ] ] ] } },
{ "type": "Feature", "properties": { "Street": "2000 CB BOUNDARY", "FeatureTyp": "3", "NonPed": " ", "TrafDir": " ", "SegmentID": "0108728", "PhysicalID": null, "StreetWidth_Min": null, "StreetWidth_Max": null, "Snow_Priority": " ", "Number_Travel_Lanes": "  ", "Number_Park_Lanes": "  ", "TRUCK_ROUTE_TYPE": " " }, "geometry": { "type": "MultiLineString", "coordinates": [ [ [ -73.914630574702926, 40.809755573131099 ], [ -73.914486273366151, 40.809687253206775 ] ] ] } },
{ "type": "Feature", "properties": { "Street": "2000 CB BOUNDARY", "FeatureTyp": "3", "NonPed": " ", "TrafDir": " ", "SegmentID": "0070126", "PhysicalID": null, "StreetWidth_Min": null, "StreetWidth_Max": null, "Snow_Priority": " ", "Number_Travel_Lanes": "  ", "Number_Park_Lanes": "  ", "TRUCK_ROUTE_TYPE": " " }, "geometry": { "type": "MultiLineString", "coordinates": [ [ [ -73.915701497628604, 40.80273370484533 ], [ -73.915609110336334, 40.802669134512826 ] ] ] } },
{ "type": "Feature", "properties": { "Street": "2000 CB BOUNDARY", "FeatureTyp": "3", "NonPed": " ", "TrafDir": " ", "SegmentID": "0069554", "PhysicalID": null, "StreetWidth_Min": null, "StreetWidth_Max": null, "Snow_Priority": " ", "Number_Travel_Lanes": "  ", "Number_Park_Lanes": "  ", "TRUCK_ROUTE_TYPE": " " }, "geometry": { "type": "MultiLineString", "coordinates": [ [ [ -73.930319501159545, 40.806190145316876 ], [ -73.930127045123896, 40.806355134754853 ] ] ] } },
{ "type": "Feature", "properties": { "Street": "2000 CB BOUNDARY", "FeatureTyp": "3", "NonPed": " ", "TrafDir": " ", "SegmentID": "0173601", "PhysicalID": null, "StreetWidth_Min": null, "StreetWidth_Max": null, "Snow_Priority": " ", "Number_Travel_Lanes": "  ", "Number_Park_Lanes": "  ", "TRUCK_ROUTE_TYPE": " " }, "geometry": { "type": "MultiLineString", "coordinates": [ [ [ -73.914416371765199, 40.803383386669729 ], [ -73.9145178351705, 40.803236527387853 ] ] ] } },
{ "type": "Feature", "properties": { "Street": "2000 CB BOUNDARY", "FeatureTyp": "3", "NonPed": " ", "TrafDir": " ", "SegmentID": "0173602", "PhysicalID": null, "StreetWidth_Min": null, "StreetWidth_Max": null, "Snow_Priority": " ", "Number_Travel_Lanes": "  ", "Number_Park_Lanes": "  ", "TRUCK_ROUTE_TYPE": " " }, "geometry": { "type": "MultiLineString", "coordinates": [ [ [ -73.9145178351705, 40.803236527387853 ], [ -73.914604299750806, 40.803113682597143 ] ] ] } },
{ "type": "Feature", "properties": { "Street": "2000 CB BOUNDARY", "FeatureTyp": "3", "NonPed": " ", "TrafDir": " ", "SegmentID": "0173579", "PhysicalID": null, "StreetWidth_Min": null, "StreetWidth_Max": null, "Snow_Priority": " ", "Number_Travel_Lanes": "  ", "Number_Park_Lanes": "  ", "TRUCK_ROUTE_TYPE": " " }, "geometry": { "type": "MultiLineString", "coordinates": [ [ [ -73.917287626035673, 40.803147507610852 ], [ -73.917290486695535, 40.803220243279547 ] ] ] } },
{ "type": "Feature", "properties": { "Street": "2000 CB BOUNDARY", "FeatureTyp": "3", "NonPed": " ", "TrafDir": " ", "SegmentID": "0069556", "PhysicalID": null, "StreetWidth_Min": null, "StreetWidth_Max": null, "Snow_Priority": " ", "Number_Travel_Lanes": "  ", "Number_Park_Lanes": "  ", "TRUCK_ROUTE_TYPE": " " }, "geometry": { "type": "MultiLineString", "coordinates": [ [ [ -73.930054588854006, 40.8059023472861 ], [ -73.929834866684232, 40.806143385366973 ] ] ] } },
{ "type": "Feature", "properties": { "Street": "DISTRICT BOUNDARY", "FeatureTyp": "7", "NonPed": " ", "TrafDir": " ", "SegmentID": "0069878", "PhysicalID": null, "StreetWidth_Min": null, "StreetWidth_Max": null, "Snow_Priority": " ", "Number_Travel_Lanes": "  ", "Number_Park_Lanes": "  ", "TRUCK_ROUTE_TYPE": " " }, "geometry": { "type": "MultiLineString", "coordinates": [ [ [ -73.922596109925493, 40.802188200762203 ], [ -73.922482272768903, 40.80246568479938 ] ] ] } },
{ "type": "Feature", "properties": { "Street": "DISTRICT BOUNDARY", "FeatureTyp": "7", "NonPed": " ", "TrafDir": " ", "SegmentID": "0069886", "PhysicalID": null, "StreetWidth_Min": null, "StreetWidth_Max": null, "Snow_Priority": " ", "Number_Travel_Lanes": "  ", "Number_Park_Lanes": "  ", "TRUCK_ROUTE_TYPE": " " }, "geometry": { "type": "MultiLineString", "coordinates": [ [ [ -73.922492484377486, 40.802895842533069 ], [ -73.922078864503831, 40.803678331206406 ] ] ] } },
{ "type": "Feature", "properties": { "Street": "DISTRICT BOUNDARY", "FeatureTyp": "7", "NonPed": " ", "TrafDir": " ", "SegmentID": "0119834", "PhysicalID": null, "StreetWidth_Min": null, "StreetWidth_Max": null, "Snow_Priority": " ", "Number_Travel_Lanes": "  ", "Number_Park_Lanes": "  ", "TRUCK_ROUTE_TYPE": " " }, "geometry": { "type": "MultiLineString", "coordinates": [ [ [ -73.922482272768903, 40.80246568479938 ], [ -73.922492484377486, 40.802895842533069 ] ] ] } },
{ "type": "Feature", "properties": { "Street": "ST ANNS CEMETERY BOUNDARY", "FeatureTyp": "8", "NonPed": " ", "TrafDir": " ", "SegmentID": "0111905", "PhysicalID": null, "StreetWidth_Min": null, "StreetWidth_Max": null, "Snow_Priority": " ", "Number_Travel_Lanes": "  ", "Number_Park_Lanes": "  ", "TRUCK_ROUTE_TYPE": " " }, "geometry": { "type": "MultiLineString", "coordinates": [ [ [ -73.917225248278442, 40.808214893378739 ], [ -73.916682242067751, 40.807995978218642 ] ] ] } },
{ "type": "Feature", "properties": { "Street": "ST ANNS CEMETERY BOUNDARY", "FeatureTyp": "8", "NonPed": " ", "TrafDir": " ", "SegmentID": "0111907", "PhysicalID": null, "StreetWidth_Min": null, "StreetWidth_Max": null, "Snow_Priority": " ", "Number_Travel_Lanes": "  ", "Number_Park_Lanes": "  ", "TRUCK_ROUTE_TYPE": " " }, "geometry": { "type": "MultiLineString", "coordinates": [ [ [ -73.916506074257143, 40.80826724311158 ], [ -73.917050978831909, 40.808467403008819 ] ] ] } },
{ "type": "Feature", "properties": { "Street": "ST ANNS CEMETERY BOUNDARY", "FeatureTyp": "8", "NonPed": " ", "TrafDir": " ", "SegmentID": "0111906", "PhysicalID": null, "StreetWidth_Min": null, "StreetWidth_Max": null, "Snow_Priority": " ", "Number_Travel_Lanes": "  ", "Number_Park_Lanes": "  ", "TRUCK_ROUTE_TYPE": " " }, "geometry": { "type": "MultiLineString", "coordinates": [ [ [ -73.917050978831909, 40.808467403008819 ], [ -73.917225248278442, 40.808214893378739 ] ] ] } },
{ "type": "Feature", "properties": { "Street": "DISTRICT BOUNDARY", "FeatureTyp": "3", "NonPed": " ", "TrafDir": " ", "SegmentID": "8002192", "PhysicalID": null, "StreetWidth_Min": null, "StreetWidth_Max": null, "Snow_Priority": " ", "Number_Travel_Lanes": "  ", "Number_Park_Lanes": "  ", "TRUCK_ROUTE_TYPE": " " }, "geometry": { "type": "MultiLineString", "coordinates": [ [ [ -73.916240876560607, 40.805393820661145 ], [ -73.916870358877375, 40.804511816654227 ] ] ] } },
{ "type": "Feature", "properties": { "Street": "DISTRICT BOUNDARY", "FeatureTyp": "3", "NonPed": " ", "TrafDir": " ", "SegmentID": "8002193", "PhysicalID": null, "StreetWidth_Min": null, "StreetWidth_Max": null, "Snow_Priority": " ", "Number_Travel_Lanes": "  ", "Number_Park_Lanes": "  ", "TRUCK_ROUTE_TYPE": " " }, "geometry": { "type": "MultiLineString", "coordinates": [ [ [ -73.916870358877375, 40.804511816654227 ], [ -73.917089952722179, 40.804190278864652 ] ] ] } },
{ "type": "Feature", "properties": { "Street": "DISTRICT BOUNDARY", "FeatureTyp": "7", "NonPed": " ", "TrafDir": " ", "SegmentID": "8002205", "PhysicalID": null, "StreetWidth_Min": null, "StreetWidth_Max": null, "Snow_Priority": " ", "Number_Travel_Lanes": "  ", "Number_Park_Lanes": "  ", "TRUCK_ROUTE_TYPE": " " }, "geometry": { "type": "MultiLineString", "coordinates": [ [ [ -73.925795492187092, 40.812963515546464 ], [ -73.925209042523164, 40.812710348774615 ] ] ] } },
{ "type": "Feature", "properties": { "Street": "DISTRICT BOUNDARY", "FeatureTyp": "7", "NonPed": " ", "TrafDir": " ", "SegmentID": "8002211", "PhysicalID": null, "StreetWidth_Min": null, "StreetWidth_Max": null, "Snow_Priority": " ", "Number_Travel_Lanes": "  ", "Number_Park_Lanes": "  ", "TRUCK_ROUTE_TYPE": " " }, "geometry": { "type": "MultiLineString", "coordinates": [ [ [ -73.924834397665094, 40.813339740048349 ], [ -73.925327122837771, 40.813600810472103 ] ] ] } },
{ "type": "Feature", "properties": { "Street": "2010 CB BOUNDARY", "FeatureTyp": "3", "NonPed": " ", "TrafDir": " ", "SegmentID": "0215188", "PhysicalID": null, "StreetWidth_Min": null, "StreetWidth_Max": null, "Snow_Priority": " ", "Number_Travel_Lanes": "  ", "Number_Park_Lanes": "  ", "TRUCK_ROUTE_TYPE": " " }, "geometry": { "type": "MultiLineString", "coordinates": [ [ [ -73.91920662600451, 40.813327420145036 ], [ -73.918988945713309, 40.813621652590193 ], [ -73.916705041922327, 40.812746800532366 ], [ -73.916858571373098, 40.812439814199848 ] ] ] } },
{ "type": "Feature", "properties": { "Street": "2010 CB BOUNDARY", "FeatureTyp": "3", "NonPed": " ", "TrafDir": " ", "SegmentID": "0223585", "PhysicalID": null, "StreetWidth_Min": null, "StreetWidth_Max": null, "Snow_Priority": " ", "Number_Travel_Lanes": "  ", "Number_Park_Lanes": "  ", "TRUCK_ROUTE_TYPE": " " }, "geometry": { "type": "MultiLineString", "coordinates": [ [ [ -73.917453969909587, 40.80114014039097 ], [ -73.917379933231715, 40.801106956839085 ] ] ] } },
{ "type": "Feature", "properties": { "Street": "2010 CB BOUNDARY", "FeatureTyp": "3", "NonPed": " ", "TrafDir": " ", "SegmentID": "0223595", "PhysicalID": null, "StreetWidth_Min": null, "StreetWidth_Max": null, "Snow_Priority": " ", "Number_Travel_Lanes": "  ", "Number_Park_Lanes": "  ", "TRUCK_ROUTE_TYPE": " " }, "geometry": { "type": "MultiLineString", "coordinates": [ [ [ -73.917379933231715, 40.801106956839085 ], [ -73.917303565368101, 40.801080266142051 ] ] ] } },
{ "type": "Feature", "properties": { "Street": "2010 CB BOUNDARY", "FeatureTyp": "3", "NonPed": " ", "TrafDir": " ", "SegmentID": "0241987", "PhysicalID": null, "StreetWidth_Min": null, "StreetWidth_Max": null, "Snow_Priority": " ", "Number_Travel_Lanes": "  ", "Number_Park_Lanes": "  ", "TRUCK_ROUTE_TYPE": " " }, "geometry": { "type": "MultiLineString", "coordinates": [ [ [ -73.913923947872689, 40.799676474382728 ], [ -73.917213841381681, 40.801044857879539 ] ] ] } },
{ "type": "Feature", "properties": { "Street": "2010 CB BOUNDARY", "FeatureTyp": "3", "NonPed": " ", "TrafDir": " ", "SegmentID": "0241988", "PhysicalID": null, "StreetWidth_Min": null, "StreetWidth_Max": null, "Snow_Priority": " ", "Number_Travel_Lanes": "  ", "Number_Park_Lanes": "  ", "TRUCK_ROUTE_TYPE": " " }, "geometry": { "type": "MultiLineString", "coordinates": [ [ [ -73.917213841381681, 40.801044857879539 ], [ -73.917303565368101, 40.801080266142051 ] ] ] } },
{ "type": "Feature", "properties": { "Street": "2010 CB BOUNDARY", "FeatureTyp": "3", "NonPed": " ", "TrafDir": " ", "SegmentID": "0258683", "PhysicalID": null, "StreetWidth_Min": null, "StreetWidth_Max": null, "Snow_Priority": " ", "Number_Travel_Lanes": "  ", "Number_Park_Lanes": "  ", "TRUCK_ROUTE_TYPE": " " }, "geometry": { "type": "MultiLineString", "coordinates": [ [ [ -73.924683195943715, 40.806532087854954 ], [ -73.92454444877913, 40.806471023053994 ] ] ] } },
{ "type": "Feature", "properties": { "Street": "DISTRICT BOUNDARY", "FeatureTyp": "7", "NonPed": " ", "TrafDir": " ", "SegmentID": "0265833", "PhysicalID": null, "StreetWidth_Min": null, "StreetWidth_Max": null, "Snow_Priority": " ", "Number_Travel_Lanes": "  ", "Number_Park_Lanes": "  ", "TRUCK_ROUTE_TYPE": " " }, "geometry": { "type": "MultiLineString", "coordinates": [ [ [ -73.918880185365083, 40.806517648713658 ], [ -73.91920697513676, 40.805997705506712 ] ] ] } },
{ "type": "Feature", "properties": { "Street": "DISTRICT BOUNDARY", "FeatureTyp": "7", "NonPed": " ", "TrafDir": " ", "SegmentID": "0265834", "PhysicalID": null, "StreetWidth_Min": null, "StreetWidth_Max": null, "Snow_Priority": " ", "Number_Travel_Lanes": "  ", "Number_Park_Lanes": "  ", "TRUCK_ROUTE_TYPE": " " }, "geometry": { "type": "MultiLineString", "coordinates": [ [ [ -73.91920697513676, 40.805997705506712 ], [ -73.919751380101175, 40.805292490322493 ] ] ] } },
{ "type": "Feature", "properties": { "Street": "2010 CB BOUNDARY", "FeatureTyp": "3", "NonPed": " ", "TrafDir": " ", "SegmentID": "0265852", "PhysicalID": null, "StreetWidth_Min": null, "StreetWidth_Max": null, "Snow_Priority": " ", "Number_Travel_Lanes": "  ", "Number_Park_Lanes": "  ", "TRUCK_ROUTE_TYPE": " " }, "geometry": { "type": "MultiLineString", "coordinates": [ [ [ -73.927653480569873, 40.810267632865845 ], [ -73.92735029440567, 40.810137670311278 ], [ -73.927377445560154, 40.810089154940712 ], [ -73.927017604302208, 40.80992568389977 ] ] ] } },
{ "type": "Feature", "properties": { "Street": "DISTRICT BOUNDARY", "FeatureTyp": "7", "NonPed": " ", "TrafDir": " ", "SegmentID": "0266044", "PhysicalID": null, "StreetWidth_Min": null, "StreetWidth_Max": null, "Snow_Priority": " ", "Number_Travel_Lanes": "  ", "Number_Park_Lanes": "  ", "TRUCK_ROUTE_TYPE": " " }, "geometry": { "type": "MultiLineString", "coordinates": [ [ [ -73.92294163114191, 40.813058915321406 ], [ -73.922565392244238, 40.812535632766533 ] ] ] } },
{ "type": "Feature", "properties": { "Street": "DISTRICT BOUNDARY", "FeatureTyp": "7", "NonPed": " ", "TrafDir": " ", "SegmentID": "0266057", "PhysicalID": null, "StreetWidth_Min": null, "StreetWidth_Max": null, "Snow_Priority": " ", "Number_Travel_Lanes": "  ", "Number_Park_Lanes": "  ", "TRUCK_ROUTE_TYPE": " " }, "geometry": { "type": "MultiLineString", "coordinates": [ [ [ -73.922565392244238, 40.812535632766533 ], [ -73.922025588482555, 40.811784843076488 ] ] ] } },
{ "type": "Feature", "properties": { "Street": "DISTRICT BOUNDARY", "FeatureTyp": "7", "NonPed": " ", "TrafDir": " ", "SegmentID": "0266058", "PhysicalID": null, "StreetWidth_Min": null, "StreetWidth_Max": null, "Snow_Priority": " ", "Number_Travel_Lanes": "  ", "Number_Park_Lanes": "  ", "TRUCK_ROUTE_TYPE": " " }, "geometry": { "type": "MultiLineString", "coordinates": [ [ [ -73.922025588482555, 40.811784843076488 ], [ -73.921485929620772, 40.811034235303374 ] ] ] } },
{ "type": "Feature", "properties": { "Street": "DISTRICT BOUNDARY", "FeatureTyp": "7", "NonPed": " ", "TrafDir": " ", "SegmentID": "0266116", "PhysicalID": null, "StreetWidth_Min": null, "StreetWidth_Max": null, "Snow_Priority": " ", "Number_Travel_Lanes": "  ", "Number_Park_Lanes": "  ", "TRUCK_ROUTE_TYPE": " " }, "geometry": { "type": "MultiLineString", "coordinates": [ [ [ -73.923490749535162, 40.814087379277041 ], [ -73.923918433487998, 40.813860575523634 ] ] ] } },
{ "type": "Feature", "properties": { "Street": "DISTRICT BOUNDARY", "FeatureTyp": "7", "NonPed": " ", "TrafDir": " ", "SegmentID": "0266129", "PhysicalID": null, "StreetWidth_Min": null, "StreetWidth_Max": null, "Snow_Priority": " ", "Number_Travel_Lanes": "  ", "Number_Park_Lanes": "  ", "TRUCK_ROUTE_TYPE": " " }, "geometry": { "type": "MultiLineString", "coordinates": [ [ [ -73.925209042523164, 40.812710348774615 ], [ -73.925172432228678, 40.81273466027811 ] ] ] } },
{ "type": "Feature", "properties": { "Street": "DISTRICT BOUNDARY", "FeatureTyp": "7", "NonPed": " ", "TrafDir": " ", "SegmentID": "0266307", "PhysicalID": null, "StreetWidth_Min": null, "StreetWidth_Max": null, "Snow_Priority": " ", "Number_Travel_Lanes": "  ", "Number_Park_Lanes": "  ", "TRUCK_ROUTE_TYPE": " " }, "geometry": { "type": "MultiLineString", "coordinates": [ [ [ -73.922440044070228, 40.814541780679598 ], [ -73.923038127231152, 40.814283128028201 ] ] ] } },
{ "type": "Feature", "properties": { "Street": "DISTRICT BOUNDARY", "FeatureTyp": "7", "NonPed": " ", "TrafDir": " ", "SegmentID": "0266308", "PhysicalID": null, "StreetWidth_Min": null, "StreetWidth_Max": null, "Snow_Priority": " ", "Number_Travel_Lanes": "  ", "Number_Park_Lanes": "  ", "TRUCK_ROUTE_TYPE": " " }, "geometry": { "type": "MultiLineString", "coordinates": [ [ [ -73.923038127231152, 40.814283128028201 ], [ -73.923490749535162, 40.814087379277041 ] ] ] } },
{ "type": "Feature", "properties": { "Street": "DISTRICT BOUNDARY", "FeatureTyp": "7", "NonPed": " ", "TrafDir": " ", "SegmentID": "0266592", "PhysicalID": null, "StreetWidth_Min": null, "StreetWidth_Max": null, "Snow_Priority": " ", "Number_Travel_Lanes": "  ", "Number_Park_Lanes": "  ", "TRUCK_ROUTE_TYPE": " " }, "geometry": { "type": "MultiLineString", "coordinates": [ [ [ -73.923918433487998, 40.813860575523634 ], [ -73.924329543444571, 40.813618548599884 ] ] ] } },
{ "type": "Feature", "properties": { "Street": "DISTRICT BOUNDARY", "FeatureTyp": "7", "NonPed": " ", "TrafDir": " ", "SegmentID": "0266593", "PhysicalID": null, "StreetWidth_Min": null, "StreetWidth_Max": null, "Snow_Priority": " ", "Number_Travel_Lanes": "  ", "Number_Park_Lanes": "  ", "TRUCK_ROUTE_TYPE": " " }, "geometry": { "type": "MultiLineString", "coordinates": [ [ [ -73.924329543444571, 40.813618548599884 ], [ -73.924834397665094, 40.813339740048349 ] ] ] } },
{ "type": "Feature", "properties": { "Street": "2010 CB BOUNDARY", "FeatureTyp": "3", "NonPed": " ", "TrafDir": " ", "SegmentID": "0276693", "PhysicalID": null, "StreetWidth_Min": null, "StreetWidth_Max": null, "Snow_Priority": " ", "Number_Travel_Lanes": "  ", "Number_Park_Lanes": "  ", "TRUCK_ROUTE_TYPE": " " }, "geometry": { "type": "MultiLineString", "coordinates": [ [ [ -73.924798299215482, 40.80658095103631 ], [ -73.924683195943715, 40.806532087854954 ] ] ] } },
{ "type": "Feature", "properties": { "Street": "2000 CB BOUNDARY", "FeatureTyp": "3", "NonPed": " ", "TrafDir": " ", "SegmentID": "0280442", "PhysicalID": null, "StreetWidth_Min": null, "StreetWidth_Max": null, "Snow_Priority": " ", "Number_Travel_Lanes": "  ", "Number_Park_Lanes": "  ", "TRUCK_ROUTE_TYPE": " " }, "geometry": { "type": "MultiLineString", "coordinates": [ [ [ -73.925125150828606, 40.804968471744132 ], [ -73.922881320073913, 40.804022474346631 ] ] ] } },
{ "type": "Feature", "properties": { "Street": "2010 CB BOUNDARY", "FeatureTyp": "3", "NonPed": " ", "TrafDir": " ", "SegmentID": "0289173", "PhysicalID": null, "StreetWidth_Min": null, "StreetWidth_Max": null, "Snow_Priority": " ", "Number_Travel_Lanes": "  ", "Number_Park_Lanes": "  ", "TRUCK_ROUTE_TYPE": " " }, "geometry": { "type": "MultiLineString", "coordinates": [ [ [ -73.924942290184362, 40.80664537244985 ], [ -73.924898490864919, 40.806625776779292 ] ] ] } },
{ "type": "Feature", "properties": { "Street": "2010 CB BOUNDARY", "FeatureTyp": "3", "NonPed": " ", "TrafDir": " ", "SegmentID": "0289174", "PhysicalID": null, "StreetWidth_Min": null, "StreetWidth_Max": null, "Snow_Priority": " ", "Number_Travel_Lanes": "  ", "Number_Park_Lanes": "  ", "TRUCK_ROUTE_TYPE": " " }, "geometry": { "type": "MultiLineString", "coordinates": [ [ [ -73.924898490864919, 40.806625776779292 ], [ -73.924798299215482, 40.80658095103631 ] ] ] } },
{ "type": "Feature", "properties": { "Street": "DISTRICT BOUNDARY", "FeatureTyp": "7", "NonPed": " ", "TrafDir": " ", "SegmentID": "0289215", "PhysicalID": null, "StreetWidth_Min": null, "StreetWidth_Max": null, "Snow_Priority": " ", "Number_Travel_Lanes": "  ", "Number_Park_Lanes": "  ", "TRUCK_ROUTE_TYPE": " " }, "geometry": { "type": "MultiLineString", "coordinates": [ [ [ -73.925125150828606, 40.804968471744132 ], [ -73.925710365995116, 40.805224843249718 ] ] ] } },
{ "type": "Feature", "properties": { "Street": "DISTRICT BOUNDARY", "FeatureTyp": "3", "NonPed": " ", "TrafDir": " ", "SegmentID": "0289216", "PhysicalID": null, "StreetWidth_Min": null, "StreetWidth_Max": null, "Snow_Priority": " ", "Number_Travel_Lanes": "  ", "Number_Park_Lanes": "  ", "TRUCK_ROUTE_TYPE": " " }, "geometry": { "type": "MultiLineString", "coordinates": [ [ [ -73.925710365995116, 40.805224843249718 ], [ -73.925726173808798, 40.80523234159638 ] ] ] } },
{ "type": "Feature", "properties": { "Street": "2000 CB BOUNDARY", "FeatureTyp": "3", "NonPed": " ", "TrafDir": " ", "SegmentID": "0316168", "PhysicalID": null, "StreetWidth_Min": null, "StreetWidth_Max": null, "Snow_Priority": " ", "Number_Travel_Lanes": "  ", "Number_Park_Lanes": "  ", "TRUCK_ROUTE_TYPE": " " }, "geometry": { "type": "MultiLineString", "coordinates": [ [ [ -73.917546749588567, 40.801179258229894 ], [ -73.917453969909587, 40.80114014039097 ] ] ] } },
{ "type": "Feature", "properties": { "Street": "2000 CB BOUNDARY", "FeatureTyp": "3", "NonPed": " ", "TrafDir": " ", "SegmentID": "0316169", "PhysicalID": null, "StreetWidth_Min": null, "StreetWidth_Max": null, "Snow_Priority": " ", "Number_Travel_Lanes": "  ", "Number_Park_Lanes": "  ", "TRUCK_ROUTE_TYPE": " " }, "geometry": { "type": "MultiLineString", "coordinates": [ [ [ -73.920618962203278, 40.802455909196276 ], [ -73.917546749588567, 40.801179258229894 ] ] ] } },
{ "type": "Feature", "properties": { "Street": "2020 CB BOUNDARY", "FeatureTyp": "3", "NonPed": " ", "TrafDir": " ", "SegmentID": "0325119", "PhysicalID": null, "StreetWidth_Min": null, "StreetWidth_Max": null, "Snow_Priority": " ", "Number_Travel_Lanes": "  ", "Number_Park_Lanes": "  ", "TRUCK_ROUTE_TYPE": " " }, "geometry": { "type": "MultiLineString", "coordinates": [ [ [ -73.920152875895198, 40.813721226227507 ], [ -73.919926999609743, 40.814041000423416 ], [ -73.920397999977666, 40.814236999994407 ], [ -73.920482999723703, 40.81412300008045 ], [ -73.920800999860859, 40.814256999998847 ], [ -73.92092663317213, 40.814344600039981 ] ] ] } },
{ "type": "Feature", "properties": { "Street": "2020 CB BOUNDARY", "FeatureTyp": "3", "NonPed": " ", "TrafDir": " ", "SegmentID": "0325129", "PhysicalID": null, "StreetWidth_Min": null, "StreetWidth_Max": null, "Snow_Priority": " ", "Number_Travel_Lanes": "  ", "Number_Park_Lanes": "  ", "TRUCK_ROUTE_TYPE": " " }, "geometry": { "type": "MultiLineString", "coordinates": [ [ [ -73.915110120517326, 40.811861408276052 ], [ -73.914951999935255, 40.812199000274006 ], [ -73.916284027474745, 40.812634644305213 ] ] ] } },
{ "type": "Feature", "properties": { "Street": "DISTRICT BOUNDARY", "FeatureTyp": "7", "NonPed": " ", "TrafDir": " ", "SegmentID": "0333284", "PhysicalID": null, "StreetWidth_Min": null, "StreetWidth_Max": null, "Snow_Priority": " ", "Number_Travel_Lanes": "  ", "Number_Park_Lanes": "  ", "TRUCK_ROUTE_TYPE": " " }, "geometry": { "type": "MultiLineString", "coordinates": [ [ [ -73.925210359244545, 40.808350232105845 ], [ -73.92537643421494, 40.808122298135132 ], [ -73.925250111564281, 40.808068993345259 ], [ -73.925384947040072, 40.807881226801882 ], [ -73.92549211793002, 40.807709123929584 ] ] ] } },
{ "type": "Feature", "properties": { "Street": "AMTRAK-CONNECTING RAIL LINE", "FeatureTyp": "1", "NonPed": " ", "TrafDir": " ", "SegmentID": "8106058", "PhysicalID": null, "StreetWidth_Min": null, "StreetWidth_Max": null, "Snow_Priority": " ", "Number_Travel_Lanes": "  ", "Number_Park_Lanes": "  ", "TRUCK_ROUTE_TYPE": " " }, "geometry": { "type": "MultiLineString", "coordinates": [ [ [ -73.930127045123896, 40.806355134754853 ], [ -73.929834866684232, 40.806143385366973 ] ] ] } },
{ "type": "Feature", "properties": { "Street": "AMTRAK-CONNECTING RAIL LINE", "FeatureTyp": "1", "NonPed": " ", "TrafDir": " ", "SegmentID": "8106088", "PhysicalID": null, "StreetWidth_Min": null, "StreetWidth_Max": null, "Snow_Priority": " ", "Number_Travel_Lanes": "  ", "Number_Park_Lanes": "  ", "TRUCK_ROUTE_TYPE": " " }, "geometry": { "type": "MultiLineString", "coordinates": [ [ [ -73.931133157304899, 40.807142532596949 ], [ -73.93089439133594, 40.80693657213542 ], [ -73.930646850945479, 40.806736476860124 ], [ -73.930390938219404, 40.8065425620524 ], [ -73.930127045123896, 40.806355134754853 ] ] ] } },
{ "type": "Feature", "properties": { "Street": "AMTRAK-CONNECTING RAIL LINE", "FeatureTyp": "1", "NonPed": " ", "TrafDir": " ", "SegmentID": "8106202", "PhysicalID": null, "StreetWidth_Min": null, "StreetWidth_Max": null, "Snow_Priority": " ", "Number_Travel_Lanes": "  ", "Number_Park_Lanes": "  ", "TRUCK_ROUTE_TYPE": " " }, "geometry": { "type": "MultiLineString", "coordinates": [ [ [ -73.915991250796694, 40.79798412390727 ], [ -73.913709269251214, 40.799574035409186 ] ] ] } },
{ "type": "Feature", "properties": { "Street": "METRO NORTH HARLEM LINE", "FeatureTyp": "1", "NonPed": " ", "TrafDir": " ", "SegmentID": "8106917", "PhysicalID": null, "StreetWidth_Min": null, "StreetWidth_Max": null, "Snow_Priority": " ", "Number_Travel_Lanes": "  ", "Number_Park_Lanes": "  ", "TRUCK_ROUTE_TYPE": " " }, "geometry": { "type": "MultiLineString", "coordinates": [ [ [ -73.930618935034815, 40.812176917868221 ], [ -73.930140898684115, 40.81242482787539 ] ] ] } },
{ "type": "Feature", "properties": { "Street": "METRO N HARLEM RVR RAILYARD LINE", "FeatureTyp": "1", "NonPed": " ", "TrafDir": " ", "SegmentID": "8106854", "PhysicalID": null, "StreetWidth_Min": null, "StreetWidth_Max": null, "Snow_Priority": " ", "Number_Travel_Lanes": "  ", "Number_Park_Lanes": "  ", "TRUCK_ROUTE_TYPE": " " }, "geometry": { "type": "MultiLineString", "coordinates": [ [ [ -73.922492484377486, 40.802895842533069 ], [ -73.920811930380893, 40.802192301629873 ] ] ] } },
{ "type": "Feature", "properties": { "Street": "METRO N HARLEM RVR RAILYARD LINE", "FeatureTyp": "1", "NonPed": " ", "TrafDir": " ", "SegmentID": "8106851", "PhysicalID": null, "StreetWidth_Min": null, "StreetWidth_Max": null, "Snow_Priority": " ", "Number_Travel_Lanes": "  ", "Number_Park_Lanes": "  ", "TRUCK_ROUTE_TYPE": " " }, "geometry": { "type": "MultiLineString", "coordinates": [ [ [ -73.929834866684232, 40.806143385366973 ], [ -73.929672340236252, 40.806021340658383 ], [ -73.929497905742835, 40.80590881565228 ], [ -73.929313043170325, 40.805806766367056 ] ] ] } },
{ "type": "Feature", "properties": { "Street": "METRO N HARLEM RVR RAILYARD LINE", "FeatureTyp": "1", "NonPed": " ", "TrafDir": " ", "SegmentID": "8106852", "PhysicalID": null, "StreetWidth_Min": null, "StreetWidth_Max": null, "Snow_Priority": " ", "Number_Travel_Lanes": "  ", "Number_Park_Lanes": "  ", "TRUCK_ROUTE_TYPE": " " }, "geometry": { "type": "MultiLineString", "coordinates": [ [ [ -73.917593298051898, 40.800812218748696 ], [ -73.917530098509459, 40.800776982296355 ] ] ] } },
{ "type": "Feature", "properties": { "Street": "METRO N HARLEM RVR RAILYARD LINE", "FeatureTyp": "1", "NonPed": " ", "TrafDir": " ", "SegmentID": "8106845", "PhysicalID": null, "StreetWidth_Min": null, "StreetWidth_Max": null, "Snow_Priority": " ", "Number_Travel_Lanes": "  ", "Number_Park_Lanes": "  ", "TRUCK_ROUTE_TYPE": " " }, "geometry": { "type": "MultiLineString", "coordinates": [ [ [ -73.920811930380893, 40.802192301629873 ], [ -73.918050289533312, 40.801029619026743 ] ] ] } },
{ "type": "Feature", "properties": { "Street": "METRO N HARLEM RVR RAILYARD LINE", "FeatureTyp": "1", "NonPed": " ", "TrafDir": " ", "SegmentID": "8106855", "PhysicalID": null, "StreetWidth_Min": null, "StreetWidth_Max": null, "Snow_Priority": " ", "Number_Travel_Lanes": "  ", "Number_Park_Lanes": "  ", "TRUCK_ROUTE_TYPE": " " }, "geometry": { "type": "MultiLineString", "coordinates": [ [ [ -73.929313043170325, 40.805806766367056 ], [ -73.928232805421089, 40.805342855690022 ] ] ] } },
{ "type": "Feature", "properties": { "Street": "METRO N HARLEM RVR RAILYARD LINE", "FeatureTyp": "1", "NonPed": " ", "TrafDir": " ", "SegmentID": "8106847", "PhysicalID": null, "StreetWidth_Min": null, "StreetWidth_Max": null, "Snow_Priority": " ", "Number_Travel_Lanes": "  ", "Number_Park_Lanes": "  ", "TRUCK_ROUTE_TYPE": " " }, "geometry": { "type": "MultiLineString", "coordinates": [ [ [ -73.917667910122901, 40.800849591580011 ], [ -73.917593298051898, 40.800812218748696 ] ] ] } },
{ "type": "Feature", "properties": { "Street": "METRO NORTH HARLEM LINE", "FeatureTyp": "1", "NonPed": " ", "TrafDir": " ", "SegmentID": "8106661", "PhysicalID": null, "StreetWidth_Min": null, "StreetWidth_Max": null, "Snow_Priority": " ", "Number_Travel_Lanes": "  ", "Number_Park_Lanes": "  ", "TRUCK_ROUTE_TYPE": " " }, "geometry": { "type": "MultiLineString", "coordinates": [ [ [ -73.930140898684115, 40.81242482787539 ], [ -73.929499023703471, 40.812752295900722 ] ] ] } },
{ "type": "Feature", "properties": { "Street": "METRO NORTH HUDSON LINE", "FeatureTyp": "1", "NonPed": " ", "TrafDir": " ", "SegmentID": "8106669", "PhysicalID": null, "StreetWidth_Min": null, "StreetWidth_Max": null, "Snow_Priority": " ", "Number_Travel_Lanes": "  ", "Number_Park_Lanes": "  ", "TRUCK_ROUTE_TYPE": " " }, "geometry": { "type": "MultiLineString", "coordinates": [ [ [ -73.930762702423124, 40.812237168613173 ], [ -73.930660158535744, 40.812277303173701 ], [ -73.930409696117962, 40.812371416194715 ], [ -73.930188687596271, 40.812485447668053 ], [ -73.929973880839754, 40.812596267864109 ], [ -73.929761599192034, 40.812705792589881 ], [ -73.929606394983281, 40.812828687843144 ] ] ] } },
{ "type": "Feature", "properties": { "Street": "METRO NORTH HARLEM LINE", "FeatureTyp": "1", "NonPed": " ", "TrafDir": " ", "SegmentID": "8106676", "PhysicalID": null, "StreetWidth_Min": null, "StreetWidth_Max": null, "Snow_Priority": " ", "Number_Travel_Lanes": "  ", "Number_Park_Lanes": "  ", "TRUCK_ROUTE_TYPE": " " }, "geometry": { "type": "MultiLineString", "coordinates": [ [ [ -73.929499023703471, 40.812752295900722 ], [ -73.928741620308514, 40.813415541978145 ] ] ] } },
{ "type": "Feature", "properties": { "Street": "METRO NORTH HUDSON LINE", "FeatureTyp": "1", "NonPed": " ", "TrafDir": " ", "SegmentID": "8106683", "PhysicalID": null, "StreetWidth_Min": null, "StreetWidth_Max": null, "Snow_Priority": " ", "Number_Travel_Lanes": "  ", "Number_Park_Lanes": "  ", "TRUCK_ROUTE_TYPE": " " }, "geometry": { "type": "MultiLineString", "coordinates": [ [ [ -73.929606394983281, 40.812828687843144 ], [ -73.928833922259287, 40.813485774943892 ] ] ] } },
{ "type": "Feature", "properties": { "Street": "METRO N HARLEM RVR RAILYARD LINE", "FeatureTyp": "1", "NonPed": " ", "TrafDir": " ", "SegmentID": "8106856", "PhysicalID": null, "StreetWidth_Min": null, "StreetWidth_Max": null, "Snow_Priority": " ", "Number_Travel_Lanes": "  ", "Number_Park_Lanes": "  ", "TRUCK_ROUTE_TYPE": " " }, "geometry": { "type": "MultiLineString", "coordinates": [ [ [ -73.918913015651967, 40.799144767720627 ], [ -73.918837072655165, 40.799110733984051 ] ] ] } },
{ "type": "Feature", "properties": { "Street": "METRO N HARLEM RVR RAILYARD LINE", "FeatureTyp": "1", "NonPed": " ", "TrafDir": " ", "SegmentID": "8106857", "PhysicalID": null, "StreetWidth_Min": null, "StreetWidth_Max": null, "Snow_Priority": " ", "Number_Travel_Lanes": "  ", "Number_Park_Lanes": "  ", "TRUCK_ROUTE_TYPE": " " }, "geometry": { "type": "MultiLineString", "coordinates": [ [ [ -73.927070496938512, 40.804389698949798 ], [ -73.922482272768903, 40.80246568479938 ] ] ] } },
{ "type": "Feature", "properties": { "Street": "METRO N HARLEM RVR RAILYARD LINE", "FeatureTyp": "1", "NonPed": " ", "TrafDir": " ", "SegmentID": "8106858", "PhysicalID": null, "StreetWidth_Min": null, "StreetWidth_Max": null, "Snow_Priority": " ", "Number_Travel_Lanes": "  ", "Number_Park_Lanes": "  ", "TRUCK_ROUTE_TYPE": " " }, "geometry": { "type": "MultiLineString", "coordinates": [ [ [ -73.918837072655165, 40.799110733984051 ], [ -73.918794131336853, 40.79905358374161 ] ] ] } },
{ "type": "Feature", "properties": { "Street": "METRO N HARLEM RVR RAILYARD LINE", "FeatureTyp": "1", "NonPed": " ", "TrafDir": " ", "SegmentID": "8106859", "PhysicalID": null, "StreetWidth_Min": null, "StreetWidth_Max": null, "Snow_Priority": " ", "Number_Travel_Lanes": "  ", "Number_Park_Lanes": "  ", "TRUCK_ROUTE_TYPE": " " }, "geometry": { "type": "MultiLineString", "coordinates": [ [ [ -73.918837072655165, 40.799110733984051 ], [ -73.918774328733534, 40.799085319163638 ] ] ] } },
{ "type": "Feature", "properties": { "Street": "METRO N HARLEM RVR RAILYARD LINE", "FeatureTyp": "1", "NonPed": " ", "TrafDir": " ", "SegmentID": "8106861", "PhysicalID": null, "StreetWidth_Min": null, "StreetWidth_Max": null, "Snow_Priority": " ", "Number_Travel_Lanes": "  ", "Number_Park_Lanes": "  ", "TRUCK_ROUTE_TYPE": " " }, "geometry": { "type": "MultiLineString", "coordinates": [ [ [ -73.917456827082006, 40.798551732121048 ], [ -73.91722592864383, 40.79850013005094 ], [ -73.916985401162705, 40.798464468556624 ], [ -73.916738133054679, 40.798446009769741 ], [ -73.916487359183677, 40.79844563951913 ], [ -73.916236538238323, 40.798463737421216 ], [ -73.915989201073543, 40.79850016277431 ], [ -73.915748749850181, 40.798554305189384 ], [ -73.91551838515889, 40.798625033207401 ], [ -73.915300881213298, 40.798710826425804 ], [ -73.915098527975147, 40.798809849282044 ] ] ] } },
{ "type": "Feature", "properties": { "Street": "METRO N HARLEM RVR RAILYARD LINE", "FeatureTyp": "1", "NonPed": " ", "TrafDir": " ", "SegmentID": "8106862", "PhysicalID": null, "StreetWidth_Min": null, "StreetWidth_Max": null, "Snow_Priority": " ", "Number_Travel_Lanes": "  ", "Number_Park_Lanes": "  ", "TRUCK_ROUTE_TYPE": " " }, "geometry": { "type": "MultiLineString", "coordinates": [ [ [ -73.921183262594212, 40.801320080279858 ], [ -73.920628589803243, 40.800258100992927 ] ] ] } },
{ "type": "Feature", "properties": { "Street": "METRO N HARLEM RVR RAILYARD LINE", "FeatureTyp": "1", "NonPed": " ", "TrafDir": " ", "SegmentID": "8106863", "PhysicalID": null, "StreetWidth_Min": null, "StreetWidth_Max": null, "Snow_Priority": " ", "Number_Travel_Lanes": "  ", "Number_Park_Lanes": "  ", "TRUCK_ROUTE_TYPE": " " }, "geometry": { "type": "MultiLineString", "coordinates": [ [ [ -73.917676178466678, 40.79855993021993 ], [ -73.915991250796694, 40.79798412390727 ] ] ] } },
{ "type": "Feature", "properties": { "Street": "METRO N HARLEM RVR RAILYARD LINE", "FeatureTyp": "1", "NonPed": " ", "TrafDir": " ", "SegmentID": "8106866", "PhysicalID": null, "StreetWidth_Min": null, "StreetWidth_Max": null, "Snow_Priority": " ", "Number_Travel_Lanes": "  ", "Number_Park_Lanes": "  ", "TRUCK_ROUTE_TYPE": " " }, "geometry": { "type": "MultiLineString", "coordinates": [ [ [ -73.929834866684232, 40.806143385366973 ], [ -73.928935109809316, 40.8053243798784 ] ] ] } },
{ "type": "Feature", "properties": { "Street": "METRO N HARLEM RVR RAILYARD LINE", "FeatureTyp": "1", "NonPed": " ", "TrafDir": " ", "SegmentID": "8106868", "PhysicalID": null, "StreetWidth_Min": null, "StreetWidth_Max": null, "Snow_Priority": " ", "Number_Travel_Lanes": "  ", "Number_Park_Lanes": "  ", "TRUCK_ROUTE_TYPE": " " }, "geometry": { "type": "MultiLineString", "coordinates": [ [ [ -73.920628589803243, 40.800258100992927 ], [ -73.92050298454015, 40.800095204301996 ], [ -73.92035703517638, 40.799940883865737 ], [ -73.920192398875116, 40.799797284662112 ], [ -73.920011217050643, 40.799666289060021 ], [ -73.91981605983527, 40.799549439935127 ] ] ] } },
{ "type": "Feature", "properties": { "Street": "METRO NORTH HUDSON LINE", "FeatureTyp": "1", "NonPed": " ", "TrafDir": " ", "SegmentID": "8107506", "PhysicalID": null, "StreetWidth_Min": null, "StreetWidth_Max": null, "Snow_Priority": " ", "Number_Travel_Lanes": "  ", "Number_Park_Lanes": "  ", "TRUCK_ROUTE_TYPE": " " }, "geometry": { "type": "MultiLineString", "coordinates": [ [ [ -73.928833922259287, 40.813485774943892 ], [ -73.928462596594258, 40.814064455303431 ] ] ] } },
{ "type": "Feature", "properties": { "Street": "METRO NORTH HUDSON LINE", "FeatureTyp": "1", "NonPed": " ", "TrafDir": " ", "SegmentID": "8107507", "PhysicalID": null, "StreetWidth_Min": null, "StreetWidth_Max": null, "Snow_Priority": " ", "Number_Travel_Lanes": "  ", "Number_Park_Lanes": "  ", "TRUCK_ROUTE_TYPE": " " }, "geometry": { "type": "MultiLineString", "coordinates": [ [ [ -73.928462596594258, 40.814064455303431 ], [ -73.92775368549475, 40.815169202849972 ] ] ] } },
{ "type": "Feature", "properties": { "Street": "METRO NORTH HARLEM LINE", "FeatureTyp": "1", "NonPed": " ", "TrafDir": " ", "SegmentID": "8107517", "PhysicalID": null, "StreetWidth_Min": null, "StreetWidth_Max": null, "Snow_Priority": " ", "Number_Travel_Lanes": "  ", "Number_Park_Lanes": "  ", "TRUCK_ROUTE_TYPE": " " }, "geometry": { "type": "MultiLineString", "coordinates": [ [ [ -73.928741620308514, 40.813415541978145 ], [ -73.928301285895202, 40.8140115362256 ] ] ] } },
{ "type": "Feature", "properties": { "Street": "METRO NORTH HARLEM LINE", "FeatureTyp": "1", "NonPed": " ", "TrafDir": " ", "SegmentID": "8107518", "PhysicalID": null, "StreetWidth_Min": null, "StreetWidth_Max": null, "Snow_Priority": " ", "Number_Travel_Lanes": "  ", "Number_Park_Lanes": "  ", "TRUCK_ROUTE_TYPE": " " }, "geometry": { "type": "MultiLineString", "coordinates": [ [ [ -73.928301285895202, 40.8140115362256 ], [ -73.927911249271844, 40.814539441148838 ] ] ] } },
{ "type": "Feature", "properties": { "Street": "METRO N HARLEM RVR RAILYARD LINE", "FeatureTyp": "1", "NonPed": " ", "TrafDir": " ", "SegmentID": "8107562", "PhysicalID": null, "StreetWidth_Min": null, "StreetWidth_Max": null, "Snow_Priority": " ", "Number_Travel_Lanes": "  ", "Number_Park_Lanes": "  ", "TRUCK_ROUTE_TYPE": " " }, "geometry": { "type": "MultiLineString", "coordinates": [ [ [ -73.922482272768903, 40.80246568479938 ], [ -73.922275181359225, 40.802359259639857 ], [ -73.922077513799323, 40.802240305307571 ], [ -73.921891178556862, 40.802109579590301 ], [ -73.92171793968123, 40.80196806580355 ], [ -73.921559370590344, 40.80181695354333 ], [ -73.921552730781343, 40.801809533869509 ] ] ] } },
{ "type": "Feature", "properties": { "Street": "METRO N HARLEM RVR RAILYARD LINE", "FeatureTyp": "1", "NonPed": " ", "TrafDir": " ", "SegmentID": "8107563", "PhysicalID": null, "StreetWidth_Min": null, "StreetWidth_Max": null, "Snow_Priority": " ", "Number_Travel_Lanes": "  ", "Number_Park_Lanes": "  ", "TRUCK_ROUTE_TYPE": " " }, "geometry": { "type": "MultiLineString", "coordinates": [ [ [ -73.921552730781343, 40.801809533869509 ], [ -73.921416775020347, 40.801657594164141 ], [ -73.921291169032216, 40.801491446966708 ], [ -73.921183262594212, 40.801320080279858 ] ] ] } },
{ "type": "Feature", "properties": { "Street": "METRO N HARLEM RVR RAILYARD LINE", "FeatureTyp": "1", "NonPed": " ", "TrafDir": " ", "SegmentID": "0223515", "PhysicalID": null, "StreetWidth_Min": null, "StreetWidth_Max": null, "Snow_Priority": " ", "Number_Travel_Lanes": "  ", "Number_Park_Lanes": "  ", "TRUCK_ROUTE_TYPE": " " }, "geometry": { "type": "MultiLineString", "coordinates": [ [ [ -73.915098527975147, 40.798809849282044 ], [ -73.913834136714186, 40.799633129501487 ] ] ] } },
{ "type": "Feature", "properties": { "Street": "METRO N HARLEM RVR RAILYARD LINE", "FeatureTyp": "1", "NonPed": " ", "TrafDir": " ", "SegmentID": "0223521", "PhysicalID": null, "StreetWidth_Min": null, "StreetWidth_Max": null, "Snow_Priority": " ", "Number_Travel_Lanes": "  ", "Number_Park_Lanes": "  ", "TRUCK_ROUTE_TYPE": " " }, "geometry": { "type": "MultiLineString", "coordinates": [ [ [ -73.916006027939943, 40.799927187747478 ], [ -73.915832896746664, 40.799827151154176 ], [ -73.915641193367264, 40.799739509900611 ], [ -73.915433212896147, 40.799666983683039 ], [ -73.915212152345703, 40.799611926723408 ], [ -73.914981954819638, 40.799576169570081 ], [ -73.914747074308764, 40.799560804571328 ], [ -73.914512215344914, 40.799566151106085 ], [ -73.914282034040696, 40.799591698275044 ], [ -73.914060810460995, 40.799636153236236 ], [ -73.913923947872689, 40.799676474382728 ] ] ] } },
{ "type": "Feature", "properties": { "Street": "METRO N HARLEM RVR RAILYARD LINE", "FeatureTyp": "1", "NonPed": " ", "TrafDir": " ", "SegmentID": "0241794", "PhysicalID": null, "StreetWidth_Min": null, "StreetWidth_Max": null, "Snow_Priority": " ", "Number_Travel_Lanes": "  ", "Number_Park_Lanes": "  ", "TRUCK_ROUTE_TYPE": " " }, "geometry": { "type": "MultiLineString", "coordinates": [ [ [ -73.928935109809316, 40.8053243798784 ], [ -73.928664829262431, 40.805136935647326 ], [ -73.928378330005472, 40.804962171764004 ], [ -73.928077199347044, 40.804801264390569 ], [ -73.927763208219531, 40.804655221014229 ], [ -73.927438295281206, 40.804524887852352 ], [ -73.927232368805846, 40.804454567993986 ] ] ] } },
{ "type": "Feature", "properties": { "Street": "METRO N HARLEM RVR RAILYARD LINE", "FeatureTyp": "1", "NonPed": " ", "TrafDir": " ", "SegmentID": "0241795", "PhysicalID": null, "StreetWidth_Min": null, "StreetWidth_Max": null, "Snow_Priority": " ", "Number_Travel_Lanes": "  ", "Number_Park_Lanes": "  ", "TRUCK_ROUTE_TYPE": " " }, "geometry": { "type": "MultiLineString", "coordinates": [ [ [ -73.927232368805846, 40.804454567993986 ], [ -73.927070496938512, 40.804389698949798 ] ] ] } },
{ "type": "Feature", "properties": { "Street": "METRO N HARLEM RVR RAILYARD LINE", "FeatureTyp": "1", "NonPed": " ", "TrafDir": " ", "SegmentID": "0241797", "PhysicalID": null, "StreetWidth_Min": null, "StreetWidth_Max": null, "Snow_Priority": " ", "Number_Travel_Lanes": "  ", "Number_Park_Lanes": "  ", "TRUCK_ROUTE_TYPE": " " }, "geometry": { "type": "MultiLineString", "coordinates": [ [ [ -73.928232805421089, 40.805342855690022 ], [ -73.92674176075127, 40.804701409414079 ] ] ] } },
{ "type": "Feature", "properties": { "Street": "METRO N HARLEM RVR RAILYARD LINE", "FeatureTyp": "1", "NonPed": " ", "TrafDir": " ", "SegmentID": "0241798", "PhysicalID": null, "StreetWidth_Min": null, "StreetWidth_Max": null, "Snow_Priority": " ", "Number_Travel_Lanes": "  ", "Number_Park_Lanes": "  ", "TRUCK_ROUTE_TYPE": " " }, "geometry": { "type": "MultiLineString", "coordinates": [ [ [ -73.92674176075127, 40.804701409414079 ], [ -73.926630660595009, 40.804654057285248 ] ] ] } },
{ "type": "Feature", "properties": { "Street": "METRO N HARLEM RVR RAILYARD LINE", "FeatureTyp": "1", "NonPed": " ", "TrafDir": " ", "SegmentID": "0241975", "PhysicalID": null, "StreetWidth_Min": null, "StreetWidth_Max": null, "Snow_Priority": " ", "Number_Travel_Lanes": "  ", "Number_Park_Lanes": "  ", "TRUCK_ROUTE_TYPE": " " }, "geometry": { "type": "MultiLineString", "coordinates": [ [ [ -73.918794131336853, 40.79905358374161 ], [ -73.918704540418688, 40.799014906650612 ] ] ] } },
{ "type": "Feature", "properties": { "Street": "METRO N HARLEM RVR RAILYARD LINE", "FeatureTyp": "1", "NonPed": " ", "TrafDir": " ", "SegmentID": "0241976", "PhysicalID": null, "StreetWidth_Min": null, "StreetWidth_Max": null, "Snow_Priority": " ", "Number_Travel_Lanes": "  ", "Number_Park_Lanes": "  ", "TRUCK_ROUTE_TYPE": " " }, "geometry": { "type": "MultiLineString", "coordinates": [ [ [ -73.918704540418688, 40.799014906650612 ], [ -73.917676178466678, 40.79855993021993 ] ] ] } },
{ "type": "Feature", "properties": { "Street": "METRO N HARLEM RVR RAILYARD LINE", "FeatureTyp": "1", "NonPed": " ", "TrafDir": " ", "SegmentID": "0241978", "PhysicalID": null, "StreetWidth_Min": null, "StreetWidth_Max": null, "Snow_Priority": " ", "Number_Travel_Lanes": "  ", "Number_Park_Lanes": "  ", "TRUCK_ROUTE_TYPE": " " }, "geometry": { "type": "MultiLineString", "coordinates": [ [ [ -73.918774328733534, 40.799085319163638 ], [ -73.918682087264102, 40.799047961225504 ] ] ] } },
{ "type": "Feature", "properties": { "Street": "METRO N HARLEM RVR RAILYARD LINE", "FeatureTyp": "1", "NonPed": " ", "TrafDir": " ", "SegmentID": "0241979", "PhysicalID": null, "StreetWidth_Min": null, "StreetWidth_Max": null, "Snow_Priority": " ", "Number_Travel_Lanes": "  ", "Number_Park_Lanes": "  ", "TRUCK_ROUTE_TYPE": " " }, "geometry": { "type": "MultiLineString", "coordinates": [ [ [ -73.918682087264102, 40.799047961225504 ], [ -73.917456827082006, 40.798551732121048 ] ] ] } },
{ "type": "Feature", "properties": { "Street": "METRO N HARLEM RVR RAILYARD LINE", "FeatureTyp": "1", "NonPed": " ", "TrafDir": " ", "SegmentID": "0241984", "PhysicalID": null, "StreetWidth_Min": null, "StreetWidth_Max": null, "Snow_Priority": " ", "Number_Travel_Lanes": "  ", "Number_Park_Lanes": "  ", "TRUCK_ROUTE_TYPE": " " }, "geometry": { "type": "MultiLineString", "coordinates": [ [ [ -73.917530098509459, 40.800776982296355 ], [ -73.917446214916254, 40.800730211923536 ] ] ] } },
{ "type": "Feature", "properties": { "Street": "METRO N HARLEM RVR RAILYARD LINE", "FeatureTyp": "1", "NonPed": " ", "TrafDir": " ", "SegmentID": "0241985", "PhysicalID": null, "StreetWidth_Min": null, "StreetWidth_Max": null, "Snow_Priority": " ", "Number_Travel_Lanes": "  ", "Number_Park_Lanes": "  ", "TRUCK_ROUTE_TYPE": " " }, "geometry": { "type": "MultiLineString", "coordinates": [ [ [ -73.917446214916254, 40.800730211923536 ], [ -73.916006027939943, 40.799927187747478 ] ] ] } },
{ "type": "Feature", "properties": { "Street": "METRO N HARLEM RVR RAILYARD LINE", "FeatureTyp": "1", "NonPed": " ", "TrafDir": " ", "SegmentID": "0241999", "PhysicalID": null, "StreetWidth_Min": null, "StreetWidth_Max": null, "Snow_Priority": " ", "Number_Travel_Lanes": "  ", "Number_Park_Lanes": "  ", "TRUCK_ROUTE_TYPE": " " }, "geometry": { "type": "MultiLineString", "coordinates": [ [ [ -73.91981605983527, 40.799549439935127 ], [ -73.919012180949949, 40.799189206522811 ] ] ] } },
{ "type": "Feature", "properties": { "Street": "METRO N HARLEM RVR RAILYARD LINE", "FeatureTyp": "1", "NonPed": " ", "TrafDir": " ", "SegmentID": "0242000", "PhysicalID": null, "StreetWidth_Min": null, "StreetWidth_Max": null, "Snow_Priority": " ", "Number_Travel_Lanes": "  ", "Number_Park_Lanes": "  ", "TRUCK_ROUTE_TYPE": " " }, "geometry": { "type": "MultiLineString", "coordinates": [ [ [ -73.919012180949949, 40.799189206522811 ], [ -73.918913015651967, 40.799144767720627 ] ] ] } },
{ "type": "Feature", "properties": { "Street": "METRO N HARLEM RVR RAILYARD LINE", "FeatureTyp": "1", "NonPed": " ", "TrafDir": " ", "SegmentID": "0242002", "PhysicalID": null, "StreetWidth_Min": null, "StreetWidth_Max": null, "Snow_Priority": " ", "Number_Travel_Lanes": "  ", "Number_Park_Lanes": "  ", "TRUCK_ROUTE_TYPE": " " }, "geometry": { "type": "MultiLineString", "coordinates": [ [ [ -73.918050289533312, 40.801029619026743 ], [ -73.917760340548298, 40.800891683735678 ] ] ] } },
{ "type": "Feature", "properties": { "Street": "METRO N HARLEM RVR RAILYARD LINE", "FeatureTyp": "1", "NonPed": " ", "TrafDir": " ", "SegmentID": "0242003", "PhysicalID": null, "StreetWidth_Min": null, "StreetWidth_Max": null, "Snow_Priority": " ", "Number_Travel_Lanes": "  ", "Number_Park_Lanes": "  ", "TRUCK_ROUTE_TYPE": " " }, "geometry": { "type": "MultiLineString", "coordinates": [ [ [ -73.917760340548298, 40.800891683735678 ], [ -73.917667910122901, 40.800849591580011 ] ] ] } },
{ "type": "Feature", "properties": { "Street": "METRO N HARLEM RVR RAILYARD LINE", "FeatureTyp": "1", "NonPed": " ", "TrafDir": " ", "SegmentID": "0258671", "PhysicalID": null, "StreetWidth_Min": null, "StreetWidth_Max": null, "Snow_Priority": " ", "Number_Travel_Lanes": "  ", "Number_Park_Lanes": "  ", "TRUCK_ROUTE_TYPE": " " }, "geometry": { "type": "MultiLineString", "coordinates": [ [ [ -73.926630660595009, 40.804654057285248 ], [ -73.926534712700985, 40.804613270209671 ] ] ] } },
{ "type": "Feature", "properties": { "Street": "METRO N HARLEM RVR RAILYARD LINE", "FeatureTyp": "1", "NonPed": " ", "TrafDir": " ", "SegmentID": "0258672", "PhysicalID": null, "StreetWidth_Min": null, "StreetWidth_Max": null, "Snow_Priority": " ", "Number_Travel_Lanes": "  ", "Number_Park_Lanes": "  ", "TRUCK_ROUTE_TYPE": " " }, "geometry": { "type": "MultiLineString", "coordinates": [ [ [ -73.926534712700985, 40.804613270209671 ], [ -73.922492484377486, 40.802895842533069 ] ] ] } },
{ "type": "Feature", "properties": { "Street": "HARLEM RIVER SHORELINE", "FeatureTyp": "2", "NonPed": " ", "TrafDir": " ", "SegmentID": "0173522", "PhysicalID": null, "StreetWidth_Min": null, "StreetWidth_Max": null, "Snow_Priority": " ", "Number_Travel_Lanes": "  ", "Number_Park_Lanes": "  ", "TRUCK_ROUTE_TYPE": " " }, "geometry": { "type": "MultiLineString", "coordinates": [ [ [ -73.924227068455295, 40.802545010869601 ], [ -73.92665794801519, 40.802409804018545 ] ] ] } },
{ "type": "Feature", "properties": { "Street": "HARLEM RIVER SHORELINE", "FeatureTyp": "2", "NonPed": " ", "TrafDir": " ", "SegmentID": "0173471", "PhysicalID": null, "StreetWidth_Min": null, "StreetWidth_Max": null, "Snow_Priority": " ", "Number_Travel_Lanes": "  ", "Number_Park_Lanes": "  ", "TRUCK_ROUTE_TYPE": " " }, "geometry": { "type": "MultiLineString", "coordinates": [ [ [ -73.927645003645878, 40.803988632963495 ], [ -73.927931740384707, 40.803999462390188 ] ] ] } },
{ "type": "Feature", "properties": { "Street": "HARLEM RIVER SHORELINE", "FeatureTyp": "2", "NonPed": " ", "TrafDir": " ", "SegmentID": "0173543", "PhysicalID": null, "StreetWidth_Min": null, "StreetWidth_Max": null, "Snow_Priority": " ", "Number_Travel_Lanes": "  ", "Number_Park_Lanes": "  ", "TRUCK_ROUTE_TYPE": " " }, "geometry": { "type": "MultiLineString", "coordinates": [ [ [ -73.92078133907043, 40.800275009567905 ], [ -73.92095645324018, 40.800598814179558 ], [ -73.921327307650202, 40.801284591088937 ] ] ] } },
{ "type": "Feature", "properties": { "Street": "HARLEM RIVER SHORELINE", "FeatureTyp": "2", "NonPed": " ", "TrafDir": " ", "SegmentID": "0173467", "PhysicalID": null, "StreetWidth_Min": null, "StreetWidth_Max": null, "Snow_Priority": " ", "Number_Travel_Lanes": "  ", "Number_Park_Lanes": "  ", "TRUCK_ROUTE_TYPE": " " }, "geometry": { "type": "MultiLineString", "coordinates": [ [ [ -73.927436899146471, 40.803277441253144 ], [ -73.92728271951421, 40.80350826453045 ] ] ] } },
{ "type": "Feature", "properties": { "Street": "HARLEM RIVER SHORELINE", "FeatureTyp": "2", "NonPed": " ", "TrafDir": " ", "SegmentID": "0173519", "PhysicalID": null, "StreetWidth_Min": null, "StreetWidth_Max": null, "Snow_Priority": " ", "Number_Travel_Lanes": "  ", "Number_Park_Lanes": "  ", "TRUCK_ROUTE_TYPE": " " }, "geometry": { "type": "MultiLineString", "coordinates": [ [ [ -73.922927100653595, 40.802373294731112 ], [ -73.92358699115978, 40.802515724810341 ] ] ] } },
{ "type": "Feature", "properties": { "Street": "HARLEM RIVER SHORELINE", "FeatureTyp": "2", "NonPed": " ", "TrafDir": " ", "SegmentID": "0173545", "PhysicalID": null, "StreetWidth_Min": null, "StreetWidth_Max": null, "Snow_Priority": " ", "Number_Travel_Lanes": "  ", "Number_Park_Lanes": "  ", "TRUCK_ROUTE_TYPE": " " }, "geometry": { "type": "MultiLineString", "coordinates": [ [ [ -73.922037659582344, 40.801877197055106 ], [ -73.922596109925493, 40.802188200762203 ] ] ] } },
{ "type": "Feature", "properties": { "Street": "HARLEM RIVER SHORELINE", "FeatureTyp": "2", "NonPed": " ", "TrafDir": " ", "SegmentID": "0173541", "PhysicalID": null, "StreetWidth_Min": null, "StreetWidth_Max": null, "Snow_Priority": " ", "Number_Travel_Lanes": "  ", "Number_Park_Lanes": "  ", "TRUCK_ROUTE_TYPE": " " }, "geometry": { "type": "MultiLineString", "coordinates": [ [ [ -73.920240681523282, 40.799613687794519 ], [ -73.920440669949187, 40.799804155891223 ] ] ] } },
{ "type": "Feature", "properties": { "Street": "HARLEM RIVER SHORELINE", "FeatureTyp": "2", "NonPed": " ", "TrafDir": " ", "SegmentID": "0173468", "PhysicalID": null, "StreetWidth_Min": null, "StreetWidth_Max": null, "Snow_Priority": " ", "Number_Travel_Lanes": "  ", "Number_Park_Lanes": "  ", "TRUCK_ROUTE_TYPE": " " }, "geometry": { "type": "MultiLineString", "coordinates": [ [ [ -73.927312484117962, 40.803211770492723 ], [ -73.927436899146471, 40.803277441253144 ] ] ] } },
{ "type": "Feature", "properties": { "Street": "HARLEM RIVER SHORELINE", "FeatureTyp": "2", "NonPed": " ", "TrafDir": " ", "SegmentID": "0173475", "PhysicalID": null, "StreetWidth_Min": null, "StreetWidth_Max": null, "Snow_Priority": " ", "Number_Travel_Lanes": "  ", "Number_Park_Lanes": "  ", "TRUCK_ROUTE_TYPE": " " }, "geometry": { "type": "MultiLineString", "coordinates": [ [ [ -73.928340561730778, 40.804239890394257 ], [ -73.928726074773252, 40.804103624826823 ] ] ] } },
{ "type": "Feature", "properties": { "Street": "HARLEM RIVER SHORELINE", "FeatureTyp": "2", "NonPed": " ", "TrafDir": " ", "SegmentID": "0069555", "PhysicalID": null, "StreetWidth_Min": null, "StreetWidth_Max": null, "Snow_Priority": " ", "Number_Travel_Lanes": "  ", "Number_Park_Lanes": "  ", "TRUCK_ROUTE_TYPE": " " }, "geometry": { "type": "MultiLineString", "coordinates": [ [ [ -73.930054588854006, 40.8059023472861 ], [ -73.930319501159545, 40.806190145316876 ] ] ] } },
{ "type": "Feature", "properties": { "Street": "HARLEM RIVER SHORELINE", "FeatureTyp": "2", "NonPed": " ", "TrafDir": " ", "SegmentID": "0173548", "PhysicalID": null, "StreetWidth_Min": null, "StreetWidth_Max": null, "Snow_Priority": " ", "Number_Travel_Lanes": "  ", "Number_Park_Lanes": "  ", "TRUCK_ROUTE_TYPE": " " }, "geometry": { "type": "MultiLineString", "coordinates": [ [ [ -73.918955817192668, 40.798946917157352 ], [ -73.919031820216119, 40.798984946360363 ] ] ] } },
{ "type": "Feature", "properties": { "Street": "HARLEM RIVER SHORELINE", "FeatureTyp": "2", "NonPed": " ", "TrafDir": " ", "SegmentID": "0173521", "PhysicalID": null, "StreetWidth_Min": null, "StreetWidth_Max": null, "Snow_Priority": " ", "Number_Travel_Lanes": "  ", "Number_Park_Lanes": "  ", "TRUCK_ROUTE_TYPE": " " }, "geometry": { "type": "MultiLineString", "coordinates": [ [ [ -73.922596109925493, 40.802188200762203 ], [ -73.922927100653595, 40.802373294731112 ] ] ] } },
{ "type": "Feature", "properties": { "Street": "HARLEM RIVER SHORELINE", "FeatureTyp": "2", "NonPed": " ", "TrafDir": " ", "SegmentID": "0173470", "PhysicalID": null, "StreetWidth_Min": null, "StreetWidth_Max": null, "Snow_Priority": " ", "Number_Travel_Lanes": "  ", "Number_Park_Lanes": "  ", "TRUCK_ROUTE_TYPE": " " }, "geometry": { "type": "MultiLineString", "coordinates": [ [ [ -73.92665794801519, 40.802409804018545 ], [ -73.927627886674273, 40.802695665529271 ] ] ] } },
{ "type": "Feature", "properties": { "Street": "HARLEM RIVER SHORELINE", "FeatureTyp": "2", "NonPed": " ", "TrafDir": " ", "SegmentID": "0173469", "PhysicalID": null, "StreetWidth_Min": null, "StreetWidth_Max": null, "Snow_Priority": " ", "Number_Travel_Lanes": "  ", "Number_Park_Lanes": "  ", "TRUCK_ROUTE_TYPE": " " }, "geometry": { "type": "MultiLineString", "coordinates": [ [ [ -73.927627886674273, 40.802695665529271 ], [ -73.927508349381583, 40.80293323380581 ], [ -73.927312484117962, 40.803211770492723 ] ] ] } },
{ "type": "Feature", "properties": { "Street": "HARLEM RIVER SHORELINE", "FeatureTyp": "2", "NonPed": " ", "TrafDir": " ", "SegmentID": "0173466", "PhysicalID": null, "StreetWidth_Min": null, "StreetWidth_Max": null, "Snow_Priority": " ", "Number_Travel_Lanes": "  ", "Number_Park_Lanes": "  ", "TRUCK_ROUTE_TYPE": " " }, "geometry": { "type": "MultiLineString", "coordinates": [ [ [ -73.92728271951421, 40.80350826453045 ], [ -73.927645003645878, 40.803988632963495 ] ] ] } },
{ "type": "Feature", "properties": { "Street": "HARLEM RIVER SHORELINE", "FeatureTyp": "2", "NonPed": " ", "TrafDir": " ", "SegmentID": "0173356", "PhysicalID": null, "StreetWidth_Min": null, "StreetWidth_Max": null, "Snow_Priority": " ", "Number_Travel_Lanes": "  ", "Number_Park_Lanes": "  ", "TRUCK_ROUTE_TYPE": " " }, "geometry": { "type": "MultiLineString", "coordinates": [ [ [ -73.930319501159545, 40.806190145316876 ], [ -73.930536450550221, 40.806470276911099 ] ] ] } },
{ "type": "Feature", "properties": { "Street": "HARLEM RIVER SHORELINE", "FeatureTyp": "2", "NonPed": " ", "TrafDir": " ", "SegmentID": "0173477", "PhysicalID": null, "StreetWidth_Min": null, "StreetWidth_Max": null, "Snow_Priority": " ", "Number_Travel_Lanes": "  ", "Number_Park_Lanes": "  ", "TRUCK_ROUTE_TYPE": " " }, "geometry": { "type": "MultiLineString", "coordinates": [ [ [ -73.928726074773252, 40.804103624826823 ], [ -73.930054588854006, 40.8059023472861 ] ] ] } },
{ "type": "Feature", "properties": { "Street": "HARLEM RIVER SHORELINE", "FeatureTyp": "2", "NonPed": " ", "TrafDir": " ", "SegmentID": "0172966", "PhysicalID": null, "StreetWidth_Min": null, "StreetWidth_Max": null, "Snow_Priority": " ", "Number_Travel_Lanes": "  ", "Number_Park_Lanes": "  ", "TRUCK_ROUTE_TYPE": " " }, "geometry": { "type": "MultiLineString", "coordinates": [ [ [ -73.918890926488956, 40.798915894507367 ], [ -73.918955817192668, 40.798946917157352 ] ] ] } },
{ "type": "Feature", "properties": { "Street": "HARLEM RIVER SHORELINE", "FeatureTyp": "2", "NonPed": " ", "TrafDir": " ", "SegmentID": "0173544", "PhysicalID": null, "StreetWidth_Min": null, "StreetWidth_Max": null, "Snow_Priority": " ", "Number_Travel_Lanes": "  ", "Number_Park_Lanes": "  ", "TRUCK_ROUTE_TYPE": " " }, "geometry": { "type": "MultiLineString", "coordinates": [ [ [ -73.920440669949187, 40.799804155891223 ], [ -73.92078133907043, 40.800275009567905 ] ] ] } },
{ "type": "Feature", "properties": { "Street": "HARLEM RIVER SHORELINE", "FeatureTyp": "2", "NonPed": " ", "TrafDir": " ", "SegmentID": "0173520", "PhysicalID": null, "StreetWidth_Min": null, "StreetWidth_Max": null, "Snow_Priority": " ", "Number_Travel_Lanes": "  ", "Number_Park_Lanes": "  ", "TRUCK_ROUTE_TYPE": " " }, "geometry": { "type": "MultiLineString", "coordinates": [ [ [ -73.92358699115978, 40.802515724810341 ], [ -73.924227068455295, 40.802545010869601 ] ] ] } },
{ "type": "Feature", "properties": { "Street": "HARLEM RIVER SHORELINE", "FeatureTyp": "2", "NonPed": " ", "TrafDir": " ", "SegmentID": "9023872", "PhysicalID": null, "StreetWidth_Min": null, "StreetWidth_Max": null, "Snow_Priority": " ", "Number_Travel_Lanes": "  ", "Number_Park_Lanes": "  ", "TRUCK_ROUTE_TYPE": " " }, "geometry": { "type": "MultiLineString", "coordinates": [ [ [ -73.921327307650202, 40.801284591088937 ], [ -73.921688269572684, 40.801585723240024 ] ] ] } },
{ "type": "Feature", "properties": { "Street": "HARLEM RIVER SHORELINE", "FeatureTyp": "2", "NonPed": " ", "TrafDir": " ", "SegmentID": "9023873", "PhysicalID": null, "StreetWidth_Min": null, "StreetWidth_Max": null, "Snow_Priority": " ", "Number_Travel_Lanes": "  ", "Number_Park_Lanes": "  ", "TRUCK_ROUTE_TYPE": " " }, "geometry": { "type": "MultiLineString", "coordinates": [ [ [ -73.921688269572684, 40.801585723240024 ], [ -73.922037659582344, 40.801877197055106 ] ] ] } },
{ "type": "Feature", "properties": { "Street": "HARLEM RIVER SHORELINE", "FeatureTyp": "2", "NonPed": " ", "TrafDir": " ", "SegmentID": "0241972", "PhysicalID": null, "StreetWidth_Min": null, "StreetWidth_Max": null, "Snow_Priority": " ", "Number_Travel_Lanes": "  ", "Number_Park_Lanes": "  ", "TRUCK_ROUTE_TYPE": " " }, "geometry": { "type": "MultiLineString", "coordinates": [ [ [ -73.916169472075339, 40.797830718445802 ], [ -73.918803940724146, 40.798879729654665 ] ] ] } },
{ "type": "Feature", "properties": { "Street": "HARLEM RIVER SHORELINE", "FeatureTyp": "2", "NonPed": " ", "TrafDir": " ", "SegmentID": "0241972", "PhysicalID": null, "StreetWidth_Min": null, "StreetWidth_Max": null, "Snow_Priority": " ", "Number_Travel_Lanes": "  ", "Number_Park_Lanes": "  ", "TRUCK_ROUTE_TYPE": " " }, "geometry": { "type": "MultiLineString", "coordinates": [ [ [ -73.916169472075339, 40.797830718445802 ], [ -73.918803940724146, 40.798879729654665 ] ] ] } },
{ "type": "Feature", "properties": { "Street": "HARLEM RIVER SHORELINE", "FeatureTyp": "2", "NonPed": " ", "TrafDir": " ", "SegmentID": "0241973", "PhysicalID": null, "StreetWidth_Min": null, "StreetWidth_Max": null, "Snow_Priority": " ", "Number_Travel_Lanes": "  ", "Number_Park_Lanes": "  ", "TRUCK_ROUTE_TYPE": " " }, "geometry": { "type": "MultiLineString", "coordinates": [ [ [ -73.918803940724146, 40.798879729654665 ], [ -73.918890926488956, 40.798915894507367 ] ] ] } },
{ "type": "Feature", "properties": { "Street": "HARLEM RIVER SHORELINE", "FeatureTyp": "2", "NonPed": " ", "TrafDir": " ", "SegmentID": "0241996", "PhysicalID": null, "StreetWidth_Min": null, "StreetWidth_Max": null, "Snow_Priority": " ", "Number_Travel_Lanes": "  ", "Number_Park_Lanes": "  ", "TRUCK_ROUTE_TYPE": " " }, "geometry": { "type": "MultiLineString", "coordinates": [ [ [ -73.919031820216119, 40.798984946360363 ], [ -73.91912380277445, 40.799032454941738 ] ] ] } },
{ "type": "Feature", "properties": { "Street": "HARLEM RIVER SHORELINE", "FeatureTyp": "2", "NonPed": " ", "TrafDir": " ", "SegmentID": "0241997", "PhysicalID": null, "StreetWidth_Min": null, "StreetWidth_Max": null, "Snow_Priority": " ", "Number_Travel_Lanes": "  ", "Number_Park_Lanes": "  ", "TRUCK_ROUTE_TYPE": " " }, "geometry": { "type": "MultiLineString", "coordinates": [ [ [ -73.91912380277445, 40.799032454941738 ], [ -73.920240681523282, 40.799613687794519 ] ] ] } },
{ "type": "Feature", "properties": { "Street": "HARLEM RIVER SHORELINE", "FeatureTyp": "2", "NonPed": " ", "TrafDir": " ", "SegmentID": "0258804", "PhysicalID": null, "StreetWidth_Min": null, "StreetWidth_Max": null, "Snow_Priority": " ", "Number_Travel_Lanes": "  ", "Number_Park_Lanes": "  ", "TRUCK_ROUTE_TYPE": " " }, "geometry": { "type": "MultiLineString", "coordinates": [ [ [ -73.927931740384707, 40.803999462390188 ], [ -73.928109596254188, 40.804012934220651 ] ] ] } },
{ "type": "Feature", "properties": { "Street": "HARLEM RIVER SHORELINE", "FeatureTyp": "2", "NonPed": " ", "TrafDir": " ", "SegmentID": "0258837", "PhysicalID": null, "StreetWidth_Min": null, "StreetWidth_Max": null, "Snow_Priority": " ", "Number_Travel_Lanes": "  ", "Number_Park_Lanes": "  ", "TRUCK_ROUTE_TYPE": " " }, "geometry": { "type": "MultiLineString", "coordinates": [ [ [ -73.928109596254188, 40.804012934220651 ], [ -73.92820591731919, 40.804048080358228 ], [ -73.928340561730778, 40.804239890394257 ] ] ] } },
{ "type": "Feature", "properties": { "Street": "PELHAM LINE", "FeatureTyp": "1", "NonPed": " ", "TrafDir": " ", "SegmentID": "8100104", "PhysicalID": null, "StreetWidth_Min": null, "StreetWidth_Max": null, "Snow_Priority": " ", "Number_Travel_Lanes": "  ", "Number_Park_Lanes": "  ", "TRUCK_ROUTE_TYPE": " " }, "geometry": { "type": "MultiLineString", "coordinates": [ [ [ -73.928541409886677, 40.81203722461489 ], [ -73.92812468376728, 40.811724565072211 ] ] ] } },
{ "type": "Feature", "properties": { "Street": "PELHAM LINE", "FeatureTyp": "1", "NonPed": " ", "TrafDir": " ", "SegmentID": "8101774", "PhysicalID": null, "StreetWidth_Min": null, "StreetWidth_Max": null, "Snow_Priority": " ", "Number_Travel_Lanes": "  ", "Number_Park_Lanes": "  ", "TRUCK_ROUTE_TYPE": " " }, "geometry": { "type": "MultiLineString", "coordinates": [ [ [ -73.920045566290625, 40.807906797482666 ], [ -73.919214506468748, 40.807553721341392 ] ] ] } },
{ "type": "Feature", "properties": { "Street": "PELHAM LINE", "FeatureTyp": "1", "NonPed": " ", "TrafDir": " ", "SegmentID": "8100474", "PhysicalID": null, "StreetWidth_Min": null, "StreetWidth_Max": null, "Snow_Priority": " ", "Number_Travel_Lanes": "  ", "Number_Park_Lanes": "  ", "TRUCK_ROUTE_TYPE": " " }, "geometry": { "type": "MultiLineString", "coordinates": [ [ [ -73.922886298233593, 40.809105863935592 ], [ -73.920045566290625, 40.807906797482666 ] ] ] } },
{ "type": "Feature", "properties": { "Street": "PELHAM LINE", "FeatureTyp": "1", "NonPed": " ", "TrafDir": " ", "SegmentID": "8100445", "PhysicalID": null, "StreetWidth_Min": null, "StreetWidth_Max": null, "Snow_Priority": " ", "Number_Travel_Lanes": "  ", "Number_Park_Lanes": "  ", "TRUCK_ROUTE_TYPE": " " }, "geometry": { "type": "MultiLineString", "coordinates": [ [ [ -73.92812468376728, 40.811724565072211 ], [ -73.927294323716865, 40.811079651804008 ] ] ] } },
{ "type": "Feature", "properties": { "Street": "PELHAM LINE", "FeatureTyp": "1", "NonPed": " ", "TrafDir": " ", "SegmentID": "8101359", "PhysicalID": null, "StreetWidth_Min": null, "StreetWidth_Max": null, "Snow_Priority": " ", "Number_Travel_Lanes": "  ", "Number_Park_Lanes": "  ", "TRUCK_ROUTE_TYPE": " " }, "geometry": { "type": "MultiLineString", "coordinates": [ [ [ -73.927294323716865, 40.811079651804008 ], [ -73.927142998495341, 40.810949808818982 ] ] ] } },
{ "type": "Feature", "properties": { "Street": "JEROME AVENUE LINE", "FeatureTyp": "1", "NonPed": " ", "TrafDir": " ", "SegmentID": "8104421", "PhysicalID": null, "StreetWidth_Min": null, "StreetWidth_Max": null, "Snow_Priority": " ", "Number_Travel_Lanes": "  ", "Number_Park_Lanes": "  ", "TRUCK_ROUTE_TYPE": " " }, "geometry": { "type": "MultiLineString", "coordinates": [ [ [ -73.928856421139969, 40.81487986647555 ], [ -73.929163282808076, 40.814303863159566 ] ] ] } },
{ "type": "Feature", "properties": { "Street": "JEROME AVENUE LINE", "FeatureTyp": "1", "NonPed": " ", "TrafDir": " ", "SegmentID": "8104422", "PhysicalID": null, "StreetWidth_Min": null, "StreetWidth_Max": null, "Snow_Priority": " ", "Number_Travel_Lanes": "  ", "Number_Park_Lanes": "  ", "TRUCK_ROUTE_TYPE": " " }, "geometry": { "type": "MultiLineString", "coordinates": [ [ [ -73.930762702423124, 40.812237168613173 ], [ -73.930026425351755, 40.813112448085022 ] ] ] } },
{ "type": "Feature", "properties": { "Street": "PELHAM LINE", "FeatureTyp": "1", "NonPed": " ", "TrafDir": " ", "SegmentID": "8104423", "PhysicalID": null, "StreetWidth_Min": null, "StreetWidth_Max": null, "Snow_Priority": " ", "Number_Travel_Lanes": "  ", "Number_Park_Lanes": "  ", "TRUCK_ROUTE_TYPE": " " }, "geometry": { "type": "MultiLineString", "coordinates": [ [ [ -73.929647192927021, 40.812468696293394 ], [ -73.929543872531568, 40.812464054785799 ], [ -73.929441108250387, 40.812454689964632 ], [ -73.9293392738048, 40.812440635886816 ], [ -73.929238739533474, 40.812421943662507 ], [ -73.929139871046317, 40.812398681269357 ], [ -73.929043027894167, 40.812370933305175 ], [ -73.928948562261283, 40.812338800680045 ] ] ] } },
{ "type": "Feature", "properties": { "Street": "PELHAM LINE", "FeatureTyp": "1", "NonPed": " ", "TrafDir": " ", "SegmentID": "8104424", "PhysicalID": null, "StreetWidth_Min": null, "StreetWidth_Max": null, "Snow_Priority": " ", "Number_Travel_Lanes": "  ", "Number_Park_Lanes": "  ", "TRUCK_ROUTE_TYPE": " " }, "geometry": { "type": "MultiLineString", "coordinates": [ [ [ -73.928948562261283, 40.812338800680045 ], [ -73.928541409886677, 40.81203722461489 ] ] ] } },
{ "type": "Feature", "properties": { "Street": "PELHAM LINE", "FeatureTyp": "1", "NonPed": " ", "TrafDir": " ", "SegmentID": "8104426", "PhysicalID": null, "StreetWidth_Min": null, "StreetWidth_Max": null, "Snow_Priority": " ", "Number_Travel_Lanes": "  ", "Number_Park_Lanes": "  ", "TRUCK_ROUTE_TYPE": " " }, "geometry": { "type": "MultiLineString", "coordinates": [ [ [ -73.930983429550224, 40.812029055010797 ], [ -73.930961505064829, 40.812047337381372 ], [ -73.930939136030304, 40.812065306201816 ], [ -73.930916330213066, 40.812082955233258 ], [ -73.93089309553109, 40.81210027834787 ], [ -73.930869440051382, 40.81211726953093 ], [ -73.93084537198672, 40.812133922883035 ], [ -73.930820899693387, 40.812150232622024 ], [ -73.930817312066537, 40.812152572693414 ], [ -73.930813716116845, 40.81215490537889 ], [ -73.930810111870542, 40.81215723066132 ], [ -73.930806499354105, 40.812159548523681 ], [ -73.930802878594292, 40.81216185894894 ], [ -73.930799249617237, 40.812164161920286 ], [ -73.930795612449543, 40.812166457420744 ], [ -73.93078220749527, 40.812174809291761 ], [ -73.930768694122278, 40.81218305968946 ], [ -73.930755073660961, 40.812191207801398 ], [ -73.930741347452695, 40.812199252825287 ], [ -73.930727516848947, 40.812207193968945 ], [ -73.9307135832114, 40.812215030450425 ], [ -73.930699547912127, 40.812222761498127 ], [ -73.930693880156937, 40.81222583794073 ], [ -73.930688196302441, 40.812228897189677 ], [ -73.930682496438692, 40.81223193919633 ], [ -73.930676780656754, 40.812234963912296 ], [ -73.930671049047305, 40.812237971289505 ], [ -73.930665301701396, 40.812240961280196 ], [ -73.930659538710273, 40.81224393383679 ], [ -73.930638845131725, 40.812254399849621 ], [ -73.930617957638887, 40.812264641087218 ], [ -73.930596880460868, 40.812274655475996 ], [ -73.930575617865188, 40.812284440988115 ], [ -73.930554174157223, 40.812293995642356 ], [ -73.930532553678503, 40.812303317504053 ], [ -73.930510760806783, 40.812312404685763 ], [ -73.930503941510153, 40.812315185696612 ], [ -73.930497106064749, 40.812317943727294 ], [ -73.930490254604464, 40.81232067872358 ], [ -73.930483387264132, 40.812323390631825 ], [ -73.930476504178458, 40.812326079398829 ], [ -73.930469605482244, 40.812328744971772 ], [ -73.930462691311064, 40.812331387298421 ], [ -73.930443396931693, 40.812338607483532 ], [ -73.930423987022934, 40.812345646653121 ], [ -73.930404464526148, 40.812352503740243 ], [ -73.930384832400634, 40.812359177705623 ], [ -73.930365093621774, 40.812365667537776 ], [ -73.930345251180825, 40.81237197225304 ], [ -73.930325308085713, 40.812378090895848 ], [ -73.930319157183973, 40.812379934422125 ], [ -73.930312997142835, 40.812381760247632 ], [ -73.930306828050135, 40.812383568346199 ], [ -73.930300649994507, 40.812385358691927 ], [ -73.930294463064499, 40.812387131259172 ], [ -73.930288267348303, 40.812388886022561 ], [ -73.930282062935305, 40.812390622956897 ], [ -73.93026213788059, 40.812396064706789 ], [ -73.930242127485116, 40.812401322587583 ], [ -73.930222034687972, 40.812406395826955 ], [ -73.930201862440796, 40.812411283679722 ], [ -73.93018161370658, 40.812415985427869 ], [ -73.930161291459228, 40.812420500380796 ], [ -73.930140898684115, 40.81242482787539 ] ] ] } },
{ "type": "Feature", "properties": { "Street": "PELHAM LINE", "FeatureTyp": "1", "NonPed": " ", "TrafDir": " ", "SegmentID": "8104427", "PhysicalID": null, "StreetWidth_Min": null, "StreetWidth_Max": null, "Snow_Priority": " ", "Number_Travel_Lanes": "  ", "Number_Park_Lanes": "  ", "TRUCK_ROUTE_TYPE": " " }, "geometry": { "type": "MultiLineString", "coordinates": [ [ [ -73.930140898684115, 40.81242482787539 ], [ -73.930071702154478, 40.81243774814471 ], [ -73.930001859394665, 40.81244847506855 ], [ -73.929931490788846, 40.812456990157436 ], [ -73.929860717628344, 40.812463278734278 ], [ -73.92978966190158, 40.812467329959738 ], [ -73.929718446083882, 40.812469136850922 ], [ -73.929647192927021, 40.812468696293394 ] ] ] } },
{ "type": "Feature", "properties": { "Street": "JEROME AVENUE LINE", "FeatureTyp": "1", "NonPed": " ", "TrafDir": " ", "SegmentID": "8103866", "PhysicalID": null, "StreetWidth_Min": null, "StreetWidth_Max": null, "Snow_Priority": " ", "Number_Travel_Lanes": "  ", "Number_Park_Lanes": "  ", "TRUCK_ROUTE_TYPE": " " }, "geometry": { "type": "MultiLineString", "coordinates": [ [ [ -73.929163282808076, 40.814303863159566 ], [ -73.930026425351755, 40.813112448085022 ] ] ] } },
{ "type": "Feature", "properties": { "Street": "PELHAM LINE", "FeatureTyp": "1", "NonPed": " ", "TrafDir": " ", "SegmentID": "0257366", "PhysicalID": null, "StreetWidth_Min": null, "StreetWidth_Max": null, "Snow_Priority": " ", "Number_Travel_Lanes": "  ", "Number_Park_Lanes": "  ", "TRUCK_ROUTE_TYPE": " " }, "geometry": { "type": "MultiLineString", "coordinates": [ [ [ -73.927142998495341, 40.810949808818982 ], [ -73.926377050729457, 40.81060851790901 ] ] ] } },
{ "type": "Feature", "properties": { "Street": "PELHAM LINE", "FeatureTyp": "1", "NonPed": " ", "TrafDir": " ", "SegmentID": "0257631", "PhysicalID": null, "StreetWidth_Min": null, "StreetWidth_Max": null, "Snow_Priority": " ", "Number_Travel_Lanes": "  ", "Number_Park_Lanes": "  ", "TRUCK_ROUTE_TYPE": " " }, "geometry": { "type": "MultiLineString", "coordinates": [ [ [ -73.926377050729457, 40.81060851790901 ], [ -73.926233601510575, 40.810545970308596 ] ] ] } },
{ "type": "Feature", "properties": { "Street": "PELHAM LINE", "FeatureTyp": "1", "NonPed": " ", "TrafDir": " ", "SegmentID": "0257645", "PhysicalID": null, "StreetWidth_Min": null, "StreetWidth_Max": null, "Snow_Priority": " ", "Number_Travel_Lanes": "  ", "Number_Park_Lanes": "  ", "TRUCK_ROUTE_TYPE": " " }, "geometry": { "type": "MultiLineString", "coordinates": [ [ [ -73.926233601510575, 40.810545970308596 ], [ -73.92609807160332, 40.810484207655925 ] ] ] } },
{ "type": "Feature", "properties": { "Street": "PELHAM LINE", "FeatureTyp": "1", "NonPed": " ", "TrafDir": " ", "SegmentID": "0257646", "PhysicalID": null, "StreetWidth_Min": null, "StreetWidth_Max": null, "Snow_Priority": " ", "Number_Travel_Lanes": "  ", "Number_Park_Lanes": "  ", "TRUCK_ROUTE_TYPE": " " }, "geometry": { "type": "MultiLineString", "coordinates": [ [ [ -73.92609807160332, 40.810484207655925 ], [ -73.925688756865043, 40.810298472884625 ] ] ] } },
{ "type": "Feature", "properties": { "Street": "PELHAM LINE", "FeatureTyp": "1", "NonPed": " ", "TrafDir": " ", "SegmentID": "0257704", "PhysicalID": null, "StreetWidth_Min": null, "StreetWidth_Max": null, "Snow_Priority": " ", "Number_Travel_Lanes": "  ", "Number_Park_Lanes": "  ", "TRUCK_ROUTE_TYPE": " " }, "geometry": { "type": "MultiLineString", "coordinates": [ [ [ -73.925688756865043, 40.810298472884625 ], [ -73.925622861262738, 40.810268571642574 ] ] ] } },
{ "type": "Feature", "properties": { "Street": "PELHAM LINE", "FeatureTyp": "1", "NonPed": " ", "TrafDir": " ", "SegmentID": "0257710", "PhysicalID": null, "StreetWidth_Min": null, "StreetWidth_Max": null, "Snow_Priority": " ", "Number_Travel_Lanes": "  ", "Number_Park_Lanes": "  ", "TRUCK_ROUTE_TYPE": " " }, "geometry": { "type": "MultiLineString", "coordinates": [ [ [ -73.925622861262738, 40.810268571642574 ], [ -73.925142339823466, 40.810053211821234 ] ] ] } },
{ "type": "Feature", "properties": { "Street": "PELHAM LINE", "FeatureTyp": "1", "NonPed": " ", "TrafDir": " ", "SegmentID": "0265871", "PhysicalID": null, "StreetWidth_Min": null, "StreetWidth_Max": null, "Snow_Priority": " ", "Number_Travel_Lanes": "  ", "Number_Park_Lanes": "  ", "TRUCK_ROUTE_TYPE": " " }, "geometry": { "type": "MultiLineString", "coordinates": [ [ [ -73.925142339823466, 40.810053211821234 ], [ -73.924168033866565, 40.80964255946509 ] ] ] } },
{ "type": "Feature", "properties": { "Street": "PELHAM LINE", "FeatureTyp": "1", "NonPed": " ", "TrafDir": " ", "SegmentID": "0265872", "PhysicalID": null, "StreetWidth_Min": null, "StreetWidth_Max": null, "Snow_Priority": " ", "Number_Travel_Lanes": "  ", "Number_Park_Lanes": "  ", "TRUCK_ROUTE_TYPE": " " }, "geometry": { "type": "MultiLineString", "coordinates": [ [ [ -73.924168033866565, 40.80964255946509 ], [ -73.922886298233593, 40.809105863935592 ] ] ] } },
{ "type": "Feature", "properties": { "Street": "PELHAM LINE", "FeatureTyp": "1", "NonPed": " ", "TrafDir": " ", "SegmentID": "0313722", "PhysicalID": null, "StreetWidth_Min": null, "StreetWidth_Max": null, "Snow_Priority": " ", "Number_Travel_Lanes": "  ", "Number_Park_Lanes": "  ", "TRUCK_ROUTE_TYPE": " " }, "geometry": { "type": "MultiLineString", "coordinates": [ [ [ -73.914521967353338, 40.805556502530948 ], [ -73.914250308972669, 40.805441980201927 ] ] ] } },
{ "type": "Feature", "properties": { "Street": "PELHAM LINE", "FeatureTyp": "1", "NonPed": " ", "TrafDir": " ", "SegmentID": "0314279", "PhysicalID": null, "StreetWidth_Min": null, "StreetWidth_Max": null, "Snow_Priority": " ", "Number_Travel_Lanes": "  ", "Number_Park_Lanes": "  ", "TRUCK_ROUTE_TYPE": " " }, "geometry": { "type": "MultiLineString", "coordinates": [ [ [ -73.917497518153382, 40.806813636354192 ], [ -73.916596806714594, 40.806449091450993 ] ] ] } },
{ "type": "Feature", "properties": { "Street": "PELHAM LINE", "FeatureTyp": "1", "NonPed": " ", "TrafDir": " ", "SegmentID": "0314305", "PhysicalID": null, "StreetWidth_Min": null, "StreetWidth_Max": null, "Snow_Priority": " ", "Number_Travel_Lanes": "  ", "Number_Park_Lanes": "  ", "TRUCK_ROUTE_TYPE": " " }, "geometry": { "type": "MultiLineString", "coordinates": [ [ [ -73.916596806714594, 40.806449091450993 ], [ -73.916488629605425, 40.806403398544802 ] ] ] } },
{ "type": "Feature", "properties": { "Street": "PELHAM LINE", "FeatureTyp": "1", "NonPed": " ", "TrafDir": " ", "SegmentID": "0314589", "PhysicalID": null, "StreetWidth_Min": null, "StreetWidth_Max": null, "Snow_Priority": " ", "Number_Travel_Lanes": "  ", "Number_Park_Lanes": "  ", "TRUCK_ROUTE_TYPE": " " }, "geometry": { "type": "MultiLineString", "coordinates": [ [ [ -73.919214506468748, 40.807553721341392 ], [ -73.918975741545566, 40.807451038852435 ] ] ] } },
{ "type": "Feature", "properties": { "Street": "PELHAM LINE", "FeatureTyp": "1", "NonPed": " ", "TrafDir": " ", "SegmentID": "0314590", "PhysicalID": null, "StreetWidth_Min": null, "StreetWidth_Max": null, "Snow_Priority": " ", "Number_Travel_Lanes": "  ", "Number_Park_Lanes": "  ", "TRUCK_ROUTE_TYPE": " " }, "geometry": { "type": "MultiLineString", "coordinates": [ [ [ -73.918975741545566, 40.807451038852435 ], [ -73.918845820659172, 40.80739501875621 ] ] ] } },
{ "type": "Feature", "properties": { "Street": "PELHAM LINE", "FeatureTyp": "1", "NonPed": " ", "TrafDir": " ", "SegmentID": "0314595", "PhysicalID": null, "StreetWidth_Min": null, "StreetWidth_Max": null, "Snow_Priority": " ", "Number_Travel_Lanes": "  ", "Number_Park_Lanes": "  ", "TRUCK_ROUTE_TYPE": " " }, "geometry": { "type": "MultiLineString", "coordinates": [ [ [ -73.916488629605425, 40.806403398544802 ], [ -73.915201174764178, 40.805849944343123 ] ] ] } },
{ "type": "Feature", "properties": { "Street": "PELHAM LINE", "FeatureTyp": "1", "NonPed": " ", "TrafDir": " ", "SegmentID": "0314599", "PhysicalID": null, "StreetWidth_Min": null, "StreetWidth_Max": null, "Snow_Priority": " ", "Number_Travel_Lanes": "  ", "Number_Park_Lanes": "  ", "TRUCK_ROUTE_TYPE": " " }, "geometry": { "type": "MultiLineString", "coordinates": [ [ [ -73.915201174764178, 40.805849944343123 ], [ -73.914746578947842, 40.805654516413064 ] ] ] } },
{ "type": "Feature", "properties": { "Street": "PELHAM LINE", "FeatureTyp": "1", "NonPed": " ", "TrafDir": " ", "SegmentID": "0314600", "PhysicalID": null, "StreetWidth_Min": null, "StreetWidth_Max": null, "Snow_Priority": " ", "Number_Travel_Lanes": "  ", "Number_Park_Lanes": "  ", "TRUCK_ROUTE_TYPE": " " }, "geometry": { "type": "MultiLineString", "coordinates": [ [ [ -73.914746578947842, 40.805654516413064 ], [ -73.914521967353338, 40.805556502530948 ] ] ] } },
{ "type": "Feature", "properties": { "Street": "PELHAM LINE", "FeatureTyp": "1", "NonPed": " ", "TrafDir": " ", "SegmentID": "0314962", "PhysicalID": null, "StreetWidth_Min": null, "StreetWidth_Max": null, "Snow_Priority": " ", "Number_Travel_Lanes": "  ", "Number_Park_Lanes": "  ", "TRUCK_ROUTE_TYPE": " " }, "geometry": { "type": "MultiLineString", "coordinates": [ [ [ -73.918845820659172, 40.80739501875621 ], [ -73.918804758795247, 40.807377313814527 ] ] ] } },
{ "type": "Feature", "properties": { "Street": "PELHAM LINE", "FeatureTyp": "1", "NonPed": " ", "TrafDir": " ", "SegmentID": "0314966", "PhysicalID": null, "StreetWidth_Min": null, "StreetWidth_Max": null, "Snow_Priority": " ", "Number_Travel_Lanes": "  ", "Number_Park_Lanes": "  ", "TRUCK_ROUTE_TYPE": " " }, "geometry": { "type": "MultiLineString", "coordinates": [ [ [ -73.918804758795247, 40.807377313814527 ], [ -73.918476759292417, 40.807235884348195 ] ] ] } },
{ "type": "Feature", "properties": { "Street": "PELHAM LINE", "FeatureTyp": "1", "NonPed": " ", "TrafDir": " ", "SegmentID": "0314967", "PhysicalID": null, "StreetWidth_Min": null, "StreetWidth_Max": null, "Snow_Priority": " ", "Number_Travel_Lanes": "  ", "Number_Park_Lanes": "  ", "TRUCK_ROUTE_TYPE": " " }, "geometry": { "type": "MultiLineString", "coordinates": [ [ [ -73.918476759292417, 40.807235884348195 ], [ -73.917497518153382, 40.806813636354192 ] ] ] } },
{ "type": "Feature", "properties": { "Street": "HARLEM RIVER DRIVE", "FeatureTyp": "0", "NonPed": "V", "TrafDir": "A", "SegmentID": "0173315", "PhysicalID": 24823.0, "StreetWidth_Min": 20.0, "StreetWidth_Max": 38.0, "Snow_Priority": "C", "Number_Travel_Lanes": " 2", "Number_Park_Lanes": "  ", "TRUCK_ROUTE_TYPE": " " }, "geometry": { "type": "MultiLineString", "coordinates": [ [ [ -73.930055910771273, 40.801329281260983 ], [ -73.930141507737872, 40.801618676280306 ] ] ] } },
{ "type": "Feature", "properties": { "Street": "RFK BRDG ET 125 STREET 2 AVE", "FeatureTyp": "0", "NonPed": "V", "TrafDir": "W", "SegmentID": "0069501", "PhysicalID": 24959.0, "StreetWidth_Min": 32.0, "StreetWidth_Max": 32.0, "Snow_Priority": "V", "Number_Travel_Lanes": " 3", "Number_Park_Lanes": "  ", "TRUCK_ROUTE_TYPE": "2" }, "geometry": { "type": "MultiLineString", "coordinates": [ [ [ -73.930064989564286, 40.801568738427321 ], [ -73.930141507737872, 40.801618676280306 ] ] ] } },
{ "type": "Feature", "properties": { "Street": "RFK BRDG ET 125 STREET 2 AVE", "FeatureTyp": "0", "NonPed": "V", "TrafDir": "W", "SegmentID": "0173339", "PhysicalID": 24961.0, "StreetWidth_Min": 32.0, "StreetWidth_Max": 32.0, "Snow_Priority": "V", "Number_Travel_Lanes": " 3", "Number_Park_Lanes": "  ", "TRUCK_ROUTE_TYPE": "2" }, "geometry": { "type": "MultiLineString", "coordinates": [ [ [ -73.929309983957836, 40.801010112885947 ], [ -73.929760045694209, 40.801330623587113 ] ] ] } },
{ "type": "Feature", "properties": { "Street": "FDR DRIVE ENTRANCE SOUTHBOUND", "FeatureTyp": "0", "NonPed": "V", "TrafDir": "W", "SegmentID": "0173284", "PhysicalID": 26773.0, "StreetWidth_Min": 18.0, "StreetWidth_Max": 20.0, "Snow_Priority": "C", "Number_Travel_Lanes": " 1", "Number_Park_Lanes": "  ", "TRUCK_ROUTE_TYPE": " " }, "geometry": { "type": "MultiLineString", "coordinates": [ [ [ -73.930547024946009, 40.801504041307282 ], [ -73.930450311006283, 40.801448320475849 ] ] ] } },
{ "type": "Feature", "properties": { "Street": "HARLEM RIVER DRIVE", "FeatureTyp": "0", "NonPed": "V", "TrafDir": "T", "SegmentID": "0069513", "PhysicalID": null, "StreetWidth_Min": null, "StreetWidth_Max": null, "Snow_Priority": "C", "Number_Travel_Lanes": "  ", "Number_Park_Lanes": "  ", "TRUCK_ROUTE_TYPE": " " }, "geometry": { "type": "MultiLineString", "coordinates": [ [ [ -73.930338002790336, 40.802756106854247 ], [ -73.930359218286071, 40.802845245341004 ] ] ] } },
{ "type": "Feature", "properties": { "Street": "PALADINO AVENUE", "FeatureTyp": "0", "NonPed": " ", "TrafDir": "T", "SegmentID": "0108721", "PhysicalID": 69881.0, "StreetWidth_Min": 32.0, "StreetWidth_Max": 36.0, "Snow_Priority": "C", "Number_Travel_Lanes": " 2", "Number_Park_Lanes": " 2", "TRUCK_ROUTE_TYPE": " " }, "geometry": { "type": "MultiLineString", "coordinates": [ [ [ -73.930516778614574, 40.800066492861603 ], [ -73.930422373527932, 40.800006435890857 ], [ -73.930340482626889, 40.799935012252547 ], [ -73.930274408179542, 40.799854692853266 ], [ -73.93022626923586, 40.79976857587927 ] ] ] } },
{ "type": "Feature", "properties": { "Street": "HARLEM RIVER DRIVE", "FeatureTyp": "0", "NonPed": "V", "TrafDir": "T", "SegmentID": "0190233", "PhysicalID": null, "StreetWidth_Min": null, "StreetWidth_Max": null, "Snow_Priority": "C", "Number_Travel_Lanes": "  ", "Number_Park_Lanes": "  ", "TRUCK_ROUTE_TYPE": " " }, "geometry": { "type": "MultiLineString", "coordinates": [ [ [ -73.930273773090974, 40.80243200032335 ], [ -73.930312552843404, 40.802646058120764 ] ] ] } },
{ "type": "Feature", "properties": { "Street": "ROBERT F KENNEDY BRIDGE", "FeatureTyp": "0", "NonPed": "V", "TrafDir": "A", "SegmentID": "0155086", "PhysicalID": 76324.0, "StreetWidth_Min": 110.0, "StreetWidth_Max": 130.0, "Snow_Priority": "V", "Number_Travel_Lanes": " 8", "Number_Park_Lanes": "  ", "TRUCK_ROUTE_TYPE": "2" }, "geometry": { "type": "MultiLineString", "coordinates": [ [ [ -73.923676291766625, 40.798614401701649 ], [ -73.923461359697754, 40.798511245126136 ] ] ] } },
{ "type": "Feature", "properties": { "Street": "FDR DRIVE EXIT 17 NB RFK BRDG", "FeatureTyp": "0", "NonPed": "V", "TrafDir": "W", "SegmentID": "0173275", "PhysicalID": 76978.0, "StreetWidth_Min": 15.0, "StreetWidth_Max": 15.0, "Snow_Priority": "V", "Number_Travel_Lanes": " 1", "Number_Park_Lanes": "  ", "TRUCK_ROUTE_TYPE": " " }, "geometry": { "type": "MultiLineString", "coordinates": [ [ [ -73.929893151263386, 40.800066133381954 ], [ -73.929919114830668, 40.800088121265681 ] ] ] } },
{ "type": "Feature", "properties": { "Street": "HARLEM RIVER DRIVE", "FeatureTyp": "0", "NonPed": "V", "TrafDir": "A", "SegmentID": "0173321", "PhysicalID": 24890.0, "StreetWidth_Min": 20.0, "StreetWidth_Max": 38.0, "Snow_Priority": "C", "Number_Travel_Lanes": " 2", "Number_Park_Lanes": "  ", "TRUCK_ROUTE_TYPE": " " }, "geometry": { "type": "MultiLineString", "coordinates": [ [ [ -73.930217046909917, 40.801878356756738 ], [ -73.930346099077994, 40.802416850337814 ], [ -73.930359088921719, 40.802471053367107 ], [ -73.930362762193099, 40.80248637665148 ] ] ] } },
{ "type": "Feature", "properties": { "Street": "RFK BRIDGE EXIT FDR DRIVE SB", "FeatureTyp": "0", "NonPed": "V", "TrafDir": "W", "SegmentID": "0147102", "PhysicalID": 150623.0, "StreetWidth_Min": 30.0, "StreetWidth_Max": 34.0, "Snow_Priority": "V", "Number_Travel_Lanes": " 2", "Number_Park_Lanes": "  ", "TRUCK_ROUTE_TYPE": " " }, "geometry": { "type": "MultiLineString", "coordinates": [ [ [ -73.929620007670437, 40.799664983032464 ], [ -73.929552855909989, 40.799540250385952 ], [ -73.929505222783177, 40.799425065645309 ], [ -73.929473846528552, 40.799289232633143 ], [ -73.929449996122585, 40.799084444288326 ] ] ] } },
{ "type": "Feature", "properties": { "Street": "RFK BRIDGE EXIT FDR DRIVE SB", "FeatureTyp": "0", "NonPed": "V", "TrafDir": "W", "SegmentID": "0147100", "PhysicalID": 150623.0, "StreetWidth_Min": 30.0, "StreetWidth_Max": 34.0, "Snow_Priority": "V", "Number_Travel_Lanes": " 2", "Number_Park_Lanes": "  ", "TRUCK_ROUTE_TYPE": " " }, "geometry": { "type": "MultiLineString", "coordinates": [ [ [ -73.929901567837959, 40.799961689525333 ], [ -73.929849200462158, 40.799919505233625 ], [ -73.929791451783188, 40.799866754829104 ], [ -73.929749872974426, 40.799819291539272 ], [ -73.929692125183536, 40.799766541084551 ], [ -73.929620007670437, 40.799664983032464 ] ] ] } },
{ "type": "Feature", "properties": { "Street": "HARLEM RIVER DRIVE", "FeatureTyp": "0", "NonPed": "V", "TrafDir": "T", "SegmentID": "0173326", "PhysicalID": null, "StreetWidth_Min": null, "StreetWidth_Max": null, "Snow_Priority": "C", "Number_Travel_Lanes": "  ", "Number_Park_Lanes": "  ", "TRUCK_ROUTE_TYPE": " " }, "geometry": { "type": "MultiLineString", "coordinates": [ [ [ -73.929905534398955, 40.801045592604659 ], [ -73.929943370976602, 40.801175827123672 ] ] ] } },
{ "type": "Feature", "properties": { "Street": "ROBERT F KENNEDY BRIDGE", "FeatureTyp": "0", "NonPed": "V", "TrafDir": "W", "SegmentID": "0147038", "PhysicalID": 77320.0, "StreetWidth_Min": 32.0, "StreetWidth_Max": 130.0, "Snow_Priority": "V", "Number_Travel_Lanes": " 3", "Number_Park_Lanes": "  ", "TRUCK_ROUTE_TYPE": "2" }, "geometry": { "type": "MultiLineString", "coordinates": [ [ [ -73.929258280163651, 40.800888927795491 ], [ -73.929007881768129, 40.800772348550439 ] ] ] } },
{ "type": "Feature", "properties": { "Street": "ROBERT F KENNEDY BRIDGE", "FeatureTyp": "0", "NonPed": "V", "TrafDir": "W", "SegmentID": "0147038", "PhysicalID": 77320.0, "StreetWidth_Min": 32.0, "StreetWidth_Max": 130.0, "Snow_Priority": "V", "Number_Travel_Lanes": " 3", "Number_Park_Lanes": "  ", "TRUCK_ROUTE_TYPE": "2" }, "geometry": { "type": "MultiLineString", "coordinates": [ [ [ -73.929258280163651, 40.800888927795491 ], [ -73.929007881768129, 40.800772348550439 ] ] ] } },
{ "type": "Feature", "properties": { "Street": "HARLEM RIVER DRIVE", "FeatureTyp": "0", "NonPed": "V", "TrafDir": "A", "SegmentID": "0172830", "PhysicalID": 200180.0, "StreetWidth_Min": 22.0, "StreetWidth_Max": 40.0, "Snow_Priority": "C", "Number_Travel_Lanes": " 2", "Number_Park_Lanes": "  ", "TRUCK_ROUTE_TYPE": " " }, "geometry": { "type": "MultiLineString", "coordinates": [ [ [ -73.929643716168869, 40.798669577040364 ], [ -73.929647518575607, 40.798681970163656 ], [ -73.929757763251857, 40.798967864361671 ] ] ] } },
{ "type": "Feature", "properties": { "Street": "BRONX SHORE ROAD", "FeatureTyp": "0", "NonPed": "D", "TrafDir": "W", "SegmentID": "0140505", "PhysicalID": 75930.0, "StreetWidth_Min": 24.0, "StreetWidth_Max": 24.0, "Snow_Priority": "V", "Number_Travel_Lanes": " 1", "Number_Park_Lanes": "  ", "TRUCK_ROUTE_TYPE": " " }, "geometry": { "type": "MultiLineString", "coordinates": [ [ [ -73.925141320530457, 40.800117103225688 ], [ -73.925159107295471, 40.80010932839955 ], [ -73.925176125098972, 40.800100616164436 ], [ -73.925192288538454, 40.800091010242227 ], [ -73.925207516498901, 40.800080558839603 ], [ -73.925221732560289, 40.80006931440635 ], [ -73.925234865380816, 40.800057333371868 ], [ -73.925246849054815, 40.800044675862154 ], [ -73.92525762344377, 40.800031405398073 ], [ -73.925267134478005, 40.800017588576473 ], [ -73.925275334427809, 40.800003294735987 ], [ -73.925282182143206, 40.799988595609136 ], [ -73.92528764326056, 40.799973564962244 ], [ -73.925291690374692, 40.799958278225347 ], [ -73.925294303176287, 40.799942812113564 ], [ -73.925295468554452, 40.799927244242113 ], [ -73.925295180661735, 40.799911652736888 ], [ -73.925293440943932, 40.799896115842259 ], [ -73.925290258132705, 40.799880711528573 ], [ -73.925285648201623, 40.799865517100706 ], [ -73.925282032318748, 40.799854973460512 ], [ -73.925277981857661, 40.799844521455725 ], [ -73.925273500826165, 40.799834171427484 ], [ -73.925268593657933, 40.799823933615997 ], [ -73.925263265208145, 40.799813818150341 ], [ -73.925257520749071, 40.799803835038645 ], [ -73.925251365964172, 40.799793994158058 ] ] ] } },
{ "type": "Feature", "properties": { "Street": "HARLEM RIVER DRIVE", "FeatureTyp": "0", "NonPed": "V", "TrafDir": "W", "SegmentID": "0147046", "PhysicalID": 24830.0, "StreetWidth_Min": 20.0, "StreetWidth_Max": 24.0, "Snow_Priority": "C", "Number_Travel_Lanes": " 2", "Number_Park_Lanes": "  ", "TRUCK_ROUTE_TYPE": " " }, "geometry": { "type": "MultiLineString", "coordinates": [ [ [ -73.929844353660741, 40.801033005943147 ], [ -73.929882124957402, 40.801151714234415 ] ] ] } },
{ "type": "Feature", "properties": { "Street": "RFK BRIDGE EXIT FDR DRIVE SB", "FeatureTyp": "0", "NonPed": "V", "TrafDir": "W", "SegmentID": "0147052", "PhysicalID": 77325.0, "StreetWidth_Min": 30.0, "StreetWidth_Max": 32.0, "Snow_Priority": "V", "Number_Travel_Lanes": " 2", "Number_Park_Lanes": "  ", "TRUCK_ROUTE_TYPE": " " }, "geometry": { "type": "MultiLineString", "coordinates": [ [ [ -73.930055910771273, 40.801329281260983 ], [ -73.930336938377167, 40.80144558853442 ] ] ] } },
{ "type": "Feature", "properties": { "Street": "RFK BR EN E 124 AND 125 ST", "FeatureTyp": "0", "NonPed": "V", "TrafDir": "W", "SegmentID": "0189369", "PhysicalID": 66972.0, "StreetWidth_Min": 20.0, "StreetWidth_Max": 34.0, "Snow_Priority": "V", "Number_Travel_Lanes": " 1", "Number_Park_Lanes": "  ", "TRUCK_ROUTE_TYPE": "2" }, "geometry": { "type": "MultiLineString", "coordinates": [ [ [ -73.929905534398955, 40.801045592604659 ], [ -73.929844353660741, 40.801033005943147 ] ] ] } },
{ "type": "Feature", "properties": { "Street": "ROBERT F KENNEDY BRIDGE", "FeatureTyp": "0", "NonPed": "V", "TrafDir": "T", "SegmentID": "0069867", "PhysicalID": null, "StreetWidth_Min": null, "StreetWidth_Max": null, "Snow_Priority": "V", "Number_Travel_Lanes": "  ", "Number_Park_Lanes": "  ", "TRUCK_ROUTE_TYPE": " " }, "geometry": { "type": "MultiLineString", "coordinates": [ [ [ -73.925221241770572, 40.799236970989455 ], [ -73.924510445829057, 40.798889265497401 ] ] ] } },
{ "type": "Feature", "properties": { "Street": "ROBERT F KENNEDY BRIDGE", "FeatureTyp": "0", "NonPed": "V", "TrafDir": "W", "SegmentID": "0173335", "PhysicalID": null, "StreetWidth_Min": null, "StreetWidth_Max": null, "Snow_Priority": "V", "Number_Travel_Lanes": "  ", "Number_Park_Lanes": "  ", "TRUCK_ROUTE_TYPE": " " }, "geometry": { "type": "MultiLineString", "coordinates": [ [ [ -73.929358542294437, 40.800935607930199 ], [ -73.929226772107228, 40.800921389561239 ] ] ] } },
{ "type": "Feature", "properties": { "Street": "FDR DRIVE ENTRANCE SOUTHBOUND", "FeatureTyp": "0", "NonPed": "V", "TrafDir": "W", "SegmentID": "0069476", "PhysicalID": 77332.0, "StreetWidth_Min": 18.0, "StreetWidth_Max": 20.0, "Snow_Priority": "C", "Number_Travel_Lanes": " 1", "Number_Park_Lanes": "  ", "TRUCK_ROUTE_TYPE": " " }, "geometry": { "type": "MultiLineString", "coordinates": [ [ [ -73.930450311006283, 40.801448320475849 ], [ -73.930391341291084, 40.80139679928687 ] ] ] } },
{ "type": "Feature", "properties": { "Street": "PALADINO AVENUE", "FeatureTyp": "0", "NonPed": " ", "TrafDir": "T", "SegmentID": "9001122", "PhysicalID": 117362.0, "StreetWidth_Min": 32.0, "StreetWidth_Max": 36.0, "Snow_Priority": "C", "Number_Travel_Lanes": " 2", "Number_Park_Lanes": " 2", "TRUCK_ROUTE_TYPE": " " }, "geometry": { "type": "MultiLineString", "coordinates": [ [ [ -73.929816364223356, 40.798692441029139 ], [ -73.929726769723473, 40.798457226332985 ] ] ] } },
{ "type": "Feature", "properties": { "Street": "ROBERT F KENNEDY BRIDGE", "FeatureTyp": "0", "NonPed": "V", "TrafDir": "W", "SegmentID": "0155202", "PhysicalID": 76355.0, "StreetWidth_Min": 32.0, "StreetWidth_Max": 130.0, "Snow_Priority": "V", "Number_Travel_Lanes": " 3", "Number_Park_Lanes": "  ", "TRUCK_ROUTE_TYPE": "2" }, "geometry": { "type": "MultiLineString", "coordinates": [ [ [ -73.929007881768129, 40.800772348550439 ], [ -73.926901054317653, 40.799888236448311 ] ] ] } },
{ "type": "Feature", "properties": { "Street": "BRONX SHORE ROAD", "FeatureTyp": "0", "NonPed": "D", "TrafDir": "W", "SegmentID": "0155054", "PhysicalID": 75927.0, "StreetWidth_Min": 24.0, "StreetWidth_Max": 24.0, "Snow_Priority": "V", "Number_Travel_Lanes": " 2", "Number_Park_Lanes": "  ", "TRUCK_ROUTE_TYPE": " " }, "geometry": { "type": "MultiLineString", "coordinates": [ [ [ -73.923582915912945, 40.800091977820053 ], [ -73.923920997314795, 40.800142201610157 ] ] ] } },
{ "type": "Feature", "properties": { "Street": "BRONX SHORE ROAD", "FeatureTyp": "0", "NonPed": "D", "TrafDir": "W", "SegmentID": "0155054", "PhysicalID": 75927.0, "StreetWidth_Min": 24.0, "StreetWidth_Max": 24.0, "Snow_Priority": "V", "Number_Travel_Lanes": " 2", "Number_Park_Lanes": "  ", "TRUCK_ROUTE_TYPE": " " }, "geometry": { "type": "MultiLineString", "coordinates": [ [ [ -73.923582915912945, 40.800091977820053 ], [ -73.923920997314795, 40.800142201610157 ] ] ] } },
{ "type": "Feature", "properties": { "Street": "RFK BRIDGE EXIT FDR DRIVE SB", "FeatureTyp": "0", "NonPed": "V", "TrafDir": "W", "SegmentID": "0147098", "PhysicalID": 137473.0, "StreetWidth_Min": 30.0, "StreetWidth_Max": 34.0, "Snow_Priority": "V", "Number_Travel_Lanes": " 2", "Number_Park_Lanes": "  ", "TRUCK_ROUTE_TYPE": " " }, "geometry": { "type": "MultiLineString", "coordinates": [ [ [ -73.929950230709622, 40.799988995390713 ], [ -73.929901567837959, 40.799961689525333 ] ] ] } },
{ "type": "Feature", "properties": { "Street": "FDR DRIVE EXIT 17 SOUTHBOUND", "FeatureTyp": "0", "NonPed": "V", "TrafDir": "A", "SegmentID": "0173298", "PhysicalID": null, "StreetWidth_Min": null, "StreetWidth_Max": null, "Snow_Priority": "V", "Number_Travel_Lanes": "  ", "Number_Park_Lanes": "  ", "TRUCK_ROUTE_TYPE": " " }, "geometry": { "type": "MultiLineString", "coordinates": [ [ [ -73.930362762193099, 40.80248637665148 ], [ -73.930312552843404, 40.802646058120764 ] ] ] } },
{ "type": "Feature", "properties": { "Street": "HARLEM RIVER DRIVE", "FeatureTyp": "0", "NonPed": "V", "TrafDir": "A", "SegmentID": "0173272", "PhysicalID": 200180.0, "StreetWidth_Min": 22.0, "StreetWidth_Max": 40.0, "Snow_Priority": "C", "Number_Travel_Lanes": " 2", "Number_Park_Lanes": "  ", "TRUCK_ROUTE_TYPE": " " }, "geometry": { "type": "MultiLineString", "coordinates": [ [ [ -73.929906074461783, 40.799868643242178 ], [ -73.929901567837959, 40.799961689525333 ] ] ] } },
{ "type": "Feature", "properties": { "Street": "RFK BR EN FDR AND HARLEM RVR DRV", "FeatureTyp": "0", "NonPed": "V", "TrafDir": "W", "SegmentID": "0147049", "PhysicalID": 77317.0, "StreetWidth_Min": 30.0, "StreetWidth_Max": 38.0, "Snow_Priority": "V", "Number_Travel_Lanes": " 2", "Number_Park_Lanes": "  ", "TRUCK_ROUTE_TYPE": " " }, "geometry": { "type": "MultiLineString", "coordinates": [ [ [ -73.930027371948739, 40.801208461901091 ], [ -73.929943370976602, 40.801175827123672 ] ] ] } },
{ "type": "Feature", "properties": { "Street": "RFK BRDG ET 125 STREET 2 AVE", "FeatureTyp": "0", "NonPed": "V", "TrafDir": "W", "SegmentID": "0173336", "PhysicalID": 24960.0, "StreetWidth_Min": 20.0, "StreetWidth_Max": 32.0, "Snow_Priority": "V", "Number_Travel_Lanes": " 3", "Number_Park_Lanes": "  ", "TRUCK_ROUTE_TYPE": "2" }, "geometry": { "type": "MultiLineString", "coordinates": [ [ [ -73.929760045694209, 40.801330623587113 ], [ -73.929962276810002, 40.801481120913976 ] ] ] } },
{ "type": "Feature", "properties": { "Street": "HARLEM RIVER DRIVE", "FeatureTyp": "0", "NonPed": "V", "TrafDir": "T", "SegmentID": "0132745", "PhysicalID": null, "StreetWidth_Min": null, "StreetWidth_Max": null, "Snow_Priority": "C", "Number_Travel_Lanes": "  ", "Number_Park_Lanes": "  ", "TRUCK_ROUTE_TYPE": " " }, "geometry": { "type": "MultiLineString", "coordinates": [ [ [ -73.930128559564182, 40.801781115661377 ], [ -73.930143927666194, 40.801878268005495 ] ] ] } },
{ "type": "Feature", "properties": { "Street": "ROBERT F KENNEDY BRIDGE", "FeatureTyp": "0", "NonPed": "V", "TrafDir": "W", "SegmentID": "0140503", "PhysicalID": 133189.0, "StreetWidth_Min": 120.0, "StreetWidth_Max": 130.0, "Snow_Priority": "V", "Number_Travel_Lanes": "10", "Number_Park_Lanes": "  ", "TRUCK_ROUTE_TYPE": "2" }, "geometry": { "type": "MultiLineString", "coordinates": [ [ [ -73.924572299826451, 40.798817609011749 ], [ -73.923829613802411, 40.798445349328937 ] ] ] } },
{ "type": "Feature", "properties": { "Street": "ROBERT F KENNEDY BRIDGE", "FeatureTyp": "0", "NonPed": "V", "TrafDir": "W", "SegmentID": "0138109", "PhysicalID": 76351.0, "StreetWidth_Min": 32.0, "StreetWidth_Max": 130.0, "Snow_Priority": "V", "Number_Travel_Lanes": " 3", "Number_Park_Lanes": "  ", "TRUCK_ROUTE_TYPE": "2" }, "geometry": { "type": "MultiLineString", "coordinates": [ [ [ -73.925297024137279, 40.79917095972835 ], [ -73.924572299826451, 40.798817609011749 ] ] ] } },
{ "type": "Feature", "properties": { "Street": "HARLEM RIVER DRIVE", "FeatureTyp": "0", "NonPed": "V", "TrafDir": "W", "SegmentID": "0190883", "PhysicalID": 168968.0, "StreetWidth_Min": 20.0, "StreetWidth_Max": 32.0, "Snow_Priority": "C", "Number_Travel_Lanes": " 2", "Number_Park_Lanes": "  ", "TRUCK_ROUTE_TYPE": " " }, "geometry": { "type": "MultiLineString", "coordinates": [ [ [ -73.930161662659401, 40.802316668199744 ], [ -73.930221762083789, 40.802717614219191 ] ] ] } },
{ "type": "Feature", "properties": { "Street": "ROBERT F KENNEDY BRIDGE", "FeatureTyp": "0", "NonPed": "V", "TrafDir": "A", "SegmentID": "0133949", "PhysicalID": 77329.0, "StreetWidth_Min": 32.0, "StreetWidth_Max": 130.0, "Snow_Priority": "V", "Number_Travel_Lanes": " 3", "Number_Park_Lanes": "  ", "TRUCK_ROUTE_TYPE": "2" }, "geometry": { "type": "MultiLineString", "coordinates": [ [ [ -73.929309983957836, 40.801010112885947 ], [ -73.929202004392891, 40.800967281567459 ] ] ] } },
{ "type": "Feature", "properties": { "Street": "RFK BR EN E 124 AND 125 ST", "FeatureTyp": "0", "NonPed": "V", "TrafDir": "W", "SegmentID": "0189370", "PhysicalID": 66973.0, "StreetWidth_Min": 20.0, "StreetWidth_Max": 34.0, "Snow_Priority": "V", "Number_Travel_Lanes": " 1", "Number_Park_Lanes": "  ", "TRUCK_ROUTE_TYPE": "2" }, "geometry": { "type": "MultiLineString", "coordinates": [ [ [ -73.929844353660741, 40.801033005943147 ], [ -73.929606615194942, 40.80097765136501 ] ] ] } },
{ "type": "Feature", "properties": { "Street": "ROBERT F KENNEDY BRIDGE", "FeatureTyp": "0", "NonPed": "V", "TrafDir": "T", "SegmentID": "0069723", "PhysicalID": null, "StreetWidth_Min": null, "StreetWidth_Max": null, "Snow_Priority": "V", "Number_Travel_Lanes": "  ", "Number_Park_Lanes": "  ", "TRUCK_ROUTE_TYPE": " " }, "geometry": { "type": "MultiLineString", "coordinates": [ [ [ -73.926043153358819, 40.799580942519199 ], [ -73.925221241770572, 40.799236970989455 ] ] ] } },
{ "type": "Feature", "properties": { "Street": "RFK BR MANHATTAN ET RP RANDALLS", "FeatureTyp": "0", "NonPed": "V", "TrafDir": "W", "SegmentID": "0132778", "PhysicalID": 134779.0, "StreetWidth_Min": 15.0, "StreetWidth_Max": 30.0, "Snow_Priority": "V", "Number_Travel_Lanes": " 1", "Number_Park_Lanes": "  ", "TRUCK_ROUTE_TYPE": " " }, "geometry": { "type": "MultiLineString", "coordinates": [ [ [ -73.925488907468051, 40.799041885436431 ], [ -73.925297024137279, 40.79917095972835 ] ] ] } },
{ "type": "Feature", "properties": { "Street": "BRONX SHORE ROAD", "FeatureTyp": "0", "NonPed": "D", "TrafDir": "W", "SegmentID": "0141710", "PhysicalID": 75931.0, "StreetWidth_Min": 24.0, "StreetWidth_Max": 25.0, "Snow_Priority": "V", "Number_Travel_Lanes": " 2", "Number_Park_Lanes": "  ", "TRUCK_ROUTE_TYPE": " " }, "geometry": { "type": "MultiLineString", "coordinates": [ [ [ -73.925141320530457, 40.800117103225688 ], [ -73.925541061926978, 40.800025961312237 ] ] ] } },
{ "type": "Feature", "properties": { "Street": "FDR DRIVE EXIT 17 NB RFK BRDG", "FeatureTyp": "0", "NonPed": "V", "TrafDir": "W", "SegmentID": "0173274", "PhysicalID": 76980.0, "StreetWidth_Min": 15.0, "StreetWidth_Max": 32.0, "Snow_Priority": "V", "Number_Travel_Lanes": " 1", "Number_Park_Lanes": "  ", "TRUCK_ROUTE_TYPE": " " }, "geometry": { "type": "MultiLineString", "coordinates": [ [ [ -73.929919114830668, 40.800088121265681 ], [ -73.93006466651768, 40.80015726893874 ], [ -73.930896687646779, 40.800512756520959 ], [ -73.931010029903504, 40.800584405536952 ], [ -73.931032188932832, 40.800607408361309 ] ] ] } },
{ "type": "Feature", "properties": { "Street": "FDR DRIVE EXIT 17 SOUTHBOUND", "FeatureTyp": "0", "NonPed": "V", "TrafDir": "A", "SegmentID": "0173296", "PhysicalID": 77166.0, "StreetWidth_Min": 18.0, "StreetWidth_Max": 20.0, "Snow_Priority": "V", "Number_Travel_Lanes": " 1", "Number_Park_Lanes": "  ", "TRUCK_ROUTE_TYPE": " " }, "geometry": { "type": "MultiLineString", "coordinates": [ [ [ -73.930410149531497, 40.801626794086374 ], [ -73.930403991012284, 40.801743684457442 ] ] ] } },
{ "type": "Feature", "properties": { "Street": "HARLEM RIVER DRIVE", "FeatureTyp": "0", "NonPed": "V", "TrafDir": "W", "SegmentID": "0147044", "PhysicalID": 24831.0, "StreetWidth_Min": 20.0, "StreetWidth_Max": 24.0, "Snow_Priority": "C", "Number_Travel_Lanes": " 2", "Number_Park_Lanes": "  ", "TRUCK_ROUTE_TYPE": " " }, "geometry": { "type": "MultiLineString", "coordinates": [ [ [ -73.929895347646081, 40.801198926648134 ], [ -73.929895418183818, 40.801199169873861 ], [ -73.929895536256936, 40.801199548169109 ], [ -73.929917680815862, 40.801270431045118 ] ] ] } },
{ "type": "Feature", "properties": { "Street": "RFK BRIDGE EXIT FDR DRIVE SB", "FeatureTyp": "0", "NonPed": "V", "TrafDir": "W", "SegmentID": "0147043", "PhysicalID": 77327.0, "StreetWidth_Min": 30.0, "StreetWidth_Max": 32.0, "Snow_Priority": "V", "Number_Travel_Lanes": " 2", "Number_Park_Lanes": "  ", "TRUCK_ROUTE_TYPE": " " }, "geometry": { "type": "MultiLineString", "coordinates": [ [ [ -73.929685753234693, 40.801165660798972 ], [ -73.929917680815862, 40.801270431045118 ] ] ] } },
{ "type": "Feature", "properties": { "Street": "RFK BR EN FDR AND HARLEM RVR DRV", "FeatureTyp": "0", "NonPed": "V", "TrafDir": "W", "SegmentID": "0147042", "PhysicalID": 77318.0, "StreetWidth_Min": 30.0, "StreetWidth_Max": 38.0, "Snow_Priority": "V", "Number_Travel_Lanes": " 2", "Number_Park_Lanes": "  ", "TRUCK_ROUTE_TYPE": " " }, "geometry": { "type": "MultiLineString", "coordinates": [ [ [ -73.929882124957402, 40.801151714234415 ], [ -73.929636364069069, 40.801051132159721 ] ] ] } },
{ "type": "Feature", "properties": { "Street": "HARLEM RIVER DRIVE", "FeatureTyp": "0", "NonPed": "V", "TrafDir": "A", "SegmentID": "0173269", "PhysicalID": 200180.0, "StreetWidth_Min": 22.0, "StreetWidth_Max": 40.0, "Snow_Priority": "C", "Number_Travel_Lanes": " 2", "Number_Park_Lanes": "  ", "TRUCK_ROUTE_TYPE": " " }, "geometry": { "type": "MultiLineString", "coordinates": [ [ [ -73.929910592630321, 40.799775597513452 ], [ -73.929906074461783, 40.799868643242178 ] ] ] } },
{ "type": "Feature", "properties": { "Street": "HARLEM RIVER DRIVE", "FeatureTyp": "0", "NonPed": "V", "TrafDir": "A", "SegmentID": "0173320", "PhysicalID": 24890.0, "StreetWidth_Min": 20.0, "StreetWidth_Max": 38.0, "Snow_Priority": "C", "Number_Travel_Lanes": " 2", "Number_Park_Lanes": "  ", "TRUCK_ROUTE_TYPE": " " }, "geometry": { "type": "MultiLineString", "coordinates": [ [ [ -73.930208931499664, 40.801818441586541 ], [ -73.930217046909917, 40.801878356756738 ] ] ] } },
{ "type": "Feature", "properties": { "Street": "HARLEM RIVER DRIVE", "FeatureTyp": "0", "NonPed": "V", "TrafDir": "W", "SegmentID": "0190884", "PhysicalID": 168968.0, "StreetWidth_Min": 20.0, "StreetWidth_Max": 32.0, "Snow_Priority": "C", "Number_Travel_Lanes": " 2", "Number_Park_Lanes": "  ", "TRUCK_ROUTE_TYPE": " " }, "geometry": { "type": "MultiLineString", "coordinates": [ [ [ -73.930221762083789, 40.802717614219191 ], [ -73.930249430044, 40.802821810909464 ] ] ] } },
{ "type": "Feature", "properties": { "Street": "HARLEM RIVER DRIVE", "FeatureTyp": "0", "NonPed": "V", "TrafDir": "A", "SegmentID": "0190250", "PhysicalID": 24827.0, "StreetWidth_Min": 20.0, "StreetWidth_Max": 38.0, "Snow_Priority": "C", "Number_Travel_Lanes": " 2", "Number_Park_Lanes": "  ", "TRUCK_ROUTE_TYPE": " " }, "geometry": { "type": "MultiLineString", "coordinates": [ [ [ -73.929893151263386, 40.800066133381954 ], [ -73.929881770703744, 40.800396933686478 ], [ -73.929906591568795, 40.800705018667273 ], [ -73.929913879459235, 40.800806770700476 ] ] ] } },
{ "type": "Feature", "properties": { "Street": "HARLEM RIVER DRIVE", "FeatureTyp": "0", "NonPed": "V", "TrafDir": "A", "SegmentID": "0173306", "PhysicalID": 24825.0, "StreetWidth_Min": 20.0, "StreetWidth_Max": 38.0, "Snow_Priority": "C", "Number_Travel_Lanes": " 2", "Number_Park_Lanes": "  ", "TRUCK_ROUTE_TYPE": " " }, "geometry": { "type": "MultiLineString", "coordinates": [ [ [ -73.929984479525174, 40.801057323239881 ], [ -73.929986174462201, 40.80106329514954 ], [ -73.930027371948739, 40.801208461901091 ] ] ] } },
{ "type": "Feature", "properties": { "Street": "HARLEM RIVER DRIVE", "FeatureTyp": "0", "NonPed": "V", "TrafDir": "W", "SegmentID": "0189367", "PhysicalID": 24828.0, "StreetWidth_Min": 20.0, "StreetWidth_Max": 24.0, "Snow_Priority": "C", "Number_Travel_Lanes": " 2", "Number_Park_Lanes": "  ", "TRUCK_ROUTE_TYPE": " " }, "geometry": { "type": "MultiLineString", "coordinates": [ [ [ -73.929147542071846, 40.7994184703443 ], [ -73.929369632860485, 40.799875090334261 ], [ -73.929488313820372, 40.800116358158284 ], [ -73.929611666778044, 40.800390872846407 ], [ -73.929668017053572, 40.800516275426794 ], [ -73.929772695665093, 40.800816871556336 ] ] ] } },
{ "type": "Feature", "properties": { "Street": "BRONX SHORE ROAD", "FeatureTyp": "0", "NonPed": " ", "TrafDir": "A", "SegmentID": "0138018", "PhysicalID": null, "StreetWidth_Min": null, "StreetWidth_Max": null, "Snow_Priority": "V", "Number_Travel_Lanes": "  ", "Number_Park_Lanes": "  ", "TRUCK_ROUTE_TYPE": " " }, "geometry": { "type": "MultiLineString", "coordinates": [ [ [ -73.923923119547737, 40.800081616432564 ], [ -73.9240724666804, 40.80003249561414 ] ] ] } },
{ "type": "Feature", "properties": { "Street": "ROBERT F KENNEDY BRIDGE", "FeatureTyp": "0", "NonPed": "V", "TrafDir": "T", "SegmentID": "0141121", "PhysicalID": null, "StreetWidth_Min": null, "StreetWidth_Max": null, "Snow_Priority": "C", "Number_Travel_Lanes": "  ", "Number_Park_Lanes": "  ", "TRUCK_ROUTE_TYPE": " " }, "geometry": { "type": "MultiLineString", "coordinates": [ [ [ -73.918955817192668, 40.798946917157352 ], [ -73.919065602674664, 40.798802797224333 ] ] ] } },
{ "type": "Feature", "properties": { "Street": "ROBERT F KENNEDY BRIDGE", "FeatureTyp": "0", "NonPed": "V", "TrafDir": "A", "SegmentID": "0141120", "PhysicalID": 76369.0, "StreetWidth_Min": 40.0, "StreetWidth_Max": 42.0, "Snow_Priority": "C", "Number_Travel_Lanes": " 4", "Number_Park_Lanes": "  ", "TRUCK_ROUTE_TYPE": "3" }, "geometry": { "type": "MultiLineString", "coordinates": [ [ [ -73.918890926488956, 40.798915894507367 ], [ -73.918993824875258, 40.798773419377653 ], [ -73.918994968485322, 40.798771842785726 ] ] ] } },
{ "type": "Feature", "properties": { "Street": "RFK BR MANHATTAN ET RP RANDALLS", "FeatureTyp": "0", "NonPed": "V", "TrafDir": "W", "SegmentID": "0069866", "PhysicalID": 90944.0, "StreetWidth_Min": 15.0, "StreetWidth_Max": 30.0, "Snow_Priority": "V", "Number_Travel_Lanes": " 1", "Number_Park_Lanes": "  ", "TRUCK_ROUTE_TYPE": " " }, "geometry": { "type": "MultiLineString", "coordinates": [ [ [ -73.925221241770572, 40.799236970989455 ], [ -73.925180654309159, 40.799282499732868 ] ] ] } },
{ "type": "Feature", "properties": { "Street": "RFK BR MANHATTAN ET RP RANDALLS", "FeatureTyp": "0", "NonPed": "V", "TrafDir": "W", "SegmentID": "0141712", "PhysicalID": 90941.0, "StreetWidth_Min": 15.0, "StreetWidth_Max": 30.0, "Snow_Priority": "V", "Number_Travel_Lanes": " 1", "Number_Park_Lanes": "  ", "TRUCK_ROUTE_TYPE": " " }, "geometry": { "type": "MultiLineString", "coordinates": [ [ [ -73.925010204643996, 40.799551242797662 ], [ -73.924909508386634, 40.799676233377575 ], [ -73.924835387318581, 40.799770321012709 ] ] ] } },
{ "type": "Feature", "properties": { "Street": "BRONX SHORE ROAD", "FeatureTyp": "0", "NonPed": "D", "TrafDir": "W", "SegmentID": "0141704", "PhysicalID": 75928.0, "StreetWidth_Min": 24.0, "StreetWidth_Max": 24.0, "Snow_Priority": "V", "Number_Travel_Lanes": " 2", "Number_Park_Lanes": "  ", "TRUCK_ROUTE_TYPE": " " }, "geometry": { "type": "MultiLineString", "coordinates": [ [ [ -73.922000210700972, 40.799462356573137 ], [ -73.922098687916829, 40.799525414699758 ], [ -73.922199891486997, 40.799585928789135 ], [ -73.922303707660419, 40.799643830820294 ], [ -73.922410019748639, 40.799699055708132 ], [ -73.922518708256391, 40.799751541376644 ], [ -73.922629651016678, 40.799801228828727 ], [ -73.92274272332746, 40.799848062212568 ], [ -73.922857798143099, 40.799891988825003 ], [ -73.922974746061826, 40.799932959347522 ], [ -73.923093435629212, 40.79997092772637 ], [ -73.923213733432164, 40.800005851282343 ], [ -73.923335504249465, 40.800037690758785 ], [ -73.923458611203088, 40.800066410365723 ], [ -73.923582915912945, 40.800091977820053 ] ] ] } },
{ "type": "Feature", "properties": { "Street": "BRONX SHORE ROAD", "FeatureTyp": "0", "NonPed": "D", "TrafDir": "W", "SegmentID": "0141704", "PhysicalID": 75928.0, "StreetWidth_Min": 24.0, "StreetWidth_Max": 24.0, "Snow_Priority": "V", "Number_Travel_Lanes": " 2", "Number_Park_Lanes": "  ", "TRUCK_ROUTE_TYPE": " " }, "geometry": { "type": "MultiLineString", "coordinates": [ [ [ -73.922000210700972, 40.799462356573137 ], [ -73.922098687916829, 40.799525414699758 ], [ -73.922199891486997, 40.799585928789135 ], [ -73.922303707660419, 40.799643830820294 ], [ -73.922410019748639, 40.799699055708132 ], [ -73.922518708256391, 40.799751541376644 ], [ -73.922629651016678, 40.799801228828727 ], [ -73.92274272332746, 40.799848062212568 ], [ -73.922857798143099, 40.799891988825003 ], [ -73.922974746061826, 40.799932959347522 ], [ -73.923093435629212, 40.79997092772637 ], [ -73.923213733432164, 40.800005851282343 ], [ -73.923335504249465, 40.800037690758785 ], [ -73.923458611203088, 40.800066410365723 ], [ -73.923582915912945, 40.800091977820053 ] ] ] } },
{ "type": "Feature", "properties": { "Street": "BRONX SHORE ROAD", "FeatureTyp": "0", "NonPed": "D", "TrafDir": "W", "SegmentID": "0141704", "PhysicalID": 75928.0, "StreetWidth_Min": 24.0, "StreetWidth_Max": 24.0, "Snow_Priority": "V", "Number_Travel_Lanes": " 2", "Number_Park_Lanes": "  ", "TRUCK_ROUTE_TYPE": " " }, "geometry": { "type": "MultiLineString", "coordinates": [ [ [ -73.922000210700972, 40.799462356573137 ], [ -73.922098687916829, 40.799525414699758 ], [ -73.922199891486997, 40.799585928789135 ], [ -73.922303707660419, 40.799643830820294 ], [ -73.922410019748639, 40.799699055708132 ], [ -73.922518708256391, 40.799751541376644 ], [ -73.922629651016678, 40.799801228828727 ], [ -73.92274272332746, 40.799848062212568 ], [ -73.922857798143099, 40.799891988825003 ], [ -73.922974746061826, 40.799932959347522 ], [ -73.923093435629212, 40.79997092772637 ], [ -73.923213733432164, 40.800005851282343 ], [ -73.923335504249465, 40.800037690758785 ], [ -73.923458611203088, 40.800066410365723 ], [ -73.923582915912945, 40.800091977820053 ] ] ] } },
{ "type": "Feature", "properties": { "Street": "BRONX SHORE ROAD", "FeatureTyp": "0", "NonPed": "D", "TrafDir": "W", "SegmentID": "0141704", "PhysicalID": 75928.0, "StreetWidth_Min": 24.0, "StreetWidth_Max": 24.0, "Snow_Priority": "V", "Number_Travel_Lanes": " 2", "Number_Park_Lanes": "  ", "TRUCK_ROUTE_TYPE": " " }, "geometry": { "type": "MultiLineString", "coordinates": [ [ [ -73.922000210700972, 40.799462356573137 ], [ -73.922098687916829, 40.799525414699758 ], [ -73.922199891486997, 40.799585928789135 ], [ -73.922303707660419, 40.799643830820294 ], [ -73.922410019748639, 40.799699055708132 ], [ -73.922518708256391, 40.799751541376644 ], [ -73.922629651016678, 40.799801228828727 ], [ -73.92274272332746, 40.799848062212568 ], [ -73.922857798143099, 40.799891988825003 ], [ -73.922974746061826, 40.799932959347522 ], [ -73.923093435629212, 40.79997092772637 ], [ -73.923213733432164, 40.800005851282343 ], [ -73.923335504249465, 40.800037690758785 ], [ -73.923458611203088, 40.800066410365723 ], [ -73.923582915912945, 40.800091977820053 ] ] ] } },
{ "type": "Feature", "properties": { "Street": "BRONX SHORE ROAD", "FeatureTyp": "0", "NonPed": "D", "TrafDir": "W", "SegmentID": "0141704", "PhysicalID": 75928.0, "StreetWidth_Min": 24.0, "StreetWidth_Max": 24.0, "Snow_Priority": "V", "Number_Travel_Lanes": " 2", "Number_Park_Lanes": "  ", "TRUCK_ROUTE_TYPE": " " }, "geometry": { "type": "MultiLineString", "coordinates": [ [ [ -73.922000210700972, 40.799462356573137 ], [ -73.922098687916829, 40.799525414699758 ], [ -73.922199891486997, 40.799585928789135 ], [ -73.922303707660419, 40.799643830820294 ], [ -73.922410019748639, 40.799699055708132 ], [ -73.922518708256391, 40.799751541376644 ], [ -73.922629651016678, 40.799801228828727 ], [ -73.92274272332746, 40.799848062212568 ], [ -73.922857798143099, 40.799891988825003 ], [ -73.922974746061826, 40.799932959347522 ], [ -73.923093435629212, 40.79997092772637 ], [ -73.923213733432164, 40.800005851282343 ], [ -73.923335504249465, 40.800037690758785 ], [ -73.923458611203088, 40.800066410365723 ], [ -73.923582915912945, 40.800091977820053 ] ] ] } },
{ "type": "Feature", "properties": { "Street": "BRONX SHORE ROAD", "FeatureTyp": "0", "NonPed": "D", "TrafDir": "W", "SegmentID": "0141704", "PhysicalID": 75928.0, "StreetWidth_Min": 24.0, "StreetWidth_Max": 24.0, "Snow_Priority": "V", "Number_Travel_Lanes": " 2", "Number_Park_Lanes": "  ", "TRUCK_ROUTE_TYPE": " " }, "geometry": { "type": "MultiLineString", "coordinates": [ [ [ -73.922000210700972, 40.799462356573137 ], [ -73.922098687916829, 40.799525414699758 ], [ -73.922199891486997, 40.799585928789135 ], [ -73.922303707660419, 40.799643830820294 ], [ -73.922410019748639, 40.799699055708132 ], [ -73.922518708256391, 40.799751541376644 ], [ -73.922629651016678, 40.799801228828727 ], [ -73.92274272332746, 40.799848062212568 ], [ -73.922857798143099, 40.799891988825003 ], [ -73.922974746061826, 40.799932959347522 ], [ -73.923093435629212, 40.79997092772637 ], [ -73.923213733432164, 40.800005851282343 ], [ -73.923335504249465, 40.800037690758785 ], [ -73.923458611203088, 40.800066410365723 ], [ -73.923582915912945, 40.800091977820053 ] ] ] } },
{ "type": "Feature", "properties": { "Street": "BRONX SHORE ROAD", "FeatureTyp": "0", "NonPed": "D", "TrafDir": "W", "SegmentID": "0141704", "PhysicalID": 75928.0, "StreetWidth_Min": 24.0, "StreetWidth_Max": 24.0, "Snow_Priority": "V", "Number_Travel_Lanes": " 2", "Number_Park_Lanes": "  ", "TRUCK_ROUTE_TYPE": " " }, "geometry": { "type": "MultiLineString", "coordinates": [ [ [ -73.922000210700972, 40.799462356573137 ], [ -73.922098687916829, 40.799525414699758 ], [ -73.922199891486997, 40.799585928789135 ], [ -73.922303707660419, 40.799643830820294 ], [ -73.922410019748639, 40.799699055708132 ], [ -73.922518708256391, 40.799751541376644 ], [ -73.922629651016678, 40.799801228828727 ], [ -73.92274272332746, 40.799848062212568 ], [ -73.922857798143099, 40.799891988825003 ], [ -73.922974746061826, 40.799932959347522 ], [ -73.923093435629212, 40.79997092772637 ], [ -73.923213733432164, 40.800005851282343 ], [ -73.923335504249465, 40.800037690758785 ], [ -73.923458611203088, 40.800066410365723 ], [ -73.923582915912945, 40.800091977820053 ] ] ] } },
{ "type": "Feature", "properties": { "Street": "FDR DRIVE ENTRANCE SOUTHBOUND", "FeatureTyp": "0", "NonPed": "V", "TrafDir": "W", "SegmentID": "0173303", "PhysicalID": 77336.0, "StreetWidth_Min": 18.0, "StreetWidth_Max": 18.0, "Snow_Priority": "C", "Number_Travel_Lanes": " 1", "Number_Park_Lanes": "  ", "TRUCK_ROUTE_TYPE": " " }, "geometry": { "type": "MultiLineString", "coordinates": [ [ [ -73.929919114830668, 40.800088121265681 ], [ -73.929898576382755, 40.800023525054627 ] ] ] } },
{ "type": "Feature", "properties": { "Street": "ROBERT F KENNEDY BRIDGE", "FeatureTyp": "0", "NonPed": "V", "TrafDir": "T", "SegmentID": "0069529", "PhysicalID": null, "StreetWidth_Min": null, "StreetWidth_Max": null, "Snow_Priority": "V", "Number_Travel_Lanes": "  ", "Number_Park_Lanes": "  ", "TRUCK_ROUTE_TYPE": " " }, "geometry": { "type": "MultiLineString", "coordinates": [ [ [ -73.929226772107228, 40.800921389561239 ], [ -73.929016446582608, 40.800830714968363 ] ] ] } },
{ "type": "Feature", "properties": { "Street": "FDR DRIVE ENTRANCE SOUTHBOUND", "FeatureTyp": "0", "NonPed": "V", "TrafDir": "W", "SegmentID": "0173290", "PhysicalID": 77333.0, "StreetWidth_Min": 18.0, "StreetWidth_Max": 20.0, "Snow_Priority": "C", "Number_Travel_Lanes": " 1", "Number_Park_Lanes": "  ", "TRUCK_ROUTE_TYPE": " " }, "geometry": { "type": "MultiLineString", "coordinates": [ [ [ -73.930357708009211, 40.801332850429894 ], [ -73.930278942095185, 40.801111021705864 ] ] ] } },
{ "type": "Feature", "properties": { "Street": "CONNECTOR", "FeatureTyp": "0", "NonPed": "D", "TrafDir": "T", "SegmentID": "0158653", "PhysicalID": 99220.0, "StreetWidth_Min": 40.0, "StreetWidth_Max": 40.0, "Snow_Priority": "V", "Number_Travel_Lanes": " 2", "Number_Park_Lanes": "  ", "TRUCK_ROUTE_TYPE": " " }, "geometry": { "type": "MultiLineString", "coordinates": [ [ [ -73.923920997314795, 40.800142201610157 ], [ -73.923923119547737, 40.800081616432564 ] ] ] } },
{ "type": "Feature", "properties": { "Street": "FDR DRIVE ENTRANCE SOUTHBOUND", "FeatureTyp": "0", "NonPed": "V", "TrafDir": "W", "SegmentID": "0173302", "PhysicalID": 77335.0, "StreetWidth_Min": 18.0, "StreetWidth_Max": 18.0, "Snow_Priority": "C", "Number_Travel_Lanes": " 1", "Number_Park_Lanes": "  ", "TRUCK_ROUTE_TYPE": " " }, "geometry": { "type": "MultiLineString", "coordinates": [ [ [ -73.930094291197435, 40.800631858849378 ], [ -73.930008833231582, 40.800469303192997 ], [ -73.929987160173056, 40.800407025607811 ], [ -73.929919114830668, 40.800088121265681 ] ] ] } },
{ "type": "Feature", "properties": { "Street": "ROBERT F KENNEDY BRIDGE", "FeatureTyp": "0", "NonPed": "V", "TrafDir": "A", "SegmentID": "0155204", "PhysicalID": 76326.0, "StreetWidth_Min": 32.0, "StreetWidth_Max": 130.0, "Snow_Priority": "V", "Number_Travel_Lanes": " 3", "Number_Park_Lanes": "  ", "TRUCK_ROUTE_TYPE": "2" }, "geometry": { "type": "MultiLineString", "coordinates": [ [ [ -73.926003997073408, 40.799626968989358 ], [ -73.925180654309159, 40.799282499732868 ] ] ] } },
{ "type": "Feature", "properties": { "Street": "BRONX SHORE ROAD", "FeatureTyp": "0", "NonPed": "D", "TrafDir": "W", "SegmentID": "0155077", "PhysicalID": 75929.0, "StreetWidth_Min": 24.0, "StreetWidth_Max": 24.0, "Snow_Priority": "V", "Number_Travel_Lanes": " 2", "Number_Park_Lanes": "  ", "TRUCK_ROUTE_TYPE": " " }, "geometry": { "type": "MultiLineString", "coordinates": [ [ [ -73.921699233474385, 40.799260522022848 ], [ -73.922000210700972, 40.799462356573137 ] ] ] } },
{ "type": "Feature", "properties": { "Street": "ROBERT F KENNEDY BRIDGE", "FeatureTyp": "0", "NonPed": "V", "TrafDir": "A", "SegmentID": "0154994", "PhysicalID": 76327.0, "StreetWidth_Min": 32.0, "StreetWidth_Max": 130.0, "Snow_Priority": "V", "Number_Travel_Lanes": " 3", "Number_Park_Lanes": "  ", "TRUCK_ROUTE_TYPE": "2" }, "geometry": { "type": "MultiLineString", "coordinates": [ [ [ -73.926147971590126, 40.799681991566452 ], [ -73.926003997073408, 40.799626968989358 ] ] ] } },
{ "type": "Feature", "properties": { "Street": "RFK BRIDGE EXIT FDR DRIVE SB", "FeatureTyp": "0", "NonPed": "V", "TrafDir": "W", "SegmentID": "0147094", "PhysicalID": 137473.0, "StreetWidth_Min": 30.0, "StreetWidth_Max": 34.0, "Snow_Priority": "V", "Number_Travel_Lanes": " 2", "Number_Park_Lanes": "  ", "TRUCK_ROUTE_TYPE": " " }, "geometry": { "type": "MultiLineString", "coordinates": [ [ [ -73.931143728927012, 40.800543098003153 ], [ -73.931099496170489, 40.800517254115391 ], [ -73.931016879917649, 40.800469001247592 ], [ -73.930084948068554, 40.800072553687279 ], [ -73.929950230709622, 40.799988995390713 ] ] ] } },
{ "type": "Feature", "properties": { "Street": "RFK BR MANHATTAN ET RP RANDALLS", "FeatureTyp": "0", "NonPed": "V", "TrafDir": "W", "SegmentID": "0141665", "PhysicalID": 90940.0, "StreetWidth_Min": 15.0, "StreetWidth_Max": 30.0, "Snow_Priority": "V", "Number_Travel_Lanes": " 1", "Number_Park_Lanes": "  ", "TRUCK_ROUTE_TYPE": " " }, "geometry": { "type": "MultiLineString", "coordinates": [ [ [ -73.923676291766625, 40.798614401701649 ], [ -73.923863391706092, 40.798893987667938 ] ] ] } },
{ "type": "Feature", "properties": { "Street": "FDR DRIVE EXIT 17 NB RFK BRDG", "FeatureTyp": "0", "NonPed": "V", "TrafDir": "W", "SegmentID": "0182701", "PhysicalID": 150632.0, "StreetWidth_Min": 15.0, "StreetWidth_Max": 32.0, "Snow_Priority": "V", "Number_Travel_Lanes": " 1", "Number_Park_Lanes": "  ", "TRUCK_ROUTE_TYPE": " " }, "geometry": { "type": "MultiLineString", "coordinates": [ [ [ -73.929335820480219, 40.799075774843296 ], [ -73.929365406762884, 40.79931297592961 ], [ -73.929397629370783, 40.799455328493295 ], [ -73.929422964592916, 40.799544961304605 ], [ -73.929482962153401, 40.799666250231702 ], [ -73.929531443135176, 40.799741840597193 ], [ -73.929609962255469, 40.799829741826876 ], [ -73.929632942340618, 40.799860516573233 ] ] ] } },
{ "type": "Feature", "properties": { "Street": "RFK BR EN FDR AND HARLEM RVR DRV", "FeatureTyp": "0", "NonPed": "V", "TrafDir": "W", "SegmentID": "0147040", "PhysicalID": 77319.0, "StreetWidth_Min": 30.0, "StreetWidth_Max": 38.0, "Snow_Priority": "V", "Number_Travel_Lanes": " 2", "Number_Park_Lanes": "  ", "TRUCK_ROUTE_TYPE": " " }, "geometry": { "type": "MultiLineString", "coordinates": [ [ [ -73.929636364069069, 40.801051132159721 ], [ -73.929358542294437, 40.800935607930199 ] ] ] } },
{ "type": "Feature", "properties": { "Street": "HARLEM RIVER DRIVE", "FeatureTyp": "0", "NonPed": "V", "TrafDir": "A", "SegmentID": "0172831", "PhysicalID": 200180.0, "StreetWidth_Min": 22.0, "StreetWidth_Max": 40.0, "Snow_Priority": "C", "Number_Travel_Lanes": " 2", "Number_Park_Lanes": "  ", "TRUCK_ROUTE_TYPE": " " }, "geometry": { "type": "MultiLineString", "coordinates": [ [ [ -73.929306103681341, 40.79751148083561 ], [ -73.929478424016835, 40.798102588558116 ], [ -73.929643716168869, 40.798669577040364 ] ] ] } },
{ "type": "Feature", "properties": { "Street": "HARLEM RIVER DRIVE", "FeatureTyp": "0", "NonPed": "V", "TrafDir": "W", "SegmentID": "0147015", "PhysicalID": 24836.0, "StreetWidth_Min": 20.0, "StreetWidth_Max": 32.0, "Snow_Priority": "C", "Number_Travel_Lanes": " 2", "Number_Park_Lanes": "  ", "TRUCK_ROUTE_TYPE": " " }, "geometry": { "type": "MultiLineString", "coordinates": [ [ [ -73.930249430044, 40.802821810909464 ], [ -73.930269288591134, 40.802901460070693 ] ] ] } },
{ "type": "Feature", "properties": { "Street": "BRONX SHORE ROAD", "FeatureTyp": "0", "NonPed": "D", "TrafDir": "W", "SegmentID": "0140506", "PhysicalID": 75934.0, "StreetWidth_Min": 24.0, "StreetWidth_Max": 24.0, "Snow_Priority": "V", "Number_Travel_Lanes": " 1", "Number_Park_Lanes": "  ", "TRUCK_ROUTE_TYPE": " " }, "geometry": { "type": "MultiLineString", "coordinates": [ [ [ -73.925251365964172, 40.799793994158058 ], [ -73.925236119840847, 40.799783510871634 ], [ -73.925220036376189, 40.799773776915956 ], [ -73.925203179236519, 40.799764830822902 ], [ -73.92518561515115, 40.799756708005383 ], [ -73.92516741364723, 40.799749440617504 ], [ -73.925148646775639, 40.799743057427101 ], [ -73.925129388824686, 40.799737583701933 ], [ -73.925109716026824, 40.799733041109668 ], [ -73.925089706256529, 40.799729447632025 ], [ -73.925069438722147, 40.799726817493799 ], [ -73.92504899365241, 40.799725161106252 ], [ -73.9250284519578, 40.799724484950374 ], [ -73.925007894966768, 40.799724791779383 ], [ -73.92498740405378, 40.79972608037874 ], [ -73.92496706033171, 40.799728345647488 ], [ -73.924946944330642, 40.799731578618641 ], [ -73.92492713567961, 40.799735766494535 ], [ -73.924907712790727, 40.799740892697528 ], [ -73.924888752549364, 40.799746936935669 ], [ -73.924870330009313, 40.799753875282903 ], [ -73.924852518096259, 40.799761680273889 ], [ -73.924835387318581, 40.799770321012709 ] ] ] } },
{ "type": "Feature", "properties": { "Street": "RFK BR MANHATTAN ET RP RANDALLS", "FeatureTyp": "0", "NonPed": "V", "TrafDir": "W", "SegmentID": "0141714", "PhysicalID": 90944.0, "StreetWidth_Min": 15.0, "StreetWidth_Max": 30.0, "Snow_Priority": "V", "Number_Travel_Lanes": " 1", "Number_Park_Lanes": "  ", "TRUCK_ROUTE_TYPE": " " }, "geometry": { "type": "MultiLineString", "coordinates": [ [ [ -73.925297024137279, 40.79917095972835 ], [ -73.925221241770572, 40.799236970989455 ] ] ] } },
{ "type": "Feature", "properties": { "Street": "CONNECTOR", "FeatureTyp": "0", "NonPed": "D", "TrafDir": "T", "SegmentID": "0141709", "PhysicalID": 75923.0, "StreetWidth_Min": 40.0, "StreetWidth_Max": 40.0, "Snow_Priority": "V", "Number_Travel_Lanes": " 2", "Number_Park_Lanes": "  ", "TRUCK_ROUTE_TYPE": " " }, "geometry": { "type": "MultiLineString", "coordinates": [ [ [ -73.923923119547737, 40.800081616432564 ], [ -73.923923625377697, 40.800027111407083 ] ] ] } },
{ "type": "Feature", "properties": { "Street": "HARLEM RIVER DRIVE", "FeatureTyp": "0", "NonPed": "V", "TrafDir": "T", "SegmentID": "0069484", "PhysicalID": null, "StreetWidth_Min": null, "StreetWidth_Max": null, "Snow_Priority": "C", "Number_Travel_Lanes": "  ", "Number_Park_Lanes": "  ", "TRUCK_ROUTE_TYPE": " " }, "geometry": { "type": "MultiLineString", "coordinates": [ [ [ -73.930312552843404, 40.802646058120764 ], [ -73.930338002790336, 40.802756106854247 ] ] ] } },
{ "type": "Feature", "properties": { "Street": "RFK BR EN E 124 AND 125 ST", "FeatureTyp": "0", "NonPed": "V", "TrafDir": "W", "SegmentID": "0190235", "PhysicalID": 66972.0, "StreetWidth_Min": 20.0, "StreetWidth_Max": 34.0, "Snow_Priority": "V", "Number_Travel_Lanes": " 1", "Number_Park_Lanes": "  ", "TRUCK_ROUTE_TYPE": "2" }, "geometry": { "type": "MultiLineString", "coordinates": [ [ [ -73.929984479525174, 40.801057323239881 ], [ -73.929905534398955, 40.801045592604659 ] ] ] } },
{ "type": "Feature", "properties": { "Street": "RFK BR EN FDR AND HARLEM RVR DRV", "FeatureTyp": "0", "NonPed": "V", "TrafDir": "W", "SegmentID": "0158685", "PhysicalID": 77314.0, "StreetWidth_Min": 30.0, "StreetWidth_Max": 38.0, "Snow_Priority": "V", "Number_Travel_Lanes": " 2", "Number_Park_Lanes": "  ", "TRUCK_ROUTE_TYPE": " " }, "geometry": { "type": "MultiLineString", "coordinates": [ [ [ -73.930510921623423, 40.801375031638344 ], [ -73.930357708009211, 40.801332850429894 ] ] ] } },
{ "type": "Feature", "properties": { "Street": "FDR DRIVE ENTRANCE SOUTHBOUND", "FeatureTyp": "0", "NonPed": "V", "TrafDir": "W", "SegmentID": "0173289", "PhysicalID": 77332.0, "StreetWidth_Min": 18.0, "StreetWidth_Max": 20.0, "Snow_Priority": "C", "Number_Travel_Lanes": " 1", "Number_Park_Lanes": "  ", "TRUCK_ROUTE_TYPE": " " }, "geometry": { "type": "MultiLineString", "coordinates": [ [ [ -73.930391341291084, 40.80139679928687 ], [ -73.930357708009211, 40.801332850429894 ] ] ] } },
{ "type": "Feature", "properties": { "Street": "FDR DRIVE EXIT 17 SOUTHBOUND", "FeatureTyp": "0", "NonPed": "V", "TrafDir": "A", "SegmentID": "0147055", "PhysicalID": 77166.0, "StreetWidth_Min": 18.0, "StreetWidth_Max": 20.0, "Snow_Priority": "V", "Number_Travel_Lanes": " 1", "Number_Park_Lanes": "  ", "TRUCK_ROUTE_TYPE": " " }, "geometry": { "type": "MultiLineString", "coordinates": [ [ [ -73.930336938377167, 40.80144558853442 ], [ -73.93034481795101, 40.801457804651584 ], [ -73.930352304828801, 40.801470162566744 ], [ -73.930359394594944, 40.801482654991759 ], [ -73.930366083067796, 40.80149527455913 ], [ -73.930372366302748, 40.801508013826307 ], [ -73.930378240593868, 40.801520865280317 ], [ -73.930383702476618, 40.801533821341827 ], [ -73.930388748843185, 40.801546874331216 ], [ -73.930393376604712, 40.801560016591118 ], [ -73.930397583031819, 40.801573240370892 ], [ -73.930401365643363, 40.80158653787155 ], [ -73.930404722208266, 40.801599901250832 ], [ -73.930407650746787, 40.801613322627603 ], [ -73.930410149531497, 40.801626794086374 ] ] ] } },
{ "type": "Feature", "properties": { "Street": "HARLEM RIVER DRIVE EXIT 18 NB", "FeatureTyp": "0", "NonPed": "V", "TrafDir": "W", "SegmentID": "0173332", "PhysicalID": 82447.0, "StreetWidth_Min": 20.0, "StreetWidth_Max": 20.0, "Snow_Priority": "C", "Number_Travel_Lanes": " 2", "Number_Park_Lanes": "  ", "TRUCK_ROUTE_TYPE": " " }, "geometry": { "type": "MultiLineString", "coordinates": [ [ [ -73.929606615194942, 40.80097765136501 ], [ -73.929636364069069, 40.801051132159721 ] ] ] } },
{ "type": "Feature", "properties": { "Street": "RFK BR EN E 124 AND 125 ST", "FeatureTyp": "0", "NonPed": "V", "TrafDir": "W", "SegmentID": "0173334", "PhysicalID": 66974.0, "StreetWidth_Min": 20.0, "StreetWidth_Max": 34.0, "Snow_Priority": "V", "Number_Travel_Lanes": " 1", "Number_Park_Lanes": "  ", "TRUCK_ROUTE_TYPE": "2" }, "geometry": { "type": "MultiLineString", "coordinates": [ [ [ -73.929606615194942, 40.80097765136501 ], [ -73.929358542294437, 40.800935607930199 ] ] ] } },
{ "type": "Feature", "properties": { "Street": "ROBERT F KENNEDY BRIDGE", "FeatureTyp": "0", "NonPed": "V", "TrafDir": "T", "SegmentID": "0138110", "PhysicalID": null, "StreetWidth_Min": null, "StreetWidth_Max": null, "Snow_Priority": "V", "Number_Travel_Lanes": "  ", "Number_Park_Lanes": "  ", "TRUCK_ROUTE_TYPE": " " }, "geometry": { "type": "MultiLineString", "coordinates": [ [ [ -73.924510445829057, 40.798889265497401 ], [ -73.923748700924392, 40.798533165305329 ] ] ] } },
{ "type": "Feature", "properties": { "Street": "RFK BR EN E 124 AND 125 ST", "FeatureTyp": "0", "NonPed": "V", "TrafDir": "W", "SegmentID": "0069472", "PhysicalID": 66970.0, "StreetWidth_Min": 20.0, "StreetWidth_Max": 34.0, "Snow_Priority": "V", "Number_Travel_Lanes": " 1", "Number_Park_Lanes": "  ", "TRUCK_ROUTE_TYPE": "2" }, "geometry": { "type": "MultiLineString", "coordinates": [ [ [ -73.930278942095185, 40.801111021705864 ], [ -73.930088085309748, 40.801067846278393 ] ] ] } },
{ "type": "Feature", "properties": { "Street": "ROBERT F KENNEDY BRIDGE", "FeatureTyp": "0", "NonPed": "V", "TrafDir": "W", "SegmentID": "0133948", "PhysicalID": 77320.0, "StreetWidth_Min": 32.0, "StreetWidth_Max": 130.0, "Snow_Priority": "V", "Number_Travel_Lanes": " 3", "Number_Park_Lanes": "  ", "TRUCK_ROUTE_TYPE": "2" }, "geometry": { "type": "MultiLineString", "coordinates": [ [ [ -73.929358542294437, 40.800935607930199 ], [ -73.929258280163651, 40.800888927795491 ] ] ] } },
{ "type": "Feature", "properties": { "Street": "BRONX SHORE ROAD", "FeatureTyp": "0", "NonPed": "D", "TrafDir": "W", "SegmentID": "0138020", "PhysicalID": 75925.0, "StreetWidth_Min": 24.0, "StreetWidth_Max": 25.0, "Snow_Priority": "V", "Number_Travel_Lanes": " 2", "Number_Park_Lanes": "  ", "TRUCK_ROUTE_TYPE": " " }, "geometry": { "type": "MultiLineString", "coordinates": [ [ [ -73.924085591558296, 40.800171802226785 ], [ -73.924161022922789, 40.800180372365759 ], [ -73.924236788005061, 40.800187028979863 ], [ -73.924312802767631, 40.800191764685778 ], [ -73.924388982896076, 40.800194574230723 ], [ -73.924465243892527, 40.800195454498329 ], [ -73.924541501169372, 40.800194404512276 ], [ -73.924617670143093, 40.800191425437148 ], [ -73.924693666462232, 40.800186520606559 ], [ -73.924769405699521, 40.80017969542466 ], [ -73.924844803845914, 40.800170957461958 ], [ -73.92491977727073, 40.800160316410427 ], [ -73.924994242814563, 40.800147784072983 ], [ -73.925068117881438, 40.800133374350409 ], [ -73.925141320530457, 40.800117103225688 ] ] ] } },
{ "type": "Feature", "properties": { "Street": "BRONX SHORE ROAD", "FeatureTyp": "0", "NonPed": "D", "TrafDir": "W", "SegmentID": "0138020", "PhysicalID": 75925.0, "StreetWidth_Min": 24.0, "StreetWidth_Max": 25.0, "Snow_Priority": "V", "Number_Travel_Lanes": " 2", "Number_Park_Lanes": "  ", "TRUCK_ROUTE_TYPE": " " }, "geometry": { "type": "MultiLineString", "coordinates": [ [ [ -73.924085591558296, 40.800171802226785 ], [ -73.924161022922789, 40.800180372365759 ], [ -73.924236788005061, 40.800187028979863 ], [ -73.924312802767631, 40.800191764685778 ], [ -73.924388982896076, 40.800194574230723 ], [ -73.924465243892527, 40.800195454498329 ], [ -73.924541501169372, 40.800194404512276 ], [ -73.924617670143093, 40.800191425437148 ], [ -73.924693666462232, 40.800186520606559 ], [ -73.924769405699521, 40.80017969542466 ], [ -73.924844803845914, 40.800170957461958 ], [ -73.92491977727073, 40.800160316410427 ], [ -73.924994242814563, 40.800147784072983 ], [ -73.925068117881438, 40.800133374350409 ], [ -73.925141320530457, 40.800117103225688 ] ] ] } },
{ "type": "Feature", "properties": { "Street": "BRONX SHORE ROAD", "FeatureTyp": "0", "NonPed": "D", "TrafDir": "W", "SegmentID": "0138020", "PhysicalID": 75925.0, "StreetWidth_Min": 24.0, "StreetWidth_Max": 25.0, "Snow_Priority": "V", "Number_Travel_Lanes": " 2", "Number_Park_Lanes": "  ", "TRUCK_ROUTE_TYPE": " " }, "geometry": { "type": "MultiLineString", "coordinates": [ [ [ -73.924085591558296, 40.800171802226785 ], [ -73.924161022922789, 40.800180372365759 ], [ -73.924236788005061, 40.800187028979863 ], [ -73.924312802767631, 40.800191764685778 ], [ -73.924388982896076, 40.800194574230723 ], [ -73.924465243892527, 40.800195454498329 ], [ -73.924541501169372, 40.800194404512276 ], [ -73.924617670143093, 40.800191425437148 ], [ -73.924693666462232, 40.800186520606559 ], [ -73.924769405699521, 40.80017969542466 ], [ -73.924844803845914, 40.800170957461958 ], [ -73.92491977727073, 40.800160316410427 ], [ -73.924994242814563, 40.800147784072983 ], [ -73.925068117881438, 40.800133374350409 ], [ -73.925141320530457, 40.800117103225688 ] ] ] } },
{ "type": "Feature", "properties": { "Street": "BRONX SHORE ROAD", "FeatureTyp": "0", "NonPed": "D", "TrafDir": "W", "SegmentID": "0138020", "PhysicalID": 75925.0, "StreetWidth_Min": 24.0, "StreetWidth_Max": 25.0, "Snow_Priority": "V", "Number_Travel_Lanes": " 2", "Number_Park_Lanes": "  ", "TRUCK_ROUTE_TYPE": " " }, "geometry": { "type": "MultiLineString", "coordinates": [ [ [ -73.924085591558296, 40.800171802226785 ], [ -73.924161022922789, 40.800180372365759 ], [ -73.924236788005061, 40.800187028979863 ], [ -73.924312802767631, 40.800191764685778 ], [ -73.924388982896076, 40.800194574230723 ], [ -73.924465243892527, 40.800195454498329 ], [ -73.924541501169372, 40.800194404512276 ], [ -73.924617670143093, 40.800191425437148 ], [ -73.924693666462232, 40.800186520606559 ], [ -73.924769405699521, 40.80017969542466 ], [ -73.924844803845914, 40.800170957461958 ], [ -73.92491977727073, 40.800160316410427 ], [ -73.924994242814563, 40.800147784072983 ], [ -73.925068117881438, 40.800133374350409 ], [ -73.925141320530457, 40.800117103225688 ] ] ] } },
{ "type": "Feature", "properties": { "Street": "BRONX SHORE ROAD", "FeatureTyp": "0", "NonPed": "D", "TrafDir": "W", "SegmentID": "0138020", "PhysicalID": 75925.0, "StreetWidth_Min": 24.0, "StreetWidth_Max": 25.0, "Snow_Priority": "V", "Number_Travel_Lanes": " 2", "Number_Park_Lanes": "  ", "TRUCK_ROUTE_TYPE": " " }, "geometry": { "type": "MultiLineString", "coordinates": [ [ [ -73.924085591558296, 40.800171802226785 ], [ -73.924161022922789, 40.800180372365759 ], [ -73.924236788005061, 40.800187028979863 ], [ -73.924312802767631, 40.800191764685778 ], [ -73.924388982896076, 40.800194574230723 ], [ -73.924465243892527, 40.800195454498329 ], [ -73.924541501169372, 40.800194404512276 ], [ -73.924617670143093, 40.800191425437148 ], [ -73.924693666462232, 40.800186520606559 ], [ -73.924769405699521, 40.80017969542466 ], [ -73.924844803845914, 40.800170957461958 ], [ -73.92491977727073, 40.800160316410427 ], [ -73.924994242814563, 40.800147784072983 ], [ -73.925068117881438, 40.800133374350409 ], [ -73.925141320530457, 40.800117103225688 ] ] ] } },
{ "type": "Feature", "properties": { "Street": "ROBERT F KENNEDY BRIDGE", "FeatureTyp": "0", "NonPed": "V", "TrafDir": "T", "SegmentID": "0141782", "PhysicalID": null, "StreetWidth_Min": null, "StreetWidth_Max": null, "Snow_Priority": "V", "Number_Travel_Lanes": "  ", "Number_Park_Lanes": "  ", "TRUCK_ROUTE_TYPE": " " }, "geometry": { "type": "MultiLineString", "coordinates": [ [ [ -73.923748700924392, 40.798533165305329 ], [ -73.923534837050795, 40.798430917253839 ] ] ] } },
{ "type": "Feature", "properties": { "Street": "BRONX SHORE ROAD", "FeatureTyp": "0", "NonPed": " ", "TrafDir": "W", "SegmentID": "0141708", "PhysicalID": null, "StreetWidth_Min": null, "StreetWidth_Max": null, "Snow_Priority": "V", "Number_Travel_Lanes": "  ", "Number_Park_Lanes": "  ", "TRUCK_ROUTE_TYPE": " " }, "geometry": { "type": "MultiLineString", "coordinates": [ [ [ -73.923923119547737, 40.800081616432564 ], [ -73.924085591558296, 40.800171802226785 ] ] ] } },
{ "type": "Feature", "properties": { "Street": "BRONX SHORE ROAD", "FeatureTyp": "0", "NonPed": " ", "TrafDir": "T", "SegmentID": "0141705", "PhysicalID": null, "StreetWidth_Min": null, "StreetWidth_Max": null, "Snow_Priority": "V", "Number_Travel_Lanes": "  ", "Number_Park_Lanes": "  ", "TRUCK_ROUTE_TYPE": " " }, "geometry": { "type": "MultiLineString", "coordinates": [ [ [ -73.922026492049852, 40.799433251962078 ], [ -73.922156688821715, 40.799506117804071 ], [ -73.922295556631511, 40.799586281537785 ], [ -73.922431384747256, 40.799653678149568 ], [ -73.922588587649713, 40.799724570370138 ], [ -73.922721376351674, 40.799780360435172 ], [ -73.922878594650626, 40.799838487635753 ], [ -73.923008343053084, 40.799882671172895 ], [ -73.923153363209181, 40.799925703725648 ], [ -73.923287699220324, 40.799964087650537 ], [ -73.923594845129472, 40.800039818327683 ] ] ] } },
{ "type": "Feature", "properties": { "Street": "HARLEM RIVER DRIVE", "FeatureTyp": "0", "NonPed": "V", "TrafDir": "T", "SegmentID": "0173309", "PhysicalID": null, "StreetWidth_Min": null, "StreetWidth_Max": null, "Snow_Priority": "C", "Number_Travel_Lanes": "  ", "Number_Park_Lanes": "  ", "TRUCK_ROUTE_TYPE": " " }, "geometry": { "type": "MultiLineString", "coordinates": [ [ [ -73.929991552283724, 40.80130127287174 ], [ -73.930064989564286, 40.801568738427321 ] ] ] } },
{ "type": "Feature", "properties": { "Street": "RFK BR EN E 124 AND 125 ST", "FeatureTyp": "0", "NonPed": "V", "TrafDir": "W", "SegmentID": "0173286", "PhysicalID": 66969.0, "StreetWidth_Min": 30.0, "StreetWidth_Max": 34.0, "Snow_Priority": "V", "Number_Travel_Lanes": " 2", "Number_Park_Lanes": "  ", "TRUCK_ROUTE_TYPE": "2" }, "geometry": { "type": "MultiLineString", "coordinates": [ [ [ -73.930991680242343, 40.801349268590499 ], [ -73.930945914044116, 40.801324675934303 ], [ -73.930899168715925, 40.801301170792513 ], [ -73.93085148899398, 40.801278775659512 ], [ -73.930802920508299, 40.801257511967314 ], [ -73.930753509739532, 40.801237400065141 ], [ -73.930703303974227, 40.80121845920003 ], [ -73.930652351259567, 40.80120070749819 ], [ -73.930600700397306, 40.801184161920666 ], [ -73.930548400776402, 40.801168838327655 ], [ -73.930495502447613, 40.801154751383798 ], [ -73.930442056034295, 40.801141914570117 ], [ -73.930388112684554, 40.801130340171298 ], [ -73.930333724021594, 40.801120039263928 ], [ -73.930278942095185, 40.801111021705864 ] ] ] } },
{ "type": "Feature", "properties": { "Street": "FDR DRIVE EXIT 17 SOUTHBOUND", "FeatureTyp": "0", "NonPed": "V", "TrafDir": "A", "SegmentID": "0132707", "PhysicalID": 77165.0, "StreetWidth_Min": 18.0, "StreetWidth_Max": 22.0, "Snow_Priority": "V", "Number_Travel_Lanes": " 1", "Number_Park_Lanes": "  ", "TRUCK_ROUTE_TYPE": " " }, "geometry": { "type": "MultiLineString", "coordinates": [ [ [ -73.930583721601778, 40.800461555245271 ], [ -73.930557934763044, 40.800455003179799 ], [ -73.930531597001703, 40.80044987029062 ], [ -73.930504843381456, 40.800446182899933 ], [ -73.930477811098825, 40.800443959917224 ], [ -73.930450638779078, 40.800443212742209 ], [ -73.930423465765713, 40.800443945206581 ], [ -73.930396431405825, 40.80044615355412 ], [ -73.930369674335481, 40.800449826460067 ], [ -73.930343331768711, 40.800454945089307 ], [ -73.930317538794114, 40.800461483192755 ], [ -73.930292427681991, 40.800469407242019 ], [ -73.930268127291555, 40.800478676584177 ], [ -73.930244762152284, 40.800489243697179 ], [ -73.930222452084493, 40.800501054391397 ], [ -73.930201311498251, 40.800514048099679 ], [ -73.930181448806493, 40.800528158188378 ], [ -73.930162965868988, 40.800543312298558 ], [ -73.930145957470302, 40.800559432717591 ], [ -73.930130510833536, 40.80057643677727 ], [ -73.930116705172566, 40.800594237277856 ], [ -73.930104611286893, 40.800612742935371 ], [ -73.930094291197435, 40.800631858849378 ] ] ] } },
{ "type": "Feature", "properties": { "Street": "CONNECTOR", "FeatureTyp": "0", "NonPed": "D", "TrafDir": "T", "SegmentID": "0159289", "PhysicalID": 102291.0, "StreetWidth_Min": 40.0, "StreetWidth_Max": 40.0, "Snow_Priority": "V", "Number_Travel_Lanes": " 2", "Number_Park_Lanes": "  ", "TRUCK_ROUTE_TYPE": " " }, "geometry": { "type": "MultiLineString", "coordinates": [ [ [ -73.921717528821844, 40.799228292397807 ], [ -73.921699233474385, 40.799260522022848 ] ] ] } },
{ "type": "Feature", "properties": { "Street": "ROBERT F KENNEDY BRIDGE", "FeatureTyp": "0", "NonPed": "V", "TrafDir": "W", "SegmentID": "0155146", "PhysicalID": 76374.0, "StreetWidth_Min": 40.0, "StreetWidth_Max": 42.0, "Snow_Priority": "C", "Number_Travel_Lanes": " 4", "Number_Park_Lanes": "  ", "TRUCK_ROUTE_TYPE": "3" }, "geometry": { "type": "MultiLineString", "coordinates": [ [ [ -73.919031820216119, 40.798984946360363 ], [ -73.919145738294333, 40.798838987267288 ] ] ] } },
{ "type": "Feature", "properties": { "Street": "RFK BR MANHATTAN ET RP RANDALLS", "FeatureTyp": "0", "NonPed": "V", "TrafDir": "W", "SegmentID": "0141664", "PhysicalID": null, "StreetWidth_Min": null, "StreetWidth_Max": null, "Snow_Priority": "V", "Number_Travel_Lanes": "  ", "Number_Park_Lanes": "  ", "TRUCK_ROUTE_TYPE": " " }, "geometry": { "type": "MultiLineString", "coordinates": [ [ [ -73.923534837050795, 40.798430917253839 ], [ -73.923676291766625, 40.798614401701649 ] ] ] } },
{ "type": "Feature", "properties": { "Street": "HARLEM RIVER DRIVE", "FeatureTyp": "0", "NonPed": "V", "TrafDir": "W", "SegmentID": "0147045", "PhysicalID": 24831.0, "StreetWidth_Min": 20.0, "StreetWidth_Max": 24.0, "Snow_Priority": "C", "Number_Travel_Lanes": " 2", "Number_Park_Lanes": "  ", "TRUCK_ROUTE_TYPE": " " }, "geometry": { "type": "MultiLineString", "coordinates": [ [ [ -73.929882124957402, 40.801151714234415 ], [ -73.929895347646081, 40.801198926648134 ] ] ] } },
{ "type": "Feature", "properties": { "Street": "ROBERT F KENNEDY BRIDGE", "FeatureTyp": "0", "NonPed": "V", "TrafDir": "A", "SegmentID": "0147039", "PhysicalID": 77329.0, "StreetWidth_Min": 32.0, "StreetWidth_Max": 130.0, "Snow_Priority": "V", "Number_Travel_Lanes": " 3", "Number_Park_Lanes": "  ", "TRUCK_ROUTE_TYPE": "2" }, "geometry": { "type": "MultiLineString", "coordinates": [ [ [ -73.929202004392891, 40.800967281567459 ], [ -73.929021235814488, 40.800895571987972 ] ] ] } },
{ "type": "Feature", "properties": { "Street": "HARLEM RIVER DRIVE", "FeatureTyp": "0", "NonPed": "V", "TrafDir": "A", "SegmentID": "0173271", "PhysicalID": 200180.0, "StreetWidth_Min": 22.0, "StreetWidth_Max": 40.0, "Snow_Priority": "C", "Number_Travel_Lanes": " 2", "Number_Park_Lanes": "  ", "TRUCK_ROUTE_TYPE": " " }, "geometry": { "type": "MultiLineString", "coordinates": [ [ [ -73.929881661991089, 40.799397397004036 ], [ -73.929898476596037, 40.799566776721711 ], [ -73.929906320682193, 40.799645787941898 ] ] ] } },
{ "type": "Feature", "properties": { "Street": "RFK BR MANHATTAN ET RP RANDALLS", "FeatureTyp": "0", "NonPed": "V", "TrafDir": "W", "SegmentID": "0173465", "PhysicalID": 90939.0, "StreetWidth_Min": 15.0, "StreetWidth_Max": 30.0, "Snow_Priority": "V", "Number_Travel_Lanes": " 1", "Number_Park_Lanes": "  ", "TRUCK_ROUTE_TYPE": " " }, "geometry": { "type": "MultiLineString", "coordinates": [ [ [ -73.926043153358819, 40.799580942519199 ], [ -73.926080019939306, 40.799536959115187 ] ] ] } },
{ "type": "Feature", "properties": { "Street": "HARLEM RIVER DRIVE", "FeatureTyp": "0", "NonPed": "V", "TrafDir": "W", "SegmentID": "0147017", "PhysicalID": 168968.0, "StreetWidth_Min": 20.0, "StreetWidth_Max": 32.0, "Snow_Priority": "C", "Number_Travel_Lanes": " 2", "Number_Park_Lanes": "  ", "TRUCK_ROUTE_TYPE": " " }, "geometry": { "type": "MultiLineString", "coordinates": [ [ [ -73.930082177502641, 40.801848573791986 ], [ -73.930161662659401, 40.802316668199744 ] ] ] } },
{ "type": "Feature", "properties": { "Street": "ROBERT F KENNEDY BRIDGE", "FeatureTyp": "0", "NonPed": "V", "TrafDir": "A", "SegmentID": "0138108", "PhysicalID": 76325.0, "StreetWidth_Min": 90.0, "StreetWidth_Max": 130.0, "Snow_Priority": "V", "Number_Travel_Lanes": " 6", "Number_Park_Lanes": "  ", "TRUCK_ROUTE_TYPE": "2" }, "geometry": { "type": "MultiLineString", "coordinates": [ [ [ -73.925180654309159, 40.799282499732868 ], [ -73.924444463552376, 40.79897032899607 ] ] ] } },
{ "type": "Feature", "properties": { "Street": "ROBERT F KENNEDY BRIDGE", "FeatureTyp": "0", "NonPed": "V", "TrafDir": "A", "SegmentID": "0190663", "PhysicalID": 76324.0, "StreetWidth_Min": 110.0, "StreetWidth_Max": 130.0, "Snow_Priority": "V", "Number_Travel_Lanes": " 8", "Number_Park_Lanes": "  ", "TRUCK_ROUTE_TYPE": "2" }, "geometry": { "type": "MultiLineString", "coordinates": [ [ [ -73.923461359697754, 40.798511245126136 ], [ -73.923157957924218, 40.798368402731391 ], [ -73.922950940047912, 40.798270936729502 ] ] ] } },
{ "type": "Feature", "properties": { "Street": "RFK BRIDGE EXIT FDR DRIVE SB", "FeatureTyp": "0", "NonPed": "V", "TrafDir": "W", "SegmentID": "0147050", "PhysicalID": 77326.0, "StreetWidth_Min": 30.0, "StreetWidth_Max": 32.0, "Snow_Priority": "V", "Number_Travel_Lanes": " 2", "Number_Park_Lanes": "  ", "TRUCK_ROUTE_TYPE": " " }, "geometry": { "type": "MultiLineString", "coordinates": [ [ [ -73.929991552283724, 40.80130127287174 ], [ -73.930055910771273, 40.801329281260983 ] ] ] } },
{ "type": "Feature", "properties": { "Street": "BRONX SHORE ROAD", "FeatureTyp": "0", "NonPed": "D", "TrafDir": "A", "SegmentID": "0138019", "PhysicalID": 90942.0, "StreetWidth_Min": 24.0, "StreetWidth_Max": 24.0, "Snow_Priority": "V", "Number_Travel_Lanes": " 2", "Number_Park_Lanes": "  ", "TRUCK_ROUTE_TYPE": " " }, "geometry": { "type": "MultiLineString", "coordinates": [ [ [ -73.9240724666804, 40.80003249561414 ], [ -73.924134531018183, 40.800033111286311 ], [ -73.924196509185066, 40.800030551688593 ], [ -73.924258120187034, 40.800024828425649 ], [ -73.924319084694673, 40.800015967445376 ], [ -73.924379126310001, 40.800004008921206 ], [ -73.924437972819533, 40.799989007070266 ], [ -73.924495357428768, 40.799971029907141 ], [ -73.924551020050572, 40.799950158857456 ], [ -73.92460470824075, 40.799926488619292 ], [ -73.924656178593011, 40.799900126507389 ], [ -73.924705197757362, 40.799871192040527 ], [ -73.924751543497251, 40.799839816399718 ], [ -73.924795005697931, 40.799806141833479 ], [ -73.924835387318581, 40.799770321012709 ] ] ] } },
{ "type": "Feature", "properties": { "Street": "RFK BRIDGE QUEENS ENTRANCE RAMP", "FeatureTyp": "0", "NonPed": "V", "TrafDir": "W", "SegmentID": "0141780", "PhysicalID": 75935.0, "StreetWidth_Min": 22.0, "StreetWidth_Max": 26.0, "Snow_Priority": "V", "Number_Travel_Lanes": " 1", "Number_Park_Lanes": "  ", "TRUCK_ROUTE_TYPE": " " }, "geometry": { "type": "MultiLineString", "coordinates": [ [ [ -73.926180391642049, 40.799640256233786 ], [ -73.926208974318172, 40.799596987700362 ] ] ] } },
{ "type": "Feature", "properties": { "Street": "CONNECTOR", "FeatureTyp": "0", "NonPed": "D", "TrafDir": "T", "SegmentID": "0141707", "PhysicalID": 179550.0, "StreetWidth_Min": 40.0, "StreetWidth_Max": 40.0, "Snow_Priority": "V", "Number_Travel_Lanes": " 2", "Number_Park_Lanes": "  ", "TRUCK_ROUTE_TYPE": " " }, "geometry": { "type": "MultiLineString", "coordinates": [ [ [ -73.923582915912945, 40.800091977820053 ], [ -73.923594845129472, 40.800039818327683 ] ] ] } },
{ "type": "Feature", "properties": { "Street": "CONNECTOR", "FeatureTyp": "0", "NonPed": "D", "TrafDir": "T", "SegmentID": "0141701", "PhysicalID": 102433.0, "StreetWidth_Min": 40.0, "StreetWidth_Max": 40.0, "Snow_Priority": "V", "Number_Travel_Lanes": " 2", "Number_Park_Lanes": "  ", "TRUCK_ROUTE_TYPE": " " }, "geometry": { "type": "MultiLineString", "coordinates": [ [ [ -73.92206341365835, 40.799394442317869 ], [ -73.922026492049852, 40.799433251962078 ] ] ] } },
{ "type": "Feature", "properties": { "Street": "HARLEM RIVER DRIVE", "FeatureTyp": "0", "NonPed": "V", "TrafDir": "A", "SegmentID": "0173307", "PhysicalID": 24824.0, "StreetWidth_Min": 20.0, "StreetWidth_Max": 38.0, "Snow_Priority": "C", "Number_Travel_Lanes": " 2", "Number_Park_Lanes": "  ", "TRUCK_ROUTE_TYPE": " " }, "geometry": { "type": "MultiLineString", "coordinates": [ [ [ -73.930027371948739, 40.801208461901091 ], [ -73.930040823092114, 40.801263859762329 ] ] ] } },
{ "type": "Feature", "properties": { "Street": "HARLEM RIVER DRIVE", "FeatureTyp": "0", "NonPed": "V", "TrafDir": "A", "SegmentID": "0172832", "PhysicalID": 200180.0, "StreetWidth_Min": 22.0, "StreetWidth_Max": 40.0, "Snow_Priority": "C", "Number_Travel_Lanes": " 2", "Number_Park_Lanes": "  ", "TRUCK_ROUTE_TYPE": " " }, "geometry": { "type": "MultiLineString", "coordinates": [ [ [ -73.929757763251857, 40.798967864361671 ], [ -73.929832094907482, 40.799160643909907 ], [ -73.929881661991089, 40.799397397004036 ] ] ] } },
{ "type": "Feature", "properties": { "Street": "HARLEM RIVER DRIVE", "FeatureTyp": "0", "NonPed": "V", "TrafDir": "W", "SegmentID": "0173280", "PhysicalID": 24910.0, "StreetWidth_Min": 30.0, "StreetWidth_Max": 30.0, "Snow_Priority": "C", "Number_Travel_Lanes": " 3", "Number_Park_Lanes": "  ", "TRUCK_ROUTE_TYPE": " " }, "geometry": { "type": "MultiLineString", "coordinates": [ [ [ -73.929078060699567, 40.798464553789813 ], [ -73.929070821898719, 40.798966624685555 ] ] ] } },
{ "type": "Feature", "properties": { "Street": "HARLEM RIVER DRIVE", "FeatureTyp": "0", "NonPed": "V", "TrafDir": "W", "SegmentID": "0173279", "PhysicalID": 24910.0, "StreetWidth_Min": 30.0, "StreetWidth_Max": 30.0, "Snow_Priority": "C", "Number_Travel_Lanes": " 3", "Number_Park_Lanes": "  ", "TRUCK_ROUTE_TYPE": " " }, "geometry": { "type": "MultiLineString", "coordinates": [ [ [ -73.929070821898719, 40.798966624685555 ], [ -73.929071690147538, 40.79897173892337 ], [ -73.929147542071846, 40.7994184703443 ] ] ] } },
{ "type": "Feature", "properties": { "Street": "ROBERT F KENNEDY BRIDGE", "FeatureTyp": "0", "NonPed": "V", "TrafDir": "W", "SegmentID": "0155163", "PhysicalID": 76353.0, "StreetWidth_Min": 32.0, "StreetWidth_Max": 130.0, "Snow_Priority": "V", "Number_Travel_Lanes": " 3", "Number_Park_Lanes": "  ", "TRUCK_ROUTE_TYPE": "2" }, "geometry": { "type": "MultiLineString", "coordinates": [ [ [ -73.926208974318172, 40.799596987700362 ], [ -73.926080019939306, 40.799536959115187 ] ] ] } },
{ "type": "Feature", "properties": { "Street": "BRONX SHORE ROAD", "FeatureTyp": "0", "NonPed": "D", "TrafDir": "A", "SegmentID": "0155150", "PhysicalID": 75922.0, "StreetWidth_Min": 24.0, "StreetWidth_Max": 24.0, "Snow_Priority": "V", "Number_Travel_Lanes": " 2", "Number_Park_Lanes": "  ", "TRUCK_ROUTE_TYPE": " " }, "geometry": { "type": "MultiLineString", "coordinates": [ [ [ -73.923608531623969, 40.799987238133532 ], [ -73.923923625377697, 40.800027111407083 ] ] ] } },
{ "type": "Feature", "properties": { "Street": "BRONX SHORE ROAD", "FeatureTyp": "0", "NonPed": "D", "TrafDir": "A", "SegmentID": "0155076", "PhysicalID": 75920.0, "StreetWidth_Min": 24.0, "StreetWidth_Max": 24.0, "Snow_Priority": "V", "Number_Travel_Lanes": " 2", "Number_Park_Lanes": "  ", "TRUCK_ROUTE_TYPE": " " }, "geometry": { "type": "MultiLineString", "coordinates": [ [ [ -73.921746539835269, 40.799186134676432 ], [ -73.92206341365835, 40.799394442317869 ] ] ] } },
{ "type": "Feature", "properties": { "Street": "RFK BR EN FDR AND HARLEM RVR DRV", "FeatureTyp": "0", "NonPed": "V", "TrafDir": "W", "SegmentID": "0148284", "PhysicalID": 77315.0, "StreetWidth_Min": 30.0, "StreetWidth_Max": 38.0, "Snow_Priority": "V", "Number_Travel_Lanes": " 2", "Number_Park_Lanes": "  ", "TRUCK_ROUTE_TYPE": " " }, "geometry": { "type": "MultiLineString", "coordinates": [ [ [ -73.930357708009211, 40.801332850429894 ], [ -73.93021651884348, 40.801282991609582 ] ] ] } },
{ "type": "Feature", "properties": { "Street": "HARLEM RIVER DRIVE", "FeatureTyp": "0", "NonPed": "V", "TrafDir": "T", "SegmentID": "0173308", "PhysicalID": null, "StreetWidth_Min": null, "StreetWidth_Max": null, "Snow_Priority": "C", "Number_Travel_Lanes": "  ", "Number_Park_Lanes": "  ", "TRUCK_ROUTE_TYPE": " " }, "geometry": { "type": "MultiLineString", "coordinates": [ [ [ -73.929959738846975, 40.801226606842107 ], [ -73.929991552283724, 40.80130127287174 ] ] ] } },
{ "type": "Feature", "properties": { "Street": "RFK BRIDGE EXIT FDR DRIVE SB", "FeatureTyp": "0", "NonPed": "V", "TrafDir": "W", "SegmentID": "0147048", "PhysicalID": 77326.0, "StreetWidth_Min": 30.0, "StreetWidth_Max": 32.0, "Snow_Priority": "V", "Number_Travel_Lanes": " 2", "Number_Park_Lanes": "  ", "TRUCK_ROUTE_TYPE": " " }, "geometry": { "type": "MultiLineString", "coordinates": [ [ [ -73.929917680815862, 40.801270431045118 ], [ -73.929991552283724, 40.80130127287174 ] ] ] } },
{ "type": "Feature", "properties": { "Street": "ROBERT F KENNEDY BRIDGE", "FeatureTyp": "0", "NonPed": "V", "TrafDir": "A", "SegmentID": "0147037", "PhysicalID": 76329.0, "StreetWidth_Min": 32.0, "StreetWidth_Max": 130.0, "Snow_Priority": "V", "Number_Travel_Lanes": " 3", "Number_Park_Lanes": "  ", "TRUCK_ROUTE_TYPE": "2" }, "geometry": { "type": "MultiLineString", "coordinates": [ [ [ -73.929021235814488, 40.800895571987972 ], [ -73.926854102539238, 40.799987558409484 ] ] ] } },
{ "type": "Feature", "properties": { "Street": "RFK BRDG ET 125 STREET 2 AVE", "FeatureTyp": "0", "NonPed": "V", "TrafDir": "W", "SegmentID": "0069505", "PhysicalID": 24962.0, "StreetWidth_Min": 32.0, "StreetWidth_Max": 32.0, "Snow_Priority": "V", "Number_Travel_Lanes": " 3", "Number_Park_Lanes": "  ", "TRUCK_ROUTE_TYPE": "2" }, "geometry": { "type": "MultiLineString", "coordinates": [ [ [ -73.930141507737872, 40.801618676280306 ], [ -73.930403991012284, 40.801743684457442 ] ] ] } },
{ "type": "Feature", "properties": { "Street": "ROBERT F KENNEDY BRIDGE", "FeatureTyp": "0", "NonPed": "V", "TrafDir": "A", "SegmentID": "0140504", "PhysicalID": 133187.0, "StreetWidth_Min": 110.0, "StreetWidth_Max": 130.0, "Snow_Priority": "V", "Number_Travel_Lanes": " 8", "Number_Park_Lanes": "  ", "TRUCK_ROUTE_TYPE": "2" }, "geometry": { "type": "MultiLineString", "coordinates": [ [ [ -73.924444463552376, 40.79897032899607 ], [ -73.923676291766625, 40.798614401701649 ] ] ] } },
{ "type": "Feature", "properties": { "Street": "HARLEM RIVER DRIVE", "FeatureTyp": "0", "NonPed": "V", "TrafDir": "T", "SegmentID": "0190232", "PhysicalID": null, "StreetWidth_Min": null, "StreetWidth_Max": null, "Snow_Priority": "C", "Number_Travel_Lanes": "  ", "Number_Park_Lanes": "  ", "TRUCK_ROUTE_TYPE": " " }, "geometry": { "type": "MultiLineString", "coordinates": [ [ [ -73.930143927666194, 40.801878268005495 ], [ -73.930273773090974, 40.80243200032335 ] ] ] } },
{ "type": "Feature", "properties": { "Street": "RFK BRIDGE QUEENS ENTRANCE RAMP", "FeatureTyp": "0", "NonPed": "V", "TrafDir": "W", "SegmentID": "0141781", "PhysicalID": 75935.0, "StreetWidth_Min": 22.0, "StreetWidth_Max": 24.0, "Snow_Priority": "V", "Number_Travel_Lanes": " 1", "Number_Park_Lanes": "  ", "TRUCK_ROUTE_TYPE": " " }, "geometry": { "type": "MultiLineString", "coordinates": [ [ [ -73.926147971590126, 40.799681991566452 ], [ -73.926180391642049, 40.799640256233786 ] ] ] } },
{ "type": "Feature", "properties": { "Street": "RFK BR MANHATTAN ET RP RANDALLS", "FeatureTyp": "0", "NonPed": "V", "TrafDir": "W", "SegmentID": "0132776", "PhysicalID": 132731.0, "StreetWidth_Min": 15.0, "StreetWidth_Max": 30.0, "Snow_Priority": "V", "Number_Travel_Lanes": " 1", "Number_Park_Lanes": "  ", "TRUCK_ROUTE_TYPE": " " }, "geometry": { "type": "MultiLineString", "coordinates": [ [ [ -73.925010204643996, 40.799551242797662 ], [ -73.925204702880023, 40.79964292890763 ], [ -73.925293874226739, 40.799684963234235 ], [ -73.925297748305539, 40.799686879858747 ], [ -73.92530164590616, 40.799688768743088 ], [ -73.925305566684614, 40.799690629720523 ], [ -73.925309510294994, 40.799692462626822 ], [ -73.925313476389391, 40.799694267300254 ], [ -73.925317464617592, 40.79969604358152 ], [ -73.92532147462768, 40.799697791313932 ], [ -73.925330659715698, 40.799701653334743 ], [ -73.925339951119597, 40.799705365589752 ], [ -73.925349344611433, 40.799708926389705 ], [ -73.925358835916526, 40.799712334114226 ], [ -73.925368420716126, 40.799715587212646 ], [ -73.925378094648366, 40.799718684204684 ], [ -73.925387853311278, 40.799721623680931 ], [ -73.925397167228638, 40.799724260470775 ], [ -73.925406549325913, 40.799726753772731 ], [ -73.92541599577531, 40.799729102569657 ], [ -73.925425502723542, 40.799731305903279 ], [ -73.925435066292081, 40.799733362874811 ], [ -73.925444682579084, 40.799735272645023 ], [ -73.925454347661955, 40.799737034434941 ] ] ] } },
{ "type": "Feature", "properties": { "Street": "ROBERT F KENNEDY BRIDGE", "FeatureTyp": "0", "NonPed": "V", "TrafDir": "T", "SegmentID": "0069719", "PhysicalID": null, "StreetWidth_Min": null, "StreetWidth_Max": null, "Snow_Priority": "V", "Number_Travel_Lanes": "  ", "Number_Park_Lanes": "  ", "TRUCK_ROUTE_TYPE": " " }, "geometry": { "type": "MultiLineString", "coordinates": [ [ [ -73.926180391642049, 40.799640256233786 ], [ -73.926043153358819, 40.799580942519199 ] ] ] } },
{ "type": "Feature", "properties": { "Street": "BRONX SHORE ROAD", "FeatureTyp": "0", "NonPed": "D", "TrafDir": "A", "SegmentID": "0141703", "PhysicalID": 75921.0, "StreetWidth_Min": 24.0, "StreetWidth_Max": 24.0, "Snow_Priority": "V", "Number_Travel_Lanes": " 2", "Number_Park_Lanes": "  ", "TRUCK_ROUTE_TYPE": " " }, "geometry": { "type": "MultiLineString", "coordinates": [ [ [ -73.92206341365835, 40.799394442317869 ], [ -73.922211695042577, 40.799478304452684 ], [ -73.922359730079236, 40.799553832685255 ], [ -73.922489451187658, 40.799620064644365 ], [ -73.922649707628068, 40.799692119580747 ], [ -73.92278555112496, 40.79974675087638 ], [ -73.922933614279259, 40.79979906951386 ], [ -73.923083211464785, 40.7998455871777 ], [ -73.923226708508224, 40.799885137208896 ], [ -73.923608531623969, 40.799987238133532 ] ] ] } },
{ "type": "Feature", "properties": { "Street": "BRONX SHORE ROAD", "FeatureTyp": "0", "NonPed": "D", "TrafDir": "A", "SegmentID": "0141703", "PhysicalID": 75921.0, "StreetWidth_Min": 24.0, "StreetWidth_Max": 24.0, "Snow_Priority": "V", "Number_Travel_Lanes": " 2", "Number_Park_Lanes": "  ", "TRUCK_ROUTE_TYPE": " " }, "geometry": { "type": "MultiLineString", "coordinates": [ [ [ -73.92206341365835, 40.799394442317869 ], [ -73.922211695042577, 40.799478304452684 ], [ -73.922359730079236, 40.799553832685255 ], [ -73.922489451187658, 40.799620064644365 ], [ -73.922649707628068, 40.799692119580747 ], [ -73.92278555112496, 40.79974675087638 ], [ -73.922933614279259, 40.79979906951386 ], [ -73.923083211464785, 40.7998455871777 ], [ -73.923226708508224, 40.799885137208896 ], [ -73.923608531623969, 40.799987238133532 ] ] ] } },
{ "type": "Feature", "properties": { "Street": "BRONX SHORE ROAD", "FeatureTyp": "0", "NonPed": "D", "TrafDir": "A", "SegmentID": "0141703", "PhysicalID": 75921.0, "StreetWidth_Min": 24.0, "StreetWidth_Max": 24.0, "Snow_Priority": "V", "Number_Travel_Lanes": " 2", "Number_Park_Lanes": "  ", "TRUCK_ROUTE_TYPE": " " }, "geometry": { "type": "MultiLineString", "coordinates": [ [ [ -73.92206341365835, 40.799394442317869 ], [ -73.922211695042577, 40.799478304452684 ], [ -73.922359730079236, 40.799553832685255 ], [ -73.922489451187658, 40.799620064644365 ], [ -73.922649707628068, 40.799692119580747 ], [ -73.92278555112496, 40.79974675087638 ], [ -73.922933614279259, 40.79979906951386 ], [ -73.923083211464785, 40.7998455871777 ], [ -73.923226708508224, 40.799885137208896 ], [ -73.923608531623969, 40.799987238133532 ] ] ] } },
{ "type": "Feature", "properties": { "Street": "BRONX SHORE ROAD", "FeatureTyp": "0", "NonPed": "D", "TrafDir": "A", "SegmentID": "0141703", "PhysicalID": 75921.0, "StreetWidth_Min": 24.0, "StreetWidth_Max": 24.0, "Snow_Priority": "V", "Number_Travel_Lanes": " 2", "Number_Park_Lanes": "  ", "TRUCK_ROUTE_TYPE": " " }, "geometry": { "type": "MultiLineString", "coordinates": [ [ [ -73.92206341365835, 40.799394442317869 ], [ -73.922211695042577, 40.799478304452684 ], [ -73.922359730079236, 40.799553832685255 ], [ -73.922489451187658, 40.799620064644365 ], [ -73.922649707628068, 40.799692119580747 ], [ -73.92278555112496, 40.79974675087638 ], [ -73.922933614279259, 40.79979906951386 ], [ -73.923083211464785, 40.7998455871777 ], [ -73.923226708508224, 40.799885137208896 ], [ -73.923608531623969, 40.799987238133532 ] ] ] } },
{ "type": "Feature", "properties": { "Street": "BRONX SHORE ROAD", "FeatureTyp": "0", "NonPed": "D", "TrafDir": "A", "SegmentID": "0141703", "PhysicalID": 75921.0, "StreetWidth_Min": 24.0, "StreetWidth_Max": 24.0, "Snow_Priority": "V", "Number_Travel_Lanes": " 2", "Number_Park_Lanes": "  ", "TRUCK_ROUTE_TYPE": " " }, "geometry": { "type": "MultiLineString", "coordinates": [ [ [ -73.92206341365835, 40.799394442317869 ], [ -73.922211695042577, 40.799478304452684 ], [ -73.922359730079236, 40.799553832685255 ], [ -73.922489451187658, 40.799620064644365 ], [ -73.922649707628068, 40.799692119580747 ], [ -73.92278555112496, 40.79974675087638 ], [ -73.922933614279259, 40.79979906951386 ], [ -73.923083211464785, 40.7998455871777 ], [ -73.923226708508224, 40.799885137208896 ], [ -73.923608531623969, 40.799987238133532 ] ] ] } },
{ "type": "Feature", "properties": { "Street": "HARLEM RIVER DRIVE", "FeatureTyp": "0", "NonPed": "V", "TrafDir": "A", "SegmentID": "0173273", "PhysicalID": 24912.0, "StreetWidth_Min": 22.0, "StreetWidth_Max": 40.0, "Snow_Priority": "C", "Number_Travel_Lanes": " 2", "Number_Park_Lanes": "  ", "TRUCK_ROUTE_TYPE": " " }, "geometry": { "type": "MultiLineString", "coordinates": [ [ [ -73.929901567837959, 40.799961689525333 ], [ -73.929898576382755, 40.800023525054627 ] ] ] } },
{ "type": "Feature", "properties": { "Street": "HARLEM RIVER DRIVE", "FeatureTyp": "0", "NonPed": "V", "TrafDir": "T", "SegmentID": "0173327", "PhysicalID": null, "StreetWidth_Min": null, "StreetWidth_Max": null, "Snow_Priority": "C", "Number_Travel_Lanes": "  ", "Number_Park_Lanes": "  ", "TRUCK_ROUTE_TYPE": " " }, "geometry": { "type": "MultiLineString", "coordinates": [ [ [ -73.929943370976602, 40.801175827123672 ], [ -73.929959738846975, 40.801226606842107 ] ] ] } },
{ "type": "Feature", "properties": { "Street": "RFK BRDG ET 125 STREET 2 AVE", "FeatureTyp": "0", "NonPed": "V", "TrafDir": "W", "SegmentID": "0173337", "PhysicalID": 24959.0, "StreetWidth_Min": 32.0, "StreetWidth_Max": 32.0, "Snow_Priority": "V", "Number_Travel_Lanes": " 3", "Number_Park_Lanes": "  ", "TRUCK_ROUTE_TYPE": "2" }, "geometry": { "type": "MultiLineString", "coordinates": [ [ [ -73.929962276810002, 40.801481120913976 ], [ -73.930064989564286, 40.801568738427321 ] ] ] } },
{ "type": "Feature", "properties": { "Street": "HARLEM RIVER DRIVE EXIT 18 NB", "FeatureTyp": "0", "NonPed": "V", "TrafDir": "W", "SegmentID": "0173329", "PhysicalID": 82445.0, "StreetWidth_Min": 20.0, "StreetWidth_Max": 20.0, "Snow_Priority": "C", "Number_Travel_Lanes": " 2", "Number_Park_Lanes": "  ", "TRUCK_ROUTE_TYPE": " " }, "geometry": { "type": "MultiLineString", "coordinates": [ [ [ -73.929685753234693, 40.801165660798972 ], [ -73.929760045694209, 40.801330623587113 ] ] ] } },
{ "type": "Feature", "properties": { "Street": "ROBERT F KENNEDY BRIDGE", "FeatureTyp": "0", "NonPed": "V", "TrafDir": "T", "SegmentID": "0069531", "PhysicalID": null, "StreetWidth_Min": null, "StreetWidth_Max": null, "Snow_Priority": "V", "Number_Travel_Lanes": "  ", "Number_Park_Lanes": "  ", "TRUCK_ROUTE_TYPE": " " }, "geometry": { "type": "MultiLineString", "coordinates": [ [ [ -73.929016446582608, 40.800830714968363 ], [ -73.926882617640473, 40.799940768457077 ] ] ] } },
{ "type": "Feature", "properties": { "Street": "CONNECTOR", "FeatureTyp": "0", "NonPed": "D", "TrafDir": "T", "SegmentID": "0158947", "PhysicalID": 179550.0, "StreetWidth_Min": 40.0, "StreetWidth_Max": 40.0, "Snow_Priority": "V", "Number_Travel_Lanes": " 2", "Number_Park_Lanes": "  ", "TRUCK_ROUTE_TYPE": " " }, "geometry": { "type": "MultiLineString", "coordinates": [ [ [ -73.923594845129472, 40.800039818327683 ], [ -73.923608531623969, 40.799987238133532 ] ] ] } },
{ "type": "Feature", "properties": { "Street": "ROBERT F KENNEDY BRIDGE", "FeatureTyp": "0", "NonPed": "V", "TrafDir": "W", "SegmentID": "0155058", "PhysicalID": 76352.0, "StreetWidth_Min": 32.0, "StreetWidth_Max": 130.0, "Snow_Priority": "V", "Number_Travel_Lanes": " 3", "Number_Park_Lanes": "  ", "TRUCK_ROUTE_TYPE": "2" }, "geometry": { "type": "MultiLineString", "coordinates": [ [ [ -73.926080019939306, 40.799536959115187 ], [ -73.925297024137279, 40.79917095972835 ] ] ] } },
{ "type": "Feature", "properties": { "Street": "FDR DRIVE EXIT 17 SOUTHBOUND", "FeatureTyp": "0", "NonPed": "V", "TrafDir": "A", "SegmentID": "0148283", "PhysicalID": 77163.0, "StreetWidth_Min": 18.0, "StreetWidth_Max": 20.0, "Snow_Priority": "V", "Number_Travel_Lanes": " 1", "Number_Park_Lanes": "  ", "TRUCK_ROUTE_TYPE": " " }, "geometry": { "type": "MultiLineString", "coordinates": [ [ [ -73.930088085309748, 40.801067846278393 ], [ -73.93021651884348, 40.801282991609582 ] ] ] } },
{ "type": "Feature", "properties": { "Street": "FDR DRIVE EXIT 17 NB RFK BRDG", "FeatureTyp": "0", "NonPed": "V", "TrafDir": "W", "SegmentID": "0182704", "PhysicalID": 150632.0, "StreetWidth_Min": 15.0, "StreetWidth_Max": 32.0, "Snow_Priority": "V", "Number_Travel_Lanes": " 1", "Number_Park_Lanes": "  ", "TRUCK_ROUTE_TYPE": " " }, "geometry": { "type": "MultiLineString", "coordinates": [ [ [ -73.929632942340618, 40.799860516573233 ], [ -73.929733535824525, 40.799961614118494 ], [ -73.929816717282975, 40.800023168657695 ], [ -73.929893151263386, 40.800066133381954 ] ] ] } },
{ "type": "Feature", "properties": { "Street": "RFK BRIDGE EXIT FDR DRIVE SB", "FeatureTyp": "0", "NonPed": "V", "TrafDir": "W", "SegmentID": "0147054", "PhysicalID": 77323.0, "StreetWidth_Min": 30.0, "StreetWidth_Max": 32.0, "Snow_Priority": "V", "Number_Travel_Lanes": " 2", "Number_Park_Lanes": "  ", "TRUCK_ROUTE_TYPE": " " }, "geometry": { "type": "MultiLineString", "coordinates": [ [ [ -73.930336938377167, 40.80144558853442 ], [ -73.930547024946009, 40.801504041307282 ] ] ] } },
{ "type": "Feature", "properties": { "Street": "HARLEM RIVER DRIVE", "FeatureTyp": "0", "NonPed": "V", "TrafDir": "A", "SegmentID": "0173314", "PhysicalID": 24824.0, "StreetWidth_Min": 20.0, "StreetWidth_Max": 38.0, "Snow_Priority": "C", "Number_Travel_Lanes": " 2", "Number_Park_Lanes": "  ", "TRUCK_ROUTE_TYPE": " " }, "geometry": { "type": "MultiLineString", "coordinates": [ [ [ -73.930040823092114, 40.801263859762329 ], [ -73.930055910771273, 40.801329281260983 ] ] ] } },
{ "type": "Feature", "properties": { "Street": "RFK BR EN FDR AND HARLEM RVR DRV", "FeatureTyp": "0", "NonPed": "V", "TrafDir": "W", "SegmentID": "0147047", "PhysicalID": 77317.0, "StreetWidth_Min": 30.0, "StreetWidth_Max": 38.0, "Snow_Priority": "V", "Number_Travel_Lanes": " 2", "Number_Park_Lanes": "  ", "TRUCK_ROUTE_TYPE": " " }, "geometry": { "type": "MultiLineString", "coordinates": [ [ [ -73.929943370976602, 40.801175827123672 ], [ -73.929882124957402, 40.801151714234415 ] ] ] } },
{ "type": "Feature", "properties": { "Street": "ROBERT F KENNEDY BRIDGE", "FeatureTyp": "0", "NonPed": "V", "TrafDir": "A", "SegmentID": "0173338", "PhysicalID": null, "StreetWidth_Min": null, "StreetWidth_Max": null, "Snow_Priority": "V", "Number_Travel_Lanes": "  ", "Number_Park_Lanes": "  ", "TRUCK_ROUTE_TYPE": " " }, "geometry": { "type": "MultiLineString", "coordinates": [ [ [ -73.929309983957836, 40.801010112885947 ], [ -73.929226772107228, 40.800921389561239 ] ] ] } },
{ "type": "Feature", "properties": { "Street": "RFK BRIDGE EXIT FDR DRIVE SB", "FeatureTyp": "0", "NonPed": "V", "TrafDir": "W", "SegmentID": "0147041", "PhysicalID": 77328.0, "StreetWidth_Min": 30.0, "StreetWidth_Max": 32.0, "Snow_Priority": "V", "Number_Travel_Lanes": " 2", "Number_Park_Lanes": "  ", "TRUCK_ROUTE_TYPE": " " }, "geometry": { "type": "MultiLineString", "coordinates": [ [ [ -73.929309983957836, 40.801010112885947 ], [ -73.929685753234693, 40.801165660798972 ] ] ] } },
{ "type": "Feature", "properties": { "Street": "HARLEM RIVER DRIVE", "FeatureTyp": "0", "NonPed": "V", "TrafDir": "A", "SegmentID": "0173270", "PhysicalID": 200180.0, "StreetWidth_Min": 22.0, "StreetWidth_Max": 40.0, "Snow_Priority": "C", "Number_Travel_Lanes": " 2", "Number_Park_Lanes": "  ", "TRUCK_ROUTE_TYPE": " " }, "geometry": { "type": "MultiLineString", "coordinates": [ [ [ -73.929906320682193, 40.799645787941898 ], [ -73.929913414904647, 40.799717309988552 ], [ -73.929910592630321, 40.799775597513452 ] ] ] } },
{ "type": "Feature", "properties": { "Street": "RFK BR MANHATTAN ET RP RANDALLS", "FeatureTyp": "0", "NonPed": "V", "TrafDir": "W", "SegmentID": "0140702", "PhysicalID": 90939.0, "StreetWidth_Min": 15.0, "StreetWidth_Max": 30.0, "Snow_Priority": "V", "Number_Travel_Lanes": " 1", "Number_Park_Lanes": "  ", "TRUCK_ROUTE_TYPE": " " }, "geometry": { "type": "MultiLineString", "coordinates": [ [ [ -73.926003997073408, 40.799626968989358 ], [ -73.926043153358819, 40.799580942519199 ] ] ] } },
{ "type": "Feature", "properties": { "Street": "HARLEM RIVER DRIVE", "FeatureTyp": "0", "NonPed": "V", "TrafDir": "W", "SegmentID": "0147020", "PhysicalID": 24832.0, "StreetWidth_Min": 20.0, "StreetWidth_Max": 24.0, "Snow_Priority": "C", "Number_Travel_Lanes": " 2", "Number_Park_Lanes": "  ", "TRUCK_ROUTE_TYPE": " " }, "geometry": { "type": "MultiLineString", "coordinates": [ [ [ -73.929917680815862, 40.801270431045118 ], [ -73.929962276810002, 40.801481120913976 ] ] ] } },
{ "type": "Feature", "properties": { "Street": "BRONX SHORE ROAD", "FeatureTyp": "0", "NonPed": "D", "TrafDir": "W", "SegmentID": "0188833", "PhysicalID": 75926.0, "StreetWidth_Min": 24.0, "StreetWidth_Max": 25.0, "Snow_Priority": "V", "Number_Travel_Lanes": " 2", "Number_Park_Lanes": "  ", "TRUCK_ROUTE_TYPE": " " }, "geometry": { "type": "MultiLineString", "coordinates": [ [ [ -73.923920997314795, 40.800142201610157 ], [ -73.924085591558296, 40.800171802226785 ] ] ] } },
{ "type": "Feature", "properties": { "Street": "BRONX SHORE ROAD", "FeatureTyp": "0", "NonPed": "D", "TrafDir": "A", "SegmentID": "0188832", "PhysicalID": 75924.0, "StreetWidth_Min": 24.0, "StreetWidth_Max": 24.0, "Snow_Priority": "V", "Number_Travel_Lanes": " 2", "Number_Park_Lanes": "  ", "TRUCK_ROUTE_TYPE": " " }, "geometry": { "type": "MultiLineString", "coordinates": [ [ [ -73.923923625377697, 40.800027111407083 ], [ -73.9240724666804, 40.80003249561414 ] ] ] } },
{ "type": "Feature", "properties": { "Street": "HARLEM RIVER DRIVE", "FeatureTyp": "0", "NonPed": "V", "TrafDir": "A", "SegmentID": "0133321", "PhysicalID": 24911.0, "StreetWidth_Min": 20.0, "StreetWidth_Max": 38.0, "Snow_Priority": "C", "Number_Travel_Lanes": " 2", "Number_Park_Lanes": "  ", "TRUCK_ROUTE_TYPE": " " }, "geometry": { "type": "MultiLineString", "coordinates": [ [ [ -73.929898576382755, 40.800023525054627 ], [ -73.929893151263386, 40.800066133381954 ] ] ] } },
{ "type": "Feature", "properties": { "Street": "RFK BR MANHATTAN ET RP RANDALLS", "FeatureTyp": "0", "NonPed": "V", "TrafDir": "W", "SegmentID": "0132775", "PhysicalID": 132803.0, "StreetWidth_Min": 15.0, "StreetWidth_Max": 30.0, "Snow_Priority": "V", "Number_Travel_Lanes": " 1", "Number_Park_Lanes": "  ", "TRUCK_ROUTE_TYPE": " " }, "geometry": { "type": "MultiLineString", "coordinates": [ [ [ -73.925974950329476, 40.799129270710345 ], [ -73.925913731781122, 40.799092867571105 ], [ -73.925834807311745, 40.799064355905124 ], [ -73.925766535033802, 40.799048343402518 ], [ -73.925693004811279, 40.799036763774772 ], [ -73.925612462423786, 40.799031833071396 ], [ -73.925540083212624, 40.799034891176916 ], [ -73.925488907468051, 40.799041885436431 ] ] ] } },
{ "type": "Feature", "properties": { "Street": "BRONX SHORE ROAD", "FeatureTyp": "0", "NonPed": "D", "TrafDir": "W", "SegmentID": "0141711", "PhysicalID": 75933.0, "StreetWidth_Min": 24.0, "StreetWidth_Max": 25.0, "Snow_Priority": "V", "Number_Travel_Lanes": " 1", "Number_Park_Lanes": "  ", "TRUCK_ROUTE_TYPE": " " }, "geometry": { "type": "MultiLineString", "coordinates": [ [ [ -73.925541061926978, 40.800025961312237 ], [ -73.925251365964172, 40.799793994158058 ] ] ] } },
{ "type": "Feature", "properties": { "Street": "BRONX SHORE ROAD", "FeatureTyp": "0", "NonPed": " ", "TrafDir": "T", "SegmentID": "0188688", "PhysicalID": null, "StreetWidth_Min": null, "StreetWidth_Max": null, "Snow_Priority": "V", "Number_Travel_Lanes": "  ", "Number_Park_Lanes": "  ", "TRUCK_ROUTE_TYPE": " " }, "geometry": { "type": "MultiLineString", "coordinates": [ [ [ -73.923594845129472, 40.800039818327683 ], [ -73.923923119547737, 40.800081616432564 ] ] ] } },
{ "type": "Feature", "properties": { "Street": "CONNECTOR", "FeatureTyp": "0", "NonPed": "D", "TrafDir": "T", "SegmentID": "0141702", "PhysicalID": 102434.0, "StreetWidth_Min": 40.0, "StreetWidth_Max": 40.0, "Snow_Priority": "V", "Number_Travel_Lanes": " 2", "Number_Park_Lanes": "  ", "TRUCK_ROUTE_TYPE": " " }, "geometry": { "type": "MultiLineString", "coordinates": [ [ [ -73.922000210700972, 40.799462356573137 ], [ -73.922026492049852, 40.799433251962078 ] ] ] } },
{ "type": "Feature", "properties": { "Street": "CONNECTOR", "FeatureTyp": "0", "NonPed": "D", "TrafDir": "T", "SegmentID": "0141700", "PhysicalID": 102291.0, "StreetWidth_Min": 40.0, "StreetWidth_Max": 40.0, "Snow_Priority": "V", "Number_Travel_Lanes": " 2", "Number_Park_Lanes": "  ", "TRUCK_ROUTE_TYPE": " " }, "geometry": { "type": "MultiLineString", "coordinates": [ [ [ -73.921746539835269, 40.799186134676432 ], [ -73.921717528821844, 40.799228292397807 ] ] ] } },
{ "type": "Feature", "properties": { "Street": "BRONX SHORE ROAD", "FeatureTyp": "0", "NonPed": " ", "TrafDir": "T", "SegmentID": "0141699", "PhysicalID": null, "StreetWidth_Min": null, "StreetWidth_Max": null, "Snow_Priority": "V", "Number_Travel_Lanes": "  ", "Number_Park_Lanes": "  ", "TRUCK_ROUTE_TYPE": " " }, "geometry": { "type": "MultiLineString", "coordinates": [ [ [ -73.921717528821844, 40.799228292397807 ], [ -73.922026492049852, 40.799433251962078 ] ] ] } },
{ "type": "Feature", "properties": { "Street": "PALADINO AVENUE", "FeatureTyp": "0", "NonPed": " ", "TrafDir": "T", "SegmentID": "9001115", "PhysicalID": 117314.0, "StreetWidth_Min": 32.0, "StreetWidth_Max": 36.0, "Snow_Priority": "C", "Number_Travel_Lanes": " 2", "Number_Park_Lanes": " 2", "TRUCK_ROUTE_TYPE": " " }, "geometry": { "type": "MultiLineString", "coordinates": [ [ [ -73.93022626923586, 40.79976857587927 ], [ -73.930186119837956, 40.799663172676127 ] ] ] } },
{ "type": "Feature", "properties": { "Street": "PALADINO AVENUE", "FeatureTyp": "0", "NonPed": " ", "TrafDir": "T", "SegmentID": "9001115", "PhysicalID": 117314.0, "StreetWidth_Min": 32.0, "StreetWidth_Max": 36.0, "Snow_Priority": "C", "Number_Travel_Lanes": " 2", "Number_Park_Lanes": " 2", "TRUCK_ROUTE_TYPE": " " }, "geometry": { "type": "MultiLineString", "coordinates": [ [ [ -73.93022626923586, 40.79976857587927 ], [ -73.930186119837956, 40.799663172676127 ] ] ] } },
{ "type": "Feature", "properties": { "Street": "PALADINO AVENUE", "FeatureTyp": "0", "NonPed": " ", "TrafDir": "T", "SegmentID": "9001116", "PhysicalID": 117314.0, "StreetWidth_Min": 32.0, "StreetWidth_Max": 36.0, "Snow_Priority": "C", "Number_Travel_Lanes": " 2", "Number_Park_Lanes": " 2", "TRUCK_ROUTE_TYPE": " " }, "geometry": { "type": "MultiLineString", "coordinates": [ [ [ -73.930186119837956, 40.799663172676127 ], [ -73.930019596970979, 40.799225999262859 ] ] ] } },
{ "type": "Feature", "properties": { "Street": "PALADINO AVENUE", "FeatureTyp": "0", "NonPed": " ", "TrafDir": "T", "SegmentID": "9001117", "PhysicalID": 117314.0, "StreetWidth_Min": 32.0, "StreetWidth_Max": 36.0, "Snow_Priority": "C", "Number_Travel_Lanes": " 2", "Number_Park_Lanes": " 2", "TRUCK_ROUTE_TYPE": " " }, "geometry": { "type": "MultiLineString", "coordinates": [ [ [ -73.930019596970979, 40.799225999262859 ], [ -73.929976723047218, 40.799113442110155 ] ] ] } },
{ "type": "Feature", "properties": { "Street": "PALADINO AVENUE", "FeatureTyp": "0", "NonPed": " ", "TrafDir": "T", "SegmentID": "9001117", "PhysicalID": 117314.0, "StreetWidth_Min": 32.0, "StreetWidth_Max": 36.0, "Snow_Priority": "C", "Number_Travel_Lanes": " 2", "Number_Park_Lanes": " 2", "TRUCK_ROUTE_TYPE": " " }, "geometry": { "type": "MultiLineString", "coordinates": [ [ [ -73.930019596970979, 40.799225999262859 ], [ -73.929976723047218, 40.799113442110155 ] ] ] } },
{ "type": "Feature", "properties": { "Street": "PALADINO AVENUE", "FeatureTyp": "0", "NonPed": " ", "TrafDir": "T", "SegmentID": "9001119", "PhysicalID": 117314.0, "StreetWidth_Min": 32.0, "StreetWidth_Max": 36.0, "Snow_Priority": "C", "Number_Travel_Lanes": " 2", "Number_Park_Lanes": " 2", "TRUCK_ROUTE_TYPE": " " }, "geometry": { "type": "MultiLineString", "coordinates": [ [ [ -73.929976723047218, 40.799113442110155 ], [ -73.929861470746957, 40.798810861524444 ] ] ] } },
{ "type": "Feature", "properties": { "Street": "PALADINO AVENUE", "FeatureTyp": "0", "NonPed": " ", "TrafDir": "T", "SegmentID": "9009571", "PhysicalID": 117362.0, "StreetWidth_Min": 32.0, "StreetWidth_Max": 36.0, "Snow_Priority": "C", "Number_Travel_Lanes": " 2", "Number_Park_Lanes": " 2", "TRUCK_ROUTE_TYPE": " " }, "geometry": { "type": "MultiLineString", "coordinates": [ [ [ -73.929840649949597, 40.798756198839286 ], [ -73.929816364223356, 40.798692441029139 ] ] ] } },
{ "type": "Feature", "properties": { "Street": "PALADINO AVENUE", "FeatureTyp": "0", "NonPed": " ", "TrafDir": "T", "SegmentID": "9009571", "PhysicalID": 117362.0, "StreetWidth_Min": 32.0, "StreetWidth_Max": 36.0, "Snow_Priority": "C", "Number_Travel_Lanes": " 2", "Number_Park_Lanes": " 2", "TRUCK_ROUTE_TYPE": " " }, "geometry": { "type": "MultiLineString", "coordinates": [ [ [ -73.929840649949597, 40.798756198839286 ], [ -73.929816364223356, 40.798692441029139 ] ] ] } },
{ "type": "Feature", "properties": { "Street": "PALADINO AVENUE", "FeatureTyp": "0", "NonPed": " ", "TrafDir": "T", "SegmentID": "9009570", "PhysicalID": 117314.0, "StreetWidth_Min": 32.0, "StreetWidth_Max": 36.0, "Snow_Priority": "C", "Number_Travel_Lanes": " 2", "Number_Park_Lanes": " 2", "TRUCK_ROUTE_TYPE": " " }, "geometry": { "type": "MultiLineString", "coordinates": [ [ [ -73.929861470746957, 40.798810861524444 ], [ -73.929840649949597, 40.798756198839286 ] ] ] } },
{ "type": "Feature", "properties": { "Street": "PEDESTRIAN PATH", "FeatureTyp": "0", "NonPed": " ", "TrafDir": "P", "SegmentID": "0219310", "PhysicalID": 117374.0, "StreetWidth_Min": null, "StreetWidth_Max": null, "Snow_Priority": " ", "Number_Travel_Lanes": "  ", "Number_Park_Lanes": "  ", "TRUCK_ROUTE_TYPE": " " }, "geometry": { "type": "MultiLineString", "coordinates": [ [ [ -73.930594376858522, 40.799129091996107 ], [ -73.930542802237127, 40.799773581843802 ], [ -73.93022626923586, 40.79976857587927 ] ] ] } },
{ "type": "Feature", "properties": { "Street": "PEDESTRIAN PATH", "FeatureTyp": "0", "NonPed": " ", "TrafDir": "P", "SegmentID": "0219352", "PhysicalID": 117361.0, "StreetWidth_Min": null, "StreetWidth_Max": null, "Snow_Priority": " ", "Number_Travel_Lanes": "  ", "Number_Park_Lanes": "  ", "TRUCK_ROUTE_TYPE": " " }, "geometry": { "type": "MultiLineString", "coordinates": [ [ [ -73.929840649949597, 40.798756198839286 ], [ -73.929872167185763, 40.79875230500668 ], [ -73.929903486898397, 40.798747579582049 ], [ -73.929934571104297, 40.79874202829626 ], [ -73.929965382106261, 40.798735657881579 ], [ -73.929995882538208, 40.798728476063758 ], [ -73.930026035410606, 40.798720491552544 ], [ -73.930055804155828, 40.798711714031214 ], [ -73.930085152719627, 40.798702154112341 ], [ -73.930114045460158, 40.798691823420178 ], [ -73.930142447337943, 40.798680734483433 ], [ -73.930170323908584, 40.798668900750116 ], [ -73.930197641365325, 40.798656336571696 ], [ -73.930224366578869, 40.798643057185295 ], [ -73.93025046713899, 40.798629078695505 ] ] ] } },
{ "type": "Feature", "properties": { "Street": "PEDESTRIAN PATH", "FeatureTyp": "0", "NonPed": " ", "TrafDir": "P", "SegmentID": "0219353", "PhysicalID": 117361.0, "StreetWidth_Min": null, "StreetWidth_Max": null, "Snow_Priority": " ", "Number_Travel_Lanes": "  ", "Number_Park_Lanes": "  ", "TRUCK_ROUTE_TYPE": " " }, "geometry": { "type": "MultiLineString", "coordinates": [ [ [ -73.93025046713899, 40.798629078695505 ], [ -73.930265531431345, 40.798635926641516 ], [ -73.930281128424099, 40.798642047256081 ], [ -73.930297197386054, 40.798647416706977 ], [ -73.930313675748593, 40.798652014086755 ], [ -73.930330499348713, 40.798655821494272 ], [ -73.930347602679404, 40.798658824104379 ], [ -73.930364919143926, 40.798661010225608 ], [ -73.930382381316193, 40.798662371345671 ], [ -73.930399921202323, 40.798662902164686 ], [ -73.930417470506057, 40.798662600615742 ], [ -73.930434960894459, 40.79866146787306 ], [ -73.930452324263612, 40.798659508347242 ], [ -73.930469493004949, 40.79865672966821 ], [ -73.930486400287165, 40.798653142639075 ], [ -73.930502980255, 40.798648761240408 ], [ -73.930519168349605, 40.798643602532437 ], [ -73.930534901537868, 40.798637686602127 ], [ -73.930550118558344, 40.798631036484764 ], [ -73.930564760159214, 40.798623678074627 ], [ -73.930578769329628, 40.798615640023691 ], [ -73.930592091520836, 40.798606953630461 ], [ -73.930604674859694, 40.79859765271781 ], [ -73.930616470349491, 40.798587773501502 ], [ -73.930627432061613, 40.79857735444903 ], [ -73.930637517314011, 40.798566436129875 ], [ -73.93064668683752, 40.798555061057534 ] ] ] } },
{ "type": "Feature", "properties": { "Street": "HARLEM RIVER DRIVE", "FeatureTyp": "0", "NonPed": "V", "TrafDir": "T", "SegmentID": "0241775", "PhysicalID": null, "StreetWidth_Min": null, "StreetWidth_Max": null, "Snow_Priority": "C", "Number_Travel_Lanes": "  ", "Number_Park_Lanes": "  ", "TRUCK_ROUTE_TYPE": " " }, "geometry": { "type": "MultiLineString", "coordinates": [ [ [ -73.930359218286071, 40.802845245341004 ], [ -73.930418767607861, 40.803008315868375 ] ] ] } },
{ "type": "Feature", "properties": { "Street": "WILLIS AVENUE BRIDGE BIKE PATH", "FeatureTyp": "0", "NonPed": "D", "TrafDir": "P", "SegmentID": "0241784", "PhysicalID": 137474.0, "StreetWidth_Min": null, "StreetWidth_Max": null, "Snow_Priority": " ", "Number_Travel_Lanes": "  ", "Number_Park_Lanes": "  ", "TRUCK_ROUTE_TYPE": " " }, "geometry": { "type": "MultiLineString", "coordinates": [ [ [ -73.930438173246912, 40.80278193923013 ], [ -73.930359218286071, 40.802845245341004 ] ] ] } },
{ "type": "Feature", "properties": { "Street": "HARLEM RIVER DRIVE", "FeatureTyp": "0", "NonPed": "V", "TrafDir": "W", "SegmentID": "0241829", "PhysicalID": 132703.0, "StreetWidth_Min": 20.0, "StreetWidth_Max": 24.0, "Snow_Priority": "C", "Number_Travel_Lanes": " 2", "Number_Park_Lanes": "  ", "TRUCK_ROUTE_TYPE": " " }, "geometry": { "type": "MultiLineString", "coordinates": [ [ [ -73.929962276810002, 40.801481120913976 ], [ -73.929993362721376, 40.801597191806621 ] ] ] } },
{ "type": "Feature", "properties": { "Street": "HARLEM RIVER DRIVE", "FeatureTyp": "0", "NonPed": "V", "TrafDir": "T", "SegmentID": "0241831", "PhysicalID": null, "StreetWidth_Min": null, "StreetWidth_Max": null, "Snow_Priority": "C", "Number_Travel_Lanes": "  ", "Number_Park_Lanes": "  ", "TRUCK_ROUTE_TYPE": " " }, "geometry": { "type": "MultiLineString", "coordinates": [ [ [ -73.930064989564286, 40.801568738427321 ], [ -73.930100341047037, 40.801670033167944 ] ] ] } },
{ "type": "Feature", "properties": { "Street": "HARLEM RIVER DRIVE", "FeatureTyp": "0", "NonPed": "V", "TrafDir": "T", "SegmentID": "0241832", "PhysicalID": null, "StreetWidth_Min": null, "StreetWidth_Max": null, "Snow_Priority": "C", "Number_Travel_Lanes": "  ", "Number_Park_Lanes": "  ", "TRUCK_ROUTE_TYPE": " " }, "geometry": { "type": "MultiLineString", "coordinates": [ [ [ -73.930100341047037, 40.801670033167944 ], [ -73.930128559564182, 40.801781115661377 ] ] ] } },
{ "type": "Feature", "properties": { "Street": "HARLEM RIVER DRIVE", "FeatureTyp": "0", "NonPed": "V", "TrafDir": "A", "SegmentID": "0241833", "PhysicalID": 132704.0, "StreetWidth_Min": 20.0, "StreetWidth_Max": 38.0, "Snow_Priority": "C", "Number_Travel_Lanes": " 2", "Number_Park_Lanes": "  ", "TRUCK_ROUTE_TYPE": " " }, "geometry": { "type": "MultiLineString", "coordinates": [ [ [ -73.930141507737872, 40.801618676280306 ], [ -73.93018602597455, 40.8017191223895 ] ] ] } },
{ "type": "Feature", "properties": { "Street": "HARLEM RIVER DRIVE", "FeatureTyp": "0", "NonPed": "V", "TrafDir": "A", "SegmentID": "0241834", "PhysicalID": 132714.0, "StreetWidth_Min": 20.0, "StreetWidth_Max": 38.0, "Snow_Priority": "C", "Number_Travel_Lanes": " 2", "Number_Park_Lanes": "  ", "TRUCK_ROUTE_TYPE": " " }, "geometry": { "type": "MultiLineString", "coordinates": [ [ [ -73.93018602597455, 40.8017191223895 ], [ -73.930208931499664, 40.801818441586541 ] ] ] } },
{ "type": "Feature", "properties": { "Street": "RFK BRIDGE PED AND BIKE PATH", "FeatureTyp": "0", "NonPed": "D", "TrafDir": "P", "SegmentID": "0241861", "PhysicalID": 132728.0, "StreetWidth_Min": null, "StreetWidth_Max": null, "Snow_Priority": " ", "Number_Travel_Lanes": "  ", "Number_Park_Lanes": "  ", "TRUCK_ROUTE_TYPE": " " }, "geometry": { "type": "MultiLineString", "coordinates": [ [ [ -73.929026713907078, 40.800969860314666 ], [ -73.929268317093005, 40.801070324214734 ] ] ] } },
{ "type": "Feature", "properties": { "Street": "RFK BRIDGE PED AND BIKE PATH", "FeatureTyp": "0", "NonPed": "D", "TrafDir": "P", "SegmentID": "0241864", "PhysicalID": 132729.0, "StreetWidth_Min": null, "StreetWidth_Max": null, "Snow_Priority": " ", "Number_Travel_Lanes": "  ", "Number_Park_Lanes": "  ", "TRUCK_ROUTE_TYPE": " " }, "geometry": { "type": "MultiLineString", "coordinates": [ [ [ -73.926806077243015, 40.800035899913809 ], [ -73.929026713907078, 40.800969860314666 ] ] ] } },
{ "type": "Feature", "properties": { "Street": "RFK BRIDGE PED AND BIKE PATH", "FeatureTyp": "0", "NonPed": "D", "TrafDir": "P", "SegmentID": "0241864", "PhysicalID": 132729.0, "StreetWidth_Min": null, "StreetWidth_Max": null, "Snow_Priority": " ", "Number_Travel_Lanes": "  ", "Number_Park_Lanes": "  ", "TRUCK_ROUTE_TYPE": " " }, "geometry": { "type": "MultiLineString", "coordinates": [ [ [ -73.926806077243015, 40.800035899913809 ], [ -73.929026713907078, 40.800969860314666 ] ] ] } },
{ "type": "Feature", "properties": { "Street": "RFK BRIDGE QUEENS ENTRANCE RAMP", "FeatureTyp": "0", "NonPed": "V", "TrafDir": "W", "SegmentID": "0241867", "PhysicalID": 132730.0, "StreetWidth_Min": 22.0, "StreetWidth_Max": 26.0, "Snow_Priority": "V", "Number_Travel_Lanes": " 1", "Number_Park_Lanes": "  ", "TRUCK_ROUTE_TYPE": " " }, "geometry": { "type": "MultiLineString", "coordinates": [ [ [ -73.925541061926978, 40.800025961312237 ], [ -73.9256062161204, 40.8000043000863 ], [ -73.925669880974482, 40.799980216919472 ], [ -73.925731900703269, 40.799953770743144 ], [ -73.925792123546785, 40.799925026270977 ], [ -73.925850402143055, 40.799894053840219 ], [ -73.925906593887618, 40.799860929240126 ], [ -73.925960561283546, 40.799825733525928 ], [ -73.926088160207257, 40.799731584503803 ] ] ] } },
{ "type": "Feature", "properties": { "Street": "RFK BRIDGE QUEENS ENTRANCE RAMP", "FeatureTyp": "0", "NonPed": "V", "TrafDir": "W", "SegmentID": "0241868", "PhysicalID": 132734.0, "StreetWidth_Min": 22.0, "StreetWidth_Max": 26.0, "Snow_Priority": "V", "Number_Travel_Lanes": " 1", "Number_Park_Lanes": "  ", "TRUCK_ROUTE_TYPE": " " }, "geometry": { "type": "MultiLineString", "coordinates": [ [ [ -73.926088160207257, 40.799731584503803 ], [ -73.926147971590126, 40.799681991566452 ] ] ] } },
{ "type": "Feature", "properties": { "Street": "RFK BR MANHATTAN ET RP RANDALLS", "FeatureTyp": "0", "NonPed": "V", "TrafDir": "W", "SegmentID": "0241869", "PhysicalID": 132731.0, "StreetWidth_Min": 15.0, "StreetWidth_Max": 30.0, "Snow_Priority": "V", "Number_Travel_Lanes": " 1", "Number_Park_Lanes": "  ", "TRUCK_ROUTE_TYPE": " " }, "geometry": { "type": "MultiLineString", "coordinates": [ [ [ -73.925454347661955, 40.799737034434941 ], [ -73.925457309507436, 40.799737578022665 ], [ -73.925460274227632, 40.79973811248388 ], [ -73.925463241773912, 40.799738637809796 ], [ -73.925466212097518, 40.799739153991737 ], [ -73.925469185149908, 40.799739661021299 ], [ -73.925472160881895, 40.799740158890089 ], [ -73.925475139244625, 40.799740647589942 ], [ -73.925493341607833, 40.799743426737415 ], [ -73.925511628727762, 40.799745863473753 ], [ -73.92552998945213, 40.799747956312956 ], [ -73.925548412583694, 40.799749703978712 ], [ -73.925566886887211, 40.799751105405214 ], [ -73.9255854010961, 40.799752159737807 ], [ -73.925603943919697, 40.799752866333478 ], [ -73.925611109561942, 40.799753046012754 ], [ -73.925618277133282, 40.799753173756372 ], [ -73.925625445981524, 40.799753249552744 ], [ -73.925632615455072, 40.799753273394984 ], [ -73.925639784901975, 40.799753245280826 ], [ -73.925646953669784, 40.799753165212934 ], [ -73.925654121107087, 40.799753033198549 ], [ -73.925687471585036, 40.799750588550147 ], [ -73.925720563228936, 40.799746600135357 ], [ -73.925753272411939, 40.799741082854588 ], [ -73.925785476935701, 40.799734057319775 ], [ -73.925817056487531, 40.799725549777669 ], [ -73.925847893089696, 40.799715592011587 ], [ -73.925877871540067, 40.799704221222683 ], [ -73.925883582648652, 40.799701853285356 ], [ -73.925889256373424, 40.799699434007266 ], [ -73.925894891915163, 40.799696963729147 ], [ -73.925900488480281, 40.799694442799002 ], [ -73.925906045280328, 40.799691871571873 ], [ -73.925911561532502, 40.799689250409976 ], [ -73.92591703645995, 40.799686579682508 ] ] ] } },
{ "type": "Feature", "properties": { "Street": "RFK BR MANHATTAN ET RP RANDALLS", "FeatureTyp": "0", "NonPed": "V", "TrafDir": "W", "SegmentID": "0241870", "PhysicalID": 132736.0, "StreetWidth_Min": 15.0, "StreetWidth_Max": 30.0, "Snow_Priority": "V", "Number_Travel_Lanes": " 1", "Number_Park_Lanes": "  ", "TRUCK_ROUTE_TYPE": " " }, "geometry": { "type": "MultiLineString", "coordinates": [ [ [ -73.92591703645995, 40.799686579682508 ], [ -73.926003997073408, 40.799626968989358 ] ] ] } },
{ "type": "Feature", "properties": { "Street": "RFK BR MANHATTAN ET RP RANDALLS", "FeatureTyp": "0", "NonPed": "V", "TrafDir": "W", "SegmentID": "0241871", "PhysicalID": 132732.0, "StreetWidth_Min": 15.0, "StreetWidth_Max": 30.0, "Snow_Priority": "V", "Number_Travel_Lanes": " 1", "Number_Park_Lanes": "  ", "TRUCK_ROUTE_TYPE": " " }, "geometry": { "type": "MultiLineString", "coordinates": [ [ [ -73.925180654309159, 40.799282499732868 ], [ -73.925076129403962, 40.79944608956275 ] ] ] } },
{ "type": "Feature", "properties": { "Street": "RFK BR MANHATTAN ET RP RANDALLS", "FeatureTyp": "0", "NonPed": "V", "TrafDir": "W", "SegmentID": "0241872", "PhysicalID": 132738.0, "StreetWidth_Min": 15.0, "StreetWidth_Max": 30.0, "Snow_Priority": "V", "Number_Travel_Lanes": " 1", "Number_Park_Lanes": "  ", "TRUCK_ROUTE_TYPE": " " }, "geometry": { "type": "MultiLineString", "coordinates": [ [ [ -73.925076129403962, 40.79944608956275 ], [ -73.925010204643996, 40.799551242797662 ] ] ] } },
{ "type": "Feature", "properties": { "Street": "RFK BR MANHATTAN ET RP RANDALLS", "FeatureTyp": "0", "NonPed": "V", "TrafDir": "W", "SegmentID": "0241874", "PhysicalID": 132744.0, "StreetWidth_Min": 15.0, "StreetWidth_Max": 30.0, "Snow_Priority": "V", "Number_Travel_Lanes": " 1", "Number_Park_Lanes": "  ", "TRUCK_ROUTE_TYPE": " " }, "geometry": { "type": "MultiLineString", "coordinates": [ [ [ -73.924335014845951, 40.799190096782297 ], [ -73.924915214034712, 40.799500434504274 ], [ -73.925010204643996, 40.799551242797662 ] ] ] } },
{ "type": "Feature", "properties": { "Street": "RFK BRIDGE PED AND BIKE PATH", "FeatureTyp": "0", "NonPed": "D", "TrafDir": "P", "SegmentID": "0241876", "PhysicalID": 132735.0, "StreetWidth_Min": null, "StreetWidth_Max": null, "Snow_Priority": " ", "Number_Travel_Lanes": "  ", "Number_Park_Lanes": "  ", "TRUCK_ROUTE_TYPE": " " }, "geometry": { "type": "MultiLineString", "coordinates": [ [ [ -73.92591703645995, 40.799686579682508 ], [ -73.926088160207257, 40.799731584503803 ] ] ] } },
{ "type": "Feature", "properties": { "Street": "RFK BRIDGE PED AND BIKE PATH", "FeatureTyp": "0", "NonPed": "D", "TrafDir": "P", "SegmentID": "0241877", "PhysicalID": 132737.0, "StreetWidth_Min": null, "StreetWidth_Max": null, "Snow_Priority": " ", "Number_Travel_Lanes": "  ", "Number_Park_Lanes": "  ", "TRUCK_ROUTE_TYPE": " " }, "geometry": { "type": "MultiLineString", "coordinates": [ [ [ -73.925076129403962, 40.79944608956275 ], [ -73.92591703645995, 40.799686579682508 ] ] ] } },
{ "type": "Feature", "properties": { "Street": "RFK BRIDGE PED AND BIKE PATH", "FeatureTyp": "0", "NonPed": "D", "TrafDir": "P", "SegmentID": "0241889", "PhysicalID": 132743.0, "StreetWidth_Min": null, "StreetWidth_Max": null, "Snow_Priority": " ", "Number_Travel_Lanes": "  ", "Number_Park_Lanes": "  ", "TRUCK_ROUTE_TYPE": " " }, "geometry": { "type": "MultiLineString", "coordinates": [ [ [ -73.924335014845951, 40.799190096782297 ], [ -73.925076129403962, 40.79944608956275 ] ] ] } },
{ "type": "Feature", "properties": { "Street": "FDR DRIVE ENTRANCE SOUTHBOUND", "FeatureTyp": "0", "NonPed": "V", "TrafDir": "W", "SegmentID": "0241907", "PhysicalID": 132771.0, "StreetWidth_Min": 18.0, "StreetWidth_Max": 20.0, "Snow_Priority": "C", "Number_Travel_Lanes": " 1", "Number_Park_Lanes": "  ", "TRUCK_ROUTE_TYPE": " " }, "geometry": { "type": "MultiLineString", "coordinates": [ [ [ -73.930278942095185, 40.801111021705864 ], [ -73.930254890056659, 40.801047770830742 ] ] ] } },
{ "type": "Feature", "properties": { "Street": "FDR DRIVE ENTRANCE SOUTHBOUND", "FeatureTyp": "0", "NonPed": "V", "TrafDir": "W", "SegmentID": "0241908", "PhysicalID": 132784.0, "StreetWidth_Min": 18.0, "StreetWidth_Max": 20.0, "Snow_Priority": "C", "Number_Travel_Lanes": " 1", "Number_Park_Lanes": "  ", "TRUCK_ROUTE_TYPE": " " }, "geometry": { "type": "MultiLineString", "coordinates": [ [ [ -73.930254890056659, 40.801047770830742 ], [ -73.930094291197435, 40.800631858849378 ] ] ] } },
{ "type": "Feature", "properties": { "Street": "FDR DRIVE EXIT 17 SOUTHBOUND", "FeatureTyp": "0", "NonPed": "V", "TrafDir": "A", "SegmentID": "0241909", "PhysicalID": 132772.0, "StreetWidth_Min": 18.0, "StreetWidth_Max": 20.0, "Snow_Priority": "V", "Number_Travel_Lanes": " 1", "Number_Park_Lanes": "  ", "TRUCK_ROUTE_TYPE": " " }, "geometry": { "type": "MultiLineString", "coordinates": [ [ [ -73.930094291197435, 40.800631858849378 ], [ -73.930090290041321, 40.800641445074682 ], [ -73.930086462999455, 40.800651072265545 ], [ -73.930082810798325, 40.800660738595887 ], [ -73.930079334130355, 40.800670442232139 ], [ -73.930076033655297, 40.800680181333711 ], [ -73.930072909999225, 40.800689954053247 ], [ -73.930069963754661, 40.800699758537057 ], [ -73.930058525646743, 40.800746126918369 ], [ -73.930051051526078, 40.80079295979133 ], [ -73.930047572598014, 40.800840061675267 ], [ -73.93004810339211, 40.800887235966272 ], [ -73.930052641701209, 40.800934285757698 ], [ -73.930061168590925, 40.800981014662305 ], [ -73.930073648478029, 40.801027227631664 ] ] ] } },
{ "type": "Feature", "properties": { "Street": "FDR DRIVE EXIT 17 SOUTHBOUND", "FeatureTyp": "0", "NonPed": "V", "TrafDir": "A", "SegmentID": "0241910", "PhysicalID": 132786.0, "StreetWidth_Min": 18.0, "StreetWidth_Max": 20.0, "Snow_Priority": "V", "Number_Travel_Lanes": " 1", "Number_Park_Lanes": "  ", "TRUCK_ROUTE_TYPE": " " }, "geometry": { "type": "MultiLineString", "coordinates": [ [ [ -73.930073648478029, 40.801027227631664 ], [ -73.930088085309748, 40.801067846278393 ] ] ] } },
{ "type": "Feature", "properties": { "Street": "HARLEM RIVER DRIVE", "FeatureTyp": "0", "NonPed": "V", "TrafDir": "A", "SegmentID": "0241911", "PhysicalID": 24827.0, "StreetWidth_Min": 20.0, "StreetWidth_Max": 38.0, "Snow_Priority": "C", "Number_Travel_Lanes": " 2", "Number_Park_Lanes": "  ", "TRUCK_ROUTE_TYPE": " " }, "geometry": { "type": "MultiLineString", "coordinates": [ [ [ -73.929913879459235, 40.800806770700476 ], [ -73.929972148926069, 40.801013564244492 ] ] ] } },
{ "type": "Feature", "properties": { "Street": "HARLEM RIVER DRIVE", "FeatureTyp": "0", "NonPed": "V", "TrafDir": "A", "SegmentID": "0241912", "PhysicalID": 132788.0, "StreetWidth_Min": 20.0, "StreetWidth_Max": 38.0, "Snow_Priority": "C", "Number_Travel_Lanes": " 2", "Number_Park_Lanes": "  ", "TRUCK_ROUTE_TYPE": " " }, "geometry": { "type": "MultiLineString", "coordinates": [ [ [ -73.929972148926069, 40.801013564244492 ], [ -73.929984479525174, 40.801057323239881 ] ] ] } },
{ "type": "Feature", "properties": { "Street": "HARLEM RIVER DRIVE", "FeatureTyp": "0", "NonPed": "V", "TrafDir": "A", "SegmentID": "0241913", "PhysicalID": null, "StreetWidth_Min": null, "StreetWidth_Max": null, "Snow_Priority": "C", "Number_Travel_Lanes": "  ", "Number_Park_Lanes": "  ", "TRUCK_ROUTE_TYPE": " " }, "geometry": { "type": "MultiLineString", "coordinates": [ [ [ -73.929913879459235, 40.800806770700476 ], [ -73.929927440803525, 40.801008476896371 ] ] ] } },
{ "type": "Feature", "properties": { "Street": "HARLEM RIVER DRIVE", "FeatureTyp": "0", "NonPed": "V", "TrafDir": "A", "SegmentID": "0241914", "PhysicalID": null, "StreetWidth_Min": null, "StreetWidth_Max": null, "Snow_Priority": "C", "Number_Travel_Lanes": "  ", "Number_Park_Lanes": "  ", "TRUCK_ROUTE_TYPE": " " }, "geometry": { "type": "MultiLineString", "coordinates": [ [ [ -73.929927440803525, 40.801008476896371 ], [ -73.929905534398955, 40.801045592604659 ] ] ] } },
{ "type": "Feature", "properties": { "Street": "HARLEM RIVER DRIVE", "FeatureTyp": "0", "NonPed": "V", "TrafDir": "W", "SegmentID": "0241915", "PhysicalID": 24828.0, "StreetWidth_Min": 20.0, "StreetWidth_Max": 24.0, "Snow_Priority": "C", "Number_Travel_Lanes": " 2", "Number_Park_Lanes": "  ", "TRUCK_ROUTE_TYPE": " " }, "geometry": { "type": "MultiLineString", "coordinates": [ [ [ -73.929772695665093, 40.800816871556336 ], [ -73.929830655161709, 40.800991112514609 ] ] ] } },
{ "type": "Feature", "properties": { "Street": "HARLEM RIVER DRIVE", "FeatureTyp": "0", "NonPed": "V", "TrafDir": "W", "SegmentID": "0241916", "PhysicalID": 132790.0, "StreetWidth_Min": 20.0, "StreetWidth_Max": 24.0, "Snow_Priority": "C", "Number_Travel_Lanes": " 2", "Number_Park_Lanes": "  ", "TRUCK_ROUTE_TYPE": " " }, "geometry": { "type": "MultiLineString", "coordinates": [ [ [ -73.929830655161709, 40.800991112514609 ], [ -73.929844353660741, 40.801033005943147 ] ] ] } },
{ "type": "Feature", "properties": { "Street": "HARLEM RIVER DRIVE", "FeatureTyp": "0", "NonPed": "V", "TrafDir": "W", "SegmentID": "0241917", "PhysicalID": null, "StreetWidth_Min": null, "StreetWidth_Max": null, "Snow_Priority": "C", "Number_Travel_Lanes": "  ", "Number_Park_Lanes": "  ", "TRUCK_ROUTE_TYPE": " " }, "geometry": { "type": "MultiLineString", "coordinates": [ [ [ -73.929772695665093, 40.800816871556336 ], [ -73.929867172239696, 40.800998163435722 ] ] ] } },
{ "type": "Feature", "properties": { "Street": "HARLEM RIVER DRIVE", "FeatureTyp": "0", "NonPed": "V", "TrafDir": "W", "SegmentID": "0241918", "PhysicalID": null, "StreetWidth_Min": null, "StreetWidth_Max": null, "Snow_Priority": "C", "Number_Travel_Lanes": "  ", "Number_Park_Lanes": "  ", "TRUCK_ROUTE_TYPE": " " }, "geometry": { "type": "MultiLineString", "coordinates": [ [ [ -73.929867172239696, 40.800998163435722 ], [ -73.929905534398955, 40.801045592604659 ] ] ] } },
{ "type": "Feature", "properties": { "Street": "HARLEM RIVER DRIVE EXIT 18 NB", "FeatureTyp": "0", "NonPed": "V", "TrafDir": "W", "SegmentID": "0241919", "PhysicalID": 132792.0, "StreetWidth_Min": 20.0, "StreetWidth_Max": 20.0, "Snow_Priority": "C", "Number_Travel_Lanes": " 2", "Number_Park_Lanes": "  ", "TRUCK_ROUTE_TYPE": " " }, "geometry": { "type": "MultiLineString", "coordinates": [ [ [ -73.929147542071846, 40.7994184703443 ], [ -73.929184339165559, 40.799780023607042 ], [ -73.929236481743899, 40.7999842482972 ], [ -73.929412953356646, 40.80051155339212 ], [ -73.92959149597948, 40.800941171838495 ] ] ] } },
{ "type": "Feature", "properties": { "Street": "HARLEM RIVER DRIVE EXIT 18 NB", "FeatureTyp": "0", "NonPed": "V", "TrafDir": "W", "SegmentID": "0241920", "PhysicalID": 132773.0, "StreetWidth_Min": 20.0, "StreetWidth_Max": 20.0, "Snow_Priority": "C", "Number_Travel_Lanes": " 2", "Number_Park_Lanes": "  ", "TRUCK_ROUTE_TYPE": " " }, "geometry": { "type": "MultiLineString", "coordinates": [ [ [ -73.92959149597948, 40.800941171838495 ], [ -73.929606615194942, 40.80097765136501 ] ] ] } },
{ "type": "Feature", "properties": { "Street": "RFK BRIDGE PED AND BIKE PATH", "FeatureTyp": "0", "NonPed": "D", "TrafDir": "P", "SegmentID": "0241929", "PhysicalID": 132783.0, "StreetWidth_Min": null, "StreetWidth_Max": null, "Snow_Priority": " ", "Number_Travel_Lanes": "  ", "Number_Park_Lanes": "  ", "TRUCK_ROUTE_TYPE": " " }, "geometry": { "type": "MultiLineString", "coordinates": [ [ [ -73.931052582565201, 40.801315902250465 ], [ -73.931000108683733, 40.801289943294137 ], [ -73.930946806784107, 40.801264977510876 ], [ -73.930892709412461, 40.80124102014441 ], [ -73.93083784960038, 40.80121808582259 ], [ -73.930782260844822, 40.801196188548609 ], [ -73.930725977087903, 40.801175341692627 ], [ -73.930669032695889, 40.801155557983151 ], [ -73.930611462419449, 40.801136849440965 ], [ -73.930553301427238, 40.801119227548185 ], [ -73.930494585231344, 40.801102703064402 ], [ -73.930435349682952, 40.80108728607901 ], [ -73.930375630950152, 40.801072986005281 ], [ -73.930315465496136, 40.801059811574554 ], [ -73.930254890056659, 40.801047770830742 ] ] ] } },
{ "type": "Feature", "properties": { "Street": "RFK BRIDGE PED AND BIKE PATH", "FeatureTyp": "0", "NonPed": "D", "TrafDir": "P", "SegmentID": "0241930", "PhysicalID": 132785.0, "StreetWidth_Min": null, "StreetWidth_Max": null, "Snow_Priority": " ", "Number_Travel_Lanes": "  ", "Number_Park_Lanes": "  ", "TRUCK_ROUTE_TYPE": " " }, "geometry": { "type": "MultiLineString", "coordinates": [ [ [ -73.930254890056659, 40.801047770830742 ], [ -73.930073648478029, 40.801027227631664 ] ] ] } },
{ "type": "Feature", "properties": { "Street": "RFK BRIDGE PED AND BIKE PATH", "FeatureTyp": "0", "NonPed": "D", "TrafDir": "P", "SegmentID": "0241931", "PhysicalID": 132787.0, "StreetWidth_Min": null, "StreetWidth_Max": null, "Snow_Priority": " ", "Number_Travel_Lanes": "  ", "Number_Park_Lanes": "  ", "TRUCK_ROUTE_TYPE": " " }, "geometry": { "type": "MultiLineString", "coordinates": [ [ [ -73.930073648478029, 40.801027227631664 ], [ -73.929972148926069, 40.801013564244492 ] ] ] } },
{ "type": "Feature", "properties": { "Street": "RFK BRIDGE PED AND BIKE PATH", "FeatureTyp": "0", "NonPed": "D", "TrafDir": "P", "SegmentID": "0241932", "PhysicalID": 132789.0, "StreetWidth_Min": null, "StreetWidth_Max": null, "Snow_Priority": " ", "Number_Travel_Lanes": "  ", "Number_Park_Lanes": "  ", "TRUCK_ROUTE_TYPE": " " }, "geometry": { "type": "MultiLineString", "coordinates": [ [ [ -73.929972148926069, 40.801013564244492 ], [ -73.929927440803525, 40.801008476896371 ] ] ] } },
{ "type": "Feature", "properties": { "Street": "RFK BRIDGE PED AND BIKE PATH", "FeatureTyp": "0", "NonPed": "D", "TrafDir": "P", "SegmentID": "0241933", "PhysicalID": 132789.0, "StreetWidth_Min": null, "StreetWidth_Max": null, "Snow_Priority": " ", "Number_Travel_Lanes": "  ", "Number_Park_Lanes": "  ", "TRUCK_ROUTE_TYPE": " " }, "geometry": { "type": "MultiLineString", "coordinates": [ [ [ -73.929927440803525, 40.801008476896371 ], [ -73.929895178035153, 40.801003297741126 ] ] ] } },
{ "type": "Feature", "properties": { "Street": "RFK BRIDGE PED AND BIKE PATH", "FeatureTyp": "0", "NonPed": "D", "TrafDir": "P", "SegmentID": "0241936", "PhysicalID": 132789.0, "StreetWidth_Min": null, "StreetWidth_Max": null, "Snow_Priority": " ", "Number_Travel_Lanes": "  ", "Number_Park_Lanes": "  ", "TRUCK_ROUTE_TYPE": " " }, "geometry": { "type": "MultiLineString", "coordinates": [ [ [ -73.929895178035153, 40.801003297741126 ], [ -73.929867172239696, 40.800998163435722 ] ] ] } },
{ "type": "Feature", "properties": { "Street": "RFK BRIDGE PED AND BIKE PATH", "FeatureTyp": "0", "NonPed": "D", "TrafDir": "P", "SegmentID": "0241937", "PhysicalID": 132789.0, "StreetWidth_Min": null, "StreetWidth_Max": null, "Snow_Priority": " ", "Number_Travel_Lanes": "  ", "Number_Park_Lanes": "  ", "TRUCK_ROUTE_TYPE": " " }, "geometry": { "type": "MultiLineString", "coordinates": [ [ [ -73.929867172239696, 40.800998163435722 ], [ -73.929830655161709, 40.800991112514609 ] ] ] } },
{ "type": "Feature", "properties": { "Street": "RFK BRIDGE PED AND BIKE PATH", "FeatureTyp": "0", "NonPed": "D", "TrafDir": "P", "SegmentID": "0241938", "PhysicalID": 132791.0, "StreetWidth_Min": null, "StreetWidth_Max": null, "Snow_Priority": " ", "Number_Travel_Lanes": "  ", "Number_Park_Lanes": "  ", "TRUCK_ROUTE_TYPE": " " }, "geometry": { "type": "MultiLineString", "coordinates": [ [ [ -73.929830655161709, 40.800991112514609 ], [ -73.929813334758222, 40.800988246944598 ], [ -73.929796046149008, 40.800985272571459 ], [ -73.92977879051783, 40.800982189598876 ], [ -73.929761569046008, 40.800978998237866 ], [ -73.929744382912304, 40.800975698706957 ], [ -73.929727233293562, 40.800972291232014 ], [ -73.929710121363897, 40.800968776046325 ], [ -73.929693048962051, 40.800965152926786 ], [ -73.929676016594442, 40.800961422589836 ], [ -73.929659025427014, 40.800957585290888 ], [ -73.929642076622955, 40.800953641292644 ], [ -73.929625171342664, 40.800949590865081 ], [ -73.929608310743319, 40.800945434285531 ], [ -73.92959149597948, 40.800941171838495 ] ] ] } },
{ "type": "Feature", "properties": { "Street": "RFK BRIDGE PED AND BIKE PATH", "FeatureTyp": "0", "NonPed": "D", "TrafDir": "P", "SegmentID": "0241939", "PhysicalID": 132793.0, "StreetWidth_Min": null, "StreetWidth_Max": null, "Snow_Priority": " ", "Number_Travel_Lanes": "  ", "Number_Park_Lanes": "  ", "TRUCK_ROUTE_TYPE": " " }, "geometry": { "type": "MultiLineString", "coordinates": [ [ [ -73.92959149597948, 40.800941171838495 ], [ -73.929549652165861, 40.800928222731947 ], [ -73.929508233029253, 40.800914507854735 ], [ -73.929467262833896, 40.800900035241547 ], [ -73.929426765581553, 40.800884813370921 ], [ -73.929386764996735, 40.800868851160402 ], [ -73.929347284512602, 40.800852157961209 ], [ -73.929308347258029, 40.800834743552826 ], [ -73.928999948500703, 40.800710097632809 ] ] ] } },
{ "type": "Feature", "properties": { "Street": "RFK BRIDGE PED AND BIKE PATH", "FeatureTyp": "0", "NonPed": "D", "TrafDir": "P", "SegmentID": "0241943", "PhysicalID": 132795.0, "StreetWidth_Min": null, "StreetWidth_Max": null, "Snow_Priority": " ", "Number_Travel_Lanes": "  ", "Number_Park_Lanes": "  ", "TRUCK_ROUTE_TYPE": " " }, "geometry": { "type": "MultiLineString", "coordinates": [ [ [ -73.928999948500703, 40.800710097632809 ], [ -73.926919956992634, 40.799837590359843 ] ] ] } },
{ "type": "Feature", "properties": { "Street": "RFK BRIDGE QUEENS ENTRANCE RAMP", "FeatureTyp": "0", "NonPed": "V", "TrafDir": "W", "SegmentID": "0241947", "PhysicalID": 132796.0, "StreetWidth_Min": 22.0, "StreetWidth_Max": 26.0, "Snow_Priority": "V", "Number_Travel_Lanes": " 1", "Number_Park_Lanes": "  ", "TRUCK_ROUTE_TYPE": " " }, "geometry": { "type": "MultiLineString", "coordinates": [ [ [ -73.926208974318172, 40.799596987700362 ], [ -73.926222984372558, 40.79955099063131 ], [ -73.926230873112416, 40.799523518205596 ] ] ] } },
{ "type": "Feature", "properties": { "Street": "RFK BR MANHATTAN ET RP RANDALLS", "FeatureTyp": "0", "NonPed": "V", "TrafDir": "W", "SegmentID": "0241949", "PhysicalID": 132798.0, "StreetWidth_Min": 15.0, "StreetWidth_Max": 30.0, "Snow_Priority": "V", "Number_Travel_Lanes": " 1", "Number_Park_Lanes": "  ", "TRUCK_ROUTE_TYPE": " " }, "geometry": { "type": "MultiLineString", "coordinates": [ [ [ -73.926080019939306, 40.799536959115187 ], [ -73.926108161784995, 40.799452878409625 ], [ -73.926108646890953, 40.799447640132179 ] ] ] } },
{ "type": "Feature", "properties": { "Street": "RFK BR MANHATTAN ET RP RANDALLS", "FeatureTyp": "0", "NonPed": "V", "TrafDir": "W", "SegmentID": "0241950", "PhysicalID": 132803.0, "StreetWidth_Min": 15.0, "StreetWidth_Max": 30.0, "Snow_Priority": "V", "Number_Travel_Lanes": " 1", "Number_Park_Lanes": "  ", "TRUCK_ROUTE_TYPE": " " }, "geometry": { "type": "MultiLineString", "coordinates": [ [ [ -73.926108646890953, 40.799447640132179 ], [ -73.926104927805596, 40.799365948046258 ], [ -73.926080174822232, 40.799280388874003 ], [ -73.926035830309146, 40.799200317287102 ], [ -73.925974950329476, 40.799129270710345 ] ] ] } },
{ "type": "Feature", "properties": { "Street": "RFK BRIDGE PED AND BIKE PATH", "FeatureTyp": "0", "NonPed": "D", "TrafDir": "P", "SegmentID": "0241954", "PhysicalID": 132802.0, "StreetWidth_Min": null, "StreetWidth_Max": null, "Snow_Priority": " ", "Number_Travel_Lanes": "  ", "Number_Park_Lanes": "  ", "TRUCK_ROUTE_TYPE": " " }, "geometry": { "type": "MultiLineString", "coordinates": [ [ [ -73.926230873112416, 40.799523518205596 ], [ -73.926108646890953, 40.799447640132179 ] ] ] } },
{ "type": "Feature", "properties": { "Street": "RFK BRIDGE PED AND BIKE PATH", "FeatureTyp": "0", "NonPed": "D", "TrafDir": "P", "SegmentID": "0241956", "PhysicalID": 133191.0, "StreetWidth_Min": null, "StreetWidth_Max": null, "Snow_Priority": " ", "Number_Travel_Lanes": "  ", "Number_Park_Lanes": "  ", "TRUCK_ROUTE_TYPE": " " }, "geometry": { "type": "MultiLineString", "coordinates": [ [ [ -73.924626558045844, 40.798492697722246 ], [ -73.924534617817443, 40.798442620395015 ], [ -73.924441755182571, 40.798393535894427 ], [ -73.924347988704881, 40.798345454031853 ], [ -73.924253337129102, 40.798298384418139 ], [ -73.924157819376177, 40.798252336461715 ], [ -73.924061454540592, 40.798207319366938 ], [ -73.923964261885558, 40.798163342131929 ], [ -73.924103419362467, 40.797993325423022 ] ] ] } },
{ "type": "Feature", "properties": { "Street": "RFK BRDG BRONX PED AND BIKE PATH", "FeatureTyp": "0", "NonPed": "D", "TrafDir": "P", "SegmentID": "0241969", "PhysicalID": 132823.0, "StreetWidth_Min": null, "StreetWidth_Max": null, "Snow_Priority": " ", "Number_Travel_Lanes": "  ", "Number_Park_Lanes": "  ", "TRUCK_ROUTE_TYPE": " " }, "geometry": { "type": "MultiLineString", "coordinates": [ [ [ -73.918910761035804, 40.798740137953594 ], [ -73.918803940724146, 40.798879729654665 ] ] ] } },
{ "type": "Feature", "properties": { "Street": "RFK BRDG BRONX PED AND BIKE PATH", "FeatureTyp": "0", "NonPed": "D", "TrafDir": "P", "SegmentID": "0241993", "PhysicalID": 132831.0, "StreetWidth_Min": null, "StreetWidth_Max": null, "Snow_Priority": " ", "Number_Travel_Lanes": "  ", "Number_Park_Lanes": "  ", "TRUCK_ROUTE_TYPE": " " }, "geometry": { "type": "MultiLineString", "coordinates": [ [ [ -73.919237857704331, 40.798881067604796 ], [ -73.91912380277445, 40.799032454941738 ] ] ] } },
{ "type": "Feature", "properties": { "Street": "RFK BRIDGE PED AND BIKE PATH", "FeatureTyp": "0", "NonPed": "D", "TrafDir": "P", "SegmentID": "0242393", "PhysicalID": 133172.0, "StreetWidth_Min": null, "StreetWidth_Max": null, "Snow_Priority": " ", "Number_Travel_Lanes": "  ", "Number_Park_Lanes": "  ", "TRUCK_ROUTE_TYPE": " " }, "geometry": { "type": "MultiLineString", "coordinates": [ [ [ -73.926177100584425, 40.799766240992135 ], [ -73.926806077243015, 40.800035899913809 ] ] ] } },
{ "type": "Feature", "properties": { "Street": "RFK BRIDGE PED AND BIKE PATH", "FeatureTyp": "0", "NonPed": "D", "TrafDir": "P", "SegmentID": "0242394", "PhysicalID": 133165.0, "StreetWidth_Min": null, "StreetWidth_Max": null, "Snow_Priority": " ", "Number_Travel_Lanes": "  ", "Number_Park_Lanes": "  ", "TRUCK_ROUTE_TYPE": " " }, "geometry": { "type": "MultiLineString", "coordinates": [ [ [ -73.926088160207257, 40.799731584503803 ], [ -73.926177100584425, 40.799766240992135 ] ] ] } },
{ "type": "Feature", "properties": { "Street": "ROBERT F KENNEDY BRIDGE", "FeatureTyp": "0", "NonPed": "V", "TrafDir": "A", "SegmentID": "0242395", "PhysicalID": 133166.0, "StreetWidth_Min": 32.0, "StreetWidth_Max": 130.0, "Snow_Priority": "V", "Number_Travel_Lanes": " 3", "Number_Park_Lanes": "  ", "TRUCK_ROUTE_TYPE": "2" }, "geometry": { "type": "MultiLineString", "coordinates": [ [ [ -73.926854102539238, 40.799987558409484 ], [ -73.926227741581144, 40.799716511765801 ] ] ] } },
{ "type": "Feature", "properties": { "Street": "ROBERT F KENNEDY BRIDGE", "FeatureTyp": "0", "NonPed": "V", "TrafDir": "A", "SegmentID": "0242396", "PhysicalID": 133174.0, "StreetWidth_Min": 32.0, "StreetWidth_Max": 130.0, "Snow_Priority": "V", "Number_Travel_Lanes": " 3", "Number_Park_Lanes": "  ", "TRUCK_ROUTE_TYPE": "2" }, "geometry": { "type": "MultiLineString", "coordinates": [ [ [ -73.926227741581144, 40.799716511765801 ], [ -73.926147971590126, 40.799681991566452 ] ] ] } },
{ "type": "Feature", "properties": { "Street": "ROBERT F KENNEDY BRIDGE", "FeatureTyp": "0", "NonPed": "V", "TrafDir": "T", "SegmentID": "0242397", "PhysicalID": null, "StreetWidth_Min": null, "StreetWidth_Max": null, "Snow_Priority": "V", "Number_Travel_Lanes": "  ", "Number_Park_Lanes": "  ", "TRUCK_ROUTE_TYPE": " " }, "geometry": { "type": "MultiLineString", "coordinates": [ [ [ -73.926882617640473, 40.799940768457077 ], [ -73.92626394509162, 40.799676012860949 ] ] ] } },
{ "type": "Feature", "properties": { "Street": "ROBERT F KENNEDY BRIDGE", "FeatureTyp": "0", "NonPed": "V", "TrafDir": "T", "SegmentID": "0242398", "PhysicalID": null, "StreetWidth_Min": null, "StreetWidth_Max": null, "Snow_Priority": "V", "Number_Travel_Lanes": "  ", "Number_Park_Lanes": "  ", "TRUCK_ROUTE_TYPE": " " }, "geometry": { "type": "MultiLineString", "coordinates": [ [ [ -73.92626394509162, 40.799676012860949 ], [ -73.926180391642049, 40.799640256233786 ] ] ] } },
{ "type": "Feature", "properties": { "Street": "ROBERT F KENNEDY BRIDGE", "FeatureTyp": "0", "NonPed": "V", "TrafDir": "W", "SegmentID": "0242399", "PhysicalID": 133167.0, "StreetWidth_Min": 32.0, "StreetWidth_Max": 130.0, "Snow_Priority": "V", "Number_Travel_Lanes": " 3", "Number_Park_Lanes": "  ", "TRUCK_ROUTE_TYPE": "2" }, "geometry": { "type": "MultiLineString", "coordinates": [ [ [ -73.926901054317653, 40.799888236448311 ], [ -73.926292677486487, 40.799632213023457 ] ] ] } },
{ "type": "Feature", "properties": { "Street": "ROBERT F KENNEDY BRIDGE", "FeatureTyp": "0", "NonPed": "V", "TrafDir": "W", "SegmentID": "0242400", "PhysicalID": 133176.0, "StreetWidth_Min": 32.0, "StreetWidth_Max": 130.0, "Snow_Priority": "V", "Number_Travel_Lanes": " 3", "Number_Park_Lanes": "  ", "TRUCK_ROUTE_TYPE": "2" }, "geometry": { "type": "MultiLineString", "coordinates": [ [ [ -73.926292677486487, 40.799632213023457 ], [ -73.926208974318172, 40.799596987700362 ] ] ] } },
{ "type": "Feature", "properties": { "Street": "RFK BRIDGE PED AND BIKE PATH", "FeatureTyp": "0", "NonPed": "D", "TrafDir": "P", "SegmentID": "0242401", "PhysicalID": 133168.0, "StreetWidth_Min": null, "StreetWidth_Max": null, "Snow_Priority": " ", "Number_Travel_Lanes": "  ", "Number_Park_Lanes": "  ", "TRUCK_ROUTE_TYPE": " " }, "geometry": { "type": "MultiLineString", "coordinates": [ [ [ -73.926919956992634, 40.799837590359843 ], [ -73.926332483027124, 40.799569830485858 ] ] ] } },
{ "type": "Feature", "properties": { "Street": "RFK BRIDGE PED AND BIKE PATH", "FeatureTyp": "0", "NonPed": "D", "TrafDir": "P", "SegmentID": "0242402", "PhysicalID": 133178.0, "StreetWidth_Min": null, "StreetWidth_Max": null, "Snow_Priority": " ", "Number_Travel_Lanes": "  ", "Number_Park_Lanes": "  ", "TRUCK_ROUTE_TYPE": " " }, "geometry": { "type": "MultiLineString", "coordinates": [ [ [ -73.926332483027124, 40.799569830485858 ], [ -73.926230873112416, 40.799523518205596 ] ] ] } },
{ "type": "Feature", "properties": { "Street": "BRONX SHORE ROAD", "FeatureTyp": "0", "NonPed": "D", "TrafDir": "T", "SegmentID": "0242405", "PhysicalID": 137477.0, "StreetWidth_Min": 14.0, "StreetWidth_Max": 22.0, "Snow_Priority": "V", "Number_Travel_Lanes": " 1", "Number_Park_Lanes": "  ", "TRUCK_ROUTE_TYPE": " " }, "geometry": { "type": "MultiLineString", "coordinates": [ [ [ -73.925757322221486, 40.800029396395935 ], [ -73.925790925466416, 40.800014278202191 ], [ -73.925824044083001, 40.799998554578146 ], [ -73.925856659185769, 40.79998223449023 ], [ -73.925888752176292, 40.79996532724482 ], [ -73.925920304754285, 40.799947842483228 ], [ -73.925951298927274, 40.799929790176037 ], [ -73.925981717021642, 40.799911180617507 ], [ -73.926011541723156, 40.799892024484237 ], [ -73.926040755995885, 40.799872332634749 ], [ -73.926069343181183, 40.799852116298148 ], [ -73.926097286977893, 40.799831387002691 ], [ -73.926124571451865, 40.799810156569052 ], [ -73.926151181045142, 40.799788437103778 ], [ -73.926177100584425, 40.799766240992135 ] ] ] } },
{ "type": "Feature", "properties": { "Street": "BRONX SHORE ROAD", "FeatureTyp": "0", "NonPed": "D", "TrafDir": "T", "SegmentID": "0242405", "PhysicalID": 137477.0, "StreetWidth_Min": 14.0, "StreetWidth_Max": 22.0, "Snow_Priority": "V", "Number_Travel_Lanes": " 1", "Number_Park_Lanes": "  ", "TRUCK_ROUTE_TYPE": " " }, "geometry": { "type": "MultiLineString", "coordinates": [ [ [ -73.925757322221486, 40.800029396395935 ], [ -73.925790925466416, 40.800014278202191 ], [ -73.925824044083001, 40.799998554578146 ], [ -73.925856659185769, 40.79998223449023 ], [ -73.925888752176292, 40.79996532724482 ], [ -73.925920304754285, 40.799947842483228 ], [ -73.925951298927274, 40.799929790176037 ], [ -73.925981717021642, 40.799911180617507 ], [ -73.926011541723156, 40.799892024484237 ], [ -73.926040755995885, 40.799872332634749 ], [ -73.926069343181183, 40.799852116298148 ], [ -73.926097286977893, 40.799831387002691 ], [ -73.926124571451865, 40.799810156569052 ], [ -73.926151181045142, 40.799788437103778 ], [ -73.926177100584425, 40.799766240992135 ] ] ] } },
{ "type": "Feature", "properties": { "Street": "BRONX SHORE ROAD", "FeatureTyp": "0", "NonPed": "D", "TrafDir": "T", "SegmentID": "0242406", "PhysicalID": 133173.0, "StreetWidth_Min": 14.0, "StreetWidth_Max": 22.0, "Snow_Priority": "V", "Number_Travel_Lanes": " 1", "Number_Park_Lanes": "  ", "TRUCK_ROUTE_TYPE": " " }, "geometry": { "type": "MultiLineString", "coordinates": [ [ [ -73.926177100584425, 40.799766240992135 ], [ -73.926227741581144, 40.799716511765801 ] ] ] } },
{ "type": "Feature", "properties": { "Street": "BRONX SHORE ROAD", "FeatureTyp": "0", "NonPed": "D", "TrafDir": "T", "SegmentID": "0242407", "PhysicalID": 133175.0, "StreetWidth_Min": 14.0, "StreetWidth_Max": 22.0, "Snow_Priority": "V", "Number_Travel_Lanes": " 1", "Number_Park_Lanes": "  ", "TRUCK_ROUTE_TYPE": " " }, "geometry": { "type": "MultiLineString", "coordinates": [ [ [ -73.926227741581144, 40.799716511765801 ], [ -73.92626394509162, 40.799676012860949 ] ] ] } },
{ "type": "Feature", "properties": { "Street": "BRONX SHORE ROAD", "FeatureTyp": "0", "NonPed": "D", "TrafDir": "T", "SegmentID": "0242408", "PhysicalID": 133175.0, "StreetWidth_Min": 14.0, "StreetWidth_Max": 22.0, "Snow_Priority": "V", "Number_Travel_Lanes": " 1", "Number_Park_Lanes": "  ", "TRUCK_ROUTE_TYPE": " " }, "geometry": { "type": "MultiLineString", "coordinates": [ [ [ -73.92626394509162, 40.799676012860949 ], [ -73.926292677486487, 40.799632213023457 ] ] ] } },
{ "type": "Feature", "properties": { "Street": "BRONX SHORE ROAD", "FeatureTyp": "0", "NonPed": "D", "TrafDir": "T", "SegmentID": "0242409", "PhysicalID": 133177.0, "StreetWidth_Min": 14.0, "StreetWidth_Max": 22.0, "Snow_Priority": "V", "Number_Travel_Lanes": " 1", "Number_Park_Lanes": "  ", "TRUCK_ROUTE_TYPE": " " }, "geometry": { "type": "MultiLineString", "coordinates": [ [ [ -73.926292677486487, 40.799632213023457 ], [ -73.926332483027124, 40.799569830485858 ] ] ] } },
{ "type": "Feature", "properties": { "Street": "RFK BR MANHATTAN ET RP RANDALLS", "FeatureTyp": "0", "NonPed": "V", "TrafDir": "W", "SegmentID": "0242411", "PhysicalID": 137231.0, "StreetWidth_Min": 15.0, "StreetWidth_Max": 30.0, "Snow_Priority": "V", "Number_Travel_Lanes": " 1", "Number_Park_Lanes": "  ", "TRUCK_ROUTE_TYPE": " " }, "geometry": { "type": "MultiLineString", "coordinates": [ [ [ -73.923863391706092, 40.798893987667938 ], [ -73.924238574820848, 40.799134790287653 ] ] ] } },
{ "type": "Feature", "properties": { "Street": "RFK BR MANHATTAN ET RP RANDALLS", "FeatureTyp": "0", "NonPed": "V", "TrafDir": "W", "SegmentID": "0242412", "PhysicalID": 133185.0, "StreetWidth_Min": 15.0, "StreetWidth_Max": 30.0, "Snow_Priority": "V", "Number_Travel_Lanes": " 1", "Number_Park_Lanes": "  ", "TRUCK_ROUTE_TYPE": " " }, "geometry": { "type": "MultiLineString", "coordinates": [ [ [ -73.924238574820848, 40.799134790287653 ], [ -73.924335014845951, 40.799190096782297 ] ] ] } },
{ "type": "Feature", "properties": { "Street": "RFK BRIDGE PED AND BIKE PATH", "FeatureTyp": "0", "NonPed": "D", "TrafDir": "P", "SegmentID": "0242413", "PhysicalID": 133180.0, "StreetWidth_Min": null, "StreetWidth_Max": null, "Snow_Priority": " ", "Number_Travel_Lanes": "  ", "Number_Park_Lanes": "  ", "TRUCK_ROUTE_TYPE": " " }, "geometry": { "type": "MultiLineString", "coordinates": [ [ [ -73.924218652283386, 40.799161189988411 ], [ -73.924335014845951, 40.799190096782297 ] ] ] } },
{ "type": "Feature", "properties": { "Street": "RANDALLS ISLAND GREENWAY", "FeatureTyp": "0", "NonPed": "D", "TrafDir": "P", "SegmentID": "0242415", "PhysicalID": 133181.0, "StreetWidth_Min": null, "StreetWidth_Max": null, "Snow_Priority": " ", "Number_Travel_Lanes": "  ", "Number_Park_Lanes": "  ", "TRUCK_ROUTE_TYPE": " " }, "geometry": { "type": "MultiLineString", "coordinates": [ [ [ -73.924134274716451, 40.799281846270368 ], [ -73.924218652283386, 40.799161189988411 ] ] ] } },
{ "type": "Feature", "properties": { "Street": "RANDALLS ISLAND GREENWAY", "FeatureTyp": "0", "NonPed": "D", "TrafDir": "P", "SegmentID": "0242416", "PhysicalID": 133184.0, "StreetWidth_Min": null, "StreetWidth_Max": null, "Snow_Priority": " ", "Number_Travel_Lanes": "  ", "Number_Park_Lanes": "  ", "TRUCK_ROUTE_TYPE": " " }, "geometry": { "type": "MultiLineString", "coordinates": [ [ [ -73.924218652283386, 40.799161189988411 ], [ -73.924238574820848, 40.799134790287653 ] ] ] } },
{ "type": "Feature", "properties": { "Street": "RANDALLS ISLAND GREENWAY", "FeatureTyp": "0", "NonPed": "D", "TrafDir": "P", "SegmentID": "0242417", "PhysicalID": 133186.0, "StreetWidth_Min": null, "StreetWidth_Max": null, "Snow_Priority": " ", "Number_Travel_Lanes": "  ", "Number_Park_Lanes": "  ", "TRUCK_ROUTE_TYPE": " " }, "geometry": { "type": "MultiLineString", "coordinates": [ [ [ -73.924238574820848, 40.799134790287653 ], [ -73.924444463552376, 40.79897032899607 ] ] ] } },
{ "type": "Feature", "properties": { "Street": "RANDALLS ISLAND GREENWAY", "FeatureTyp": "0", "NonPed": "D", "TrafDir": "P", "SegmentID": "0242418", "PhysicalID": 133188.0, "StreetWidth_Min": null, "StreetWidth_Max": null, "Snow_Priority": " ", "Number_Travel_Lanes": "  ", "Number_Park_Lanes": "  ", "TRUCK_ROUTE_TYPE": " " }, "geometry": { "type": "MultiLineString", "coordinates": [ [ [ -73.924444463552376, 40.79897032899607 ], [ -73.924510445829057, 40.798889265497401 ] ] ] } },
{ "type": "Feature", "properties": { "Street": "RANDALLS ISLAND GREENWAY", "FeatureTyp": "0", "NonPed": "D", "TrafDir": "P", "SegmentID": "0242419", "PhysicalID": 133188.0, "StreetWidth_Min": null, "StreetWidth_Max": null, "Snow_Priority": " ", "Number_Travel_Lanes": "  ", "Number_Park_Lanes": "  ", "TRUCK_ROUTE_TYPE": " " }, "geometry": { "type": "MultiLineString", "coordinates": [ [ [ -73.924510445829057, 40.798889265497401 ], [ -73.924572299826451, 40.798817609011749 ] ] ] } },
{ "type": "Feature", "properties": { "Street": "RANDALLS ISLAND GREENWAY", "FeatureTyp": "0", "NonPed": "D", "TrafDir": "P", "SegmentID": "0242420", "PhysicalID": 133190.0, "StreetWidth_Min": null, "StreetWidth_Max": null, "Snow_Priority": " ", "Number_Travel_Lanes": "  ", "Number_Park_Lanes": "  ", "TRUCK_ROUTE_TYPE": " " }, "geometry": { "type": "MultiLineString", "coordinates": [ [ [ -73.924572299826451, 40.798817609011749 ], [ -73.924629614604342, 40.798651327474111 ], [ -73.924626558045844, 40.798492697722246 ] ] ] } },
{ "type": "Feature", "properties": { "Street": "RFK BRIDGE QUEENS ENTRANCE RAMP", "FeatureTyp": "0", "NonPed": "V", "TrafDir": "W", "SegmentID": "0242421", "PhysicalID": 133192.0, "StreetWidth_Min": 22.0, "StreetWidth_Max": 26.0, "Snow_Priority": "V", "Number_Travel_Lanes": " 1", "Number_Park_Lanes": "  ", "TRUCK_ROUTE_TYPE": " " }, "geometry": { "type": "MultiLineString", "coordinates": [ [ [ -73.926230873112416, 40.799523518205596 ], [ -73.92624194677343, 40.799484959389424 ], [ -73.926249027725433, 40.79941395093747 ], [ -73.926246043023184, 40.799348968957254 ], [ -73.926219990681986, 40.799237020341515 ], [ -73.926183984163885, 40.79914696525752 ], [ -73.926136945165908, 40.799078965219373 ], [ -73.926082947388338, 40.799023964124778 ], [ -73.926029037336491, 40.798985982298618 ], [ -73.925506026966673, 40.798676999385847 ], [ -73.925242968658935, 40.798524014391127 ], [ -73.924999982960827, 40.798405008970214 ], [ -73.924825976663428, 40.798316007030309 ], [ -73.924685966692522, 40.798251561076924 ] ] ] } },
{ "type": "Feature", "properties": { "Street": "RANDALLS ISLAND GREENWAY", "FeatureTyp": "0", "NonPed": "D", "TrafDir": "P", "SegmentID": "0242425", "PhysicalID": 133196.0, "StreetWidth_Min": null, "StreetWidth_Max": null, "Snow_Priority": " ", "Number_Travel_Lanes": "  ", "Number_Park_Lanes": "  ", "TRUCK_ROUTE_TYPE": " " }, "geometry": { "type": "MultiLineString", "coordinates": [ [ [ -73.924626558045844, 40.798492697722246 ], [ -73.924685966692522, 40.798251561076924 ] ] ] } },
{ "type": "Feature", "properties": { "Street": "BRONX SHORE ROAD", "FeatureTyp": "0", "NonPed": "D", "TrafDir": "T", "SegmentID": "0242430", "PhysicalID": 133202.0, "StreetWidth_Min": 20.0, "StreetWidth_Max": 28.0, "Snow_Priority": "V", "Number_Travel_Lanes": " 1", "Number_Park_Lanes": "  ", "TRUCK_ROUTE_TYPE": " " }, "geometry": { "type": "MultiLineString", "coordinates": [ [ [ -73.92589791451671, 40.798805408299607 ], [ -73.924731742253741, 40.798193506749932 ] ] ] } },
{ "type": "Feature", "properties": { "Street": "BRONX SHORE ROAD", "FeatureTyp": "0", "NonPed": "D", "TrafDir": "T", "SegmentID": "0242431", "PhysicalID": 133200.0, "StreetWidth_Min": 18.0, "StreetWidth_Max": 22.0, "Snow_Priority": "V", "Number_Travel_Lanes": " 1", "Number_Park_Lanes": "  ", "TRUCK_ROUTE_TYPE": " " }, "geometry": { "type": "MultiLineString", "coordinates": [ [ [ -73.926332483027124, 40.799569830485858 ], [ -73.926335944568422, 40.799558296973657 ], [ -73.926339165984416, 40.799546723356322 ], [ -73.926342146471541, 40.799535112520729 ], [ -73.926344885286554, 40.799523467362995 ], [ -73.926347381746425, 40.799511790787797 ], [ -73.926349635228561, 40.799500085707727 ], [ -73.926351645171152, 40.799488355042371 ], [ -73.926353411139942, 40.79947660161713 ], [ -73.926354932623227, 40.799464828463329 ], [ -73.926356209241447, 40.799453038517647 ], [ -73.926357240676424, 40.799441234720987 ], [ -73.92635802667094, 40.799429420017624 ], [ -73.926358567029027, 40.799417597354569 ], [ -73.926358861616208, 40.799405769680838 ] ] ] } },
{ "type": "Feature", "properties": { "Street": "RFK BRIDGE PED AND BIKE PATH", "FeatureTyp": "0", "NonPed": "D", "TrafDir": "P", "SegmentID": "0244610", "PhysicalID": 134777.0, "StreetWidth_Min": null, "StreetWidth_Max": null, "Snow_Priority": " ", "Number_Travel_Lanes": "  ", "Number_Park_Lanes": "  ", "TRUCK_ROUTE_TYPE": " " }, "geometry": { "type": "MultiLineString", "coordinates": [ [ [ -73.926108646890953, 40.799447640132179 ], [ -73.925488907468051, 40.799041885436431 ] ] ] } },
{ "type": "Feature", "properties": { "Street": "RFK BRIDGE PED AND BIKE PATH", "FeatureTyp": "0", "NonPed": "D", "TrafDir": "P", "SegmentID": "0244611", "PhysicalID": 134778.0, "StreetWidth_Min": null, "StreetWidth_Max": null, "Snow_Priority": " ", "Number_Travel_Lanes": "  ", "Number_Park_Lanes": "  ", "TRUCK_ROUTE_TYPE": " " }, "geometry": { "type": "MultiLineString", "coordinates": [ [ [ -73.925488907468051, 40.799041885436431 ], [ -73.924626558045844, 40.798492697722246 ] ] ] } },
{ "type": "Feature", "properties": { "Street": "HARLEM RIVER PATHWAY", "FeatureTyp": "0", "NonPed": "D", "TrafDir": "P", "SegmentID": "0245127", "PhysicalID": 137252.0, "StreetWidth_Min": 30.0, "StreetWidth_Max": 30.0, "Snow_Priority": " ", "Number_Travel_Lanes": " 1", "Number_Park_Lanes": "  ", "TRUCK_ROUTE_TYPE": " " }, "geometry": { "type": "MultiLineString", "coordinates": [ [ [ -73.926358861616208, 40.799405769680838 ], [ -73.926387078900589, 40.799366980413659 ], [ -73.92641421203119, 40.799327746999026 ], [ -73.926440248909714, 40.799288086933153 ], [ -73.926465177926985, 40.799248017902443 ], [ -73.926488987968099, 40.799207557775652 ], [ -73.926511668416907, 40.799166724595899 ], [ -73.926533209161192, 40.799125536572689 ], [ -73.926553600714669, 40.799084012105851 ], [ -73.926572833869983, 40.799042169679176 ], [ -73.926590900052389, 40.799000027952069 ], [ -73.926607791207502, 40.798957605717391 ], [ -73.926623499805132, 40.79891492189298 ], [ -73.926638018842453, 40.798871995513444 ], [ -73.926651341847062, 40.798828845721431 ] ] ] } },
{ "type": "Feature", "properties": { "Street": "RANDALLS ISLAND GREENWAY", "FeatureTyp": "0", "NonPed": "D", "TrafDir": "P", "SegmentID": "0245129", "PhysicalID": 134995.0, "StreetWidth_Min": 20.0, "StreetWidth_Max": 20.0, "Snow_Priority": " ", "Number_Travel_Lanes": " 1", "Number_Park_Lanes": "  ", "TRUCK_ROUTE_TYPE": " " }, "geometry": { "type": "MultiLineString", "coordinates": [ [ [ -73.92589791451671, 40.798805408299607 ], [ -73.926272179511614, 40.798540734495283 ], [ -73.926314438575403, 40.798493368464932 ], [ -73.926352827638368, 40.798444136535338 ], [ -73.926387204508671, 40.798393221071301 ], [ -73.926417441857097, 40.798340810673203 ], [ -73.926443427689051, 40.798287099478571 ], [ -73.926465065758961, 40.798232286442826 ], [ -73.926482275926702, 40.798176574602287 ], [ -73.92649499445443, 40.79812017032215 ], [ -73.926503174242328, 40.798063282531949 ], [ -73.9265067850029, 40.798006121951609 ], [ -73.926505813373439, 40.797948900311077 ] ] ] } },
{ "type": "Feature", "properties": { "Street": "RFK BRIDGE PED AND BIKE PATH", "FeatureTyp": "0", "NonPed": "D", "TrafDir": "P", "SegmentID": "0246949", "PhysicalID": 137234.0, "StreetWidth_Min": null, "StreetWidth_Max": null, "Snow_Priority": " ", "Number_Travel_Lanes": "  ", "Number_Park_Lanes": "  ", "TRUCK_ROUTE_TYPE": " " }, "geometry": { "type": "MultiLineString", "coordinates": [ [ [ -73.924049449368383, 40.799125483066184 ], [ -73.924218652283386, 40.799161189988411 ] ] ] } },
{ "type": "Feature", "properties": { "Street": "RFK BRIDGE PED AND BIKE PATH", "FeatureTyp": "0", "NonPed": "D", "TrafDir": "P", "SegmentID": "0246950", "PhysicalID": 176982.0, "StreetWidth_Min": null, "StreetWidth_Max": null, "Snow_Priority": " ", "Number_Travel_Lanes": "  ", "Number_Park_Lanes": "  ", "TRUCK_ROUTE_TYPE": " " }, "geometry": { "type": "MultiLineString", "coordinates": [ [ [ -73.924134274716451, 40.799281846270368 ], [ -73.924083326939936, 40.799170359735591 ], [ -73.923638142490276, 40.7989840793064 ], [ -73.923661686628463, 40.798949300800423 ], [ -73.924049449368383, 40.799125483066184 ] ] ] } },
{ "type": "Feature", "properties": { "Street": "RANDALLS ISLAND GREENWAY", "FeatureTyp": "0", "NonPed": "D", "TrafDir": "P", "SegmentID": "0247293", "PhysicalID": 207005.0, "StreetWidth_Min": null, "StreetWidth_Max": null, "Snow_Priority": " ", "Number_Travel_Lanes": "  ", "Number_Park_Lanes": "  ", "TRUCK_ROUTE_TYPE": " " }, "geometry": { "type": "MultiLineString", "coordinates": [ [ [ -73.919992224564822, 40.798069314489879 ], [ -73.920536227077235, 40.798407263916161 ], [ -73.920703452835028, 40.798521174711794 ] ] ] } },
{ "type": "Feature", "properties": { "Street": "RANDALLS ISLAND GREENWAY", "FeatureTyp": "0", "NonPed": "D", "TrafDir": "P", "SegmentID": "0247295", "PhysicalID": 207005.0, "StreetWidth_Min": 13.0, "StreetWidth_Max": 13.0, "Snow_Priority": " ", "Number_Travel_Lanes": " 1", "Number_Park_Lanes": "  ", "TRUCK_ROUTE_TYPE": " " }, "geometry": { "type": "MultiLineString", "coordinates": [ [ [ -73.920703452835028, 40.798521174711794 ], [ -73.920928302338424, 40.798688131007189 ], [ -73.921236399731555, 40.798987283243484 ], [ -73.92127996815276, 40.799031191585037 ], [ -73.921324639011857, 40.799074455499756 ], [ -73.92137039580949, 40.799117059005631 ], [ -73.921417221644461, 40.799158986364489 ], [ -73.921465099220981, 40.799200222087919 ], [ -73.921514010854466, 40.799240750943021 ], [ -73.921563938478087, 40.799280557957928 ] ] ] } },
{ "type": "Feature", "properties": { "Street": "BRONX SHORE ROAD", "FeatureTyp": "0", "NonPed": " ", "TrafDir": "T", "SegmentID": "0247301", "PhysicalID": null, "StreetWidth_Min": null, "StreetWidth_Max": null, "Snow_Priority": "V", "Number_Travel_Lanes": "  ", "Number_Park_Lanes": "  ", "TRUCK_ROUTE_TYPE": " " }, "geometry": { "type": "MultiLineString", "coordinates": [ [ [ -73.92123106350536, 40.798775863852114 ], [ -73.921717528821844, 40.799228292397807 ] ] ] } },
{ "type": "Feature", "properties": { "Street": "BRONX SHORE ROAD", "FeatureTyp": "0", "NonPed": "D", "TrafDir": "W", "SegmentID": "0247304", "PhysicalID": 137259.0, "StreetWidth_Min": 24.0, "StreetWidth_Max": 24.0, "Snow_Priority": "V", "Number_Travel_Lanes": " 2", "Number_Park_Lanes": "  ", "TRUCK_ROUTE_TYPE": " " }, "geometry": { "type": "MultiLineString", "coordinates": [ [ [ -73.921201333806195, 40.7988059430511 ], [ -73.921699233474385, 40.799260522022848 ] ] ] } },
{ "type": "Feature", "properties": { "Street": "BRONX SHORE ROAD", "FeatureTyp": "0", "NonPed": "D", "TrafDir": "A", "SegmentID": "0247306", "PhysicalID": 137260.0, "StreetWidth_Min": 24.0, "StreetWidth_Max": 25.0, "Snow_Priority": "V", "Number_Travel_Lanes": " 2", "Number_Park_Lanes": "  ", "TRUCK_ROUTE_TYPE": " " }, "geometry": { "type": "MultiLineString", "coordinates": [ [ [ -73.92127005656252, 40.798735849290658 ], [ -73.921746539835269, 40.799186134676432 ] ] ] } },
{ "type": "Feature", "properties": { "Street": "BRONX SHORE ROAD", "FeatureTyp": "0", "NonPed": "D", "TrafDir": "T", "SegmentID": "0247550", "PhysicalID": 137477.0, "StreetWidth_Min": 14.0, "StreetWidth_Max": 22.0, "Snow_Priority": "V", "Number_Travel_Lanes": " 1", "Number_Park_Lanes": "  ", "TRUCK_ROUTE_TYPE": " " }, "geometry": { "type": "MultiLineString", "coordinates": [ [ [ -73.925608965106036, 40.800131671144477 ], [ -73.925757322221486, 40.800029396395935 ] ] ] } },
{ "type": "Feature", "properties": { "Street": "BRONX SHORE ROAD", "FeatureTyp": "0", "NonPed": "D", "TrafDir": "T", "SegmentID": "0247550", "PhysicalID": 137477.0, "StreetWidth_Min": 14.0, "StreetWidth_Max": 22.0, "Snow_Priority": "V", "Number_Travel_Lanes": " 1", "Number_Park_Lanes": "  ", "TRUCK_ROUTE_TYPE": " " }, "geometry": { "type": "MultiLineString", "coordinates": [ [ [ -73.925608965106036, 40.800131671144477 ], [ -73.925757322221486, 40.800029396395935 ] ] ] } },
{ "type": "Feature", "properties": { "Street": "BRONX SHORE ROAD", "FeatureTyp": "0", "NonPed": "D", "TrafDir": "T", "SegmentID": "0247550", "PhysicalID": 137477.0, "StreetWidth_Min": 14.0, "StreetWidth_Max": 22.0, "Snow_Priority": "V", "Number_Travel_Lanes": " 1", "Number_Park_Lanes": "  ", "TRUCK_ROUTE_TYPE": " " }, "geometry": { "type": "MultiLineString", "coordinates": [ [ [ -73.925608965106036, 40.800131671144477 ], [ -73.925757322221486, 40.800029396395935 ] ] ] } },
{ "type": "Feature", "properties": { "Street": "BRONX SHORE ROAD", "FeatureTyp": "0", "NonPed": "D", "TrafDir": "T", "SegmentID": "0247550", "PhysicalID": 137477.0, "StreetWidth_Min": 14.0, "StreetWidth_Max": 22.0, "Snow_Priority": "V", "Number_Travel_Lanes": " 1", "Number_Park_Lanes": "  ", "TRUCK_ROUTE_TYPE": " " }, "geometry": { "type": "MultiLineString", "coordinates": [ [ [ -73.925608965106036, 40.800131671144477 ], [ -73.925757322221486, 40.800029396395935 ] ] ] } },
{ "type": "Feature", "properties": { "Street": "BRONX SHORE ROAD", "FeatureTyp": "0", "NonPed": "D", "TrafDir": "T", "SegmentID": "0247550", "PhysicalID": 137477.0, "StreetWidth_Min": 14.0, "StreetWidth_Max": 22.0, "Snow_Priority": "V", "Number_Travel_Lanes": " 1", "Number_Park_Lanes": "  ", "TRUCK_ROUTE_TYPE": " " }, "geometry": { "type": "MultiLineString", "coordinates": [ [ [ -73.925608965106036, 40.800131671144477 ], [ -73.925757322221486, 40.800029396395935 ] ] ] } },
{ "type": "Feature", "properties": { "Street": "BRONX SHORE ROAD", "FeatureTyp": "0", "NonPed": "D", "TrafDir": "T", "SegmentID": "0247551", "PhysicalID": 137183.0, "StreetWidth_Min": 40.0, "StreetWidth_Max": 40.0, "Snow_Priority": "V", "Number_Travel_Lanes": " 2", "Number_Park_Lanes": "  ", "TRUCK_ROUTE_TYPE": " " }, "geometry": { "type": "MultiLineString", "coordinates": [ [ [ -73.925608965106036, 40.800131671144477 ], [ -73.925541061926978, 40.800025961312237 ] ] ] } },
{ "type": "Feature", "properties": { "Street": "BRONX SHORE ROAD", "FeatureTyp": "0", "NonPed": "D", "TrafDir": "A", "SegmentID": "0247602", "PhysicalID": 137223.0, "StreetWidth_Min": 24.0, "StreetWidth_Max": 24.0, "Snow_Priority": "V", "Number_Travel_Lanes": " 2", "Number_Park_Lanes": "  ", "TRUCK_ROUTE_TYPE": " " }, "geometry": { "type": "MultiLineString", "coordinates": [ [ [ -73.920972344962081, 40.798390004611996 ], [ -73.92127005656252, 40.798735849290658 ] ] ] } },
{ "type": "Feature", "properties": { "Street": "BRONX SHORE ROAD", "FeatureTyp": "0", "NonPed": "D", "TrafDir": "A", "SegmentID": "0247602", "PhysicalID": 137223.0, "StreetWidth_Min": 24.0, "StreetWidth_Max": 24.0, "Snow_Priority": "V", "Number_Travel_Lanes": " 2", "Number_Park_Lanes": "  ", "TRUCK_ROUTE_TYPE": " " }, "geometry": { "type": "MultiLineString", "coordinates": [ [ [ -73.920972344962081, 40.798390004611996 ], [ -73.92127005656252, 40.798735849290658 ] ] ] } },
{ "type": "Feature", "properties": { "Street": "BRONX SHORE ROAD", "FeatureTyp": "0", "NonPed": "D", "TrafDir": "A", "SegmentID": "0247602", "PhysicalID": 137223.0, "StreetWidth_Min": 24.0, "StreetWidth_Max": 24.0, "Snow_Priority": "V", "Number_Travel_Lanes": " 2", "Number_Park_Lanes": "  ", "TRUCK_ROUTE_TYPE": " " }, "geometry": { "type": "MultiLineString", "coordinates": [ [ [ -73.920972344962081, 40.798390004611996 ], [ -73.92127005656252, 40.798735849290658 ] ] ] } },
{ "type": "Feature", "properties": { "Street": "BRONX SHORE ROAD", "FeatureTyp": "0", "NonPed": "D", "TrafDir": "A", "SegmentID": "0247602", "PhysicalID": 137223.0, "StreetWidth_Min": 24.0, "StreetWidth_Max": 24.0, "Snow_Priority": "V", "Number_Travel_Lanes": " 2", "Number_Park_Lanes": "  ", "TRUCK_ROUTE_TYPE": " " }, "geometry": { "type": "MultiLineString", "coordinates": [ [ [ -73.920972344962081, 40.798390004611996 ], [ -73.92127005656252, 40.798735849290658 ] ] ] } },
{ "type": "Feature", "properties": { "Street": "BRONX SHORE ROAD", "FeatureTyp": "0", "NonPed": " ", "TrafDir": "T", "SegmentID": "0247604", "PhysicalID": null, "StreetWidth_Min": null, "StreetWidth_Max": null, "Snow_Priority": "V", "Number_Travel_Lanes": "  ", "Number_Park_Lanes": "  ", "TRUCK_ROUTE_TYPE": " " }, "geometry": { "type": "MultiLineString", "coordinates": [ [ [ -73.920919213406719, 40.798419837410762 ], [ -73.92123106350536, 40.798775863852114 ] ] ] } },
{ "type": "Feature", "properties": { "Street": "BRONX SHORE ROAD", "FeatureTyp": "0", "NonPed": "D", "TrafDir": "W", "SegmentID": "0247606", "PhysicalID": 137224.0, "StreetWidth_Min": 24.0, "StreetWidth_Max": 24.0, "Snow_Priority": "V", "Number_Travel_Lanes": " 2", "Number_Park_Lanes": "  ", "TRUCK_ROUTE_TYPE": " " }, "geometry": { "type": "MultiLineString", "coordinates": [ [ [ -73.920872974769054, 40.798452818729224 ], [ -73.921201333806195, 40.7988059430511 ] ] ] } },
{ "type": "Feature", "properties": { "Street": "BRONX SHORE ROAD", "FeatureTyp": "0", "NonPed": "D", "TrafDir": "T", "SegmentID": "0247609", "PhysicalID": 137227.0, "StreetWidth_Min": 20.0, "StreetWidth_Max": 22.0, "Snow_Priority": "V", "Number_Travel_Lanes": " 1", "Number_Park_Lanes": "  ", "TRUCK_ROUTE_TYPE": " " }, "geometry": { "type": "MultiLineString", "coordinates": [ [ [ -73.926358861616208, 40.799405769680838 ], [ -73.926345499843393, 40.799300128901876 ], [ -73.926319290417851, 40.799187040321712 ], [ -73.926269350815431, 40.799098952286876 ], [ -73.926212804049683, 40.799032874094586 ], [ -73.926152294584583, 40.798977800519864 ], [ -73.92606413836873, 40.798918706545479 ], [ -73.92589791451671, 40.798805408299607 ] ] ] } },
{ "type": "Feature", "properties": { "Street": "BRONX SHORE ROAD", "FeatureTyp": "0", "NonPed": "D", "TrafDir": "T", "SegmentID": "0247609", "PhysicalID": 137227.0, "StreetWidth_Min": 20.0, "StreetWidth_Max": 22.0, "Snow_Priority": "V", "Number_Travel_Lanes": " 1", "Number_Park_Lanes": "  ", "TRUCK_ROUTE_TYPE": " " }, "geometry": { "type": "MultiLineString", "coordinates": [ [ [ -73.926358861616208, 40.799405769680838 ], [ -73.926345499843393, 40.799300128901876 ], [ -73.926319290417851, 40.799187040321712 ], [ -73.926269350815431, 40.799098952286876 ], [ -73.926212804049683, 40.799032874094586 ], [ -73.926152294584583, 40.798977800519864 ], [ -73.92606413836873, 40.798918706545479 ], [ -73.92589791451671, 40.798805408299607 ] ] ] } },
{ "type": "Feature", "properties": { "Street": "RANDALLS ISLAND GREENWAY", "FeatureTyp": "0", "NonPed": "D", "TrafDir": "P", "SegmentID": "0247634", "PhysicalID": 137251.0, "StreetWidth_Min": 30.0, "StreetWidth_Max": 30.0, "Snow_Priority": " ", "Number_Travel_Lanes": " 1", "Number_Park_Lanes": "  ", "TRUCK_ROUTE_TYPE": " " }, "geometry": { "type": "MultiLineString", "coordinates": [ [ [ -73.926651341847062, 40.798828845721431 ], [ -73.926667071211071, 40.798653164829176 ], [ -73.926672341199151, 40.798446257085651 ], [ -73.926657413461712, 40.798266158524385 ], [ -73.926622283560903, 40.798116699954917 ], [ -73.926597157570413, 40.798040050578336 ], [ -73.926505813373439, 40.797948900311077 ] ] ] } },
{ "type": "Feature", "properties": { "Street": "RANDALLS ISLAND GREENWAY", "FeatureTyp": "0", "NonPed": "D", "TrafDir": "P", "SegmentID": "0247650", "PhysicalID": 176911.0, "StreetWidth_Min": null, "StreetWidth_Max": null, "Snow_Priority": " ", "Number_Travel_Lanes": "  ", "Number_Park_Lanes": "  ", "TRUCK_ROUTE_TYPE": " " }, "geometry": { "type": "MultiLineString", "coordinates": [ [ [ -73.924134274716451, 40.799281846270368 ], [ -73.92372996061863, 40.799903322998603 ] ] ] } },
{ "type": "Feature", "properties": { "Street": "RANDALLS ISLAND GREENWAY", "FeatureTyp": "0", "NonPed": "D", "TrafDir": "P", "SegmentID": "0247651", "PhysicalID": 176911.0, "StreetWidth_Min": null, "StreetWidth_Max": null, "Snow_Priority": " ", "Number_Travel_Lanes": "  ", "Number_Park_Lanes": "  ", "TRUCK_ROUTE_TYPE": " " }, "geometry": { "type": "MultiLineString", "coordinates": [ [ [ -73.92372996061863, 40.799903322998603 ], [ -73.923608531623969, 40.799987238133532 ] ] ] } },
{ "type": "Feature", "properties": { "Street": "CONNECTOR", "FeatureTyp": "0", "NonPed": "D", "TrafDir": "T", "SegmentID": "0247652", "PhysicalID": 164558.0, "StreetWidth_Min": 42.0, "StreetWidth_Max": 42.0, "Snow_Priority": "V", "Number_Travel_Lanes": " 2", "Number_Park_Lanes": "  ", "TRUCK_ROUTE_TYPE": " " }, "geometry": { "type": "MultiLineString", "coordinates": [ [ [ -73.921201333806195, 40.7988059430511 ], [ -73.92123106350536, 40.798775863852114 ] ] ] } },
{ "type": "Feature", "properties": { "Street": "CONNECTOR", "FeatureTyp": "0", "NonPed": "D", "TrafDir": "T", "SegmentID": "0247653", "PhysicalID": 164558.0, "StreetWidth_Min": 42.0, "StreetWidth_Max": 42.0, "Snow_Priority": "V", "Number_Travel_Lanes": " 2", "Number_Park_Lanes": "  ", "TRUCK_ROUTE_TYPE": " " }, "geometry": { "type": "MultiLineString", "coordinates": [ [ [ -73.92123106350536, 40.798775863852114 ], [ -73.92127005656252, 40.798735849290658 ] ] ] } },
{ "type": "Feature", "properties": { "Street": "HARLEM RIVER DRIVE EXIT 19 NB", "FeatureTyp": "0", "NonPed": "V", "TrafDir": "W", "SegmentID": "0258809", "PhysicalID": 146125.0, "StreetWidth_Min": 22.0, "StreetWidth_Max": 24.0, "Snow_Priority": "C", "Number_Travel_Lanes": " 2", "Number_Park_Lanes": "  ", "TRUCK_ROUTE_TYPE": " " }, "geometry": { "type": "MultiLineString", "coordinates": [ [ [ -73.930177389375316, 40.80295500511366 ], [ -73.930194989887141, 40.803022869521627 ], [ -73.930214263315008, 40.803090470990917 ], [ -73.930235202875949, 40.803157785711797 ], [ -73.930257801199559, 40.80322478997531 ], [ -73.930282050331812, 40.803291460181804 ], [ -73.930307941736572, 40.803357772849331 ], [ -73.930335466299553, 40.803423704621594 ], [ -73.930358955410171, 40.803478088098416 ], [ -73.930382524286841, 40.803532451648842 ], [ -73.930406172900419, 40.803586795205433 ], [ -73.930429901221828, 40.803641118700568 ], [ -73.930453709221766, 40.803695422066795 ], [ -73.930477596870759, 40.803749705236719 ], [ -73.930501564139348, 40.803803968142788 ], [ -73.930506678878615, 40.803813037270366 ], [ -73.930512569541776, 40.803821830357251 ], [ -73.930519210483808, 40.803830309122823 ], [ -73.930526572793838, 40.803838436654779 ], [ -73.930534624420432, 40.80384617756993 ], [ -73.930543330310755, 40.803853498168223 ], [ -73.930552652564259, 40.803860366579414 ], [ -73.930562550596562, 40.803866752901882 ], [ -73.930572981316615, 40.80387262933273 ] ] ] } },
{ "type": "Feature", "properties": { "Street": "WILLIS AVENUE BRIDGE BIKE PATH", "FeatureTyp": "0", "NonPed": "D", "TrafDir": "P", "SegmentID": "0258810", "PhysicalID": 146123.0, "StreetWidth_Min": null, "StreetWidth_Max": null, "Snow_Priority": " ", "Number_Travel_Lanes": "  ", "Number_Park_Lanes": "  ", "TRUCK_ROUTE_TYPE": " " }, "geometry": { "type": "MultiLineString", "coordinates": [ [ [ -73.930269288591134, 40.802901460070693 ], [ -73.930177389375316, 40.80295500511366 ] ] ] } },
{ "type": "Feature", "properties": { "Street": "WILLIS AVENUE BRIDGE BIKE PATH", "FeatureTyp": "0", "NonPed": "D", "TrafDir": "P", "SegmentID": "0258811", "PhysicalID": 146124.0, "StreetWidth_Min": null, "StreetWidth_Max": null, "Snow_Priority": " ", "Number_Travel_Lanes": "  ", "Number_Park_Lanes": "  ", "TRUCK_ROUTE_TYPE": " " }, "geometry": { "type": "MultiLineString", "coordinates": [ [ [ -73.930177389375316, 40.80295500511366 ], [ -73.930009310782609, 40.803040134634344 ] ] ] } },
{ "type": "Feature", "properties": { "Street": "HARLEM RIVER DRIVE EXIT 19 NB", "FeatureTyp": "0", "NonPed": "V", "TrafDir": "W", "SegmentID": "0258812", "PhysicalID": 146128.0, "StreetWidth_Min": 22.0, "StreetWidth_Max": 24.0, "Snow_Priority": "C", "Number_Travel_Lanes": " 2", "Number_Park_Lanes": "  ", "TRUCK_ROUTE_TYPE": " " }, "geometry": { "type": "MultiLineString", "coordinates": [ [ [ -73.930149394148913, 40.802883922788645 ], [ -73.930177389375316, 40.80295500511366 ] ] ] } },
{ "type": "Feature", "properties": { "Street": "HARLEM RIVER DRIVE EXIT 19 NB", "FeatureTyp": "0", "NonPed": "V", "TrafDir": "W", "SegmentID": "0258815", "PhysicalID": 146129.0, "StreetWidth_Min": 22.0, "StreetWidth_Max": 22.0, "Snow_Priority": "C", "Number_Travel_Lanes": " 2", "Number_Park_Lanes": "  ", "TRUCK_ROUTE_TYPE": " " }, "geometry": { "type": "MultiLineString", "coordinates": [ [ [ -73.93006437428555, 40.802621228887034 ], [ -73.930149394148913, 40.802883922788645 ] ] ] } },
{ "type": "Feature", "properties": { "Street": "WILLIS AVENUE BRIDGE", "FeatureTyp": "0", "NonPed": "V", "TrafDir": "W", "SegmentID": "0259075", "PhysicalID": 146304.0, "StreetWidth_Min": 25.0, "StreetWidth_Max": 48.0, "Snow_Priority": "C", "Number_Travel_Lanes": " 2", "Number_Park_Lanes": "  ", "TRUCK_ROUTE_TYPE": "2" }, "geometry": { "type": "MultiLineString", "coordinates": [ [ [ -73.930414274197133, 40.802693933807248 ], [ -73.930338002790336, 40.802756106854247 ] ] ] } },
{ "type": "Feature", "properties": { "Street": "WILLIS AVENUE BRIDGE", "FeatureTyp": "0", "NonPed": "V", "TrafDir": "W", "SegmentID": "0259083", "PhysicalID": 146310.0, "StreetWidth_Min": 25.0, "StreetWidth_Max": 48.0, "Snow_Priority": "C", "Number_Travel_Lanes": " 2", "Number_Park_Lanes": "  ", "TRUCK_ROUTE_TYPE": "2" }, "geometry": { "type": "MultiLineString", "coordinates": [ [ [ -73.930249430044, 40.802821810909464 ], [ -73.930149394148913, 40.802883922788645 ] ] ] } },
{ "type": "Feature", "properties": { "Street": "WILLIS AVENUE BRIDGE", "FeatureTyp": "0", "NonPed": "V", "TrafDir": "W", "SegmentID": "0259084", "PhysicalID": 146311.0, "StreetWidth_Min": 25.0, "StreetWidth_Max": 48.0, "Snow_Priority": "C", "Number_Travel_Lanes": " 2", "Number_Park_Lanes": "  ", "TRUCK_ROUTE_TYPE": "2" }, "geometry": { "type": "MultiLineString", "coordinates": [ [ [ -73.930149394148913, 40.802883922788645 ], [ -73.929982884144849, 40.802984752509623 ] ] ] } },
{ "type": "Feature", "properties": { "Street": "WILLIS AVENUE BRIDGE", "FeatureTyp": "0", "NonPed": "V", "TrafDir": "W", "SegmentID": "0259117", "PhysicalID": 146348.0, "StreetWidth_Min": 25.0, "StreetWidth_Max": 48.0, "Snow_Priority": "C", "Number_Travel_Lanes": " 2", "Number_Park_Lanes": "  ", "TRUCK_ROUTE_TYPE": "2" }, "geometry": { "type": "MultiLineString", "coordinates": [ [ [ -73.929982884144849, 40.802984752509623 ], [ -73.929626495251995, 40.803160763960989 ] ] ] } },
{ "type": "Feature", "properties": { "Street": "HARLEM RIVER DRIVE", "FeatureTyp": "0", "NonPed": "V", "TrafDir": "W", "SegmentID": "0261429", "PhysicalID": 147934.0, "StreetWidth_Min": 20.0, "StreetWidth_Max": 24.0, "Snow_Priority": "C", "Number_Travel_Lanes": " 2", "Number_Park_Lanes": "  ", "TRUCK_ROUTE_TYPE": " " }, "geometry": { "type": "MultiLineString", "coordinates": [ [ [ -73.929993362721376, 40.801597191806621 ], [ -73.930015606467293, 40.801669465198245 ], [ -73.930023012123627, 40.801696559602703 ] ] ] } },
{ "type": "Feature", "properties": { "Street": "HARLEM RIVER DRIVE", "FeatureTyp": "0", "NonPed": "V", "TrafDir": "W", "SegmentID": "0261430", "PhysicalID": 147934.0, "StreetWidth_Min": 20.0, "StreetWidth_Max": 24.0, "Snow_Priority": "C", "Number_Travel_Lanes": " 2", "Number_Park_Lanes": "  ", "TRUCK_ROUTE_TYPE": " " }, "geometry": { "type": "MultiLineString", "coordinates": [ [ [ -73.930023012123627, 40.801696559602703 ], [ -73.930056384694822, 40.801782307567699 ], [ -73.930056696647739, 40.801783110315206 ], [ -73.930082177502641, 40.801848573791986 ] ] ] } },
{ "type": "Feature", "properties": { "Street": "RFK BRIDGE EXIT FDR DRIVE SB", "FeatureTyp": "0", "NonPed": "V", "TrafDir": "W", "SegmentID": "0264977", "PhysicalID": 150623.0, "StreetWidth_Min": 30.0, "StreetWidth_Max": 34.0, "Snow_Priority": "V", "Number_Travel_Lanes": " 2", "Number_Park_Lanes": "  ", "TRUCK_ROUTE_TYPE": " " }, "geometry": { "type": "MultiLineString", "coordinates": [ [ [ -73.929449996122585, 40.799084444288326 ], [ -73.92939639070633, 40.798590181660437 ], [ -73.929306103681341, 40.79751148083561 ] ] ] } },
{ "type": "Feature", "properties": { "Street": "FDR DRIVE EXIT 17 NB RFK BRDG", "FeatureTyp": "0", "NonPed": "V", "TrafDir": "W", "SegmentID": "0264991", "PhysicalID": 182733.0, "StreetWidth_Min": 15.0, "StreetWidth_Max": 32.0, "Snow_Priority": "V", "Number_Travel_Lanes": " 1", "Number_Park_Lanes": "  ", "TRUCK_ROUTE_TYPE": " " }, "geometry": { "type": "MultiLineString", "coordinates": [ [ [ -73.929162348345386, 40.797519902338344 ], [ -73.929335820480219, 40.799075774843296 ] ] ] } },
{ "type": "Feature", "properties": { "Street": "HARLEM RIVER DRIVE EXIT 19 NB", "FeatureTyp": "0", "NonPed": "V", "TrafDir": "T", "SegmentID": "0275069", "PhysicalID": null, "StreetWidth_Min": null, "StreetWidth_Max": null, "Snow_Priority": "C", "Number_Travel_Lanes": "  ", "Number_Park_Lanes": "  ", "TRUCK_ROUTE_TYPE": " " }, "geometry": { "type": "MultiLineString", "coordinates": [ [ [ -73.930128559564182, 40.801781115661377 ], [ -73.930082177502641, 40.801848573791986 ] ] ] } },
{ "type": "Feature", "properties": { "Street": "HARLEM RIVER DRIVE EXIT 18 NB", "FeatureTyp": "0", "NonPed": "V", "TrafDir": "W", "SegmentID": "0289081", "PhysicalID": 174326.0, "StreetWidth_Min": 28.0, "StreetWidth_Max": 28.0, "Snow_Priority": "C", "Number_Travel_Lanes": " 2", "Number_Park_Lanes": "  ", "TRUCK_ROUTE_TYPE": " " }, "geometry": { "type": "MultiLineString", "coordinates": [ [ [ -73.93006437428555, 40.802621228887034 ], [ -73.930056656706, 40.802639686432038 ], [ -73.930048412702348, 40.802658012072357 ], [ -73.930039646173611, 40.802676197139661 ], [ -73.930030361266191, 40.802694233032 ], [ -73.930020562371624, 40.802712111218035 ], [ -73.930010254124454, 40.802729823241052 ], [ -73.929999441400525, 40.802747360722819 ], [ -73.92998812941002, 40.802764715396947 ], [ -73.929976323406052, 40.802781879026469 ], [ -73.92996402897279, 40.802798843492667 ], [ -73.929951251925175, 40.802815600770884 ], [ -73.929937998306968, 40.802832142934555 ], [ -73.929924274386906, 40.802848462158835 ], [ -73.929910086656534, 40.802864550724287 ] ] ] } },
{ "type": "Feature", "properties": { "Street": "HARLEM RIVER DRIVE EXIT 18 NB", "FeatureTyp": "0", "NonPed": "V", "TrafDir": "W", "SegmentID": "0289085", "PhysicalID": 168966.0, "StreetWidth_Min": 28.0, "StreetWidth_Max": 28.0, "Snow_Priority": "C", "Number_Travel_Lanes": " 2", "Number_Park_Lanes": "  ", "TRUCK_ROUTE_TYPE": " " }, "geometry": { "type": "MultiLineString", "coordinates": [ [ [ -73.930049916527921, 40.802009710323418 ], [ -73.93006710997382, 40.802052100125117 ], [ -73.930081876430549, 40.802095014987103 ], [ -73.93009418829827, 40.802138374711255 ], [ -73.930104022564194, 40.802182098267899 ], [ -73.930111360845117, 40.802226103947383 ], [ -73.930116189422435, 40.802270309512565 ], [ -73.930118499267806, 40.802314632352633 ], [ -73.930118286092465, 40.802358989536458 ], [ -73.930115550262428, 40.802403298271571 ], [ -73.93011029688553, 40.802447475753908 ], [ -73.930102535774168, 40.802491439424443 ], [ -73.930092281427349, 40.80253510712366 ], [ -73.930079553003736, 40.802578397244893 ], [ -73.93006437428555, 40.802621228887034 ] ] ] } },
{ "type": "Feature", "properties": { "Street": "HARLEM RIVER DRIVE EXIT 19 NB", "FeatureTyp": "0", "NonPed": "V", "TrafDir": "W", "SegmentID": "0289086", "PhysicalID": 168965.0, "StreetWidth_Min": 28.0, "StreetWidth_Max": 28.0, "Snow_Priority": "C", "Number_Travel_Lanes": " 2", "Number_Park_Lanes": "  ", "TRUCK_ROUTE_TYPE": " " }, "geometry": { "type": "MultiLineString", "coordinates": [ [ [ -73.930049916527921, 40.802009710323418 ], [ -73.930049669907234, 40.802053401011094 ], [ -73.930049620120485, 40.802097092084018 ], [ -73.930049767168839, 40.802140783030126 ], [ -73.930050111050662, 40.802184473337363 ], [ -73.930050651762542, 40.802228162493677 ], [ -73.930051389298313, 40.802271849987065 ], [ -73.930052323650045, 40.802315535305453 ], [ -73.930053454879044, 40.80235921797388 ], [ -73.93005478290064, 40.802402897443187 ], [ -73.930056307699672, 40.802446573201465 ], [ -73.93005802925866, 40.802490244736788 ], [ -73.930059947557623, 40.80253391153731 ], [ -73.930062062574805, 40.80257757309132 ], [ -73.93006437428555, 40.802621228887034 ] ] ] } },
{ "type": "Feature", "properties": { "Street": "HARLEM RIVER DRIVE EXIT 19 NB", "FeatureTyp": "0", "NonPed": "V", "TrafDir": "W", "SegmentID": "0289088", "PhysicalID": 168967.0, "StreetWidth_Min": 22.0, "StreetWidth_Max": 22.0, "Snow_Priority": "C", "Number_Travel_Lanes": " 2", "Number_Park_Lanes": "  ", "TRUCK_ROUTE_TYPE": " " }, "geometry": { "type": "MultiLineString", "coordinates": [ [ [ -73.930082177502641, 40.801848573791986 ], [ -73.930049916527921, 40.802009710323418 ] ] ] } },
{ "type": "Feature", "properties": { "Street": "HARLEM RIVER PATHWAY", "FeatureTyp": "0", "NonPed": "D", "TrafDir": "P", "SegmentID": "0297620", "PhysicalID": 174079.0, "StreetWidth_Min": null, "StreetWidth_Max": null, "Snow_Priority": " ", "Number_Travel_Lanes": "  ", "Number_Park_Lanes": "  ", "TRUCK_ROUTE_TYPE": " " }, "geometry": { "type": "MultiLineString", "coordinates": [ [ [ -73.926651341847062, 40.798828845721431 ], [ -73.926811659550253, 40.798598199937651 ], [ -73.926939578204809, 40.798363830478863 ], [ -73.927040868975922, 40.798157740251931 ], [ -73.927099569979347, 40.797983960300151 ], [ -73.927120983318886, 40.797858664339543 ], [ -73.927115859022862, 40.797680802111778 ], [ -73.927105384409572, 40.797531231907776 ], [ -73.927064956733133, 40.797401401506633 ], [ -73.927045218743459, 40.797337690439136 ] ] ] } },
{ "type": "Feature", "properties": { "Street": "WILLIS AVENUE BRIDGE BIKE PATH", "FeatureTyp": "0", "NonPed": "D", "TrafDir": "P", "SegmentID": "0299454", "PhysicalID": 175018.0, "StreetWidth_Min": null, "StreetWidth_Max": null, "Snow_Priority": " ", "Number_Travel_Lanes": "  ", "Number_Park_Lanes": "  ", "TRUCK_ROUTE_TYPE": " " }, "geometry": { "type": "MultiLineString", "coordinates": [ [ [ -73.930009310782609, 40.803040134634344 ], [ -73.928109596254188, 40.804012934220651 ] ] ] } },
{ "type": "Feature", "properties": { "Street": "WILLIS AVENUE BRIDGE BIKE PATH", "FeatureTyp": "0", "NonPed": "D", "TrafDir": "P", "SegmentID": "0299454", "PhysicalID": 175018.0, "StreetWidth_Min": null, "StreetWidth_Max": null, "Snow_Priority": " ", "Number_Travel_Lanes": "  ", "Number_Park_Lanes": "  ", "TRUCK_ROUTE_TYPE": " " }, "geometry": { "type": "MultiLineString", "coordinates": [ [ [ -73.930009310782609, 40.803040134634344 ], [ -73.928109596254188, 40.804012934220651 ] ] ] } },
{ "type": "Feature", "properties": { "Street": "WILLIS AVENUE BRIDGE", "FeatureTyp": "0", "NonPed": "V", "TrafDir": "W", "SegmentID": "0299456", "PhysicalID": 175020.0, "StreetWidth_Min": 54.0, "StreetWidth_Max": 58.0, "Snow_Priority": "C", "Number_Travel_Lanes": " 4", "Number_Park_Lanes": "  ", "TRUCK_ROUTE_TYPE": "2" }, "geometry": { "type": "MultiLineString", "coordinates": [ [ [ -73.929626495251995, 40.803160763960989 ], [ -73.927931740384707, 40.803999462390188 ] ] ] } },
{ "type": "Feature", "properties": { "Street": "WILLIS AVENUE BRIDGE", "FeatureTyp": "0", "NonPed": "V", "TrafDir": "W", "SegmentID": "0299456", "PhysicalID": 175020.0, "StreetWidth_Min": 54.0, "StreetWidth_Max": 58.0, "Snow_Priority": "C", "Number_Travel_Lanes": " 4", "Number_Park_Lanes": "  ", "TRUCK_ROUTE_TYPE": "2" }, "geometry": { "type": "MultiLineString", "coordinates": [ [ [ -73.929626495251995, 40.803160763960989 ], [ -73.927931740384707, 40.803999462390188 ] ] ] } },
{ "type": "Feature", "properties": { "Street": "RANDALLS ISLAND GREENWAY", "FeatureTyp": "0", "NonPed": "D", "TrafDir": "P", "SegmentID": "0301580", "PhysicalID": 207005.0, "StreetWidth_Min": 13.0, "StreetWidth_Max": 13.0, "Snow_Priority": " ", "Number_Travel_Lanes": " 1", "Number_Park_Lanes": "  ", "TRUCK_ROUTE_TYPE": " " }, "geometry": { "type": "MultiLineString", "coordinates": [ [ [ -73.921563938478087, 40.799280557957928 ], [ -73.921919569362998, 40.799513248253724 ], [ -73.922208785382693, 40.799681638551888 ], [ -73.922526794156809, 40.799839126749298 ], [ -73.922850249577436, 40.799969289000671 ], [ -73.923164759875206, 40.800074842832025 ], [ -73.923437964208219, 40.800150287802836 ], [ -73.923574743917015, 40.800177342777083 ] ] ] } },
{ "type": "Feature", "properties": { "Street": "RANDALLS ISLAND GREENWAY", "FeatureTyp": "0", "NonPed": "D", "TrafDir": "P", "SegmentID": "0301582", "PhysicalID": 176175.0, "StreetWidth_Min": null, "StreetWidth_Max": null, "Snow_Priority": " ", "Number_Travel_Lanes": "  ", "Number_Park_Lanes": "  ", "TRUCK_ROUTE_TYPE": " " }, "geometry": { "type": "MultiLineString", "coordinates": [ [ [ -73.923608531623969, 40.799987238133532 ], [ -73.923594845129472, 40.800039818327683 ] ] ] } },
{ "type": "Feature", "properties": { "Street": "PEDESTRIAN AND BIKE PATH LINK", "FeatureTyp": "0", "NonPed": " ", "TrafDir": "P", "SegmentID": "0301583", "PhysicalID": 176177.0, "StreetWidth_Min": null, "StreetWidth_Max": null, "Snow_Priority": " ", "Number_Travel_Lanes": "  ", "Number_Park_Lanes": "  ", "TRUCK_ROUTE_TYPE": " " }, "geometry": { "type": "MultiLineString", "coordinates": [ [ [ -73.923594845129472, 40.800039818327683 ], [ -73.923582915912945, 40.800091977820053 ] ] ] } },
{ "type": "Feature", "properties": { "Street": "PEDESTRIAN AND BIKE PATH LINK", "FeatureTyp": "0", "NonPed": " ", "TrafDir": "P", "SegmentID": "0301584", "PhysicalID": 176179.0, "StreetWidth_Min": null, "StreetWidth_Max": null, "Snow_Priority": " ", "Number_Travel_Lanes": "  ", "Number_Park_Lanes": "  ", "TRUCK_ROUTE_TYPE": " " }, "geometry": { "type": "MultiLineString", "coordinates": [ [ [ -73.923582915912945, 40.800091977820053 ], [ -73.923574743917015, 40.800177342777083 ] ] ] } },
{ "type": "Feature", "properties": { "Street": "RFK BRDG ET 125 STREET 2 AVE", "FeatureTyp": "0", "NonPed": "V", "TrafDir": "W", "SegmentID": "0334673", "PhysicalID": 192417.0, "StreetWidth_Min": 32.0, "StreetWidth_Max": 32.0, "Snow_Priority": "V", "Number_Travel_Lanes": " 3", "Number_Park_Lanes": "  ", "TRUCK_ROUTE_TYPE": "2" }, "geometry": { "type": "MultiLineString", "coordinates": [ [ [ -73.930403991012284, 40.801743684457442 ], [ -73.930835219728735, 40.801925387481262 ] ] ] } },
{ "type": "Feature", "properties": { "Street": "WILLIS AVENUE BRIDGE", "FeatureTyp": "0", "NonPed": "V", "TrafDir": "W", "SegmentID": "0334686", "PhysicalID": 192424.0, "StreetWidth_Min": 40.0, "StreetWidth_Max": 48.0, "Snow_Priority": "C", "Number_Travel_Lanes": " 4", "Number_Park_Lanes": "  ", "TRUCK_ROUTE_TYPE": "2" }, "geometry": { "type": "MultiLineString", "coordinates": [ [ [ -73.9305677895684, 40.802560671077465 ], [ -73.930559334260295, 40.8025716713205 ], [ -73.930550458588456, 40.80258247866022 ], [ -73.930541170168269, 40.802593083823666 ], [ -73.930531476969151, 40.802603477711259 ], [ -73.930521387308147, 40.80261365140484 ], [ -73.930510909842027, 40.802623596175025 ], [ -73.93050005356082, 40.802633303488903 ], [ -73.930488827794989, 40.802642765032481 ], [ -73.930477242160137, 40.802651972672713 ], [ -73.930465306596929, 40.802660918509147 ], [ -73.93045303134636, 40.802669594865968 ], [ -73.930440426940706, 40.802677994298598 ], [ -73.930427504195023, 40.802686109600096 ], [ -73.930414274197133, 40.802693933807248 ] ] ] } },
{ "type": "Feature", "properties": { "Street": "1 AVENUE", "FeatureTyp": "0", "NonPed": " ", "TrafDir": "W", "SegmentID": "0334687", "PhysicalID": 192423.0, "StreetWidth_Min": null, "StreetWidth_Max": null, "Snow_Priority": "C", "Number_Travel_Lanes": "  ", "Number_Park_Lanes": "  ", "TRUCK_ROUTE_TYPE": " " }, "geometry": { "type": "MultiLineString", "coordinates": [ [ [ -73.930472076840445, 40.802460619147368 ], [ -73.930474375389593, 40.8024696193648 ], [ -73.930477464231529, 40.802478481950544 ], [ -73.930481329417503, 40.802487166881861 ], [ -73.93048595349282, 40.802495634938047 ], [ -73.93049131557585, 40.802503847877944 ], [ -73.930497391451979, 40.802511768612426 ], [ -73.930504153683188, 40.802519361371857 ], [ -73.930511571813668, 40.802526591867327 ], [ -73.930519612262003, 40.802533427442611 ], [ -73.930528238718281, 40.802539837228665 ], [ -73.93053741222603, 40.802545792279211 ], [ -73.930547091358164, 40.802551265701553 ], [ -73.93055723240434, 40.802556232777995 ], [ -73.9305677895684, 40.802560671077465 ] ] ] } },
{ "type": "Feature", "properties": { "Street": "WILLIS AVENUE BRIDGE BIKE PATH", "FeatureTyp": "0", "NonPed": "D", "TrafDir": "P", "SegmentID": "0334690", "PhysicalID": 192425.0, "StreetWidth_Min": null, "StreetWidth_Max": null, "Snow_Priority": " ", "Number_Travel_Lanes": "  ", "Number_Park_Lanes": "  ", "TRUCK_ROUTE_TYPE": " " }, "geometry": { "type": "MultiLineString", "coordinates": [ [ [ -73.930645400793367, 40.802602997569188 ], [ -73.930438173246912, 40.80278193923013 ] ] ] } },
{ "type": "Feature", "properties": { "Street": "HARLEM RIVER DRIVE", "FeatureTyp": "0", "NonPed": "V", "TrafDir": "A", "SegmentID": "0345192", "PhysicalID": 197478.0, "StreetWidth_Min": 32.0, "StreetWidth_Max": 34.0, "Snow_Priority": "C", "Number_Travel_Lanes": " 3", "Number_Park_Lanes": "  ", "TRUCK_ROUTE_TYPE": " " }, "geometry": { "type": "MultiLineString", "coordinates": [ [ [ -73.930362762193099, 40.80248637665148 ], [ -73.930379762226934, 40.802572936391122 ] ] ] } },
{ "type": "Feature", "properties": { "Street": "HARLEM RIVER DRIVE", "FeatureTyp": "0", "NonPed": "V", "TrafDir": "A", "SegmentID": "0345196", "PhysicalID": 197478.0, "StreetWidth_Min": 32.0, "StreetWidth_Max": 34.0, "Snow_Priority": "C", "Number_Travel_Lanes": " 3", "Number_Park_Lanes": "  ", "TRUCK_ROUTE_TYPE": " " }, "geometry": { "type": "MultiLineString", "coordinates": [ [ [ -73.930379762226934, 40.802572936391122 ], [ -73.930414274197133, 40.802693933807248 ] ] ] } },
{ "type": "Feature", "properties": { "Street": "HARLEM RIVER DRIVE", "FeatureTyp": "0", "NonPed": "V", "TrafDir": "A", "SegmentID": "0345197", "PhysicalID": 197479.0, "StreetWidth_Min": 32.0, "StreetWidth_Max": 34.0, "Snow_Priority": "C", "Number_Travel_Lanes": " 3", "Number_Park_Lanes": "  ", "TRUCK_ROUTE_TYPE": " " }, "geometry": { "type": "MultiLineString", "coordinates": [ [ [ -73.930414274197133, 40.802693933807248 ], [ -73.930438173246912, 40.80278193923013 ] ] ] } },
{ "type": "Feature", "properties": { "Street": "HARLEM RIVER DRIVE", "FeatureTyp": "0", "NonPed": "V", "TrafDir": "A", "SegmentID": "0345198", "PhysicalID": 197480.0, "StreetWidth_Min": 32.0, "StreetWidth_Max": 34.0, "Snow_Priority": "C", "Number_Travel_Lanes": " 3", "Number_Park_Lanes": "  ", "TRUCK_ROUTE_TYPE": " " }, "geometry": { "type": "MultiLineString", "coordinates": [ [ [ -73.930438173246912, 40.80278193923013 ], [ -73.930508969544036, 40.802994430361352 ] ] ] } },
{ "type": "Feature", "properties": { "Street": "HARLEM RIVER DRIVE", "FeatureTyp": "0", "NonPed": "V", "TrafDir": "W", "SegmentID": "0345416", "PhysicalID": 197608.0, "StreetWidth_Min": 20.0, "StreetWidth_Max": 32.0, "Snow_Priority": "C", "Number_Travel_Lanes": " 2", "Number_Park_Lanes": "  ", "TRUCK_ROUTE_TYPE": " " }, "geometry": { "type": "MultiLineString", "coordinates": [ [ [ -73.930269288591134, 40.802901460070693 ], [ -73.930321257081701, 40.803059429652883 ] ] ] } },
{ "type": "Feature", "properties": { "Street": "HARLEM RIVER DRIVE", "FeatureTyp": "0", "NonPed": "V", "TrafDir": "T", "SegmentID": "0345584", "PhysicalID": null, "StreetWidth_Min": null, "StreetWidth_Max": null, "Snow_Priority": "C", "Number_Travel_Lanes": "  ", "Number_Park_Lanes": "  ", "TRUCK_ROUTE_TYPE": " " }, "geometry": { "type": "MultiLineString", "coordinates": [ [ [ -73.930418767607861, 40.803008315868375 ], [ -73.930605353912242, 40.803451631958495 ] ] ] } },
{ "type": "Feature", "properties": { "Street": "HARLEM RIVER DRIVE", "FeatureTyp": "0", "NonPed": "V", "TrafDir": "W", "SegmentID": "0345586", "PhysicalID": 200240.0, "StreetWidth_Min": 20.0, "StreetWidth_Max": 32.0, "Snow_Priority": "C", "Number_Travel_Lanes": " 2", "Number_Park_Lanes": "  ", "TRUCK_ROUTE_TYPE": " " }, "geometry": { "type": "MultiLineString", "coordinates": [ [ [ -73.930321257081701, 40.803059429652883 ], [ -73.930379501116178, 40.803198318914042 ], [ -73.930502877579769, 40.803492521268275 ] ] ] } },
{ "type": "Feature", "properties": { "Street": "HARLEM RIVER DRIVE EXIT 18 NB", "FeatureTyp": "0", "NonPed": "V", "TrafDir": "W", "SegmentID": "0345857", "PhysicalID": 197850.0, "StreetWidth_Min": 20.0, "StreetWidth_Max": 24.0, "Snow_Priority": "C", "Number_Travel_Lanes": " 2", "Number_Park_Lanes": "  ", "TRUCK_ROUTE_TYPE": " " }, "geometry": { "type": "MultiLineString", "coordinates": [ [ [ -73.929844253293936, 40.801514813133949 ], [ -73.930049916527921, 40.802009710323418 ] ] ] } },
{ "type": "Feature", "properties": { "Street": "HARLEM RIVER DRIVE EXIT 18 NB", "FeatureTyp": "0", "NonPed": "V", "TrafDir": "W", "SegmentID": "0345862", "PhysicalID": 197853.0, "StreetWidth_Min": 28.0, "StreetWidth_Max": 28.0, "Snow_Priority": "C", "Number_Travel_Lanes": " 2", "Number_Park_Lanes": "  ", "TRUCK_ROUTE_TYPE": " " }, "geometry": { "type": "MultiLineString", "coordinates": [ [ [ -73.929910086656534, 40.802864550724287 ], [ -73.929839002455822, 40.802938798999449 ] ] ] } },
{ "type": "Feature", "properties": { "Street": "HARLEM RIVER DRIVE EXIT 18 NB", "FeatureTyp": "0", "NonPed": "V", "TrafDir": "W", "SegmentID": "0345863", "PhysicalID": 197853.0, "StreetWidth_Min": 28.0, "StreetWidth_Max": 28.0, "Snow_Priority": "C", "Number_Travel_Lanes": " 2", "Number_Park_Lanes": "  ", "TRUCK_ROUTE_TYPE": " " }, "geometry": { "type": "MultiLineString", "coordinates": [ [ [ -73.929839002455822, 40.802938798999449 ], [ -73.929626495251995, 40.803160763960989 ] ] ] } },
{ "type": "Feature", "properties": { "Street": "HARLEM RIVER DRIVE EXIT 18 NB", "FeatureTyp": "0", "NonPed": "V", "TrafDir": "W", "SegmentID": "0349874", "PhysicalID": 82446.0, "StreetWidth_Min": 20.0, "StreetWidth_Max": 20.0, "Snow_Priority": "C", "Number_Travel_Lanes": " 2", "Number_Park_Lanes": "  ", "TRUCK_ROUTE_TYPE": " " }, "geometry": { "type": "MultiLineString", "coordinates": [ [ [ -73.929636364069069, 40.801051132159721 ], [ -73.929655806892598, 40.801099158641968 ], [ -73.929685753234693, 40.801165660798972 ] ] ] } },
{ "type": "Feature", "properties": { "Street": "RFK BR EN FDR AND HARLEM RVR DRV", "FeatureTyp": "0", "NonPed": "V", "TrafDir": "W", "SegmentID": "0349875", "PhysicalID": 77316.0, "StreetWidth_Min": 30.0, "StreetWidth_Max": 38.0, "Snow_Priority": "V", "Number_Travel_Lanes": " 2", "Number_Park_Lanes": "  ", "TRUCK_ROUTE_TYPE": " " }, "geometry": { "type": "MultiLineString", "coordinates": [ [ [ -73.93021651884348, 40.801282991609582 ], [ -73.930096407330637, 40.801234186200105 ], [ -73.930027371948739, 40.801208461901091 ] ] ] } },
{ "type": "Feature", "properties": { "Street": "RFK BR EN E 124 AND 125 ST", "FeatureTyp": "0", "NonPed": "V", "TrafDir": "W", "SegmentID": "0349876", "PhysicalID": 66971.0, "StreetWidth_Min": 20.0, "StreetWidth_Max": 34.0, "Snow_Priority": "V", "Number_Travel_Lanes": " 1", "Number_Park_Lanes": "  ", "TRUCK_ROUTE_TYPE": "2" }, "geometry": { "type": "MultiLineString", "coordinates": [ [ [ -73.930088085309748, 40.801067846278393 ], [ -73.929984479525174, 40.801057323239881 ] ] ] } },
{ "type": "Feature", "properties": { "Street": "FDR DRIVE EXIT 17 SOUTHBOUND", "FeatureTyp": "0", "NonPed": "V", "TrafDir": "A", "SegmentID": "0349877", "PhysicalID": 77162.0, "StreetWidth_Min": 18.0, "StreetWidth_Max": 18.0, "Snow_Priority": "V", "Number_Travel_Lanes": " 1", "Number_Park_Lanes": "  ", "TRUCK_ROUTE_TYPE": " " }, "geometry": { "type": "MultiLineString", "coordinates": [ [ [ -73.93021651884348, 40.801282991609582 ], [ -73.930274154365222, 40.801354231301296 ], [ -73.930316361624492, 40.801413345313605 ], [ -73.930336938377167, 40.80144558853442 ] ] ] } },
{ "type": "Feature", "properties": { "Street": "RFK BRIDGE ET HARLEM RVR DRV NB", "FeatureTyp": "0", "NonPed": "V", "TrafDir": "W", "SegmentID": "0349967", "PhysicalID": 200216.0, "StreetWidth_Min": null, "StreetWidth_Max": null, "Snow_Priority": "V", "Number_Travel_Lanes": "  ", "Number_Park_Lanes": "  ", "TRUCK_ROUTE_TYPE": " " }, "geometry": { "type": "MultiLineString", "coordinates": [ [ [ -73.929309983957836, 40.801010112885947 ], [ -73.929353554028253, 40.801042604943866 ], [ -73.929396344970385, 40.801075689530776 ], [ -73.929438342831446, 40.801109355859687 ], [ -73.929479533916719, 40.801143592953778 ], [ -73.929519904794972, 40.801178389650275 ], [ -73.929559442302164, 40.801213734603834 ], [ -73.929598133545881, 40.801249616290271 ], [ -73.929635965974612, 40.80128602305399 ], [ -73.929672927185848, 40.80132294298209 ], [ -73.929709005126796, 40.801360364036903 ], [ -73.929744188032856, 40.801398274017302 ], [ -73.929778464431138, 40.801436660562786 ], [ -73.929811823144192, 40.80147551115742 ], [ -73.929844253293936, 40.801514813133949 ] ] ] } },
{ "type": "Feature", "properties": { "Street": "RFK BRIDGE ET HARLEM RVR DRV NB", "FeatureTyp": "0", "NonPed": "V", "TrafDir": "W", "SegmentID": "0349968", "PhysicalID": 200218.0, "StreetWidth_Min": null, "StreetWidth_Max": null, "Snow_Priority": "V", "Number_Travel_Lanes": "  ", "Number_Park_Lanes": "  ", "TRUCK_ROUTE_TYPE": " " }, "geometry": { "type": "MultiLineString", "coordinates": [ [ [ -73.929844253293936, 40.801514813133949 ], [ -73.9298636106098, 40.801537625360901 ], [ -73.929882614348855, 40.801560608618317 ], [ -73.929901261894017, 40.801583759741732 ], [ -73.929919550677667, 40.801607075543515 ], [ -73.929937478181131, 40.801630552813428 ], [ -73.929955041935713, 40.801654188318984 ], [ -73.929972239522769, 40.801677978805863 ], [ -73.929989068582159, 40.801701920973734 ], [ -73.930005526788491, 40.801726011550862 ], [ -73.930021611875461, 40.801750247220298 ], [ -73.930037321627694, 40.801774624645041 ], [ -73.930052653881958, 40.801799140468709 ], [ -73.930067606526578, 40.801823791315741 ], [ -73.930082177502641, 40.801848573791986 ] ] ] } },
{ "type": "Feature", "properties": { "Street": "RFK BRIDGE ET HARLEM RVR DRV NB", "FeatureTyp": "0", "NonPed": "V", "TrafDir": "W", "SegmentID": "0349969", "PhysicalID": 200219.0, "StreetWidth_Min": null, "StreetWidth_Max": null, "Snow_Priority": "V", "Number_Travel_Lanes": "  ", "Number_Park_Lanes": "  ", "TRUCK_ROUTE_TYPE": " " }, "geometry": { "type": "MultiLineString", "coordinates": [ [ [ -73.930082177502641, 40.801848573791986 ], [ -73.930092533539593, 40.801874854725895 ], [ -73.930102424156104, 40.801901238980633 ], [ -73.930111847567375, 40.801927721796879 ], [ -73.930120802072921, 40.801954298397575 ], [ -73.930129286057081, 40.801980963988719 ], [ -73.930137297988921, 40.802007713760247 ], [ -73.930144836422585, 40.802034542886943 ], [ -73.930151900036378, 40.802061446423281 ], [ -73.930158487518796, 40.802088419622557 ], [ -73.9301645976809, 40.80211545761923 ], [ -73.930170229419986, 40.802142555536008 ], [ -73.930175381719366, 40.802169708484797 ], [ -73.930180053649366, 40.802196911567641 ], [ -73.930184244366387, 40.802224159877412 ] ] ] } },
{ "type": "Feature", "properties": { "Street": "RFK BRIDGE ET HARLEM RVR DRV NB", "FeatureTyp": "0", "NonPed": "V", "TrafDir": "W", "SegmentID": "0349970", "PhysicalID": 200219.0, "StreetWidth_Min": null, "StreetWidth_Max": null, "Snow_Priority": "V", "Number_Travel_Lanes": "  ", "Number_Park_Lanes": "  ", "TRUCK_ROUTE_TYPE": " " }, "geometry": { "type": "MultiLineString", "coordinates": [ [ [ -73.930184244366387, 40.802224159877412 ], [ -73.930286400497337, 40.802666670027726 ] ] ] } },
{ "type": "Feature", "properties": { "Street": "RFK BRIDGE ET HARLEM RVR DRV NB", "FeatureTyp": "0", "NonPed": "V", "TrafDir": "W", "SegmentID": "0349973", "PhysicalID": 200219.0, "StreetWidth_Min": null, "StreetWidth_Max": null, "Snow_Priority": "V", "Number_Travel_Lanes": "  ", "Number_Park_Lanes": "  ", "TRUCK_ROUTE_TYPE": " " }, "geometry": { "type": "MultiLineString", "coordinates": [ [ [ -73.930286400497337, 40.802666670027726 ], [ -73.930312237019166, 40.802775220379552 ] ] ] } },
{ "type": "Feature", "properties": { "Street": "RFK BRIDGE ET HARLEM RVR DRV NB", "FeatureTyp": "0", "NonPed": "V", "TrafDir": "W", "SegmentID": "0349974", "PhysicalID": 200221.0, "StreetWidth_Min": null, "StreetWidth_Max": null, "Snow_Priority": "V", "Number_Travel_Lanes": "  ", "Number_Park_Lanes": "  ", "TRUCK_ROUTE_TYPE": " " }, "geometry": { "type": "MultiLineString", "coordinates": [ [ [ -73.930312237019166, 40.802775220379552 ], [ -73.930334667179963, 40.802860592192999 ] ] ] } },
{ "type": "Feature", "properties": { "Street": "RFK BRIDGE ET HARLEM RVR DRV NB", "FeatureTyp": "0", "NonPed": "V", "TrafDir": "W", "SegmentID": "0349975", "PhysicalID": 200223.0, "StreetWidth_Min": null, "StreetWidth_Max": null, "Snow_Priority": "V", "Number_Travel_Lanes": "  ", "Number_Park_Lanes": "  ", "TRUCK_ROUTE_TYPE": " " }, "geometry": { "type": "MultiLineString", "coordinates": [ [ [ -73.930334667179963, 40.802860592192999 ], [ -73.930349154246016, 40.802904200961841 ], [ -73.930364038042342, 40.802947732519556 ], [ -73.930379317857188, 40.802991184782151 ], [ -73.930394992959833, 40.80303455566942 ], [ -73.930411062600598, 40.803077843105044 ], [ -73.930427526010959, 40.803121045016752 ], [ -73.93044438240365, 40.803164159336241 ], [ -73.930461630991786, 40.803207183939747 ], [ -73.930479270930419, 40.803250116827172 ], [ -73.930497301375723, 40.803292955943149 ], [ -73.93051572146527, 40.803335699236825 ], [ -73.930534530318042, 40.803378344661866 ], [ -73.930553727034336, 40.80342089017671 ], [ -73.930573310695834, 40.803463333744482 ] ] ] } },
{ "type": "Feature", "properties": { "Street": "WILLIS AVENUE BRIDGE BIKE PATH", "FeatureTyp": "0", "NonPed": "D", "TrafDir": "P", "SegmentID": "0349952", "PhysicalID": 137474.0, "StreetWidth_Min": null, "StreetWidth_Max": null, "Snow_Priority": " ", "Number_Travel_Lanes": "  ", "Number_Park_Lanes": "  ", "TRUCK_ROUTE_TYPE": " " }, "geometry": { "type": "MultiLineString", "coordinates": [ [ [ -73.930359218286071, 40.802845245341004 ], [ -73.930334667179963, 40.802860592192999 ] ] ] } },
{ "type": "Feature", "properties": { "Street": "WILLIS AVENUE BRIDGE BIKE PATH", "FeatureTyp": "0", "NonPed": "D", "TrafDir": "P", "SegmentID": "0349953", "PhysicalID": 200222.0, "StreetWidth_Min": null, "StreetWidth_Max": null, "Snow_Priority": " ", "Number_Travel_Lanes": "  ", "Number_Park_Lanes": "  ", "TRUCK_ROUTE_TYPE": " " }, "geometry": { "type": "MultiLineString", "coordinates": [ [ [ -73.930334667179963, 40.802860592192999 ], [ -73.930269288591134, 40.802901460070693 ] ] ] } },
{ "type": "Feature", "properties": { "Street": "WILLIS AVENUE BRIDGE", "FeatureTyp": "0", "NonPed": "V", "TrafDir": "W", "SegmentID": "0349954", "PhysicalID": 146304.0, "StreetWidth_Min": 25.0, "StreetWidth_Max": 48.0, "Snow_Priority": "C", "Number_Travel_Lanes": " 2", "Number_Park_Lanes": "  ", "TRUCK_ROUTE_TYPE": "2" }, "geometry": { "type": "MultiLineString", "coordinates": [ [ [ -73.930338002790336, 40.802756106854247 ], [ -73.930312237019166, 40.802775220379552 ] ] ] } },
{ "type": "Feature", "properties": { "Street": "WILLIS AVENUE BRIDGE", "FeatureTyp": "0", "NonPed": "V", "TrafDir": "W", "SegmentID": "0349955", "PhysicalID": 200220.0, "StreetWidth_Min": 25.0, "StreetWidth_Max": 48.0, "Snow_Priority": "C", "Number_Travel_Lanes": " 2", "Number_Park_Lanes": "  ", "TRUCK_ROUTE_TYPE": "2" }, "geometry": { "type": "MultiLineString", "coordinates": [ [ [ -73.930312237019166, 40.802775220379552 ], [ -73.930249430044, 40.802821810909464 ] ] ] } },
{ "type": "Feature", "properties": { "Street": "1 AVENUE", "FeatureTyp": "0", "NonPed": " ", "TrafDir": "W", "SegmentID": "0349965", "PhysicalID": 201755.0, "StreetWidth_Min": null, "StreetWidth_Max": null, "Snow_Priority": "C", "Number_Travel_Lanes": "  ", "Number_Park_Lanes": "  ", "TRUCK_ROUTE_TYPE": " " }, "geometry": { "type": "MultiLineString", "coordinates": [ [ [ -73.930835219728735, 40.801925387481262 ], [ -73.930501514174239, 40.802323413179593 ], [ -73.930482628056239, 40.802393687660597 ], [ -73.930472076840445, 40.802460619147368 ] ] ] } },
{ "type": "Feature", "properties": { "Street": "HARLEM RIVER DRIVE EXIT 18 NB", "FeatureTyp": "0", "NonPed": "V", "TrafDir": "W", "SegmentID": "0349966", "PhysicalID": 200217.0, "StreetWidth_Min": 20.0, "StreetWidth_Max": 24.0, "Snow_Priority": "C", "Number_Travel_Lanes": " 2", "Number_Park_Lanes": "  ", "TRUCK_ROUTE_TYPE": " " }, "geometry": { "type": "MultiLineString", "coordinates": [ [ [ -73.929760045694209, 40.801330623587113 ], [ -73.929844253293936, 40.801514813133949 ] ] ] } },
{ "type": "Feature", "properties": { "Street": "HARLEM RIVER DRIVE EXIT 18 NB", "FeatureTyp": "0", "NonPed": "V", "TrafDir": "W", "SegmentID": "0349966", "PhysicalID": 200217.0, "StreetWidth_Min": 20.0, "StreetWidth_Max": 24.0, "Snow_Priority": "C", "Number_Travel_Lanes": " 2", "Number_Park_Lanes": "  ", "TRUCK_ROUTE_TYPE": " " }, "geometry": { "type": "MultiLineString", "coordinates": [ [ [ -73.929760045694209, 40.801330623587113 ], [ -73.929844253293936, 40.801514813133949 ] ] ] } },
{ "type": "Feature", "properties": { "Street": "FDR DRIVE EXIT 17 SOUTHBOUND", "FeatureTyp": "0", "NonPed": "V", "TrafDir": "A", "SegmentID": "0350461", "PhysicalID": 201745.0, "StreetWidth_Min": 18.0, "StreetWidth_Max": 20.0, "Snow_Priority": "V", "Number_Travel_Lanes": " 1", "Number_Park_Lanes": "  ", "TRUCK_ROUTE_TYPE": " " }, "geometry": { "type": "MultiLineString", "coordinates": [ [ [ -73.930403991012284, 40.801743684457442 ], [ -73.93039381375624, 40.801808105293347 ], [ -73.930377338112422, 40.801879941870226 ], [ -73.930362762193099, 40.80248637665148 ] ] ] } },
{ "type": "Feature", "properties": { "Street": "FDR DRIVE GREENWAY", "FeatureTyp": "0", "NonPed": "D", "TrafDir": "P", "SegmentID": "0357106", "PhysicalID": 134282.0, "StreetWidth_Min": null, "StreetWidth_Max": null, "Snow_Priority": " ", "Number_Travel_Lanes": "  ", "Number_Park_Lanes": "  ", "TRUCK_ROUTE_TYPE": " " }, "geometry": { "type": "MultiLineString", "coordinates": [ [ [ -73.928999774488787, 40.798313850183554 ], [ -73.928954201349555, 40.799354541077562 ] ] ] } },
{ "type": "Feature", "properties": { "Street": "FDR DRIVE GREENWAY", "FeatureTyp": "0", "NonPed": "D", "TrafDir": "P", "SegmentID": "0357108", "PhysicalID": 206184.0, "StreetWidth_Min": null, "StreetWidth_Max": null, "Snow_Priority": " ", "Number_Travel_Lanes": "  ", "Number_Park_Lanes": "  ", "TRUCK_ROUTE_TYPE": " " }, "geometry": { "type": "MultiLineString", "coordinates": [ [ [ -73.928954201349555, 40.799354541077562 ], [ -73.928959214116688, 40.799353965136369 ], [ -73.928964267450098, 40.799353655468316 ], [ -73.928969336887278, 40.799353613572443 ], [ -73.928974397887728, 40.799353839651566 ], [ -73.928979425951852, 40.799354332611259 ], [ -73.928984396739509, 40.799355090065163 ], [ -73.928989286187658, 40.799356108346565 ], [ -73.928994070627141, 40.799357382526075 ], [ -73.928998726897191, 40.799358906435565 ], [ -73.929003232457262, 40.799360672698022 ], [ -73.929007565496704, 40.799362672763166 ], [ -73.929011705039628, 40.799364896948944 ], [ -73.929015631047207, 40.799367334488352 ], [ -73.929019324514016, 40.799369973581619 ], [ -73.929022767560397, 40.799372801453195 ], [ -73.929025943519136, 40.799375804413771 ], [ -73.929028837015622, 40.799378967926323 ], [ -73.929030747165754, 40.799387597981266 ], [ -73.929032199353614, 40.7993962794026 ], [ -73.92903319123235, 40.79940499816194 ], [ -73.929033721198948, 40.799413740170536 ], [ -73.929033788396822, 40.799422491301939 ], [ -73.929033392717301, 40.799431237415156 ], [ -73.92903253479956, 40.799439964377143 ], [ -73.929039860877026, 40.799625809491751 ], [ -73.929062371962772, 40.799684911030873 ], [ -73.929063542790885, 40.799694702922473 ], [ -73.929064230780853, 40.799704521243847 ], [ -73.929064434969163, 40.799714352250803 ], [ -73.929064155069767, 40.799724182181237 ], [ -73.9290633914745, 40.799733997274565 ], [ -73.929062145251791, 40.799743783791065 ], [ -73.929060418146236, 40.799753528030863 ] ] ] } },
{ "type": "Feature", "properties": { "Street": "FDR DRIVE GREENWAY", "FeatureTyp": "0", "NonPed": "D", "TrafDir": "P", "SegmentID": "0357109", "PhysicalID": 206186.0, "StreetWidth_Min": null, "StreetWidth_Max": null, "Snow_Priority": " ", "Number_Travel_Lanes": "  ", "Number_Park_Lanes": "  ", "TRUCK_ROUTE_TYPE": " " }, "geometry": { "type": "MultiLineString", "coordinates": [ [ [ -73.928954201349555, 40.799354541077562 ], [ -73.928936567192068, 40.799757240841927 ] ] ] } },
{ "type": "Feature", "properties": { "Street": "FDR DRIVE GREENWAY", "FeatureTyp": "0", "NonPed": "D", "TrafDir": "P", "SegmentID": "0357110", "PhysicalID": 206188.0, "StreetWidth_Min": null, "StreetWidth_Max": null, "Snow_Priority": " ", "Number_Travel_Lanes": "  ", "Number_Park_Lanes": "  ", "TRUCK_ROUTE_TYPE": " " }, "geometry": { "type": "MultiLineString", "coordinates": [ [ [ -73.928936567192068, 40.799757240841927 ], [ -73.928936431333213, 40.799760335439046 ], [ -73.92903664668134, 40.800673417183035 ] ] ] } },
{ "type": "Feature", "properties": { "Street": "FDR DRIVE GREENWAY", "FeatureTyp": "0", "NonPed": "D", "TrafDir": "P", "SegmentID": "0357111", "PhysicalID": 206187.0, "StreetWidth_Min": null, "StreetWidth_Max": null, "Snow_Priority": " ", "Number_Travel_Lanes": "  ", "Number_Park_Lanes": "  ", "TRUCK_ROUTE_TYPE": " " }, "geometry": { "type": "MultiLineString", "coordinates": [ [ [ -73.928936567192068, 40.799757240841927 ], [ -73.929060418146236, 40.799753528030863 ] ] ] } },
{ "type": "Feature", "properties": { "Street": "FDR DRIVE GREENWAY", "FeatureTyp": "0", "NonPed": "D", "TrafDir": "P", "SegmentID": "0357112", "PhysicalID": 206189.0, "StreetWidth_Min": null, "StreetWidth_Max": null, "Snow_Priority": " ", "Number_Travel_Lanes": "  ", "Number_Park_Lanes": "  ", "TRUCK_ROUTE_TYPE": " " }, "geometry": { "type": "MultiLineString", "coordinates": [ [ [ -73.929060418146236, 40.799753528030863 ], [ -73.929068475303026, 40.79975747241857 ], [ -73.929076142348606, 40.799761842838791 ], [ -73.929083380347294, 40.799766617097212 ], [ -73.929090152542145, 40.799771770948716 ], [ -73.929096424541839, 40.799777278220425 ], [ -73.929102164495035, 40.799783110944723 ], [ -73.92910734325234, 40.799789239501301 ], [ -73.929111934514339, 40.799795632767328 ], [ -73.929115914965024, 40.799802258275911 ], [ -73.929119264389996, 40.799809082380584 ], [ -73.929121965779913, 40.799816070426417 ], [ -73.929124005415872, 40.799823186925892 ], [ -73.929125372939879, 40.799830395739164 ], [ -73.929126061406777, 40.799837660257595 ], [ -73.92912606732034, 40.799844943589576 ], [ -73.9291253906501, 40.799852208748042 ], [ -73.929124034832384, 40.799859418838153 ], [ -73.92912200675211, 40.799866537244675 ], [ -73.929119316708309, 40.799873527818072 ], [ -73.929115978361864, 40.79988035505788 ], [ -73.929112008665655, 40.799886984293089 ], [ -73.929106740195976, 40.799896183599216 ], [ -73.929102247084401, 40.799905617474678 ], [ -73.929098547284184, 40.7999152482246 ], [ -73.929095655578962, 40.799925037367409 ], [ -73.929093583523596, 40.799934945788628 ], [ -73.929092339397585, 40.799944933897208 ], [ -73.929091928172639, 40.799954961783591 ], [ -73.92909235149223, 40.799964989379355 ], [ -73.929093607665195, 40.799974976617122 ], [ -73.929095691672643, 40.799984883590831 ], [ -73.929098595187853, 40.799994670715115 ], [ -73.929102306609551, 40.800004298883387 ], [ -73.929106811108412, 40.800013729624339 ], [ -73.929112090685948, 40.800022925255334 ], [ -73.929118124246855, 40.800031849033232 ], [ -73.929125839680069, 40.80004003436359 ], [ -73.929132783116444, 40.800048609601248 ], [ -73.929138920570352, 40.800057532774055 ], [ -73.929144222001099, 40.800066760206647 ], [ -73.92914866145999, 40.800076246734555 ], [ -73.929152217217421, 40.800085945925055 ], [ -73.929154871868818, 40.800095810304576 ], [ -73.92915661242057, 40.800105791590894 ], [ -73.929157430352788, 40.800115840929635 ], [ -73.929157321661677, 40.800125909133286 ], [ -73.929156286878694, 40.800135946921969 ], [ -73.929154331068517, 40.800145905164612 ], [ -73.92915146380335, 40.800155735119574 ], [ -73.929147699117209, 40.800165388673037 ], [ -73.929143055436313, 40.800174818574554 ], [ -73.929139800685064, 40.800181473359082 ], [ -73.929137117051738, 40.80018827370229 ], [ -73.92913501569295, 40.80019519133279 ], [ -73.929133505345291, 40.800202197491608 ], [ -73.929132592287729, 40.800209263051691 ], [ -73.929132280316523, 40.800216358639084 ], [ -73.929132570728726, 40.800223454754878 ], [ -73.929133462317168, 40.800230521898079 ], [ -73.929134951375559, 40.800237530688037 ], [ -73.929137031713452, 40.800244451986799 ], [ -73.929139694682235, 40.800251257019973 ], [ -73.92914292921121, 40.80025791749668 ], [ -73.929146721853641, 40.800264405726914 ], [ -73.929175522750427, 40.800305403859682 ], [ -73.929179321569165, 40.80030971302179 ], [ -73.929182708493883, 40.800314216138148 ], [ -73.929185666453947, 40.800318890512763 ], [ -73.929188180541004, 40.800323712586319 ], [ -73.929190238083734, 40.800328658055193 ], [ -73.929191828711879, 40.800333701993821 ], [ -73.929192944408356, 40.800338818980329 ], [ -73.929193579549889, 40.800343983224629 ], [ -73.929193730935083, 40.800349168698517 ], [ -73.929193397801029, 40.800354349266726 ], [ -73.929192581826598, 40.800359498818693 ], [ -73.929191287124112, 40.800364591400246 ], [ -73.929189520218969, 40.800369601344293 ], [ -73.9291872900165, 40.800374503400256 ], [ -73.929184607757009, 40.800379272861278 ], [ -73.929181486959124, 40.800383885688859 ], [ -73.929177943352059, 40.800388318633857 ], [ -73.929174193486602, 40.800395801361432 ], [ -73.929171167860318, 40.800403471100573 ], [ -73.929168882418452, 40.800411287431508 ], [ -73.929167349205699, 40.800419209161795 ], [ -73.929166576302549, 40.800427194543666 ], [ -73.929166567782318, 40.800435201493706 ], [ -73.929167323690223, 40.800443187814942 ], [ -73.92916884004299, 40.800451111419093 ], [ -73.929171108849559, 40.800458930548309 ], [ -73.929174118153355, 40.800466603995481 ], [ -73.929177852095663, 40.800474091321021 ], [ -73.929210406202571, 40.800524621993155 ], [ -73.92921381390498, 40.8005307598889 ], [ -73.92921665007907, 40.800537063418574 ], [ -73.929218900916538, 40.800543501893557 ], [ -73.929220555459167, 40.800550043968194 ], [ -73.929221605651577, 40.800556657792519 ], [ -73.929222046380801, 40.80056331116711 ], [ -73.929221875500971, 40.800569971700135 ], [ -73.929221093843822, 40.800576606964796 ], [ -73.929219705214678, 40.800583184657334 ], [ -73.929217716373927, 40.800589672754306 ], [ -73.929215137003908, 40.800596039668392 ], [ -73.929211979662242, 40.800602254402285 ], [ -73.929208259720326, 40.80060828669955 ], [ -73.929203995288347, 40.800614107191969 ], [ -73.929199207127908, 40.800619687542387 ], [ -73.929193918549728, 40.800625000582905 ], [ -73.929188155301432, 40.800630020446917 ], [ -73.929181945441087, 40.800634722695186 ], [ -73.929175319201505, 40.800639084434806 ], [ -73.929168308842463, 40.800643084430568 ], [ -73.929160948493987, 40.8006467032085 ], [ -73.929153273989911, 40.800649923150509 ], [ -73.929145322693515, 40.800652728580289 ], [ -73.929137133315777, 40.800655105839539 ], [ -73.92912874572697, 40.800657043354562 ], [ -73.92903664668134, 40.800673417183035 ] ] ] } },
{ "type": "Feature", "properties": { "Street": "RANDALLS ISLAND GREENWAY", "FeatureTyp": "0", "NonPed": "D", "TrafDir": "P", "SegmentID": "0357682", "PhysicalID": 206631.0, "StreetWidth_Min": 12.0, "StreetWidth_Max": 15.0, "Snow_Priority": " ", "Number_Travel_Lanes": " 1", "Number_Park_Lanes": "  ", "TRUCK_ROUTE_TYPE": " " }, "geometry": { "type": "MultiLineString", "coordinates": [ [ [ -73.92534866771409, 40.800191067581899 ], [ -73.925608965106036, 40.800131671144477 ] ] ] } },
{ "type": "Feature", "properties": { "Street": "RANDALLS ISLAND GREENWAY", "FeatureTyp": "0", "NonPed": "D", "TrafDir": "P", "SegmentID": "0357683", "PhysicalID": 206629.0, "StreetWidth_Min": 12.0, "StreetWidth_Max": 15.0, "Snow_Priority": " ", "Number_Travel_Lanes": " 1", "Number_Park_Lanes": "  ", "TRUCK_ROUTE_TYPE": " " }, "geometry": { "type": "MultiLineString", "coordinates": [ [ [ -73.923574743917015, 40.800177342777083 ], [ -73.924022357126418, 40.800254530583345 ] ] ] } },
{ "type": "Feature", "properties": { "Street": "RANDALLS ISLAND GREENWAY", "FeatureTyp": "0", "NonPed": "D", "TrafDir": "P", "SegmentID": "0357684", "PhysicalID": 206632.0, "StreetWidth_Min": 12.0, "StreetWidth_Max": 15.0, "Snow_Priority": " ", "Number_Travel_Lanes": " 1", "Number_Park_Lanes": "  ", "TRUCK_ROUTE_TYPE": " " }, "geometry": { "type": "MultiLineString", "coordinates": [ [ [ -73.924022357126418, 40.800254530583345 ], [ -73.924116442602866, 40.800270461456996 ], [ -73.924211349113179, 40.800283275098039 ], [ -73.924306897892293, 40.80029294737087 ], [ -73.924402908965178, 40.800299460056799 ], [ -73.924499201485801, 40.800302800888581 ], [ -73.924595594078113, 40.800302963573465 ], [ -73.924691905177369, 40.800299947804938 ], [ -73.924787953361417, 40.80029375931943 ], [ -73.924883557728478, 40.800284409717968 ], [ -73.924978538198644, 40.800271916611536 ], [ -73.925072715867643, 40.800256303532016 ], [ -73.925165913343733, 40.800237599888035 ], [ -73.925257955081747, 40.800215840909715 ], [ -73.92534866771409, 40.800191067581899 ] ] ] } },
{ "type": "Feature", "properties": { "Street": "RANDALLS ISLAND GREENWAY", "FeatureTyp": "0", "NonPed": "D", "TrafDir": "P", "SegmentID": "0357685", "PhysicalID": 206630.0, "StreetWidth_Min": 12.0, "StreetWidth_Max": 15.0, "Snow_Priority": " ", "Number_Travel_Lanes": " 1", "Number_Park_Lanes": "  ", "TRUCK_ROUTE_TYPE": " " }, "geometry": { "type": "MultiLineString", "coordinates": [ [ [ -73.92534866771409, 40.800191067581899 ], [ -73.925379090782556, 40.800197100580533 ], [ -73.925408978615707, 40.80020451936106 ], [ -73.925438222013568, 40.800213296817979 ], [ -73.925466714130394, 40.800223400881372 ], [ -73.925494350865506, 40.800234794634484 ], [ -73.925521031243221, 40.800247436448466 ], [ -73.925546657781993, 40.800261280134357 ], [ -73.925571136850436, 40.800276275112019 ], [ -73.92559437900934, 40.800292366594839 ], [ -73.925616299338714, 40.800309495789882 ], [ -73.925636817747858, 40.800327600112652 ], [ -73.92565585924261, 40.800346613449726 ], [ -73.92567335427286, 40.800366466297554 ], [ -73.925689238916121, 40.800387086120274 ], [ -73.925703455133245, 40.800408397579545 ], [ -73.9257159509811, 40.80043032280998 ], [ -73.925726680802015, 40.800452781703633 ], [ -73.925735605390727, 40.800475692202518 ], [ -73.925742692137618, 40.800498970598682 ], [ -73.92574791514788, 40.800522531839768 ], [ -73.925751255336081, 40.800546289840028 ], [ -73.925752700496346, 40.800570157794567 ] ] ] } },
{ "type": "Feature", "properties": { "Street": "RANDALLS ISLAND GREENWAY", "FeatureTyp": "0", "NonPed": "D", "TrafDir": "P", "SegmentID": "0357686", "PhysicalID": 206636.0, "StreetWidth_Min": 12.0, "StreetWidth_Max": 15.0, "Snow_Priority": " ", "Number_Travel_Lanes": " 1", "Number_Park_Lanes": "  ", "TRUCK_ROUTE_TYPE": " " }, "geometry": { "type": "MultiLineString", "coordinates": [ [ [ -73.925752700496346, 40.800570157794567 ], [ -73.925764422242025, 40.800607194093075 ], [ -73.925772664699906, 40.800644768005739 ], [ -73.925777386513431, 40.80068269103203 ], [ -73.92577856398799, 40.80072077291959 ], [ -73.92577619121046, 40.80075882261869 ], [ -73.925770280078581, 40.800796649240866 ], [ -73.925760860241297, 40.800834063016445 ], [ -73.925747978950781, 40.800870876246641 ], [ -73.925731700824741, 40.800906904245132 ], [ -73.925712107584843, 40.800941966267423 ], [ -73.925689297460252, 40.800975886412857 ], [ -73.925663384881531, 40.80100849450853 ], [ -73.925634499844605, 40.801039626963643 ], [ -73.925602787258129, 40.801069127590324 ], [ -73.925568406217025, 40.801096848387147 ], [ -73.925531529204378, 40.801122650281677 ], [ -73.925492341225734, 40.801146403828412 ], [ -73.92545103888142, 40.801167989857895 ] ] ] } },
{ "type": "Feature", "properties": { "Street": "RANDALLS ISLAND GREENWAY", "FeatureTyp": "0", "NonPed": "D", "TrafDir": "P", "SegmentID": "0357687", "PhysicalID": 206638.0, "StreetWidth_Min": 12.0, "StreetWidth_Max": 15.0, "Snow_Priority": " ", "Number_Travel_Lanes": " 1", "Number_Park_Lanes": "  ", "TRUCK_ROUTE_TYPE": " " }, "geometry": { "type": "MultiLineString", "coordinates": [ [ [ -73.92545103888142, 40.801167989857895 ], [ -73.92533790837507, 40.801201257630929 ], [ -73.925223278656333, 40.801231416766029 ], [ -73.925107297599595, 40.801258428356803 ], [ -73.924990114823373, 40.801282257557325 ], [ -73.924871881497054, 40.801302873626987 ], [ -73.924752750145501, 40.801320249970296 ], [ -73.924632874452641, 40.801334364170984 ], [ -73.924512409166226, 40.801345197979636 ], [ -73.924391509590251, 40.801352737464526 ], [ -73.924270331690366, 40.801356972899399 ], [ -73.92414903179133, 40.801357898820356 ], [ -73.924027766375588, 40.801355514032878 ], [ -73.923906691880859, 40.801349821613535 ], [ -73.923785964498776, 40.801340828905708 ] ] ] } },
{ "type": "Feature", "properties": { "Street": "RANDALLS ISLAND GREENWAY", "FeatureTyp": "0", "NonPed": "D", "TrafDir": "P", "SegmentID": "0357688", "PhysicalID": 206652.0, "StreetWidth_Min": 12.0, "StreetWidth_Max": 15.0, "Snow_Priority": " ", "Number_Travel_Lanes": " 1", "Number_Park_Lanes": "  ", "TRUCK_ROUTE_TYPE": " " }, "geometry": { "type": "MultiLineString", "coordinates": [ [ [ -73.923785964498776, 40.801340828905708 ], [ -73.92376021310028, 40.80133994103943 ], [ -73.923734516548549, 40.801338386137928 ], [ -73.923708904756239, 40.801336166011211 ], [ -73.923683407537581, 40.801333283243665 ], [ -73.92365805457321, 40.801329741191111 ], [ -73.923632875375858, 40.801325543976702 ], [ -73.923607899256311, 40.801320696486371 ], [ -73.923583155321836, 40.801315204281728 ], [ -73.923558672346488, 40.801309073838169 ], [ -73.92353447883049, 40.801302312292023 ], [ -73.923510602936531, 40.801294927514228 ], [ -73.923487072458101, 40.801286928101177 ], [ -73.923463914786268, 40.80127832336489 ], [ -73.923441156878155, 40.801269123321852 ] ] ] } },
{ "type": "Feature", "properties": { "Street": "RANDALLS ISLAND GREENWAY", "FeatureTyp": "0", "NonPed": "D", "TrafDir": "P", "SegmentID": "0357689", "PhysicalID": 206703.0, "StreetWidth_Min": 12.0, "StreetWidth_Max": 15.0, "Snow_Priority": " ", "Number_Travel_Lanes": " 1", "Number_Park_Lanes": "  ", "TRUCK_ROUTE_TYPE": " " }, "geometry": { "type": "MultiLineString", "coordinates": [ [ [ -73.923441156878155, 40.801269123321852 ], [ -73.923424810498602, 40.80125111820378 ], [ -73.923410122286882, 40.801232305965186 ], [ -73.923397160977899, 40.801212774641989 ], [ -73.923385987225444, 40.80119261563523 ], [ -73.923376653317703, 40.801171923283128 ], [ -73.923369202933102, 40.801150794419776 ], [ -73.923363670935089, 40.801129327921927 ], [ -73.923360083210099, 40.801107624246235 ], [ -73.923358456545557, 40.801085784959199 ], [ -73.923358798551774, 40.801063912261824 ], [ -73.923361107626391, 40.801042108511353 ], [ -73.923365372961854, 40.801020475742348 ], [ -73.923371574595805, 40.800999115189057 ], [ -73.923379683504677, 40.800978126811771 ], [ -73.923389661739989, 40.800957608829044 ], [ -73.923401462605128, 40.800937657258075 ], [ -73.923415030874452, 40.800918365465286 ], [ -73.923430303051873, 40.800899823729573 ], [ -73.923447207667394, 40.800882118819736 ], [ -73.923465665612369, 40.800865333588376 ], [ -73.923485590509046, 40.800849546584331 ], [ -73.923506889115203, 40.800834831685137 ], [ -73.923529461760282, 40.800821257751025 ], [ -73.923583656018934, 40.800802567086777 ], [ -73.923636021156213, 40.800781075387505 ], [ -73.923686306841901, 40.800756885394485 ], [ -73.923734272687398, 40.800730112748042 ], [ -73.923779689395047, 40.800700885434821 ], [ -73.923822339853842, 40.800669343175734 ], [ -73.923862020178092, 40.80063563675818 ], [ -73.923878817690735, 40.800629453976015 ], [ -73.923894992183421, 40.800622376604842 ], [ -73.923910461286169, 40.800614440686765 ], [ -73.923925146221634, 40.800605686636096 ], [ -73.923938972205775, 40.800596159033617 ], [ -73.923951868829164, 40.800585906399334 ], [ -73.923963770415185, 40.800574980945626 ], [ -73.923974616354542, 40.800563438311137 ], [ -73.923984351414163, 40.800551337277639 ], [ -73.923992926018073, 40.800538739470447 ], [ -73.924000296500196, 40.800525709044756 ], [ -73.92400642532678, 40.800512312358805 ], [ -73.924011281286923, 40.800498617636087 ], [ -73.924014839652259, 40.800484694617758 ], [ -73.924017082302413, 40.800470614207562 ], [ -73.924017997817501, 40.80045644811068 ], [ -73.924017581536006, 40.800442268468707 ], [ -73.924015835578615, 40.80042814749207 ], [ -73.924012768837741, 40.800414157092455 ], [ -73.924022357126418, 40.800254530583345 ] ] ] } },
{ "type": "Feature", "properties": { "Street": "RANDALLS ISLAND GREENWAY", "FeatureTyp": "0", "NonPed": "D", "TrafDir": "P", "SegmentID": "0357696", "PhysicalID": 206635.0, "StreetWidth_Min": 12.0, "StreetWidth_Max": 15.0, "Snow_Priority": " ", "Number_Travel_Lanes": " 1", "Number_Park_Lanes": "  ", "TRUCK_ROUTE_TYPE": " " }, "geometry": { "type": "MultiLineString", "coordinates": [ [ [ -73.925752700496346, 40.800570157794567 ], [ -73.925930812799834, 40.800546447043885 ], [ -73.92593892062817, 40.800546916787482 ], [ -73.925946969513987, 40.800547794621458 ], [ -73.925954923926994, 40.80054907667089 ], [ -73.925962748754415, 40.800550757276433 ], [ -73.925970409455246, 40.800552829019381 ], [ -73.925977872212812, 40.800555282754537 ], [ -73.925985104084674, 40.800558107650424 ], [ -73.925992073146986, 40.800561291237116 ], [ -73.925998748636644, 40.800564819461407 ], [ -73.926005101085849, 40.800568676748732 ], [ -73.92601110245306, 40.800572846071908 ], [ -73.926016726246687, 40.80057730902638 ], [ -73.926021947641374, 40.800582045911355 ], [ -73.926026743588451, 40.800587035816989 ], [ -73.926031092917256, 40.800592256716286 ], [ -73.926163990922987, 40.800628556954614 ], [ -73.926173447382126, 40.80063211331975 ], [ -73.926182574248912, 40.800636136337125 ], [ -73.926191331701332, 40.800640608453698 ], [ -73.926199681529368, 40.800645510157047 ], [ -73.92620758730142, 40.80065082006027 ], [ -73.926215014523279, 40.800656514995552 ], [ -73.92622193078887, 40.800662570115001 ], [ -73.926228305921242, 40.800668958999275 ], [ -73.926234112104765, 40.800675653772686 ], [ -73.92623932400582, 40.800682625225001 ], [ -73.926243918883998, 40.800689842938674 ], [ -73.926247876690937, 40.800697275421683 ], [ -73.926251180157863, 40.800704890245079 ], [ -73.926253814871032, 40.800712654184082 ], [ -73.926255769334631, 40.800720533363453 ], [ -73.926257035020697, 40.800728493405082 ], [ -73.926257606406494, 40.800736499578043 ], [ -73.926257480998913, 40.800744516950125 ], [ -73.926256659344858, 40.800752510540192 ], [ -73.926255449518862, 40.800763731608974 ], [ -73.926253315476615, 40.800774872872779 ], [ -73.926250265629321, 40.8007858904177 ], [ -73.926246311997545, 40.800796740817262 ], [ -73.926241470164427, 40.800807381303891 ], [ -73.926235759213895, 40.800817769937332 ], [ -73.926229201655843, 40.800827865770046 ], [ -73.926221823336789, 40.800837629008512 ], [ -73.926213653338863, 40.800847021170192 ], [ -73.926204723864117, 40.800856005235168 ], [ -73.92619507010879, 40.800864545791995 ], [ -73.926184730123367, 40.800872609177361 ], [ -73.926173744663899, 40.800880163608809 ], [ -73.926175012668736, 40.800892503233577 ], [ -73.926175125210747, 40.800904880126843 ], [ -73.926174081721811, 40.800917231888754 ], [ -73.926171887462189, 40.800929496246027 ], [ -73.926168553494037, 40.800941611366127 ], [ -73.92616409662547, 40.800953516168804 ], [ -73.926158539325741, 40.800965150634113 ], [ -73.926151909612329, 40.800976456105104 ], [ -73.926144240909409, 40.800987375583418 ], [ -73.926135571879726, 40.800997854016757 ], [ -73.92612594622895, 40.801007838576339 ], [ -73.926121487022712, 40.801022517556987 ], [ -73.926115676531012, 40.801036920991265 ], [ -73.926108543691925, 40.801050977142971 ], [ -73.926100124029901, 40.801064616005377 ], [ -73.926090459478331, 40.801077769650121 ], [ -73.926079598170617, 40.801090372565412 ], [ -73.926067594201157, 40.801102361982288 ], [ -73.926054507355133, 40.801113678187363 ], [ -73.926040402811338, 40.801124264820089 ], [ -73.926025350817156, 40.801134069153555 ], [ -73.926009426338922, 40.801143042357133 ], [ -73.925992708688582, 40.801151139739602 ], [ -73.925975281128444, 40.801158320971687 ], [ -73.925962424116548, 40.801164453473952 ], [ -73.925950097016496, 40.801171185038015 ], [ -73.925938348096892, 40.80117848930535 ], [ -73.925927223362947, 40.801186337674935 ], [ -73.925916766375437, 40.801194699415205 ], [ -73.925907018080764, 40.801203541784396 ], [ -73.925898016650208, 40.801212830158711 ], [ -73.925889797330626, 40.801222528168061 ], [ -73.925882392306761, 40.801232597838172 ], [ -73.925789281919592, 40.801505104191996 ] ] ] } },
{ "type": "Feature", "properties": { "Street": "RANDALLS ISLAND GREENWAY", "FeatureTyp": "0", "NonPed": "D", "TrafDir": "P", "SegmentID": "0357697", "PhysicalID": 206637.0, "StreetWidth_Min": 12.0, "StreetWidth_Max": 15.0, "Snow_Priority": " ", "Number_Travel_Lanes": " 1", "Number_Park_Lanes": "  ", "TRUCK_ROUTE_TYPE": " " }, "geometry": { "type": "MultiLineString", "coordinates": [ [ [ -73.92545103888142, 40.801167989857895 ], [ -73.925483032854274, 40.801186714374673 ], [ -73.925514003549338, 40.801206407355998 ], [ -73.925543900233166, 40.801227036543345 ], [ -73.925572673931839, 40.801248568144466 ], [ -73.925600277510696, 40.801270966888929 ], [ -73.925626665751665, 40.801294196085877 ], [ -73.92565179542737, 40.801318217683885 ], [ -73.925675625454247, 40.801342992375062 ], [ -73.925698116710791, 40.801368479537508 ], [ -73.925719232352833, 40.801394637421083 ], [ -73.925738937789376, 40.801421423176784 ], [ -73.92575720073954, 40.801448792927168 ], [ -73.925773991285084, 40.80147670183807 ], [ -73.925789281919592, 40.801505104191996 ] ] ] } },
{ "type": "Feature", "properties": { "Street": "RANDALLS ISLAND GREENWAY", "FeatureTyp": "0", "NonPed": "D", "TrafDir": "P", "SegmentID": "0357726", "PhysicalID": 206646.0, "StreetWidth_Min": 12.0, "StreetWidth_Max": 15.0, "Snow_Priority": " ", "Number_Travel_Lanes": " 1", "Number_Park_Lanes": "  ", "TRUCK_ROUTE_TYPE": " " }, "geometry": { "type": "MultiLineString", "coordinates": [ [ [ -73.925789281919592, 40.801505104191996 ], [ -73.925722304697459, 40.801671532611884 ] ] ] } },
{ "type": "Feature", "properties": { "Street": "RANDALLS ISLAND GREENWAY", "FeatureTyp": "0", "NonPed": "D", "TrafDir": "P", "SegmentID": "0357727", "PhysicalID": 206648.0, "StreetWidth_Min": 12.0, "StreetWidth_Max": 15.0, "Snow_Priority": " ", "Number_Travel_Lanes": " 1", "Number_Park_Lanes": "  ", "TRUCK_ROUTE_TYPE": " " }, "geometry": { "type": "MultiLineString", "coordinates": [ [ [ -73.925722304697459, 40.801671532611884 ], [ -73.925717584174819, 40.801689917853572 ], [ -73.925711371940338, 40.801708045175936 ], [ -73.925703691919537, 40.80172584476027 ], [ -73.925694573691416, 40.801743248050016 ], [ -73.925684052374663, 40.801760188015052 ], [ -73.9256721684919, 40.801776599409614 ], [ -73.925658967813803, 40.801792419023812 ], [ -73.925644501183285, 40.801807585926888 ], [ -73.925628824318949, 40.80182204170216 ], [ -73.925611997600939, 40.801835730671861 ], [ -73.925594085838497, 40.801848600111491 ], [ -73.925575158026433, 40.801860600437763 ], [ -73.925555287061457, 40.801871685445853 ], [ -73.925534549478044, 40.801881812440733 ], [ -73.925513025148945, 40.801890942417167 ], [ -73.925490796977087, 40.801899040210074 ], [ -73.925467950576447, 40.801906074629962 ], [ -73.925444573942414, 40.801912018582904 ], [ -73.925420757112548, 40.801916849175129 ], [ -73.925396591819862, 40.801920547801096 ], [ -73.92537217113987, 40.801923100215134 ], [ -73.925347589131576, 40.801924496586281 ] ] ] } },
{ "type": "Feature", "properties": { "Street": "RANDALLS ISLAND GREENWAY", "FeatureTyp": "0", "NonPed": "D", "TrafDir": "P", "SegmentID": "0357728", "PhysicalID": 206647.0, "StreetWidth_Min": 12.0, "StreetWidth_Max": 15.0, "Snow_Priority": " ", "Number_Travel_Lanes": " 1", "Number_Park_Lanes": "  ", "TRUCK_ROUTE_TYPE": " " }, "geometry": { "type": "MultiLineString", "coordinates": [ [ [ -73.925722304697459, 40.801671532611884 ], [ -73.925347589131576, 40.801924496586281 ] ] ] } },
{ "type": "Feature", "properties": { "Street": "RANDALLS ISLAND GREENWAY", "FeatureTyp": "0", "NonPed": "D", "TrafDir": "P", "SegmentID": "0357729", "PhysicalID": 206649.0, "StreetWidth_Min": 12.0, "StreetWidth_Max": 15.0, "Snow_Priority": " ", "Number_Travel_Lanes": " 1", "Number_Park_Lanes": "  ", "TRUCK_ROUTE_TYPE": " " }, "geometry": { "type": "MultiLineString", "coordinates": [ [ [ -73.925789281919592, 40.801505104191996 ], [ -73.92559531797724, 40.801569646035176 ], [ -73.925566733828262, 40.801578162027425 ], [ -73.92553873139957, 40.801587729181868 ], [ -73.925511377586247, 40.801598324643571 ], [ -73.925484737733868, 40.801609923101047 ], [ -73.92545887548286, 40.801622496846761 ], [ -73.925433852615839, 40.801636015843378 ], [ -73.925409728910651, 40.801650447795282 ], [ -73.925384073964381, 40.801674524756194 ], [ -73.925357057731759, 40.801697725985903 ], [ -73.925328731920089, 40.801720007077662 ], [ -73.925299150743157, 40.80174132538567 ], [ -73.925268370817975, 40.801761640106911 ], [ -73.92523645105598, 40.801780912359234 ], [ -73.925203452550434, 40.80179910525564 ], [ -73.924959417665775, 40.801921634316628 ] ] ] } },
{ "type": "Feature", "properties": { "Street": "RANDALLS ISLAND GREENWAY", "FeatureTyp": "0", "NonPed": "D", "TrafDir": "P", "SegmentID": "0357730", "PhysicalID": 206650.0, "StreetWidth_Min": 12.0, "StreetWidth_Max": 15.0, "Snow_Priority": " ", "Number_Travel_Lanes": " 1", "Number_Park_Lanes": "  ", "TRUCK_ROUTE_TYPE": " " }, "geometry": { "type": "MultiLineString", "coordinates": [ [ [ -73.925347589131576, 40.801924496586281 ], [ -73.924959417665775, 40.801921634316628 ] ] ] } },
{ "type": "Feature", "properties": { "Street": "RANDALLS ISLAND GREENWAY", "FeatureTyp": "0", "NonPed": "D", "TrafDir": "P", "SegmentID": "0357731", "PhysicalID": 206651.0, "StreetWidth_Min": 12.0, "StreetWidth_Max": 15.0, "Snow_Priority": " ", "Number_Travel_Lanes": " 1", "Number_Park_Lanes": "  ", "TRUCK_ROUTE_TYPE": " " }, "geometry": { "type": "MultiLineString", "coordinates": [ [ [ -73.924959417665775, 40.801921634316628 ], [ -73.924459566396223, 40.801910253181731 ], [ -73.924406262734536, 40.801898811507591 ], [ -73.924352286823307, 40.801889363387424 ], [ -73.924297767697581, 40.801881931408019 ], [ -73.924242835691345, 40.801876533336291 ], [ -73.924187622125004, 40.801873182076861 ], [ -73.924132258992557, 40.801871885641269 ], [ -73.924076878645039, 40.801872647128818 ], [ -73.923915344757873, 40.801885881646768 ], [ -73.923899273033129, 40.801889216074507 ], [ -73.923882949457493, 40.80189174731624 ], [ -73.923866443465059, 40.801893464605058 ], [ -73.923849825265847, 40.80189436063624 ], [ -73.923833165547364, 40.801894431598441 ], [ -73.923816535173614, 40.80189367718981 ], [ -73.92380000488393, 40.801892100619298 ], [ -73.923783644991673, 40.801889708593045 ], [ -73.92376752508558, 40.80188651128578 ], [ -73.923751713733438, 40.801882522297682 ], [ -73.923736278190717, 40.801877758596277 ], [ -73.923704685690154, 40.801870738152118 ], [ -73.923673506430319, 40.801862721588066 ], [ -73.923642794776697, 40.801853722882235 ], [ -73.923612604279313, 40.801843757725209 ], [ -73.92358298757965, 40.801832843492683 ], [ -73.923553996318603, 40.801820999215259 ], [ -73.923525681046328, 40.801808245545161 ] ] ] } },
{ "type": "Feature", "properties": { "Street": "RANDALLS ISLAND GREENWAY", "FeatureTyp": "0", "NonPed": "D", "TrafDir": "P", "SegmentID": "0357732", "PhysicalID": 206710.0, "StreetWidth_Min": 12.0, "StreetWidth_Max": 15.0, "Snow_Priority": " ", "Number_Travel_Lanes": " 1", "Number_Park_Lanes": "  ", "TRUCK_ROUTE_TYPE": " " }, "geometry": { "type": "MultiLineString", "coordinates": [ [ [ -73.923525681046328, 40.801808245545161 ], [ -73.923518140904122, 40.801797801082301 ], [ -73.923511185372718, 40.8017871249289 ], [ -73.92350482675532, 40.801776235969804 ], [ -73.923499076299194, 40.801765153466263 ], [ -73.923493944175988, 40.801753897021797 ], [ -73.923489439463296, 40.80174248654771 ], [ -73.923485570129202, 40.801730942227678 ], [ -73.923482343131127, 40.801719284385442 ], [ -73.923479764069057, 40.801707533742466 ], [ -73.923477837504421, 40.801695711084143 ], [ -73.923476566844769, 40.801683837323218 ], [ -73.92347595433742, 40.801671933462785 ], [ -73.923476001065509, 40.801660020559275 ], [ -73.923476706946047, 40.801648119684977 ] ] ] } },
{ "type": "Feature", "properties": { "Street": "RANDALLS ISLAND GREENWAY", "FeatureTyp": "0", "NonPed": "D", "TrafDir": "P", "SegmentID": "0357733", "PhysicalID": 206718.0, "StreetWidth_Min": 12.0, "StreetWidth_Max": 15.0, "Snow_Priority": " ", "Number_Travel_Lanes": " 1", "Number_Park_Lanes": "  ", "TRUCK_ROUTE_TYPE": " " }, "geometry": { "type": "MultiLineString", "coordinates": [ [ [ -73.923476706946047, 40.801648119684977 ], [ -73.923529565841079, 40.801482725648157 ] ] ] } },
{ "type": "Feature", "properties": { "Street": "RANDALLS ISLAND GREENWAY", "FeatureTyp": "0", "NonPed": "D", "TrafDir": "P", "SegmentID": "0357734", "PhysicalID": 206702.0, "StreetWidth_Min": 12.0, "StreetWidth_Max": 15.0, "Snow_Priority": " ", "Number_Travel_Lanes": " 1", "Number_Park_Lanes": "  ", "TRUCK_ROUTE_TYPE": " " }, "geometry": { "type": "MultiLineString", "coordinates": [ [ [ -73.923529565841079, 40.801482725648157 ], [ -73.923785964498776, 40.801340828905708 ] ] ] } },
{ "type": "Feature", "properties": { "Street": "RANDALLS ISLAND GREENWAY", "FeatureTyp": "0", "NonPed": "D", "TrafDir": "P", "SegmentID": "0357804", "PhysicalID": 206701.0, "StreetWidth_Min": 12.0, "StreetWidth_Max": 15.0, "Snow_Priority": " ", "Number_Travel_Lanes": " 1", "Number_Park_Lanes": "  ", "TRUCK_ROUTE_TYPE": " " }, "geometry": { "type": "MultiLineString", "coordinates": [ [ [ -73.923529565841079, 40.801482725648157 ], [ -73.923441156878155, 40.801269123321852 ] ] ] } },
{ "type": "Feature", "properties": { "Street": "RANDALLS ISLAND GREENWAY", "FeatureTyp": "0", "NonPed": "D", "TrafDir": "P", "SegmentID": "0357809", "PhysicalID": 206709.0, "StreetWidth_Min": 12.0, "StreetWidth_Max": 15.0, "Snow_Priority": " ", "Number_Travel_Lanes": " 1", "Number_Park_Lanes": "  ", "TRUCK_ROUTE_TYPE": " " }, "geometry": { "type": "MultiLineString", "coordinates": [ [ [ -73.923525681046328, 40.801808245545161 ], [ -73.92330349894452, 40.801834359484886 ] ] ] } },
{ "type": "Feature", "properties": { "Street": "RANDALLS ISLAND GREENWAY", "FeatureTyp": "0", "NonPed": "D", "TrafDir": "P", "SegmentID": "0357815", "PhysicalID": 206720.0, "StreetWidth_Min": 12.0, "StreetWidth_Max": 15.0, "Snow_Priority": " ", "Number_Travel_Lanes": " 1", "Number_Park_Lanes": "  ", "TRUCK_ROUTE_TYPE": " " }, "geometry": { "type": "MultiLineString", "coordinates": [ [ [ -73.92330349894452, 40.801834359484886 ], [ -73.923311349540242, 40.801818998308548 ], [ -73.92331995568712, 40.801803872640569 ], [ -73.923329305179848, 40.801789003931333 ], [ -73.923339384758819, 40.801774413266756 ], [ -73.92335018012966, 40.80176012133844 ], [ -73.923361675982278, 40.801746148414409 ], [ -73.923373856013654, 40.801732514310068 ], [ -73.923386703023738, 40.80171923839837 ], [ -73.923400198718156, 40.801706339470641 ], [ -73.923414323957829, 40.801693835819357 ], [ -73.923429058710965, 40.801681745176339 ], [ -73.923444382081257, 40.801670084687771 ], [ -73.923460272337806, 40.801658870889753 ], [ -73.923476706946047, 40.801648119684977 ] ] ] } },
{ "type": "Feature", "properties": { "Street": "RANDALLS ISLAND GREENWAY", "FeatureTyp": "0", "NonPed": "D", "TrafDir": "P", "SegmentID": "0357818", "PhysicalID": 206723.0, "StreetWidth_Min": 12.0, "StreetWidth_Max": 15.0, "Snow_Priority": " ", "Number_Travel_Lanes": " 1", "Number_Park_Lanes": "  ", "TRUCK_ROUTE_TYPE": " " }, "geometry": { "type": "MultiLineString", "coordinates": [ [ [ -73.92284468034093, 40.801805740343312 ], [ -73.923052499122704, 40.801855913435816 ], [ -73.923069025951776, 40.80185977640933 ], [ -73.923085848818999, 40.801862813119151 ], [ -73.923102896267494, 40.801865010666567 ], [ -73.92312009588656, 40.801866359717245 ], [ -73.923137374618989, 40.801866854540961 ], [ -73.923154659071585, 40.801866493035909 ], [ -73.923171875826824, 40.801865276737608 ], [ -73.923188951754838, 40.801863210812421 ], [ -73.923205814323936, 40.801860304035543 ], [ -73.92330349894452, 40.801834359484886 ] ] ] } },
{ "type": "Feature", "properties": { "Street": "RANDALLS ISLAND GREENWAY", "FeatureTyp": "0", "NonPed": "D", "TrafDir": "P", "SegmentID": "0357822", "PhysicalID": 206728.0, "StreetWidth_Min": 12.0, "StreetWidth_Max": 15.0, "Snow_Priority": " ", "Number_Travel_Lanes": " 1", "Number_Park_Lanes": "  ", "TRUCK_ROUTE_TYPE": " " }, "geometry": { "type": "MultiLineString", "coordinates": [ [ [ -73.922239244968878, 40.801529907814036 ], [ -73.922271253244787, 40.801560785504108 ], [ -73.922305482681736, 40.80159025541014 ], [ -73.922341826261032, 40.801618225391735 ], [ -73.922380170353392, 40.801644607998078 ], [ -73.922420395074496, 40.801669320741247 ], [ -73.922462374659617, 40.801692286354303 ], [ -73.922505977856801, 40.801713433032795 ], [ -73.922551068335082, 40.801732694639568 ], [ -73.922597505115831, 40.801750010970792 ], [ -73.92264514301003, 40.801765327885001 ], [ -73.922693833072969, 40.801778597491989 ], [ -73.922743423069846, 40.801789778302791 ], [ -73.922793757951808, 40.801798835359257 ], [ -73.92284468034093, 40.801805740343312 ] ] ] } },
{ "type": "Feature", "properties": { "Street": "RANDALLS ISLAND GREENWAY", "FeatureTyp": "0", "NonPed": "D", "TrafDir": "P", "SegmentID": "0357825", "PhysicalID": 206727.0, "StreetWidth_Min": 12.0, "StreetWidth_Max": 15.0, "Snow_Priority": " ", "Number_Travel_Lanes": " 1", "Number_Park_Lanes": "  ", "TRUCK_ROUTE_TYPE": " " }, "geometry": { "type": "MultiLineString", "coordinates": [ [ [ -73.922239244968878, 40.801529907814036 ], [ -73.922287965550112, 40.801541334744002 ], [ -73.922336095978025, 40.801554124601289 ], [ -73.922383570251768, 40.8015682598474 ], [ -73.922430323270035, 40.801583721098822 ], [ -73.922476290920471, 40.801600487153728 ], [ -73.922521410167462, 40.801618535020985 ], [ -73.922565619138851, 40.801637839951752 ], [ -73.922608857302833, 40.801658375376014 ], [ -73.922651065278671, 40.80168011323353 ], [ -73.922692185185923, 40.801703023715326 ], [ -73.922732160635704, 40.801727075404351 ], [ -73.922770936808618, 40.801752235318602 ], [ -73.922808460529552, 40.801778468956329 ], [ -73.92284468034093, 40.801805740343312 ] ] ] } },
{ "type": "Feature", "properties": { "Street": "RANDALLS ISLAND GREENWAY", "FeatureTyp": "0", "NonPed": "D", "TrafDir": "P", "SegmentID": "0358232", "PhysicalID": 207004.0, "StreetWidth_Min": 12.0, "StreetWidth_Max": 15.0, "Snow_Priority": " ", "Number_Travel_Lanes": " 1", "Number_Park_Lanes": "  ", "TRUCK_ROUTE_TYPE": " " }, "geometry": { "type": "MultiLineString", "coordinates": [ [ [ -73.921832993130138, 40.801334726107335 ], [ -73.921941574487121, 40.801433131745476 ], [ -73.921948053895861, 40.801439702663728 ], [ -73.921955134510895, 40.801445905032395 ], [ -73.921962780146998, 40.801451707154449 ], [ -73.921970951731566, 40.801457079378302 ], [ -73.921979607503843, 40.801461994249308 ], [ -73.921988703229061, 40.801466426650173 ], [ -73.921998192423544, 40.801470353929183 ], [ -73.922008026593218, 40.80147375601608 ], [ -73.922018155480771, 40.801476615524514 ], [ -73.922028527322837, 40.801478917841123 ], [ -73.922039089114151, 40.801480651199874 ], [ -73.922049786878915, 40.801481806742551 ], [ -73.92206056594658, 40.801482378563705 ], [ -73.922239244968878, 40.801529907814036 ] ] ] } },
{ "type": "Feature", "properties": { "Street": "RANDALLS ISLAND GREENWAY", "FeatureTyp": "0", "NonPed": "D", "TrafDir": "P", "SegmentID": "0358258", "PhysicalID": 207001.0, "StreetWidth_Min": null, "StreetWidth_Max": null, "Snow_Priority": " ", "Number_Travel_Lanes": "  ", "Number_Park_Lanes": "  ", "TRUCK_ROUTE_TYPE": " " }, "geometry": { "type": "MultiLineString", "coordinates": [ [ [ -73.916629253684633, 40.797525955485725 ], [ -73.91735144478524, 40.798020770020614 ], [ -73.917376174230341, 40.798038891317063 ], [ -73.917402276112767, 40.798055864614184 ], [ -73.917429658301401, 40.798071630001182 ], [ -73.917458224145776, 40.798086131830701 ], [ -73.917487872817304, 40.798099318915419 ], [ -73.917518499665206, 40.798111144708713 ], [ -73.91754999658572, 40.798121567468762 ], [ -73.918535513988402, 40.798536071759251 ], [ -73.918554716754159, 40.79854001925024 ], [ -73.918574233803909, 40.798542944157148 ], [ -73.918593970963713, 40.798544832366794 ], [ -73.918613832998147, 40.798545674768157 ], [ -73.91863372406867, 40.798545467296499 ], [ -73.918653548196971, 40.798544210952883 ], [ -73.918673209727586, 40.798541911799447 ], [ -73.918692613789887, 40.798538580930064 ], [ -73.918711666755442, 40.798534234416813 ], [ -73.918730276689814, 40.798528893232501 ], [ -73.918748353796687, 40.798522583149364 ], [ -73.918765810850601, 40.798515334614848 ], [ -73.918782563618052, 40.798507182604503 ], [ -73.918798531264002, 40.798498166453328 ], [ -73.918813636741788, 40.798488329666 ], [ -73.918827807165115, 40.798477719706867 ], [ -73.918840974159551, 40.798466387770944 ] ] ] } },
{ "type": "Feature", "properties": { "Street": "RANDALLS ISLAND GREENWAY", "FeatureTyp": "0", "NonPed": "D", "TrafDir": "P", "SegmentID": "0358265", "PhysicalID": 207025.0, "StreetWidth_Min": null, "StreetWidth_Max": null, "Snow_Priority": " ", "Number_Travel_Lanes": "  ", "Number_Park_Lanes": "  ", "TRUCK_ROUTE_TYPE": " " }, "geometry": { "type": "MultiLineString", "coordinates": [ [ [ -73.921310730452618, 40.800595753011372 ], [ -73.921365271492661, 40.800621873278686 ], [ -73.921417628513169, 40.80065045804875 ], [ -73.921467608925184, 40.800681402177716 ], [ -73.921515028881146, 40.800714591842919 ], [ -73.921559713950785, 40.800749904961854 ], [ -73.921601499763128, 40.800787211640937 ], [ -73.9216402326105, 40.800826374653461 ], [ -73.921675770014701, 40.800867249944197 ], [ -73.921707981250393, 40.800909687159333 ], [ -73.921736747904859, 40.800953530105126 ], [ -73.921761964086215, 40.800998617608741 ], [ -73.921783537032653, 40.801044783821411 ], [ -73.921801387382956, 40.801091858926064 ], [ -73.921815449468497, 40.801139669761987 ], [ -73.921825671555084, 40.801188040461916 ], [ -73.921832016033477, 40.801236793098681 ], [ -73.921834459557473, 40.801285748339851 ], [ -73.921832993130138, 40.801334726107335 ] ] ] } },
{ "type": "Feature", "properties": { "Street": "RANDALLS ISLAND GREENWAY", "FeatureTyp": "0", "NonPed": "D", "TrafDir": "P", "SegmentID": "0358284", "PhysicalID": 207024.0, "StreetWidth_Min": null, "StreetWidth_Max": null, "Snow_Priority": " ", "Number_Travel_Lanes": "  ", "Number_Park_Lanes": "  ", "TRUCK_ROUTE_TYPE": " " }, "geometry": { "type": "MultiLineString", "coordinates": [ [ [ -73.921310730452618, 40.800595753011372 ], [ -73.921337817034996, 40.800652274433808 ], [ -73.92136654020095, 40.800708327335649 ], [ -73.921396885934357, 40.800763884356634 ], [ -73.921428839426767, 40.800818918378255 ], [ -73.921462385085093, 40.800873402537334 ], [ -73.921497506538998, 40.800927310239047 ], [ -73.921534186648515, 40.80098061516982 ], [ -73.92157240760838, 40.801033291229494 ], [ -73.921612150668039, 40.8010853127847 ], [ -73.921653396431225, 40.801136654442487 ], [ -73.921696124768417, 40.801187291141609 ], [ -73.921740314825939, 40.801237198164785 ], [ -73.921785945036575, 40.80128635115107 ], [ -73.921832993130138, 40.801334726107335 ] ] ] } },
{ "type": "Feature", "properties": { "Street": "RANDALLS ISLAND GREENWAY", "FeatureTyp": "0", "NonPed": "D", "TrafDir": "P", "SegmentID": "0358292", "PhysicalID": 207039.0, "StreetWidth_Min": null, "StreetWidth_Max": null, "Snow_Priority": " ", "Number_Travel_Lanes": "  ", "Number_Park_Lanes": "  ", "TRUCK_ROUTE_TYPE": " " }, "geometry": { "type": "MultiLineString", "coordinates": [ [ [ -73.919992224564822, 40.798069314489879 ], [ -73.919929061531803, 40.798205417425315 ], [ -73.919495798774832, 40.798703074245921 ] ] ] } },
{ "type": "Feature", "properties": { "Street": "RANDALLS ISLAND GREENWAY", "FeatureTyp": "0", "NonPed": "D", "TrafDir": "P", "SegmentID": "0358293", "PhysicalID": 207045.0, "StreetWidth_Min": null, "StreetWidth_Max": null, "Snow_Priority": " ", "Number_Travel_Lanes": "  ", "Number_Park_Lanes": "  ", "TRUCK_ROUTE_TYPE": " " }, "geometry": { "type": "MultiLineString", "coordinates": [ [ [ -73.920825365236936, 40.799833335925911 ], [ -73.921310730452618, 40.800595753011372 ] ] ] } },
{ "type": "Feature", "properties": { "Street": "RANDALLS ISLAND GREENWAY", "FeatureTyp": "0", "NonPed": "D", "TrafDir": "P", "SegmentID": "0358294", "PhysicalID": 207045.0, "StreetWidth_Min": null, "StreetWidth_Max": null, "Snow_Priority": " ", "Number_Travel_Lanes": "  ", "Number_Park_Lanes": "  ", "TRUCK_ROUTE_TYPE": " " }, "geometry": { "type": "MultiLineString", "coordinates": [ [ [ -73.919495798774832, 40.798703074245921 ], [ -73.919490817521961, 40.798717539808735 ], [ -73.919487179122626, 40.798732234604344 ], [ -73.91948490137932, 40.798747086735062 ], [ -73.91948399543719, 40.798762023533349 ], [ -73.919484465729937, 40.798776971917349 ], [ -73.919486309957321, 40.798791858748473 ], [ -73.919489519097027, 40.798806611189278 ], [ -73.919494077448363, 40.798821157059763 ], [ -73.919499962709281, 40.798835425190632 ], [ -73.919507146085621, 40.798849345771359 ], [ -73.919515592431566, 40.798862850691989 ], [ -73.919525260422049, 40.798875873876128 ], [ -73.919536102754307, 40.798888351604454 ], [ -73.919548066380301, 40.798900222826333 ], [ -73.919561092765122, 40.798911429458641 ], [ -73.919575118174208, 40.798921916669855 ], [ -73.919590073984978, 40.798931633148456 ], [ -73.9196058870223, 40.798940531353871 ], [ -73.919622479916868, 40.79894856774915 ], [ -73.920296125524203, 40.799311187353744 ], [ -73.920341129073776, 40.79934311689378 ], [ -73.920384371528712, 40.799376422204702 ], [ -73.92042578011808, 40.799411047240497 ], [ -73.920465285156581, 40.799446933734131 ], [ -73.920502820161815, 40.799484021295676 ], [ -73.920538321966561, 40.799522247514048 ], [ -73.920571730824463, 40.799561548061746 ], [ -73.920825365236936, 40.799833335925911 ] ] ] } },
{ "type": "Feature", "properties": { "Street": "RFK BRDG BRONX PED AND BIKE PATH", "FeatureTyp": "0", "NonPed": "D", "TrafDir": "P", "SegmentID": "0358304", "PhysicalID": 207041.0, "StreetWidth_Min": null, "StreetWidth_Max": null, "Snow_Priority": " ", "Number_Travel_Lanes": "  ", "Number_Park_Lanes": "  ", "TRUCK_ROUTE_TYPE": " " }, "geometry": { "type": "MultiLineString", "coordinates": [ [ [ -73.919783665174535, 40.798132930968492 ], [ -73.919365828591808, 40.79870566006106 ] ] ] } },
{ "type": "Feature", "properties": { "Street": "RFK BRDG BRONX PED AND BIKE PATH", "FeatureTyp": "0", "NonPed": "D", "TrafDir": "P", "SegmentID": "0358305", "PhysicalID": 207046.0, "StreetWidth_Min": null, "StreetWidth_Max": null, "Snow_Priority": " ", "Number_Travel_Lanes": "  ", "Number_Park_Lanes": "  ", "TRUCK_ROUTE_TYPE": " " }, "geometry": { "type": "MultiLineString", "coordinates": [ [ [ -73.919365828591808, 40.79870566006106 ], [ -73.919237857704331, 40.798881067604796 ] ] ] } },
{ "type": "Feature", "properties": { "Street": "ROBERT F KENNEDY BRIDGE", "FeatureTyp": "0", "NonPed": "V", "TrafDir": "W", "SegmentID": "0358306", "PhysicalID": 207040.0, "StreetWidth_Min": 40.0, "StreetWidth_Max": 42.0, "Snow_Priority": "C", "Number_Travel_Lanes": " 4", "Number_Park_Lanes": "  ", "TRUCK_ROUTE_TYPE": "3" }, "geometry": { "type": "MultiLineString", "coordinates": [ [ [ -73.919145738294333, 40.798838987267288 ], [ -73.919270369995019, 40.798671819357651 ] ] ] } },
{ "type": "Feature", "properties": { "Street": "ROBERT F KENNEDY BRIDGE", "FeatureTyp": "0", "NonPed": "V", "TrafDir": "W", "SegmentID": "0358307", "PhysicalID": 207048.0, "StreetWidth_Min": 40.0, "StreetWidth_Max": 42.0, "Snow_Priority": "C", "Number_Travel_Lanes": " 4", "Number_Park_Lanes": "  ", "TRUCK_ROUTE_TYPE": "3" }, "geometry": { "type": "MultiLineString", "coordinates": [ [ [ -73.919270369995019, 40.798671819357651 ], [ -73.919845845330713, 40.79789992723645 ] ] ] } },
{ "type": "Feature", "properties": { "Street": "ROBERT F KENNEDY BRIDGE", "FeatureTyp": "0", "NonPed": "V", "TrafDir": "T", "SegmentID": "0358308", "PhysicalID": null, "StreetWidth_Min": null, "StreetWidth_Max": null, "Snow_Priority": "C", "Number_Travel_Lanes": "  ", "Number_Park_Lanes": "  ", "TRUCK_ROUTE_TYPE": " " }, "geometry": { "type": "MultiLineString", "coordinates": [ [ [ -73.919065602674664, 40.798802797224333 ], [ -73.919178043697315, 40.798651025643963 ] ] ] } },
{ "type": "Feature", "properties": { "Street": "ROBERT F KENNEDY BRIDGE", "FeatureTyp": "0", "NonPed": "V", "TrafDir": "T", "SegmentID": "0358309", "PhysicalID": null, "StreetWidth_Min": null, "StreetWidth_Max": null, "Snow_Priority": "C", "Number_Travel_Lanes": "  ", "Number_Park_Lanes": "  ", "TRUCK_ROUTE_TYPE": " " }, "geometry": { "type": "MultiLineString", "coordinates": [ [ [ -73.919178043697315, 40.798651025643963 ], [ -73.919761568210163, 40.797863378525633 ] ] ] } },
{ "type": "Feature", "properties": { "Street": "ROBERT F KENNEDY BRIDGE", "FeatureTyp": "0", "NonPed": "V", "TrafDir": "A", "SegmentID": "0358310", "PhysicalID": 207042.0, "StreetWidth_Min": 40.0, "StreetWidth_Max": 42.0, "Snow_Priority": "C", "Number_Travel_Lanes": " 4", "Number_Park_Lanes": "  ", "TRUCK_ROUTE_TYPE": "3" }, "geometry": { "type": "MultiLineString", "coordinates": [ [ [ -73.918994968485322, 40.798771842785726 ], [ -73.919105810297211, 40.798619787169528 ] ] ] } },
{ "type": "Feature", "properties": { "Street": "ROBERT F KENNEDY BRIDGE", "FeatureTyp": "0", "NonPed": "V", "TrafDir": "A", "SegmentID": "0358311", "PhysicalID": 207089.0, "StreetWidth_Min": 40.0, "StreetWidth_Max": 42.0, "Snow_Priority": "C", "Number_Travel_Lanes": " 4", "Number_Park_Lanes": "  ", "TRUCK_ROUTE_TYPE": "3" }, "geometry": { "type": "MultiLineString", "coordinates": [ [ [ -73.919105810297211, 40.798619787169528 ], [ -73.919680734190266, 40.797831084012095 ] ] ] } },
{ "type": "Feature", "properties": { "Street": "RFK BRDG BRONX PED AND BIKE PATH", "FeatureTyp": "0", "NonPed": "D", "TrafDir": "P", "SegmentID": "0358312", "PhysicalID": 207090.0, "StreetWidth_Min": null, "StreetWidth_Max": null, "Snow_Priority": " ", "Number_Travel_Lanes": "  ", "Number_Park_Lanes": "  ", "TRUCK_ROUTE_TYPE": " " }, "geometry": { "type": "MultiLineString", "coordinates": [ [ [ -73.919453085886701, 40.797995410465575 ], [ -73.919017685053532, 40.798593310295011 ] ] ] } },
{ "type": "Feature", "properties": { "Street": "RFK BRDG BRONX PED AND BIKE PATH", "FeatureTyp": "0", "NonPed": "D", "TrafDir": "P", "SegmentID": "0358313", "PhysicalID": 207094.0, "StreetWidth_Min": null, "StreetWidth_Max": null, "Snow_Priority": " ", "Number_Travel_Lanes": "  ", "Number_Park_Lanes": "  ", "TRUCK_ROUTE_TYPE": " " }, "geometry": { "type": "MultiLineString", "coordinates": [ [ [ -73.919017685053532, 40.798593310295011 ], [ -73.918910761035804, 40.798740137953594 ] ] ] } },
{ "type": "Feature", "properties": { "Street": "RANDALLS ISLAND GREENWAY", "FeatureTyp": "0", "NonPed": "D", "TrafDir": "P", "SegmentID": "0358314", "PhysicalID": 207044.0, "StreetWidth_Min": null, "StreetWidth_Max": null, "Snow_Priority": " ", "Number_Travel_Lanes": "  ", "Number_Park_Lanes": "  ", "TRUCK_ROUTE_TYPE": " " }, "geometry": { "type": "MultiLineString", "coordinates": [ [ [ -73.919495798774832, 40.798703074245921 ], [ -73.919365828591808, 40.79870566006106 ] ] ] } },
{ "type": "Feature", "properties": { "Street": "RANDALLS ISLAND GREENWAY", "FeatureTyp": "0", "NonPed": "D", "TrafDir": "P", "SegmentID": "0358315", "PhysicalID": 207047.0, "StreetWidth_Min": null, "StreetWidth_Max": null, "Snow_Priority": " ", "Number_Travel_Lanes": "  ", "Number_Park_Lanes": "  ", "TRUCK_ROUTE_TYPE": " " }, "geometry": { "type": "MultiLineString", "coordinates": [ [ [ -73.919365828591808, 40.79870566006106 ], [ -73.919270369995019, 40.798671819357651 ] ] ] } },
{ "type": "Feature", "properties": { "Street": "RANDALLS ISLAND GREENWAY", "FeatureTyp": "0", "NonPed": "D", "TrafDir": "P", "SegmentID": "0358364", "PhysicalID": 207081.0, "StreetWidth_Min": null, "StreetWidth_Max": null, "Snow_Priority": " ", "Number_Travel_Lanes": "  ", "Number_Park_Lanes": "  ", "TRUCK_ROUTE_TYPE": " " }, "geometry": { "type": "MultiLineString", "coordinates": [ [ [ -73.919270369995019, 40.798671819357651 ], [ -73.919178043697315, 40.798651025643963 ] ] ] } },
{ "type": "Feature", "properties": { "Street": "RANDALLS ISLAND GREENWAY", "FeatureTyp": "0", "NonPed": "D", "TrafDir": "P", "SegmentID": "0358372", "PhysicalID": 207081.0, "StreetWidth_Min": null, "StreetWidth_Max": null, "Snow_Priority": " ", "Number_Travel_Lanes": "  ", "Number_Park_Lanes": "  ", "TRUCK_ROUTE_TYPE": " " }, "geometry": { "type": "MultiLineString", "coordinates": [ [ [ -73.919178043697315, 40.798651025643963 ], [ -73.919105810297211, 40.798619787169528 ] ] ] } },
{ "type": "Feature", "properties": { "Street": "RANDALLS ISLAND GREENWAY", "FeatureTyp": "0", "NonPed": "D", "TrafDir": "P", "SegmentID": "0358373", "PhysicalID": 207093.0, "StreetWidth_Min": null, "StreetWidth_Max": null, "Snow_Priority": " ", "Number_Travel_Lanes": "  ", "Number_Park_Lanes": "  ", "TRUCK_ROUTE_TYPE": " " }, "geometry": { "type": "MultiLineString", "coordinates": [ [ [ -73.919105810297211, 40.798619787169528 ], [ -73.919017685053532, 40.798593310295011 ] ] ] } },
{ "type": "Feature", "properties": { "Street": "RANDALLS ISLAND GREENWAY", "FeatureTyp": "0", "NonPed": "D", "TrafDir": "P", "SegmentID": "0358384", "PhysicalID": 207100.0, "StreetWidth_Min": null, "StreetWidth_Max": null, "Snow_Priority": " ", "Number_Travel_Lanes": "  ", "Number_Park_Lanes": "  ", "TRUCK_ROUTE_TYPE": " " }, "geometry": { "type": "MultiLineString", "coordinates": [ [ [ -73.919017685053532, 40.798593310295011 ], [ -73.918840974159551, 40.798466387770944 ] ] ] } },
{ "type": "Feature", "properties": { "Street": "DISTRICT BOUNDARY", "FeatureTyp": "7", "NonPed": " ", "TrafDir": " ", "SegmentID": "8001893", "PhysicalID": null, "StreetWidth_Min": null, "StreetWidth_Max": null, "Snow_Priority": " ", "Number_Travel_Lanes": "  ", "Number_Park_Lanes": "  ", "TRUCK_ROUTE_TYPE": " " }, "geometry": { "type": "MultiLineString", "coordinates": [ [ [ -73.929840649949597, 40.798756198839286 ], [ -73.929643716168869, 40.798669577040364 ] ] ] } },
{ "type": "Feature", "properties": { "Street": "PIER", "FeatureTyp": "8", "NonPed": " ", "TrafDir": " ", "SegmentID": "8500401", "PhysicalID": null, "StreetWidth_Min": null, "StreetWidth_Max": null, "Snow_Priority": " ", "Number_Travel_Lanes": "  ", "Number_Park_Lanes": "  ", "TRUCK_ROUTE_TYPE": " " }, "geometry": { "type": "MultiLineString", "coordinates": [ [ [ -73.926695726333335, 40.800146977277443 ], [ -73.927247708403783, 40.80039295679159 ], [ -73.927114643116539, 40.800563755644141 ], [ -73.927066966346786, 40.800543012126234 ], [ -73.927169330312736, 40.80040585308133 ], [ -73.926665655632675, 40.800182713996527 ] ] ] } },
{ "type": "Feature", "properties": { "Street": "PIER", "FeatureTyp": "8", "NonPed": " ", "TrafDir": " ", "SegmentID": "8500307", "PhysicalID": null, "StreetWidth_Min": null, "StreetWidth_Max": null, "Snow_Priority": " ", "Number_Travel_Lanes": "  ", "Number_Park_Lanes": "  ", "TRUCK_ROUTE_TYPE": " " }, "geometry": { "type": "MultiLineString", "coordinates": [ [ [ -73.926552417929457, 40.800604824962541 ], [ -73.926845285116769, 40.80073964612852 ], [ -73.926831628202805, 40.80076552902613 ], [ -73.926869086916625, 40.800783676782451 ], [ -73.926995313864424, 40.800636176077724 ], [ -73.927046403463649, 40.800651743032589 ], [ -73.926886060293128, 40.800840648333875 ], [ -73.926509548755703, 40.800657030907189 ] ] ] } },
{ "type": "Feature", "properties": { "Street": "PIER", "FeatureTyp": "8", "NonPed": " ", "TrafDir": " ", "SegmentID": "8500609", "PhysicalID": null, "StreetWidth_Min": null, "StreetWidth_Max": null, "Snow_Priority": " ", "Number_Travel_Lanes": "  ", "Number_Park_Lanes": "  ", "TRUCK_ROUTE_TYPE": " " }, "geometry": { "type": "MultiLineString", "coordinates": [ [ [ -73.92655351660801, 40.800315172886918 ], [ -73.926742639008623, 40.800403498905204 ], [ -73.926736839647646, 40.80041147084966 ], [ -73.926725262659886, 40.800407338439683 ], [ -73.926720912515023, 40.800414210943153 ], [ -73.926538464708599, 40.800333898259204 ] ] ] } },
{ "type": "Feature", "properties": { "Street": "2010 CB BOUNDARY", "FeatureTyp": "3", "NonPed": " ", "TrafDir": " ", "SegmentID": "0220476", "PhysicalID": null, "StreetWidth_Min": null, "StreetWidth_Max": null, "Snow_Priority": " ", "Number_Travel_Lanes": "  ", "Number_Park_Lanes": "  ", "TRUCK_ROUTE_TYPE": " " }, "geometry": { "type": "MultiLineString", "coordinates": [ [ [ -73.925290305762672, 40.801995585787402 ], [ -73.924227068455295, 40.802545010869601 ] ] ] } },
{ "type": "Feature", "properties": { "Street": "2000 CB BOUNDARY", "FeatureTyp": "3", "NonPed": " ", "TrafDir": " ", "SegmentID": "0241934", "PhysicalID": null, "StreetWidth_Min": null, "StreetWidth_Max": null, "Snow_Priority": " ", "Number_Travel_Lanes": "  ", "Number_Park_Lanes": "  ", "TRUCK_ROUTE_TYPE": " " }, "geometry": { "type": "MultiLineString", "coordinates": [ [ [ -73.929632942340618, 40.799860516573233 ], [ -73.929895178035153, 40.801003297741126 ] ] ] } },
{ "type": "Feature", "properties": { "Street": "2000 CB BOUNDARY", "FeatureTyp": "3", "NonPed": " ", "TrafDir": " ", "SegmentID": "0241935", "PhysicalID": null, "StreetWidth_Min": null, "StreetWidth_Max": null, "Snow_Priority": " ", "Number_Travel_Lanes": "  ", "Number_Park_Lanes": "  ", "TRUCK_ROUTE_TYPE": " " }, "geometry": { "type": "MultiLineString", "coordinates": [ [ [ -73.929895178035153, 40.801003297741126 ], [ -73.929905534398955, 40.801045592604659 ] ] ] } },
{ "type": "Feature", "properties": { "Street": "2000 CB BOUNDARY", "FeatureTyp": "3", "NonPed": " ", "TrafDir": " ", "SegmentID": "0349971", "PhysicalID": null, "StreetWidth_Min": null, "StreetWidth_Max": null, "Snow_Priority": " ", "Number_Travel_Lanes": "  ", "Number_Park_Lanes": "  ", "TRUCK_ROUTE_TYPE": " " }, "geometry": { "type": "MultiLineString", "coordinates": [ [ [ -73.930312552843404, 40.802646058120764 ], [ -73.930286400497337, 40.802666670027726 ] ] ] } },
{ "type": "Feature", "properties": { "Street": "2000 CB BOUNDARY", "FeatureTyp": "3", "NonPed": " ", "TrafDir": " ", "SegmentID": "0349972", "PhysicalID": null, "StreetWidth_Min": null, "StreetWidth_Max": null, "Snow_Priority": " ", "Number_Travel_Lanes": "  ", "Number_Park_Lanes": "  ", "TRUCK_ROUTE_TYPE": " " }, "geometry": { "type": "MultiLineString", "coordinates": [ [ [ -73.930286400497337, 40.802666670027726 ], [ -73.930221762083789, 40.802717614219191 ] ] ] } },
{ "type": "Feature", "properties": { "Street": "RANDALLS ISLAND SHORELINE", "FeatureTyp": "2", "NonPed": " ", "TrafDir": " ", "SegmentID": "0185972", "PhysicalID": null, "StreetWidth_Min": null, "StreetWidth_Max": null, "Snow_Priority": " ", "Number_Travel_Lanes": "  ", "Number_Park_Lanes": "  ", "TRUCK_ROUTE_TYPE": " " }, "geometry": { "type": "MultiLineString", "coordinates": [ [ [ -73.922633786585138, 40.801868737605901 ], [ -73.92215538960501, 40.80162646946674 ], [ -73.921910922461578, 40.801502665674448 ] ] ] } },
{ "type": "Feature", "properties": { "Street": "RANDALLS ISLAND SHORELINE", "FeatureTyp": "2", "NonPed": " ", "TrafDir": " ", "SegmentID": "0185976", "PhysicalID": null, "StreetWidth_Min": null, "StreetWidth_Max": null, "Snow_Priority": " ", "Number_Travel_Lanes": "  ", "Number_Park_Lanes": "  ", "TRUCK_ROUTE_TYPE": " " }, "geometry": { "type": "MultiLineString", "coordinates": [ [ [ -73.919065602674664, 40.798802797224333 ], [ -73.918994968485322, 40.798771842785726 ] ] ] } },
{ "type": "Feature", "properties": { "Street": "RANDALLS ISLAND SHORELINE", "FeatureTyp": "2", "NonPed": " ", "TrafDir": " ", "SegmentID": "0172880", "PhysicalID": null, "StreetWidth_Min": null, "StreetWidth_Max": null, "Snow_Priority": " ", "Number_Travel_Lanes": "  ", "Number_Park_Lanes": "  ", "TRUCK_ROUTE_TYPE": " " }, "geometry": { "type": "MultiLineString", "coordinates": [ [ [ -73.926901054317653, 40.799888236448311 ], [ -73.926882617640473, 40.799940768457077 ] ] ] } },
{ "type": "Feature", "properties": { "Street": "RANDALLS ISLAND SHORELINE", "FeatureTyp": "2", "NonPed": " ", "TrafDir": " ", "SegmentID": "0185969", "PhysicalID": null, "StreetWidth_Min": null, "StreetWidth_Max": null, "Snow_Priority": " ", "Number_Travel_Lanes": "  ", "Number_Park_Lanes": "  ", "TRUCK_ROUTE_TYPE": " " }, "geometry": { "type": "MultiLineString", "coordinates": [ [ [ -73.921910922461578, 40.801502665674448 ], [ -73.921337524016678, 40.800852106374357 ] ] ] } },
{ "type": "Feature", "properties": { "Street": "RANDALLS ISLAND SHORELINE", "FeatureTyp": "2", "NonPed": " ", "TrafDir": " ", "SegmentID": "9011760", "PhysicalID": null, "StreetWidth_Min": null, "StreetWidth_Max": null, "Snow_Priority": " ", "Number_Travel_Lanes": "  ", "Number_Park_Lanes": "  ", "TRUCK_ROUTE_TYPE": " " }, "geometry": { "type": "MultiLineString", "coordinates": [ [ [ -73.926509548755703, 40.800657030907189 ], [ -73.925880463223848, 40.801551741977818 ], [ -73.925824946398322, 40.801642489223497 ], [ -73.925775518160989, 40.801730600483012 ], [ -73.925698262537665, 40.801810870765458 ] ] ] } },
{ "type": "Feature", "properties": { "Street": "RANDALLS ISLAND SHORELINE", "FeatureTyp": "2", "NonPed": " ", "TrafDir": " ", "SegmentID": "0173460", "PhysicalID": null, "StreetWidth_Min": null, "StreetWidth_Max": null, "Snow_Priority": " ", "Number_Travel_Lanes": "  ", "Number_Park_Lanes": "  ", "TRUCK_ROUTE_TYPE": " " }, "geometry": { "type": "MultiLineString", "coordinates": [ [ [ -73.925698262537665, 40.801810870765458 ], [ -73.925492935701413, 40.801956168708003 ] ] ] } },
{ "type": "Feature", "properties": { "Street": "HARLEM RIVER SHORELINE", "FeatureTyp": "2", "NonPed": " ", "TrafDir": " ", "SegmentID": "0173278", "PhysicalID": null, "StreetWidth_Min": null, "StreetWidth_Max": null, "Snow_Priority": " ", "Number_Travel_Lanes": "  ", "Number_Park_Lanes": "  ", "TRUCK_ROUTE_TYPE": " " }, "geometry": { "type": "MultiLineString", "coordinates": [ [ [ -73.929007881768129, 40.800772348550439 ], [ -73.929016446582608, 40.800830714968363 ] ] ] } },
{ "type": "Feature", "properties": { "Street": "RANDALLS ISLAND SHORELINE", "FeatureTyp": "2", "NonPed": " ", "TrafDir": " ", "SegmentID": "0173462", "PhysicalID": null, "StreetWidth_Min": null, "StreetWidth_Max": null, "Snow_Priority": " ", "Number_Travel_Lanes": "  ", "Number_Park_Lanes": "  ", "TRUCK_ROUTE_TYPE": " " }, "geometry": { "type": "MultiLineString", "coordinates": [ [ [ -73.926882617640473, 40.799940768457077 ], [ -73.926854102539238, 40.799987558409484 ] ] ] } },
{ "type": "Feature", "properties": { "Street": "RANDALLS ISLAND SHORELINE", "FeatureTyp": "2", "NonPed": " ", "TrafDir": " ", "SegmentID": "0185970", "PhysicalID": null, "StreetWidth_Min": null, "StreetWidth_Max": null, "Snow_Priority": " ", "Number_Travel_Lanes": "  ", "Number_Park_Lanes": "  ", "TRUCK_ROUTE_TYPE": " " }, "geometry": { "type": "MultiLineString", "coordinates": [ [ [ -73.921337524016678, 40.800852106374357 ], [ -73.921135947027707, 40.800475459494791 ], [ -73.921033176382267, 40.800265281854507 ], [ -73.920838987298282, 40.800012597992612 ] ] ] } },
{ "type": "Feature", "properties": { "Street": "RANDALLS ISLAND SHORELINE", "FeatureTyp": "2", "NonPed": " ", "TrafDir": " ", "SegmentID": "0185974", "PhysicalID": null, "StreetWidth_Min": null, "StreetWidth_Max": null, "Snow_Priority": " ", "Number_Travel_Lanes": "  ", "Number_Park_Lanes": "  ", "TRUCK_ROUTE_TYPE": " " }, "geometry": { "type": "MultiLineString", "coordinates": [ [ [ -73.919145738294333, 40.798838987267288 ], [ -73.919065602674664, 40.798802797224333 ] ] ] } },
{ "type": "Feature", "properties": { "Street": "RANDALLS ISLAND SHORELINE", "FeatureTyp": "2", "NonPed": " ", "TrafDir": " ", "SegmentID": "0185973", "PhysicalID": null, "StreetWidth_Min": null, "StreetWidth_Max": null, "Snow_Priority": " ", "Number_Travel_Lanes": "  ", "Number_Park_Lanes": "  ", "TRUCK_ROUTE_TYPE": " " }, "geometry": { "type": "MultiLineString", "coordinates": [ [ [ -73.920578781103131, 40.799668148562915 ], [ -73.920354799442535, 40.799422852448217 ] ] ] } },
{ "type": "Feature", "properties": { "Street": "RANDALLS ISLAND SHORELINE", "FeatureTyp": "2", "NonPed": " ", "TrafDir": " ", "SegmentID": "0173473", "PhysicalID": null, "StreetWidth_Min": null, "StreetWidth_Max": null, "Snow_Priority": " ", "Number_Travel_Lanes": "  ", "Number_Park_Lanes": "  ", "TRUCK_ROUTE_TYPE": " " }, "geometry": { "type": "MultiLineString", "coordinates": [ [ [ -73.92527521017098, 40.801998522193152 ], [ -73.924360441200477, 40.801985552902615 ] ] ] } },
{ "type": "Feature", "properties": { "Street": "RANDALLS ISLAND SHORELINE", "FeatureTyp": "2", "NonPed": " ", "TrafDir": " ", "SegmentID": "0173474", "PhysicalID": null, "StreetWidth_Min": null, "StreetWidth_Max": null, "Snow_Priority": " ", "Number_Travel_Lanes": "  ", "Number_Park_Lanes": "  ", "TRUCK_ROUTE_TYPE": " " }, "geometry": { "type": "MultiLineString", "coordinates": [ [ [ -73.924360441200477, 40.801985552902615 ], [ -73.922633786585138, 40.801868737605901 ] ] ] } },
{ "type": "Feature", "properties": { "Street": "HARLEM RIVER SHORELINE", "FeatureTyp": "2", "NonPed": " ", "TrafDir": " ", "SegmentID": "0173340", "PhysicalID": null, "StreetWidth_Min": null, "StreetWidth_Max": null, "Snow_Priority": " ", "Number_Travel_Lanes": "  ", "Number_Park_Lanes": "  ", "TRUCK_ROUTE_TYPE": " " }, "geometry": { "type": "MultiLineString", "coordinates": [ [ [ -73.929016446582608, 40.800830714968363 ], [ -73.929021235814488, 40.800895571987972 ] ] ] } },
{ "type": "Feature", "properties": { "Street": "RANDALLS ISLAND SHORELINE", "FeatureTyp": "2", "NonPed": " ", "TrafDir": " ", "SegmentID": "0185971", "PhysicalID": null, "StreetWidth_Min": null, "StreetWidth_Max": null, "Snow_Priority": " ", "Number_Travel_Lanes": "  ", "Number_Park_Lanes": "  ", "TRUCK_ROUTE_TYPE": " " }, "geometry": { "type": "MultiLineString", "coordinates": [ [ [ -73.920838987298282, 40.800012597992612 ], [ -73.920578781103131, 40.799668148562915 ] ] ] } },
{ "type": "Feature", "properties": { "Street": "NY-BX CNTY BOUNDARY", "FeatureTyp": "3", "NonPed": " ", "TrafDir": " ", "SegmentID": "0173522", "PhysicalID": null, "StreetWidth_Min": null, "StreetWidth_Max": null, "Snow_Priority": " ", "Number_Travel_Lanes": "  ", "Number_Park_Lanes": "  ", "TRUCK_ROUTE_TYPE": " " }, "geometry": { "type": "MultiLineString", "coordinates": [ [ [ -73.924227068455295, 40.802545010869601 ], [ -73.92665794801519, 40.802409804018545 ] ] ] } },
{ "type": "Feature", "properties": { "Street": "NY-BX CNTY BOUNDARY", "FeatureTyp": "3", "NonPed": " ", "TrafDir": " ", "SegmentID": "0173471", "PhysicalID": null, "StreetWidth_Min": null, "StreetWidth_Max": null, "Snow_Priority": " ", "Number_Travel_Lanes": "  ", "Number_Park_Lanes": "  ", "TRUCK_ROUTE_TYPE": " " }, "geometry": { "type": "MultiLineString", "coordinates": [ [ [ -73.927645003645878, 40.803988632963495 ], [ -73.927931740384707, 40.803999462390188 ] ] ] } },
{ "type": "Feature", "properties": { "Street": "NY-BX CNTY BOUNDARY", "FeatureTyp": "3", "NonPed": " ", "TrafDir": " ", "SegmentID": "0173543", "PhysicalID": null, "StreetWidth_Min": null, "StreetWidth_Max": null, "Snow_Priority": " ", "Number_Travel_Lanes": "  ", "Number_Park_Lanes": "  ", "TRUCK_ROUTE_TYPE": " " }, "geometry": { "type": "MultiLineString", "coordinates": [ [ [ -73.92078133907043, 40.800275009567905 ], [ -73.92095645324018, 40.800598814179558 ], [ -73.921327307650202, 40.801284591088937 ] ] ] } },
{ "type": "Feature", "properties": { "Street": "NY-BX CNTY BOUNDARY", "FeatureTyp": "3", "NonPed": " ", "TrafDir": " ", "SegmentID": "0173467", "PhysicalID": null, "StreetWidth_Min": null, "StreetWidth_Max": null, "Snow_Priority": " ", "Number_Travel_Lanes": "  ", "Number_Park_Lanes": "  ", "TRUCK_ROUTE_TYPE": " " }, "geometry": { "type": "MultiLineString", "coordinates": [ [ [ -73.927436899146471, 40.803277441253144 ], [ -73.92728271951421, 40.80350826453045 ] ] ] } },
{ "type": "Feature", "properties": { "Street": "NY-BX CNTY BOUNDARY", "FeatureTyp": "3", "NonPed": " ", "TrafDir": " ", "SegmentID": "0173519", "PhysicalID": null, "StreetWidth_Min": null, "StreetWidth_Max": null, "Snow_Priority": " ", "Number_Travel_Lanes": "  ", "Number_Park_Lanes": "  ", "TRUCK_ROUTE_TYPE": " " }, "geometry": { "type": "MultiLineString", "coordinates": [ [ [ -73.922927100653595, 40.802373294731112 ], [ -73.92358699115978, 40.802515724810341 ] ] ] } },
{ "type": "Feature", "properties": { "Street": "NY-BX CNTY BOUNDARY", "FeatureTyp": "3", "NonPed": " ", "TrafDir": " ", "SegmentID": "0173545", "PhysicalID": null, "StreetWidth_Min": null, "StreetWidth_Max": null, "Snow_Priority": " ", "Number_Travel_Lanes": "  ", "Number_Park_Lanes": "  ", "TRUCK_ROUTE_TYPE": " " }, "geometry": { "type": "MultiLineString", "coordinates": [ [ [ -73.922037659582344, 40.801877197055106 ], [ -73.922596109925493, 40.802188200762203 ] ] ] } },
{ "type": "Feature", "properties": { "Street": "NY-BX CNTY BOUNDARY", "FeatureTyp": "3", "NonPed": " ", "TrafDir": " ", "SegmentID": "0173541", "PhysicalID": null, "StreetWidth_Min": null, "StreetWidth_Max": null, "Snow_Priority": " ", "Number_Travel_Lanes": "  ", "Number_Park_Lanes": "  ", "TRUCK_ROUTE_TYPE": " " }, "geometry": { "type": "MultiLineString", "coordinates": [ [ [ -73.920240681523282, 40.799613687794519 ], [ -73.920440669949187, 40.799804155891223 ] ] ] } },
{ "type": "Feature", "properties": { "Street": "NY-BX CNTY BOUNDARY", "FeatureTyp": "3", "NonPed": " ", "TrafDir": " ", "SegmentID": "0173468", "PhysicalID": null, "StreetWidth_Min": null, "StreetWidth_Max": null, "Snow_Priority": " ", "Number_Travel_Lanes": "  ", "Number_Park_Lanes": "  ", "TRUCK_ROUTE_TYPE": " " }, "geometry": { "type": "MultiLineString", "coordinates": [ [ [ -73.927312484117962, 40.803211770492723 ], [ -73.927436899146471, 40.803277441253144 ] ] ] } },
{ "type": "Feature", "properties": { "Street": "NY-BX CNTY BOUNDARY", "FeatureTyp": "3", "NonPed": " ", "TrafDir": " ", "SegmentID": "0173475", "PhysicalID": null, "StreetWidth_Min": null, "StreetWidth_Max": null, "Snow_Priority": " ", "Number_Travel_Lanes": "  ", "Number_Park_Lanes": "  ", "TRUCK_ROUTE_TYPE": " " }, "geometry": { "type": "MultiLineString", "coordinates": [ [ [ -73.928340561730778, 40.804239890394257 ], [ -73.928726074773252, 40.804103624826823 ] ] ] } },
{ "type": "Feature", "properties": { "Street": "NY-BX CNTY BOUNDARY", "FeatureTyp": "3", "NonPed": " ", "TrafDir": " ", "SegmentID": "0069555", "PhysicalID": null, "StreetWidth_Min": null, "StreetWidth_Max": null, "Snow_Priority": " ", "Number_Travel_Lanes": "  ", "Number_Park_Lanes": "  ", "TRUCK_ROUTE_TYPE": " " }, "geometry": { "type": "MultiLineString", "coordinates": [ [ [ -73.930054588854006, 40.8059023472861 ], [ -73.930319501159545, 40.806190145316876 ] ] ] } },
{ "type": "Feature", "properties": { "Street": "NY-BX CNTY BOUNDARY", "FeatureTyp": "3", "NonPed": " ", "TrafDir": " ", "SegmentID": "0173548", "PhysicalID": null, "StreetWidth_Min": null, "StreetWidth_Max": null, "Snow_Priority": " ", "Number_Travel_Lanes": "  ", "Number_Park_Lanes": "  ", "TRUCK_ROUTE_TYPE": " " }, "geometry": { "type": "MultiLineString", "coordinates": [ [ [ -73.918955817192668, 40.798946917157352 ], [ -73.919031820216119, 40.798984946360363 ] ] ] } },
{ "type": "Feature", "properties": { "Street": "NY-BX CNTY BOUNDARY", "FeatureTyp": "3", "NonPed": " ", "TrafDir": " ", "SegmentID": "0173521", "PhysicalID": null, "StreetWidth_Min": null, "StreetWidth_Max": null, "Snow_Priority": " ", "Number_Travel_Lanes": "  ", "Number_Park_Lanes": "  ", "TRUCK_ROUTE_TYPE": " " }, "geometry": { "type": "MultiLineString", "coordinates": [ [ [ -73.922596109925493, 40.802188200762203 ], [ -73.922927100653595, 40.802373294731112 ] ] ] } },
{ "type": "Feature", "properties": { "Street": "NY-BX CNTY BOUNDARY", "FeatureTyp": "3", "NonPed": " ", "TrafDir": " ", "SegmentID": "0173470", "PhysicalID": null, "StreetWidth_Min": null, "StreetWidth_Max": null, "Snow_Priority": " ", "Number_Travel_Lanes": "  ", "Number_Park_Lanes": "  ", "TRUCK_ROUTE_TYPE": " " }, "geometry": { "type": "MultiLineString", "coordinates": [ [ [ -73.92665794801519, 40.802409804018545 ], [ -73.927627886674273, 40.802695665529271 ] ] ] } },
{ "type": "Feature", "properties": { "Street": "NY-BX CNTY BOUNDARY", "FeatureTyp": "3", "NonPed": " ", "TrafDir": " ", "SegmentID": "0173469", "PhysicalID": null, "StreetWidth_Min": null, "StreetWidth_Max": null, "Snow_Priority": " ", "Number_Travel_Lanes": "  ", "Number_Park_Lanes": "  ", "TRUCK_ROUTE_TYPE": " " }, "geometry": { "type": "MultiLineString", "coordinates": [ [ [ -73.927627886674273, 40.802695665529271 ], [ -73.927508349381583, 40.80293323380581 ], [ -73.927312484117962, 40.803211770492723 ] ] ] } },
{ "type": "Feature", "properties": { "Street": "NY-BX CNTY BOUNDARY", "FeatureTyp": "3", "NonPed": " ", "TrafDir": " ", "SegmentID": "0173466", "PhysicalID": null, "StreetWidth_Min": null, "StreetWidth_Max": null, "Snow_Priority": " ", "Number_Travel_Lanes": "  ", "Number_Park_Lanes": "  ", "TRUCK_ROUTE_TYPE": " " }, "geometry": { "type": "MultiLineString", "coordinates": [ [ [ -73.92728271951421, 40.80350826453045 ], [ -73.927645003645878, 40.803988632963495 ] ] ] } },
{ "type": "Feature", "properties": { "Street": "NY-BX CNTY BOUNDARY", "FeatureTyp": "3", "NonPed": " ", "TrafDir": " ", "SegmentID": "0173356", "PhysicalID": null, "StreetWidth_Min": null, "StreetWidth_Max": null, "Snow_Priority": " ", "Number_Travel_Lanes": "  ", "Number_Park_Lanes": "  ", "TRUCK_ROUTE_TYPE": " " }, "geometry": { "type": "MultiLineString", "coordinates": [ [ [ -73.930319501159545, 40.806190145316876 ], [ -73.930536450550221, 40.806470276911099 ] ] ] } },
{ "type": "Feature", "properties": { "Street": "NY-BX CNTY BOUNDARY", "FeatureTyp": "3", "NonPed": " ", "TrafDir": " ", "SegmentID": "0173477", "PhysicalID": null, "StreetWidth_Min": null, "StreetWidth_Max": null, "Snow_Priority": " ", "Number_Travel_Lanes": "  ", "Number_Park_Lanes": "  ", "TRUCK_ROUTE_TYPE": " " }, "geometry": { "type": "MultiLineString", "coordinates": [ [ [ -73.928726074773252, 40.804103624826823 ], [ -73.930054588854006, 40.8059023472861 ] ] ] } },
{ "type": "Feature", "properties": { "Street": "NY-BX CNTY BOUNDARY", "FeatureTyp": "3", "NonPed": " ", "TrafDir": " ", "SegmentID": "0172966", "PhysicalID": null, "StreetWidth_Min": null, "StreetWidth_Max": null, "Snow_Priority": " ", "Number_Travel_Lanes": "  ", "Number_Park_Lanes": "  ", "TRUCK_ROUTE_TYPE": " " }, "geometry": { "type": "MultiLineString", "coordinates": [ [ [ -73.918890926488956, 40.798915894507367 ], [ -73.918955817192668, 40.798946917157352 ] ] ] } },
{ "type": "Feature", "properties": { "Street": "NY-BX CNTY BOUNDARY", "FeatureTyp": "3", "NonPed": " ", "TrafDir": " ", "SegmentID": "0173544", "PhysicalID": null, "StreetWidth_Min": null, "StreetWidth_Max": null, "Snow_Priority": " ", "Number_Travel_Lanes": "  ", "Number_Park_Lanes": "  ", "TRUCK_ROUTE_TYPE": " " }, "geometry": { "type": "MultiLineString", "coordinates": [ [ [ -73.920440669949187, 40.799804155891223 ], [ -73.92078133907043, 40.800275009567905 ] ] ] } },
{ "type": "Feature", "properties": { "Street": "NY-BX CNTY BOUNDARY", "FeatureTyp": "3", "NonPed": " ", "TrafDir": " ", "SegmentID": "0173520", "PhysicalID": null, "StreetWidth_Min": null, "StreetWidth_Max": null, "Snow_Priority": " ", "Number_Travel_Lanes": "  ", "Number_Park_Lanes": "  ", "TRUCK_ROUTE_TYPE": " " }, "geometry": { "type": "MultiLineString", "coordinates": [ [ [ -73.92358699115978, 40.802515724810341 ], [ -73.924227068455295, 40.802545010869601 ] ] ] } },
{ "type": "Feature", "properties": { "Street": "RANDALLS ISLAND SHORELINE", "FeatureTyp": "2", "NonPed": " ", "TrafDir": " ", "SegmentID": "9011757", "PhysicalID": null, "StreetWidth_Min": null, "StreetWidth_Max": null, "Snow_Priority": " ", "Number_Travel_Lanes": "  ", "Number_Park_Lanes": "  ", "TRUCK_ROUTE_TYPE": " " }, "geometry": { "type": "MultiLineString", "coordinates": [ [ [ -73.926695726333335, 40.800146977277443 ], [ -73.926665655632675, 40.800182713996527 ] ] ] } },
{ "type": "Feature", "properties": { "Street": "RANDALLS ISLAND SHORELINE", "FeatureTyp": "2", "NonPed": " ", "TrafDir": " ", "SegmentID": "9011758", "PhysicalID": null, "StreetWidth_Min": null, "StreetWidth_Max": null, "Snow_Priority": " ", "Number_Travel_Lanes": "  ", "Number_Park_Lanes": "  ", "TRUCK_ROUTE_TYPE": " " }, "geometry": { "type": "MultiLineString", "coordinates": [ [ [ -73.926538464708599, 40.800333898259204 ], [ -73.926502502791109, 40.800374917251638 ], [ -73.926684707023156, 40.800454757194899 ], [ -73.926552417929457, 40.800604824962541 ] ] ] } },
{ "type": "Feature", "properties": { "Street": "RANDALLS ISLAND SHORELINE", "FeatureTyp": "2", "NonPed": " ", "TrafDir": " ", "SegmentID": "9011759", "PhysicalID": null, "StreetWidth_Min": null, "StreetWidth_Max": null, "Snow_Priority": " ", "Number_Travel_Lanes": "  ", "Number_Park_Lanes": "  ", "TRUCK_ROUTE_TYPE": " " }, "geometry": { "type": "MultiLineString", "coordinates": [ [ [ -73.926552417929457, 40.800604824962541 ], [ -73.926509548755703, 40.800657030907189 ] ] ] } },
{ "type": "Feature", "properties": { "Street": "RANDALLS ISLAND SHORELINE", "FeatureTyp": "2", "NonPed": " ", "TrafDir": " ", "SegmentID": "9011761", "PhysicalID": null, "StreetWidth_Min": null, "StreetWidth_Max": null, "Snow_Priority": " ", "Number_Travel_Lanes": "  ", "Number_Park_Lanes": "  ", "TRUCK_ROUTE_TYPE": " " }, "geometry": { "type": "MultiLineString", "coordinates": [ [ [ -73.926665655632675, 40.800182713996527 ], [ -73.92655351660801, 40.800315172886918 ] ] ] } },
{ "type": "Feature", "properties": { "Street": "RANDALLS ISLAND SHORELINE", "FeatureTyp": "2", "NonPed": " ", "TrafDir": " ", "SegmentID": "9011762", "PhysicalID": null, "StreetWidth_Min": null, "StreetWidth_Max": null, "Snow_Priority": " ", "Number_Travel_Lanes": "  ", "Number_Park_Lanes": "  ", "TRUCK_ROUTE_TYPE": " " }, "geometry": { "type": "MultiLineString", "coordinates": [ [ [ -73.92655351660801, 40.800315172886918 ], [ -73.926538464708599, 40.800333898259204 ] ] ] } },
{ "type": "Feature", "properties": { "Street": "HARLEM RIVER SHORELINE", "FeatureTyp": "2", "NonPed": " ", "TrafDir": " ", "SegmentID": "9016859", "PhysicalID": null, "StreetWidth_Min": null, "StreetWidth_Max": null, "Snow_Priority": " ", "Number_Travel_Lanes": "  ", "Number_Park_Lanes": "  ", "TRUCK_ROUTE_TYPE": " " }, "geometry": { "type": "MultiLineString", "coordinates": [ [ [ -73.929910086656534, 40.802864550724287 ], [ -73.929982884144849, 40.802984752509623 ] ] ] } },
{ "type": "Feature", "properties": { "Street": "HARLEM RIVER SHORELINE", "FeatureTyp": "2", "NonPed": " ", "TrafDir": " ", "SegmentID": "9023780", "PhysicalID": null, "StreetWidth_Min": null, "StreetWidth_Max": null, "Snow_Priority": " ", "Number_Travel_Lanes": "  ", "Number_Park_Lanes": "  ", "TRUCK_ROUTE_TYPE": " " }, "geometry": { "type": "MultiLineString", "coordinates": [ [ [ -73.92897121017036, 40.798258860609948 ], [ -73.928943969410071, 40.798911588862005 ], [ -73.928919425719286, 40.799458186102903 ], [ -73.92890152360242, 40.799855214258685 ], [ -73.928937636859885, 40.800170843190323 ] ] ] } },
{ "type": "Feature", "properties": { "Street": "NY-BX CNTY BOUNDARY", "FeatureTyp": "3", "NonPed": " ", "TrafDir": " ", "SegmentID": "9023872", "PhysicalID": null, "StreetWidth_Min": null, "StreetWidth_Max": null, "Snow_Priority": " ", "Number_Travel_Lanes": "  ", "Number_Park_Lanes": "  ", "TRUCK_ROUTE_TYPE": " " }, "geometry": { "type": "MultiLineString", "coordinates": [ [ [ -73.921327307650202, 40.801284591088937 ], [ -73.921688269572684, 40.801585723240024 ] ] ] } },
{ "type": "Feature", "properties": { "Street": "NY-BX CNTY BOUNDARY", "FeatureTyp": "3", "NonPed": " ", "TrafDir": " ", "SegmentID": "9023873", "PhysicalID": null, "StreetWidth_Min": null, "StreetWidth_Max": null, "Snow_Priority": " ", "Number_Travel_Lanes": "  ", "Number_Park_Lanes": "  ", "TRUCK_ROUTE_TYPE": " " }, "geometry": { "type": "MultiLineString", "coordinates": [ [ [ -73.921688269572684, 40.801585723240024 ], [ -73.922037659582344, 40.801877197055106 ] ] ] } },
{ "type": "Feature", "properties": { "Street": "RANDALLS ISLAND SHORELINE", "FeatureTyp": "2", "NonPed": " ", "TrafDir": " ", "SegmentID": "0220477", "PhysicalID": null, "StreetWidth_Min": null, "StreetWidth_Max": null, "Snow_Priority": " ", "Number_Travel_Lanes": "  ", "Number_Park_Lanes": "  ", "TRUCK_ROUTE_TYPE": " " }, "geometry": { "type": "MultiLineString", "coordinates": [ [ [ -73.925492935701413, 40.801956168708003 ], [ -73.925290305762672, 40.801995585787402 ] ] ] } },
{ "type": "Feature", "properties": { "Street": "RANDALLS ISLAND SHORELINE", "FeatureTyp": "2", "NonPed": " ", "TrafDir": " ", "SegmentID": "0220478", "PhysicalID": null, "StreetWidth_Min": null, "StreetWidth_Max": null, "Snow_Priority": " ", "Number_Travel_Lanes": "  ", "Number_Park_Lanes": "  ", "TRUCK_ROUTE_TYPE": " " }, "geometry": { "type": "MultiLineString", "coordinates": [ [ [ -73.925290305762672, 40.801995585787402 ], [ -73.92527521017098, 40.801998522193152 ] ] ] } },
{ "type": "Feature", "properties": { "Street": "HARLEM RIVER SHORELINE", "FeatureTyp": "2", "NonPed": " ", "TrafDir": " ", "SegmentID": "0241862", "PhysicalID": null, "StreetWidth_Min": null, "StreetWidth_Max": null, "Snow_Priority": " ", "Number_Travel_Lanes": "  ", "Number_Park_Lanes": "  ", "TRUCK_ROUTE_TYPE": " " }, "geometry": { "type": "MultiLineString", "coordinates": [ [ [ -73.929021235814488, 40.800895571987972 ], [ -73.929026713907078, 40.800969860314666 ] ] ] } },
{ "type": "Feature", "properties": { "Street": "HARLEM RIVER SHORELINE", "FeatureTyp": "2", "NonPed": " ", "TrafDir": " ", "SegmentID": "0241863", "PhysicalID": null, "StreetWidth_Min": null, "StreetWidth_Max": null, "Snow_Priority": " ", "Number_Travel_Lanes": "  ", "Number_Park_Lanes": "  ", "TRUCK_ROUTE_TYPE": " " }, "geometry": { "type": "MultiLineString", "coordinates": [ [ [ -73.929026713907078, 40.800969860314666 ], [ -73.929034902949908, 40.801080903308517 ], [ -73.92911838814328, 40.801113003209721 ], [ -73.929208175836862, 40.801147520634295 ], [ -73.92927487747184, 40.801373190248405 ], [ -73.929302203814842, 40.801495801355578 ], [ -73.929331270315046, 40.801598854045174 ], [ -73.929354360578401, 40.801671250498586 ], [ -73.929436541024145, 40.801861711341822 ], [ -73.929453663951804, 40.801907368281213 ], [ -73.929520439859942, 40.802053479112182 ], [ -73.929576938253362, 40.802180024698039 ], [ -73.9296925121388, 40.802440285479193 ], [ -73.92978668002398, 40.802660748831258 ], [ -73.92988948138472, 40.802830357563494 ], [ -73.929910086656534, 40.802864550724287 ] ] ] } },
{ "type": "Feature", "properties": { "Street": "RANDALLS ISLAND SHORELINE", "FeatureTyp": "2", "NonPed": " ", "TrafDir": " ", "SegmentID": "0241865", "PhysicalID": null, "StreetWidth_Min": null, "StreetWidth_Max": null, "Snow_Priority": " ", "Number_Travel_Lanes": "  ", "Number_Park_Lanes": "  ", "TRUCK_ROUTE_TYPE": " " }, "geometry": { "type": "MultiLineString", "coordinates": [ [ [ -73.926854102539238, 40.799987558409484 ], [ -73.926806077243015, 40.800035899913809 ] ] ] } },
{ "type": "Feature", "properties": { "Street": "RANDALLS ISLAND SHORELINE", "FeatureTyp": "2", "NonPed": " ", "TrafDir": " ", "SegmentID": "0241866", "PhysicalID": null, "StreetWidth_Min": null, "StreetWidth_Max": null, "Snow_Priority": " ", "Number_Travel_Lanes": "  ", "Number_Park_Lanes": "  ", "TRUCK_ROUTE_TYPE": " " }, "geometry": { "type": "MultiLineString", "coordinates": [ [ [ -73.926806077243015, 40.800035899913809 ], [ -73.926695726333335, 40.800146977277443 ] ] ] } },
{ "type": "Feature", "properties": { "Street": "HARLEM RIVER SHORELINE", "FeatureTyp": "2", "NonPed": " ", "TrafDir": " ", "SegmentID": "0241940", "PhysicalID": null, "StreetWidth_Min": null, "StreetWidth_Max": null, "Snow_Priority": " ", "Number_Travel_Lanes": "  ", "Number_Park_Lanes": "  ", "TRUCK_ROUTE_TYPE": " " }, "geometry": { "type": "MultiLineString", "coordinates": [ [ [ -73.928937636859885, 40.800170843190323 ], [ -73.92895348675313, 40.800309367848115 ], [ -73.9289861881783, 40.800602122548142 ], [ -73.928999948500703, 40.800710097632809 ] ] ] } },
{ "type": "Feature", "properties": { "Street": "HARLEM RIVER SHORELINE", "FeatureTyp": "2", "NonPed": " ", "TrafDir": " ", "SegmentID": "0241941", "PhysicalID": null, "StreetWidth_Min": null, "StreetWidth_Max": null, "Snow_Priority": " ", "Number_Travel_Lanes": "  ", "Number_Park_Lanes": "  ", "TRUCK_ROUTE_TYPE": " " }, "geometry": { "type": "MultiLineString", "coordinates": [ [ [ -73.928999948500703, 40.800710097632809 ], [ -73.929007881768129, 40.800772348550439 ] ] ] } },
{ "type": "Feature", "properties": { "Street": "RANDALLS ISLAND SHORELINE", "FeatureTyp": "2", "NonPed": " ", "TrafDir": " ", "SegmentID": "0241945", "PhysicalID": null, "StreetWidth_Min": null, "StreetWidth_Max": null, "Snow_Priority": " ", "Number_Travel_Lanes": "  ", "Number_Park_Lanes": "  ", "TRUCK_ROUTE_TYPE": " " }, "geometry": { "type": "MultiLineString", "coordinates": [ [ [ -73.926919956992634, 40.799837590359843 ], [ -73.926901054317653, 40.799888236448311 ] ] ] } },
{ "type": "Feature", "properties": { "Street": "RANDALLS ISLAND SHORELINE", "FeatureTyp": "2", "NonPed": " ", "TrafDir": " ", "SegmentID": "0241970", "PhysicalID": null, "StreetWidth_Min": null, "StreetWidth_Max": null, "Snow_Priority": " ", "Number_Travel_Lanes": "  ", "Number_Park_Lanes": "  ", "TRUCK_ROUTE_TYPE": " " }, "geometry": { "type": "MultiLineString", "coordinates": [ [ [ -73.918994968485322, 40.798771842785726 ], [ -73.918987245066575, 40.798769712114364 ], [ -73.918910761035804, 40.798740137953594 ] ] ] } },
{ "type": "Feature", "properties": { "Street": "RANDALLS ISLAND SHORELINE", "FeatureTyp": "2", "NonPed": " ", "TrafDir": " ", "SegmentID": "0241971", "PhysicalID": null, "StreetWidth_Min": null, "StreetWidth_Max": null, "Snow_Priority": " ", "Number_Travel_Lanes": "  ", "Number_Park_Lanes": "  ", "TRUCK_ROUTE_TYPE": " " }, "geometry": { "type": "MultiLineString", "coordinates": [ [ [ -73.918910761035804, 40.798740137953594 ], [ -73.917979920583321, 40.79838020204437 ], [ -73.917902798139664, 40.798362652788228 ], [ -73.916629852561329, 40.797858139529602 ] ] ] } },
{ "type": "Feature", "properties": { "Street": "NY-BX CNTY BOUNDARY", "FeatureTyp": "3", "NonPed": " ", "TrafDir": " ", "SegmentID": "0241972", "PhysicalID": null, "StreetWidth_Min": null, "StreetWidth_Max": null, "Snow_Priority": " ", "Number_Travel_Lanes": "  ", "Number_Park_Lanes": "  ", "TRUCK_ROUTE_TYPE": " " }, "geometry": { "type": "MultiLineString", "coordinates": [ [ [ -73.916169472075339, 40.797830718445802 ], [ -73.918803940724146, 40.798879729654665 ] ] ] } },
{ "type": "Feature", "properties": { "Street": "NY-BX CNTY BOUNDARY", "FeatureTyp": "3", "NonPed": " ", "TrafDir": " ", "SegmentID": "0241973", "PhysicalID": null, "StreetWidth_Min": null, "StreetWidth_Max": null, "Snow_Priority": " ", "Number_Travel_Lanes": "  ", "Number_Park_Lanes": "  ", "TRUCK_ROUTE_TYPE": " " }, "geometry": { "type": "MultiLineString", "coordinates": [ [ [ -73.918803940724146, 40.798879729654665 ], [ -73.918890926488956, 40.798915894507367 ] ] ] } },
{ "type": "Feature", "properties": { "Street": "RANDALLS ISLAND SHORELINE", "FeatureTyp": "2", "NonPed": " ", "TrafDir": " ", "SegmentID": "0241994", "PhysicalID": null, "StreetWidth_Min": null, "StreetWidth_Max": null, "Snow_Priority": " ", "Number_Travel_Lanes": "  ", "Number_Park_Lanes": "  ", "TRUCK_ROUTE_TYPE": " " }, "geometry": { "type": "MultiLineString", "coordinates": [ [ [ -73.920354799442535, 40.799422852448217 ], [ -73.920314656033881, 40.799375458925304 ], [ -73.919237857704331, 40.798881067604796 ] ] ] } },
{ "type": "Feature", "properties": { "Street": "RANDALLS ISLAND SHORELINE", "FeatureTyp": "2", "NonPed": " ", "TrafDir": " ", "SegmentID": "0241995", "PhysicalID": null, "StreetWidth_Min": null, "StreetWidth_Max": null, "Snow_Priority": " ", "Number_Travel_Lanes": "  ", "Number_Park_Lanes": "  ", "TRUCK_ROUTE_TYPE": " " }, "geometry": { "type": "MultiLineString", "coordinates": [ [ [ -73.919237857704331, 40.798881067604796 ], [ -73.919145738294333, 40.798838987267288 ] ] ] } },
{ "type": "Feature", "properties": { "Street": "NY-BX CNTY BOUNDARY", "FeatureTyp": "3", "NonPed": " ", "TrafDir": " ", "SegmentID": "0241996", "PhysicalID": null, "StreetWidth_Min": null, "StreetWidth_Max": null, "Snow_Priority": " ", "Number_Travel_Lanes": "  ", "Number_Park_Lanes": "  ", "TRUCK_ROUTE_TYPE": " " }, "geometry": { "type": "MultiLineString", "coordinates": [ [ [ -73.919031820216119, 40.798984946360363 ], [ -73.91912380277445, 40.799032454941738 ] ] ] } },
{ "type": "Feature", "properties": { "Street": "NY-BX CNTY BOUNDARY", "FeatureTyp": "3", "NonPed": " ", "TrafDir": " ", "SegmentID": "0241997", "PhysicalID": null, "StreetWidth_Min": null, "StreetWidth_Max": null, "Snow_Priority": " ", "Number_Travel_Lanes": "  ", "Number_Park_Lanes": "  ", "TRUCK_ROUTE_TYPE": " " }, "geometry": { "type": "MultiLineString", "coordinates": [ [ [ -73.91912380277445, 40.799032454941738 ], [ -73.920240681523282, 40.799613687794519 ] ] ] } },
{ "type": "Feature", "properties": { "Street": "RANDALLS ISLAND SHORELINE", "FeatureTyp": "2", "NonPed": " ", "TrafDir": " ", "SegmentID": "0247633", "PhysicalID": null, "StreetWidth_Min": null, "StreetWidth_Max": null, "Snow_Priority": " ", "Number_Travel_Lanes": "  ", "Number_Park_Lanes": "  ", "TRUCK_ROUTE_TYPE": " " }, "geometry": { "type": "MultiLineString", "coordinates": [ [ [ -73.927475885906404, 40.798122899537375 ], [ -73.927262932968489, 40.798918644994622 ], [ -73.926919956992634, 40.799837590359843 ] ] ] } },
{ "type": "Feature", "properties": { "Street": "HARLEM RIVER SHORELINE", "FeatureTyp": "2", "NonPed": " ", "TrafDir": " ", "SegmentID": "0258806", "PhysicalID": null, "StreetWidth_Min": null, "StreetWidth_Max": null, "Snow_Priority": " ", "Number_Travel_Lanes": "  ", "Number_Park_Lanes": "  ", "TRUCK_ROUTE_TYPE": " " }, "geometry": { "type": "MultiLineString", "coordinates": [ [ [ -73.929982884144849, 40.802984752509623 ], [ -73.930009310782609, 40.803040134634344 ] ] ] } },
{ "type": "Feature", "properties": { "Street": "HARLEM RIVER SHORELINE", "FeatureTyp": "2", "NonPed": " ", "TrafDir": " ", "SegmentID": "0258807", "PhysicalID": null, "StreetWidth_Min": null, "StreetWidth_Max": null, "Snow_Priority": " ", "Number_Travel_Lanes": "  ", "Number_Park_Lanes": "  ", "TRUCK_ROUTE_TYPE": " " }, "geometry": { "type": "MultiLineString", "coordinates": [ [ [ -73.930009310782609, 40.803040134634344 ], [ -73.930044609055841, 40.803106111840734 ], [ -73.929978621778787, 40.803190244856687 ], [ -73.929973736083198, 40.803196467477697 ], [ -73.930012612885491, 40.80328749853382 ] ] ] } },
{ "type": "Feature", "properties": { "Street": "HARLEM RIVER SHORELINE", "FeatureTyp": "2", "NonPed": " ", "TrafDir": " ", "SegmentID": "0258836", "PhysicalID": null, "StreetWidth_Min": null, "StreetWidth_Max": null, "Snow_Priority": " ", "Number_Travel_Lanes": "  ", "Number_Park_Lanes": "  ", "TRUCK_ROUTE_TYPE": " " }, "geometry": { "type": "MultiLineString", "coordinates": [ [ [ -73.930012612885491, 40.80328749853382 ], [ -73.930060207526097, 40.803361648209801 ], [ -73.930183294577915, 40.803573947265257 ], [ -73.930191755203211, 40.803583165063138 ], [ -73.930261713799155, 40.803705794021411 ], [ -73.930278605693204, 40.803734379310271 ], [ -73.930308764460392, 40.803786014869395 ], [ -73.930332920512427, 40.803819213485511 ], [ -73.930353450546946, 40.803847804255106 ], [ -73.93040537025685, 40.803920665549661 ], [ -73.930442802017467, 40.803974149644148 ], [ -73.93054243312325, 40.804107417865147 ], [ -73.930572637496326, 40.804143391972183 ], [ -73.930572611994506, 40.804152604081096 ], [ -73.930610040885881, 40.804207015560351 ], [ -73.930631795641673, 40.804230079411802 ], [ -73.930639028795227, 40.804245752856318 ], [ -73.930687333385933, 40.804310312615478 ], [ -73.930695775892644, 40.804325987606774 ], [ -73.93071028769819, 40.804340744566559 ], [ -73.930716303115574, 40.804355497241836 ], [ -73.930806281049627, 40.80447400789425 ], [ -73.930828013168622, 40.804509966691 ], [ -73.930909365799693, 40.804619393628585 ], [ -73.930934291497238, 40.804652918648642 ], [ -73.930958432764569, 40.80468704538616 ], [ -73.930975353051522, 40.8047054989785 ], [ -73.930976545381483, 40.804715632396885 ], [ -73.931027878109688, 40.804782494450357 ], [ -73.931033900836553, 40.804794482350005 ], [ -73.931073753948894, 40.804847050941639 ], [ -73.931097908361835, 40.804881177656654 ], [ -73.931114089144515, 40.804904350067524 ], [ -73.931126887487792, 40.804922677935572 ], [ -73.931159499773926, 40.804966940198291 ], [ -73.931269472344894, 40.805090553606476 ], [ -73.931305115102234, 40.805131606029931 ], [ -73.931390900930793, 40.805233069789232 ], [ -73.931409042800709, 40.805246913727544 ], [ -73.93143198579061, 40.80528195748564 ], [ -73.931448914987499, 40.805297645700833 ], [ -73.931467071962658, 40.805305969172252 ], [ -73.931475495859331, 40.805328092550965 ], [ -73.931496042654985, 40.80535115359541 ], [ -73.931544174429874, 40.805397782960853 ] ] ] } }
]
}
