{
  "type": "FeatureCollection",
  "features": [
    {
      "type": "Feature",
      "properties": {
        "tree_id": 92261,
        "dbh": 2.0,
        "health": "Good",
        "species": "Siberian elm",
        "spc_latin": "Ulmus pumila",
        "borough": "Bronx"
      },
      "geometry": {
        "type": "Point",
        "coordinates": [
          -73.919112,
          40.810897
        ]
      }
    },
    {
      "type": "Feature",
      "properties": {
        "tree_id": 92259,
        "dbh": 2.0,
        "health": "Good",
        "species": "Siberian elm",
        "spc_latin": "Ulmus pumila",
        "borough": "Bronx"
      },
      "geometry": {
        "type": "Point",
        "coordinates": [
          -73.919212,
          40.810931
        ]
      }
    },
    {
      "type": "Feature",
      "properties": {
        "tree_id": 92260,
        "dbh": 2.0,
        "health": "Good",
        "species": "Siberian elm",
        "spc_latin": "Ulmus pumila",
        "borough": "Bronx"
      },
      "geometry": {
        "type": "Point",
        "coordinates": [
          -73.919162,
          40.810914
        ]
      }
    },
    {
      "type": "Feature",
      "properties": {
        "tree_id": 224659,
        "dbh": 9.0,
        "health": "Good",
        "species": "honeylocust",
        "spc_latin": "Gleditsia triacanthos var. inermis",
        "borough": "Bronx"
      },
      "geometry": {
        "type": "Point",
        "coordinates": [
          -73.924059,
          40.805505
        ]
      }
    },
    {
      "type": "Feature",
      "properties": {
        "tree_id": 224658,
        "dbh": 5.0,
        "health": "Good",
        "species": "honeylocust",
        "spc_latin": "Gleditsia triacanthos var. inermis",
        "borough": "Bronx"
      },
      "geometry": {
        "type": "Point",
        "coordinates": [
          -73.923947,
          40.805458
        ]
      }
    },
    {
      "type": "Feature",
      "properties": {
        "tree_id": 221226,
        "dbh": 4.0,
        "health": "Good",
        "species": "Sophora",
        "spc_latin": "Styphnolobium japonicum",
        "borough": "Bronx"
      },
      "geometry": {
        "type": "Point",
        "coordinates": [
          -73.921327,
          40.804811
        ]
      }
    },
    {
      "type": "Feature",
      "properties": {
        "tree_id": 224655,
        "dbh": 11.0,
        "health": "Good",
        "species": "Callery pear",
        "spc_latin": "Pyrus calleryana",
        "borough": "Bronx"
      },
      "geometry": {
        "type": "Point",
        "coordinates": [
          -73.922514,
          40.804857
        ]
      }
    },
    {
      "type": "Feature",
      "properties": {
        "tree_id": 224656,
        "dbh": 6.0,
        "health": "Fair",
        "species": "Callery pear",
        "spc_latin": "Pyrus calleryana",
        "borough": "Bronx"
      },
      "geometry": {
        "type": "Point",
        "coordinates": [
          -73.922596,
          40.804891
        ]
      }
    },
    {
      "type": "Feature",
      "properties": {
        "tree_id": 221397,
        "dbh": 4.0,
        "health": "Good",
        "species": "Japanese zelkova",
        "spc_latin": "Zelkova serrata",
        "borough": "Bronx"
      },
      "geometry": {
        "type": "Point",
        "coordinates": [
          -73.921767,
          40.805243
        ]
      }
    },
    {
      "type": "Feature",
      "properties": {
        "tree_id": 232092,
        "dbh": 4.0,
        "health": "Fair",
        "species": "London planetree",
        "spc_latin": "Platanus x acerifolia",
        "borough": "Bronx"
      },
      "geometry": {
        "type": "Point",
        "coordinates": [
          -73.923781,
          40.805167
        ]
      }
    },
    {
      "type": "Feature",
      "properties": {
        "tree_id": 232098,
        "dbh": 24.0,
        "health": "Good",
        "species": "London planetree",
        "spc_latin": "Platanus x acerifolia",
        "borough": "Bronx"
      },
      "geometry": {
        "type": "Point",
        "coordinates": [
          -73.924704,
          40.805526
        ]
      }
    },
    {
      "type": "Feature",
      "properties": {
        "tree_id": 232095,
        "dbh": 20.0,
        "health": "Good",
        "species": "London planetree",
        "spc_latin": "Platanus x acerifolia",
        "borough": "Bronx"
      },
      "geometry": {
        "type": "Point",
        "coordinates": [
          -73.924441,
          40.805445
        ]
      }
    },
    {
      "type": "Feature",
      "properties": {
        "tree_id": 221395,
        "dbh": 5.0,
        "health": "Good",
        "species": "honeylocust",
        "spc_latin": "Gleditsia triacanthos var. inermis",
        "borough": "Bronx"
      },
      "geometry": {
        "type": "Point",
        "coordinates": [
          -73.92138,
          40.805078
        ]
      }
    },
    {
      "type": "Feature",
      "properties": {
        "tree_id": 221225,
        "dbh": 5.0,
        "health": "Good",
        "species": "Sophora",
        "spc_latin": "Styphnolobium japonicum",
        "borough": "Bronx"
      },
      "geometry": {
        "type": "Point",
        "coordinates": [
          -73.921362,
          40.804763
        ]
      }
    },
    {
      "type": "Feature",
      "properties": {
        "tree_id": 220895,
        "dbh": 4.0,
        "health": "Good",
        "species": "Japanese zelkova",
        "spc_latin": "Zelkova serrata",
        "borough": "Bronx"
      },
      "geometry": {
        "type": "Point",
        "coordinates": [
          -73.922152,
          40.804464
        ]
      }
    },
    {
      "type": "Feature",
      "properties": {
        "tree_id": 231262,
        "dbh": 4.0,
        "health": "Good",
        "species": "hedge maple",
        "spc_latin": "Acer campestre",
        "borough": "Bronx"
      },
      "geometry": {
        "type": "Point",
        "coordinates": [
          -73.922719,
          40.804131
        ]
      }
    },
    {
      "type": "Feature",
      "properties": {
        "tree_id": 221227,
        "dbh": 6.0,
        "health": "Good",
        "species": "Sophora",
        "spc_latin": "Styphnolobium japonicum",
        "borough": "Bronx"
      },
      "geometry": {
        "type": "Point",
        "coordinates": [
          -73.921251,
          40.804914
        ]
      }
    },
    {
      "type": "Feature",
      "properties": {
        "tree_id": 221396,
        "dbh": 4.0,
        "health": "Good",
        "species": "Japanese zelkova",
        "spc_latin": "Zelkova serrata",
        "borough": "Bronx"
      },
      "geometry": {
        "type": "Point",
        "coordinates": [
          -73.921552,
          40.805151
        ]
      }
    },
    {
      "type": "Feature",
      "properties": {
        "tree_id": 232100,
        "dbh": 28.0,
        "health": "Fair",
        "species": "pin oak",
        "spc_latin": "Quercus palustris",
        "borough": "Bronx"
      },
      "geometry": {
        "type": "Point",
        "coordinates": [
          -73.924824,
          40.805607
        ]
      }
    },
    {
      "type": "Feature",
      "properties": {
        "tree_id": 192080,
        "dbh": 13.0,
        "health": "Good",
        "species": "Callery pear",
        "spc_latin": "Pyrus calleryana",
        "borough": "Bronx"
      },
      "geometry": {
        "type": "Point",
        "coordinates": [
          -73.91995,
          40.803772
        ]
      }
    },
    {
      "type": "Feature",
      "properties": {
        "tree_id": 232094,
        "dbh": 23.0,
        "health": "Good",
        "species": "London planetree",
        "spc_latin": "Platanus x acerifolia",
        "borough": "Bronx"
      },
      "geometry": {
        "type": "Point",
        "coordinates": [
          -73.924415,
          40.805405
        ]
      }
    },
    {
      "type": "Feature",
      "properties": {
        "tree_id": 224657,
        "dbh": 5.0,
        "health": "Fair",
        "species": "cherry",
        "spc_latin": "Prunus",
        "borough": "Bronx"
      },
      "geometry": {
        "type": "Point",
        "coordinates": [
          -73.9227,
          40.804935
        ]
      }
    },
    {
      "type": "Feature",
      "properties": {
        "tree_id": 223504,
        "dbh": 3.0,
        "health": "Good",
        "species": "cherry",
        "spc_latin": "Prunus",
        "borough": "Bronx"
      },
      "geometry": {
        "type": "Point",
        "coordinates": [
          -73.922313,
          40.804906
        ]
      }
    },
    {
      "type": "Feature",
      "properties": {
        "tree_id": 231263,
        "dbh": 6.0,
        "health": "Good",
        "species": "cherry",
        "spc_latin": "Prunus",
        "borough": "Bronx"
      },
      "geometry": {
        "type": "Point",
        "coordinates": [
          -73.922664,
          40.804204
        ]
      }
    },
    {
      "type": "Feature",
      "properties": {
        "tree_id": 220964,
        "dbh": 8.0,
        "health": "Fair",
        "species": "honeylocust",
        "spc_latin": "Gleditsia triacanthos var. inermis",
        "borough": "Bronx"
      },
      "geometry": {
        "type": "Point",
        "coordinates": [
          -73.922091,
          40.804674
        ]
      }
    },
    {
      "type": "Feature",
      "properties": {
        "tree_id": 220894,
        "dbh": 14.0,
        "health": "Good",
        "species": "honeylocust",
        "spc_latin": "Gleditsia triacanthos var. inermis",
        "borough": "Bronx"
      },
      "geometry": {
        "type": "Point",
        "coordinates": [
          -73.921956,
          40.804383
        ]
      }
    },
    {
      "type": "Feature",
      "properties": {
        "tree_id": 232097,
        "dbh": 22.0,
        "health": "Good",
        "species": "pin oak",
        "spc_latin": "Quercus palustris",
        "borough": "Bronx"
      },
      "geometry": {
        "type": "Point",
        "coordinates": [
          -73.924624,
          40.805523
        ]
      }
    },
    {
      "type": "Feature",
      "properties": {
        "tree_id": 236409,
        "dbh": 5.0,
        "health": "Fair",
        "species": "London planetree",
        "spc_latin": "Platanus x acerifolia",
        "borough": "Bronx"
      },
      "geometry": {
        "type": "Point",
        "coordinates": [
          -73.918708,
          40.803617
        ]
      }
    },
    {
      "type": "Feature",
      "properties": {
        "tree_id": 232099,
        "dbh": 21.0,
        "health": "Fair",
        "species": "pin oak",
        "spc_latin": "Quercus palustris",
        "borough": "Bronx"
      },
      "geometry": {
        "type": "Point",
        "coordinates": [
          -73.924799,
          40.805567
        ]
      }
    },
    {
      "type": "Feature",
      "properties": {
        "tree_id": 232101,
        "dbh": 18.0,
        "health": "Fair",
        "species": "pin oak",
        "spc_latin": "Quercus palustris",
        "borough": "Bronx"
      },
      "geometry": {
        "type": "Point",
        "coordinates": [
          -73.924897,
          40.805608
        ]
      }
    },
    {
      "type": "Feature",
      "properties": {
        "tree_id": 232096,
        "dbh": 17.0,
        "health": "Good",
        "species": "pin oak",
        "spc_latin": "Quercus palustris",
        "borough": "Bronx"
      },
      "geometry": {
        "type": "Point",
        "coordinates": [
          -73.924508,
          40.805444
        ]
      }
    },
    {
      "type": "Feature",
      "properties": {
        "tree_id": 232093,
        "dbh": 15.0,
        "health": "Fair",
        "species": "pin oak",
        "spc_latin": "Quercus palustris",
        "borough": "Bronx"
      },
      "geometry": {
        "type": "Point",
        "coordinates": [
          -73.923935,
          40.805232
        ]
      }
    },
    {
      "type": "Feature",
      "properties": {
        "tree_id": 232102,
        "dbh": 26.0,
        "health": "Fair",
        "species": "pin oak",
        "spc_latin": "Quercus palustris",
        "borough": "Bronx"
      },
      "geometry": {
        "type": "Point",
        "coordinates": [
          -73.924919,
          40.805647
        ]
      }
    },
    {
      "type": "Feature",
      "properties": {
        "tree_id": 231265,
        "dbh": 5.0,
        "health": "Good",
        "species": "honeylocust",
        "spc_latin": "Gleditsia triacanthos var. inermis",
        "borough": "Bronx"
      },
      "geometry": {
        "type": "Point",
        "coordinates": [
          -73.922477,
          40.804402
        ]
      }
    },
    {
      "type": "Feature",
      "properties": {
        "tree_id": 232103,
        "dbh": 26.0,
        "health": "Fair",
        "species": "pin oak",
        "spc_latin": "Quercus palustris",
        "borough": "Bronx"
      },
      "geometry": {
        "type": "Point",
        "coordinates": [
          -73.924996,
          40.80565
        ]
      }
    },
    {
      "type": "Feature",
      "properties": {
        "tree_id": 236408,
        "dbh": 5.0,
        "health": "Fair",
        "species": "London planetree",
        "spc_latin": "Platanus x acerifolia",
        "borough": "Bronx"
      },
      "geometry": {
        "type": "Point",
        "coordinates": [
          -73.918791,
          40.803558
        ]
      }
    },
    {
      "type": "Feature",
      "properties": {
        "tree_id": 236411,
        "dbh": 5.0,
        "health": "Fair",
        "species": "London planetree",
        "spc_latin": "Platanus x acerifolia",
        "borough": "Bronx"
      },
      "geometry": {
        "type": "Point",
        "coordinates": [
          -73.918594,
          40.803769
        ]
      }
    },
    {
      "type": "Feature",
      "properties": {
        "tree_id": 236410,
        "dbh": 6.0,
        "health": "Fair",
        "species": "London planetree",
        "spc_latin": "Platanus x acerifolia",
        "borough": "Bronx"
      },
      "geometry": {
        "type": "Point",
        "coordinates": [
          -73.918679,
          40.803709
        ]
      }
    },
    {
      "type": "Feature",
      "properties": {
        "tree_id": 249407,
        "dbh": 2.0,
        "health": "Poor",
        "species": "English oak",
        "spc_latin": "Quercus robur",
        "borough": "Bronx"
      },
      "geometry": {
        "type": "Point",
        "coordinates": [
          -73.928818,
          40.812113
        ]
      }
    },
    {
      "type": "Feature",
      "properties": {
        "tree_id": 249406,
        "dbh": 5.0,
        "health": "Good",
        "species": "English oak",
        "spc_latin": "Quercus robur",
        "borough": "Bronx"
      },
      "geometry": {
        "type": "Point",
        "coordinates": [
          -73.928762,
          40.812072
        ]
      }
    },
    {
      "type": "Feature",
      "properties": {
        "tree_id": 228015,
        "dbh": 11.0,
        "health": "Good",
        "species": "honeylocust",
        "spc_latin": "Gleditsia triacanthos var. inermis",
        "borough": "Bronx"
      },
      "geometry": {
        "type": "Point",
        "coordinates": [
          -73.921895,
          40.804047
        ]
      }
    },
    {
      "type": "Feature",
      "properties": {
        "tree_id": 228014,
        "dbh": 9.0,
        "health": "Fair",
        "species": "honeylocust",
        "spc_latin": "Gleditsia triacanthos var. inermis",
        "borough": "Bronx"
      },
      "geometry": {
        "type": "Point",
        "coordinates": [
          -73.921937,
          40.803988
        ]
      }
    },
    {
      "type": "Feature",
      "properties": {
        "tree_id": 232106,
        "dbh": 25.0,
        "health": "Fair",
        "species": "pin oak",
        "spc_latin": "Quercus palustris",
        "borough": "Bronx"
      },
      "geometry": {
        "type": "Point",
        "coordinates": [
          -73.925123,
          40.805733
        ]
      }
    },
    {
      "type": "Feature",
      "properties": {
        "tree_id": 249202,
        "dbh": 5.0,
        "health": "Fair",
        "species": "northern red oak",
        "spc_latin": "Quercus rubra",
        "borough": "Bronx"
      },
      "geometry": {
        "type": "Point",
        "coordinates": [
          -73.92639,
          40.813902
        ]
      }
    },
    {
      "type": "Feature",
      "properties": {
        "tree_id": 228013,
        "dbh": 14.0,
        "health": "Good",
        "species": "honeylocust",
        "spc_latin": "Gleditsia triacanthos var. inermis",
        "borough": "Bronx"
      },
      "geometry": {
        "type": "Point",
        "coordinates": [
          -73.921978,
          40.803931
        ]
      }
    },
    {
      "type": "Feature",
      "properties": {
        "tree_id": 228016,
        "dbh": 10.0,
        "health": "Fair",
        "species": "honeylocust",
        "spc_latin": "Gleditsia triacanthos var. inermis",
        "borough": "Bronx"
      },
      "geometry": {
        "type": "Point",
        "coordinates": [
          -73.921817,
          40.804156
        ]
      }
    },
    {
      "type": "Feature",
      "properties": {
        "tree_id": 232104,
        "dbh": 4.0,
        "health": "Fair",
        "species": "London planetree",
        "spc_latin": "Platanus x acerifolia",
        "borough": "Bronx"
      },
      "geometry": {
        "type": "Point",
        "coordinates": [
          -73.925011,
          40.805686
        ]
      }
    },
    {
      "type": "Feature",
      "properties": {
        "tree_id": 224662,
        "dbh": 10.0,
        "health": "Good",
        "species": "honeylocust",
        "spc_latin": "Gleditsia triacanthos var. inermis",
        "borough": "Bronx"
      },
      "geometry": {
        "type": "Point",
        "coordinates": [
          -73.924653,
          40.805754
        ]
      }
    },
    {
      "type": "Feature",
      "properties": {
        "tree_id": 249201,
        "dbh": 5.0,
        "health": "Fair",
        "species": "northern red oak",
        "spc_latin": "Quercus rubra",
        "borough": "Bronx"
      },
      "geometry": {
        "type": "Point",
        "coordinates": [
          -73.926441,
          40.813829
        ]
      }
    },
    {
      "type": "Feature",
      "properties": {
        "tree_id": 249203,
        "dbh": 7.0,
        "health": "Good",
        "species": "northern red oak",
        "spc_latin": "Quercus rubra",
        "borough": "Bronx"
      },
      "geometry": {
        "type": "Point",
        "coordinates": [
          -73.926216,
          40.814152
        ]
      }
    },
    {
      "type": "Feature",
      "properties": {
        "tree_id": 249198,
        "dbh": 5.0,
        "health": "Poor",
        "species": "London planetree",
        "spc_latin": "Platanus x acerifolia",
        "borough": "Bronx"
      },
      "geometry": {
        "type": "Point",
        "coordinates": [
          -73.930278,
          40.810433
        ]
      }
    },
    {
      "type": "Feature",
      "properties": {
        "tree_id": 249464,
        "dbh": 7.0,
        "health": "Good",
        "species": "Japanese zelkova",
        "spc_latin": "Zelkova serrata",
        "borough": "Bronx"
      },
      "geometry": {
        "type": "Point",
        "coordinates": [
          -73.925046,
          40.814174
        ]
      }
    },
    {
      "type": "Feature",
      "properties": {
        "tree_id": 249466,
        "dbh": 8.0,
        "health": "Good",
        "species": "Japanese zelkova",
        "spc_latin": "Zelkova serrata",
        "borough": "Bronx"
      },
      "geometry": {
        "type": "Point",
        "coordinates": [
          -73.925159,
          40.81402
        ]
      }
    },
    {
      "type": "Feature",
      "properties": {
        "tree_id": 249463,
        "dbh": 8.0,
        "health": "Good",
        "species": "Japanese zelkova",
        "spc_latin": "Zelkova serrata",
        "borough": "Bronx"
      },
      "geometry": {
        "type": "Point",
        "coordinates": [
          -73.924989,
          40.814252
        ]
      }
    },
    {
      "type": "Feature",
      "properties": {
        "tree_id": 249465,
        "dbh": 8.0,
        "health": "Good",
        "species": "Japanese zelkova",
        "spc_latin": "Zelkova serrata",
        "borough": "Bronx"
      },
      "geometry": {
        "type": "Point",
        "coordinates": [
          -73.925103,
          40.814097
        ]
      }
    },
    {
      "type": "Feature",
      "properties": {
        "tree_id": 224661,
        "dbh": 8.0,
        "health": "Good",
        "species": "honeylocust",
        "spc_latin": "Gleditsia triacanthos var. inermis",
        "borough": "Bronx"
      },
      "geometry": {
        "type": "Point",
        "coordinates": [
          -73.924529,
          40.805702
        ]
      }
    },
    {
      "type": "Feature",
      "properties": {
        "tree_id": 236138,
        "dbh": 6.0,
        "health": "Poor",
        "species": "Japanese zelkova",
        "spc_latin": "Zelkova serrata",
        "borough": "Bronx"
      },
      "geometry": {
        "type": "Point",
        "coordinates": [
          -73.918997,
          40.804071
        ]
      }
    },
    {
      "type": "Feature",
      "properties": {
        "tree_id": 236134,
        "dbh": 6.0,
        "health": "Good",
        "species": "Japanese zelkova",
        "spc_latin": "Zelkova serrata",
        "borough": "Bronx"
      },
      "geometry": {
        "type": "Point",
        "coordinates": [
          -73.918648,
          40.803895
        ]
      }
    },
    {
      "type": "Feature",
      "properties": {
        "tree_id": 224663,
        "dbh": 9.0,
        "health": "Good",
        "species": "honeylocust",
        "spc_latin": "Gleditsia triacanthos var. inermis",
        "borough": "Bronx"
      },
      "geometry": {
        "type": "Point",
        "coordinates": [
          -73.924765,
          40.805801
        ]
      }
    },
    {
      "type": "Feature",
      "properties": {
        "tree_id": 236136,
        "dbh": 5.0,
        "health": "Good",
        "species": "Japanese zelkova",
        "spc_latin": "Zelkova serrata",
        "borough": "Bronx"
      },
      "geometry": {
        "type": "Point",
        "coordinates": [
          -73.918731,
          40.803959
        ]
      }
    },
    {
      "type": "Feature",
      "properties": {
        "tree_id": 236139,
        "dbh": 6.0,
        "health": "Good",
        "species": "Japanese zelkova",
        "spc_latin": "Zelkova serrata",
        "borough": "Bronx"
      },
      "geometry": {
        "type": "Point",
        "coordinates": [
          -73.919077,
          40.804105
        ]
      }
    },
    {
      "type": "Feature",
      "properties": {
        "tree_id": 250282,
        "dbh": 4.0,
        "health": "Fair",
        "species": "red maple",
        "spc_latin": "Acer rubrum",
        "borough": "Bronx"
      },
      "geometry": {
        "type": "Point",
        "coordinates": [
          -73.928587,
          40.813269
        ]
      }
    },
    {
      "type": "Feature",
      "properties": {
        "tree_id": 249193,
        "dbh": 16.0,
        "health": "Fair",
        "species": "pin oak",
        "spc_latin": "Quercus palustris",
        "borough": "Bronx"
      },
      "geometry": {
        "type": "Point",
        "coordinates": [
          -73.925686,
          40.812913
        ]
      }
    },
    {
      "type": "Feature",
      "properties": {
        "tree_id": 224660,
        "dbh": 10.0,
        "health": "Good",
        "species": "honeylocust",
        "spc_latin": "Gleditsia triacanthos var. inermis",
        "borough": "Bronx"
      },
      "geometry": {
        "type": "Point",
        "coordinates": [
          -73.924397,
          40.805647
        ]
      }
    },
    {
      "type": "Feature",
      "properties": {
        "tree_id": 249269,
        "dbh": 3.0,
        "health": "Fair",
        "species": "honeylocust",
        "spc_latin": "Gleditsia triacanthos var. inermis",
        "borough": "Bronx"
      },
      "geometry": {
        "type": "Point",
        "coordinates": [
          -73.929105,
          40.810104
        ]
      }
    },
    {
      "type": "Feature",
      "properties": {
        "tree_id": 235915,
        "dbh": 4.0,
        "health": "Fair",
        "species": "honeylocust",
        "spc_latin": "Gleditsia triacanthos var. inermis",
        "borough": "Bronx"
      },
      "geometry": {
        "type": "Point",
        "coordinates": [
          -73.92091,
          40.805101
        ]
      }
    },
    {
      "type": "Feature",
      "properties": {
        "tree_id": 249462,
        "dbh": 5.0,
        "health": "Poor",
        "species": "red maple",
        "spc_latin": "Acer rubrum",
        "borough": "Bronx"
      },
      "geometry": {
        "type": "Point",
        "coordinates": [
          -73.924934,
          40.814327
        ]
      }
    },
    {
      "type": "Feature",
      "properties": {
        "tree_id": 249270,
        "dbh": 3.0,
        "health": "Fair",
        "species": "honeylocust",
        "spc_latin": "Gleditsia triacanthos var. inermis",
        "borough": "Bronx"
      },
      "geometry": {
        "type": "Point",
        "coordinates": [
          -73.929157,
          40.810142
        ]
      }
    },
    {
      "type": "Feature",
      "properties": {
        "tree_id": 249191,
        "dbh": 9.0,
        "health": "Fair",
        "species": "pin oak",
        "spc_latin": "Quercus palustris",
        "borough": "Bronx"
      },
      "geometry": {
        "type": "Point",
        "coordinates": [
          -73.926021,
          40.812447
        ]
      }
    },
    {
      "type": "Feature",
      "properties": {
        "tree_id": 249573,
        "dbh": 5.0,
        "health": "Good",
        "species": "pin oak",
        "spc_latin": "Quercus palustris",
        "borough": "Bronx"
      },
      "geometry": {
        "type": "Point",
        "coordinates": [
          -73.926076,
          40.814096
        ]
      }
    },
    {
      "type": "Feature",
      "properties": {
        "tree_id": 249574,
        "dbh": 6.0,
        "health": "Good",
        "species": "pin oak",
        "spc_latin": "Quercus palustris",
        "borough": "Bronx"
      },
      "geometry": {
        "type": "Point",
        "coordinates": [
          -73.926027,
          40.814166
        ]
      }
    },
    {
      "type": "Feature",
      "properties": {
        "tree_id": 250283,
        "dbh": 4.0,
        "health": "Fair",
        "species": "red maple",
        "spc_latin": "Acer rubrum",
        "borough": "Bronx"
      },
      "geometry": {
        "type": "Point",
        "coordinates": [
          -73.928622,
          40.813218
        ]
      }
    },
    {
      "type": "Feature",
      "properties": {
        "tree_id": 249192,
        "dbh": 18.0,
        "health": "Good",
        "species": "pin oak",
        "spc_latin": "Quercus palustris",
        "borough": "Bronx"
      },
      "geometry": {
        "type": "Point",
        "coordinates": [
          -73.925969,
          40.812519
        ]
      }
    },
    {
      "type": "Feature",
      "properties": {
        "tree_id": 235808,
        "dbh": 4.0,
        "health": "Fair",
        "species": "honeylocust",
        "spc_latin": "Gleditsia triacanthos var. inermis",
        "borough": "Bronx"
      },
      "geometry": {
        "type": "Point",
        "coordinates": [
          -73.921063,
          40.805171
        ]
      }
    },
    {
      "type": "Feature",
      "properties": {
        "tree_id": 249530,
        "dbh": 4.0,
        "health": "Fair",
        "species": "red maple",
        "spc_latin": "Acer rubrum",
        "borough": "Bronx"
      },
      "geometry": {
        "type": "Point",
        "coordinates": [
          -73.927629,
          40.81296
        ]
      }
    },
    {
      "type": "Feature",
      "properties": {
        "tree_id": 249470,
        "dbh": 14.0,
        "health": "Fair",
        "species": "London planetree",
        "spc_latin": "Platanus x acerifolia",
        "borough": "Bronx"
      },
      "geometry": {
        "type": "Point",
        "coordinates": [
          -73.925642,
          40.813437
        ]
      }
    },
    {
      "type": "Feature",
      "properties": {
        "tree_id": 249468,
        "dbh": 5.0,
        "health": "Good",
        "species": "London planetree",
        "spc_latin": "Platanus x acerifolia",
        "borough": "Bronx"
      },
      "geometry": {
        "type": "Point",
        "coordinates": [
          -73.925525,
          40.8136
        ]
      }
    },
    {
      "type": "Feature",
      "properties": {
        "tree_id": 249433,
        "dbh": 6.0,
        "health": "Poor",
        "species": "London planetree",
        "spc_latin": "Platanus x acerifolia",
        "borough": "Bronx"
      },
      "geometry": {
        "type": "Point",
        "coordinates": [
          -73.926505,
          40.813197
        ]
      }
    },
    {
      "type": "Feature",
      "properties": {
        "tree_id": 249195,
        "dbh": 22.0,
        "health": "Fair",
        "species": "London planetree",
        "spc_latin": "Platanus x acerifolia",
        "borough": "Bronx"
      },
      "geometry": {
        "type": "Point",
        "coordinates": [
          -73.924863,
          40.814057
        ]
      }
    },
    {
      "type": "Feature",
      "properties": {
        "tree_id": 249472,
        "dbh": 2.0,
        "health": "Good",
        "species": "London planetree",
        "spc_latin": "Platanus x acerifolia",
        "borough": "Bronx"
      },
      "geometry": {
        "type": "Point",
        "coordinates": [
          -73.925821,
          40.813185
        ]
      }
    },
    {
      "type": "Feature",
      "properties": {
        "tree_id": 249434,
        "dbh": 7.0,
        "health": "Poor",
        "species": "London planetree",
        "spc_latin": "Platanus x acerifolia",
        "borough": "Bronx"
      },
      "geometry": {
        "type": "Point",
        "coordinates": [
          -73.926358,
          40.813137
        ]
      }
    },
    {
      "type": "Feature",
      "properties": {
        "tree_id": 249469,
        "dbh": 5.0,
        "health": "Poor",
        "species": "London planetree",
        "spc_latin": "Platanus x acerifolia",
        "borough": "Bronx"
      },
      "geometry": {
        "type": "Point",
        "coordinates": [
          -73.925569,
          40.813539
        ]
      }
    },
    {
      "type": "Feature",
      "properties": {
        "tree_id": 249228,
        "dbh": 4.0,
        "health": "Fair",
        "species": "cherry",
        "spc_latin": "Prunus",
        "borough": "Bronx"
      },
      "geometry": {
        "type": "Point",
        "coordinates": [
          -73.926274,
          40.811682
        ]
      }
    },
    {
      "type": "Feature",
      "properties": {
        "tree_id": 249436,
        "dbh": 6.0,
        "health": "Fair",
        "species": "American hophornbeam",
        "spc_latin": "Ostrya virginiana",
        "borough": "Bronx"
      },
      "geometry": {
        "type": "Point",
        "coordinates": [
          -73.926108,
          40.813036
        ]
      }
    },
    {
      "type": "Feature",
      "properties": {
        "tree_id": 249471,
        "dbh": 6.0,
        "health": "Poor",
        "species": "London planetree",
        "spc_latin": "Platanus x acerifolia",
        "borough": "Bronx"
      },
      "geometry": {
        "type": "Point",
        "coordinates": [
          -73.92573,
          40.813312
        ]
      }
    },
    {
      "type": "Feature",
      "properties": {
        "tree_id": 236140,
        "dbh": 5.0,
        "health": "Good",
        "species": "honeylocust",
        "spc_latin": "Gleditsia triacanthos var. inermis",
        "borough": "Bronx"
      },
      "geometry": {
        "type": "Point",
        "coordinates": [
          -73.919145,
          40.804133
        ]
      }
    },
    {
      "type": "Feature",
      "properties": {
        "tree_id": 250281,
        "dbh": 3.0,
        "health": "Poor",
        "species": "red maple",
        "spc_latin": "Acer rubrum",
        "borough": "Bronx"
      },
      "geometry": {
        "type": "Point",
        "coordinates": [
          -73.928551,
          40.81332
        ]
      }
    },
    {
      "type": "Feature",
      "properties": {
        "tree_id": 249130,
        "dbh": 5.0,
        "health": "Poor",
        "species": "crab apple",
        "spc_latin": "Malus",
        "borough": "Bronx"
      },
      "geometry": {
        "type": "Point",
        "coordinates": [
          -73.929081,
          40.81107
        ]
      }
    },
    {
      "type": "Feature",
      "properties": {
        "tree_id": 249134,
        "dbh": 4.0,
        "health": "Fair",
        "species": "crab apple",
        "spc_latin": "Malus",
        "borough": "Bronx"
      },
      "geometry": {
        "type": "Point",
        "coordinates": [
          -73.929501,
          40.810748
        ]
      }
    },
    {
      "type": "Feature",
      "properties": {
        "tree_id": 249133,
        "dbh": 4.0,
        "health": "Good",
        "species": "crab apple",
        "spc_latin": "Malus",
        "borough": "Bronx"
      },
      "geometry": {
        "type": "Point",
        "coordinates": [
          -73.929425,
          40.810806
        ]
      }
    },
    {
      "type": "Feature",
      "properties": {
        "tree_id": 249129,
        "dbh": 4.0,
        "health": "Poor",
        "species": "crab apple",
        "spc_latin": "Malus",
        "borough": "Bronx"
      },
      "geometry": {
        "type": "Point",
        "coordinates": [
          -73.928893,
          40.811215
        ]
      }
    },
    {
      "type": "Feature",
      "properties": {
        "tree_id": 246931,
        "dbh": 20.0,
        "health": "Fair",
        "species": "honeylocust",
        "spc_latin": "Gleditsia triacanthos var. inermis",
        "borough": "Bronx"
      },
      "geometry": {
        "type": "Point",
        "coordinates": [
          -73.914508,
          40.801392
        ]
      }
    },
    {
      "type": "Feature",
      "properties": {
        "tree_id": 226759,
        "dbh": 7.0,
        "health": "Good",
        "species": "American linden",
        "spc_latin": "Tilia americana",
        "borough": "Bronx"
      },
      "geometry": {
        "type": "Point",
        "coordinates": [
          -73.922302,
          40.80547
        ]
      }
    },
    {
      "type": "Feature",
      "properties": {
        "tree_id": 236135,
        "dbh": 5.0,
        "health": "Good",
        "species": "honeylocust",
        "spc_latin": "Gleditsia triacanthos var. inermis",
        "borough": "Bronx"
      },
      "geometry": {
        "type": "Point",
        "coordinates": [
          -73.918715,
          40.803923
        ]
      }
    },
    {
      "type": "Feature",
      "properties": {
        "tree_id": 249128,
        "dbh": 4.0,
        "health": "Fair",
        "species": "crab apple",
        "spc_latin": "Malus",
        "borough": "Bronx"
      },
      "geometry": {
        "type": "Point",
        "coordinates": [
          -73.928621,
          40.811424
        ]
      }
    },
    {
      "type": "Feature",
      "properties": {
        "tree_id": 250280,
        "dbh": 10.0,
        "health": "Good",
        "species": "honeylocust",
        "spc_latin": "Gleditsia triacanthos var. inermis",
        "borough": "Bronx"
      },
      "geometry": {
        "type": "Point",
        "coordinates": [
          -73.928496,
          40.813399
        ]
      }
    },
    {
      "type": "Feature",
      "properties": {
        "tree_id": 250279,
        "dbh": 16.0,
        "health": "Good",
        "species": "honeylocust",
        "spc_latin": "Gleditsia triacanthos var. inermis",
        "borough": "Bronx"
      },
      "geometry": {
        "type": "Point",
        "coordinates": [
          -73.92846,
          40.813449
        ]
      }
    },
    {
      "type": "Feature",
      "properties": {
        "tree_id": 236137,
        "dbh": 8.0,
        "health": "Fair",
        "species": "Japanese zelkova",
        "spc_latin": "Zelkova serrata",
        "borough": "Bronx"
      },
      "geometry": {
        "type": "Point",
        "coordinates": [
          -73.918893,
          40.804028
        ]
      }
    },
    {
      "type": "Feature",
      "properties": {
        "tree_id": 249132,
        "dbh": 4.0,
        "health": "Fair",
        "species": "crab apple",
        "spc_latin": "Malus",
        "borough": "Bronx"
      },
      "geometry": {
        "type": "Point",
        "coordinates": [
          -73.92921,
          40.810972
        ]
      }
    },
    {
      "type": "Feature",
      "properties": {
        "tree_id": 252350,
        "dbh": 11.0,
        "health": "Fair",
        "species": "honeylocust",
        "spc_latin": "Gleditsia triacanthos var. inermis",
        "borough": "Bronx"
      },
      "geometry": {
        "type": "Point",
        "coordinates": [
          -73.92132,
          40.804113
        ]
      }
    },
    {
      "type": "Feature",
      "properties": {
        "tree_id": 249131,
        "dbh": 5.0,
        "health": "Poor",
        "species": "crab apple",
        "spc_latin": "Malus",
        "borough": "Bronx"
      },
      "geometry": {
        "type": "Point",
        "coordinates": [
          -73.929146,
          40.811021
        ]
      }
    },
    {
      "type": "Feature",
      "properties": {
        "tree_id": 249229,
        "dbh": 4.0,
        "health": "Poor",
        "species": "cherry",
        "spc_latin": "Prunus",
        "borough": "Bronx"
      },
      "geometry": {
        "type": "Point",
        "coordinates": [
          -73.926165,
          40.811735
        ]
      }
    },
    {
      "type": "Feature",
      "properties": {
        "tree_id": 246932,
        "dbh": 3.0,
        "health": "Fair",
        "species": "Amur maple",
        "spc_latin": "Acer ginnala",
        "borough": "Bronx"
      },
      "geometry": {
        "type": "Point",
        "coordinates": [
          -73.914715,
          40.801479
        ]
      }
    },
    {
      "type": "Feature",
      "properties": {
        "tree_id": 249358,
        "dbh": 4.0,
        "health": "Poor",
        "species": "Amur maple",
        "spc_latin": "Acer ginnala",
        "borough": "Bronx"
      },
      "geometry": {
        "type": "Point",
        "coordinates": [
          -73.929594,
          40.811127
        ]
      }
    },
    {
      "type": "Feature",
      "properties": {
        "tree_id": 249019,
        "dbh": 7.0,
        "health": "Fair",
        "species": "London planetree",
        "spc_latin": "Platanus x acerifolia",
        "borough": "Bronx"
      },
      "geometry": {
        "type": "Point",
        "coordinates": [
          -73.928331,
          40.810782
        ]
      }
    },
    {
      "type": "Feature",
      "properties": {
        "tree_id": 249188,
        "dbh": 6.0,
        "health": "Fair",
        "species": "London planetree",
        "spc_latin": "Platanus x acerifolia",
        "borough": "Bronx"
      },
      "geometry": {
        "type": "Point",
        "coordinates": [
          -73.928248,
          40.810583
        ]
      }
    },
    {
      "type": "Feature",
      "properties": {
        "tree_id": 226753,
        "dbh": 9.0,
        "health": "Good",
        "species": "Callery pear",
        "spc_latin": "Pyrus calleryana",
        "borough": "Bronx"
      },
      "geometry": {
        "type": "Point",
        "coordinates": [
          -73.923796,
          40.8061
        ]
      }
    },
    {
      "type": "Feature",
      "properties": {
        "tree_id": 236283,
        "dbh": 22.0,
        "health": "Fair",
        "species": "London planetree",
        "spc_latin": "Platanus x acerifolia",
        "borough": "Bronx"
      },
      "geometry": {
        "type": "Point",
        "coordinates": [
          -73.918529,
          40.803619
        ]
      }
    },
    {
      "type": "Feature",
      "properties": {
        "tree_id": 253403,
        "dbh": 22.0,
        "health": "Fair",
        "species": "London planetree",
        "spc_latin": "Platanus x acerifolia",
        "borough": "Bronx"
      },
      "geometry": {
        "type": "Point",
        "coordinates": [
          -73.920913,
          40.814416
        ]
      }
    },
    {
      "type": "Feature",
      "properties": {
        "tree_id": 249567,
        "dbh": 13.0,
        "health": "Fair",
        "species": "London planetree",
        "spc_latin": "Platanus x acerifolia",
        "borough": "Bronx"
      },
      "geometry": {
        "type": "Point",
        "coordinates": [
          -73.926501,
          40.813487
        ]
      }
    },
    {
      "type": "Feature",
      "properties": {
        "tree_id": 249082,
        "dbh": 6.0,
        "health": "Poor",
        "species": "littleleaf linden",
        "spc_latin": "Tilia cordata",
        "borough": "Bronx"
      },
      "geometry": {
        "type": "Point",
        "coordinates": [
          -73.927482,
          40.812137
        ]
      }
    },
    {
      "type": "Feature",
      "properties": {
        "tree_id": 253402,
        "dbh": 5.0,
        "health": "Poor",
        "species": "London planetree",
        "spc_latin": "Platanus x acerifolia",
        "borough": "Bronx"
      },
      "geometry": {
        "type": "Point",
        "coordinates": [
          -73.920995,
          40.814371
        ]
      }
    },
    {
      "type": "Feature",
      "properties": {
        "tree_id": 252351,
        "dbh": 11.0,
        "health": "Fair",
        "species": "honeylocust",
        "spc_latin": "Gleditsia triacanthos var. inermis",
        "borough": "Bronx"
      },
      "geometry": {
        "type": "Point",
        "coordinates": [
          -73.921416,
          40.804153
        ]
      }
    },
    {
      "type": "Feature",
      "properties": {
        "tree_id": 250518,
        "dbh": 5.0,
        "health": "Good",
        "species": "English oak",
        "spc_latin": "Quercus robur",
        "borough": "Bronx"
      },
      "geometry": {
        "type": "Point",
        "coordinates": [
          -73.928221,
          40.811911
        ]
      }
    },
    {
      "type": "Feature",
      "properties": {
        "tree_id": 249584,
        "dbh": 4.0,
        "health": "Good",
        "species": "Japanese zelkova",
        "spc_latin": "Zelkova serrata",
        "borough": "Bronx"
      },
      "geometry": {
        "type": "Point",
        "coordinates": [
          -73.929076,
          40.811678
        ]
      }
    },
    {
      "type": "Feature",
      "properties": {
        "tree_id": 249408,
        "dbh": 2.0,
        "health": "Poor",
        "species": "English oak",
        "spc_latin": "Quercus robur",
        "borough": "Bronx"
      },
      "geometry": {
        "type": "Point",
        "coordinates": [
          -73.92887,
          40.812152
        ]
      }
    },
    {
      "type": "Feature",
      "properties": {
        "tree_id": 236282,
        "dbh": 19.0,
        "health": "Good",
        "species": "London planetree",
        "spc_latin": "Platanus x acerifolia",
        "borough": "Bronx"
      },
      "geometry": {
        "type": "Point",
        "coordinates": [
          -73.918642,
          40.803467
        ]
      }
    },
    {
      "type": "Feature",
      "properties": {
        "tree_id": 249569,
        "dbh": 5.0,
        "health": "Fair",
        "species": "pin oak",
        "spc_latin": "Quercus palustris",
        "borough": "Bronx"
      },
      "geometry": {
        "type": "Point",
        "coordinates": [
          -73.926389,
          40.813647
        ]
      }
    },
    {
      "type": "Feature",
      "properties": {
        "tree_id": 249442,
        "dbh": 4.0,
        "health": "Fair",
        "species": "pin oak",
        "spc_latin": "Quercus palustris",
        "borough": "Bronx"
      },
      "geometry": {
        "type": "Point",
        "coordinates": [
          -73.929208,
          40.812404
        ]
      }
    },
    {
      "type": "Feature",
      "properties": {
        "tree_id": 249591,
        "dbh": 22.0,
        "health": "Good",
        "species": "pin oak",
        "spc_latin": "Quercus palustris",
        "borough": "Bronx"
      },
      "geometry": {
        "type": "Point",
        "coordinates": [
          -73.926453,
          40.812249
        ]
      }
    },
    {
      "type": "Feature",
      "properties": {
        "tree_id": 249592,
        "dbh": 5.0,
        "health": "Good",
        "species": "pin oak",
        "spc_latin": "Quercus palustris",
        "borough": "Bronx"
      },
      "geometry": {
        "type": "Point",
        "coordinates": [
          -73.92651,
          40.81217
        ]
      }
    },
    {
      "type": "Feature",
      "properties": {
        "tree_id": 249590,
        "dbh": 5.0,
        "health": "Poor",
        "species": "pin oak",
        "spc_latin": "Quercus palustris",
        "borough": "Bronx"
      },
      "geometry": {
        "type": "Point",
        "coordinates": [
          -73.926362,
          40.812376
        ]
      }
    },
    {
      "type": "Feature",
      "properties": {
        "tree_id": 249189,
        "dbh": 8.0,
        "health": "Fair",
        "species": "pin oak",
        "spc_latin": "Quercus palustris",
        "borough": "Bronx"
      },
      "geometry": {
        "type": "Point",
        "coordinates": [
          -73.926232,
          40.812154
        ]
      }
    },
    {
      "type": "Feature",
      "properties": {
        "tree_id": 249190,
        "dbh": 14.0,
        "health": "Good",
        "species": "pin oak",
        "spc_latin": "Quercus palustris",
        "borough": "Bronx"
      },
      "geometry": {
        "type": "Point",
        "coordinates": [
          -73.926151,
          40.812266
        ]
      }
    },
    {
      "type": "Feature",
      "properties": {
        "tree_id": 249319,
        "dbh": 4.0,
        "health": "Fair",
        "species": "hedge maple",
        "spc_latin": "Acer campestre",
        "borough": "Bronx"
      },
      "geometry": {
        "type": "Point",
        "coordinates": [
          -73.927415,
          40.812427
        ]
      }
    },
    {
      "type": "Feature",
      "properties": {
        "tree_id": 249321,
        "dbh": 4.0,
        "health": "Fair",
        "species": "hedge maple",
        "spc_latin": "Acer campestre",
        "borough": "Bronx"
      },
      "geometry": {
        "type": "Point",
        "coordinates": [
          -73.927336,
          40.812538
        ]
      }
    },
    {
      "type": "Feature",
      "properties": {
        "tree_id": 249568,
        "dbh": 6.0,
        "health": "Good",
        "species": "pin oak",
        "spc_latin": "Quercus palustris",
        "borough": "Bronx"
      },
      "geometry": {
        "type": "Point",
        "coordinates": [
          -73.926445,
          40.813567
        ]
      }
    },
    {
      "type": "Feature",
      "properties": {
        "tree_id": 249593,
        "dbh": 6.0,
        "health": "Fair",
        "species": "pin oak",
        "spc_latin": "Quercus palustris",
        "borough": "Bronx"
      },
      "geometry": {
        "type": "Point",
        "coordinates": [
          -73.926553,
          40.81211
        ]
      }
    },
    {
      "type": "Feature",
      "properties": {
        "tree_id": 249380,
        "dbh": 4.0,
        "health": "Fair",
        "species": "red maple",
        "spc_latin": "Acer rubrum",
        "borough": "Bronx"
      },
      "geometry": {
        "type": "Point",
        "coordinates": [
          -73.926986,
          40.813387
        ]
      }
    },
    {
      "type": "Feature",
      "properties": {
        "tree_id": 250276,
        "dbh": 6.0,
        "health": "Good",
        "species": "swamp white oak",
        "spc_latin": "Quercus bicolor",
        "borough": "Bronx"
      },
      "geometry": {
        "type": "Point",
        "coordinates": [
          -73.928213,
          40.813802
        ]
      }
    },
    {
      "type": "Feature",
      "properties": {
        "tree_id": 253404,
        "dbh": 17.0,
        "health": "Poor",
        "species": "London planetree",
        "spc_latin": "Platanus x acerifolia",
        "borough": "Bronx"
      },
      "geometry": {
        "type": "Point",
        "coordinates": [
          -73.920805,
          40.814475
        ]
      }
    },
    {
      "type": "Feature",
      "properties": {
        "tree_id": 249323,
        "dbh": 4.0,
        "health": "Good",
        "species": "green ash",
        "spc_latin": "Fraxinus pennsylvanica",
        "borough": "Bronx"
      },
      "geometry": {
        "type": "Point",
        "coordinates": [
          -73.927207,
          40.812719
        ]
      }
    },
    {
      "type": "Feature",
      "properties": {
        "tree_id": 249080,
        "dbh": 6.0,
        "health": "Good",
        "species": "littleleaf linden",
        "spc_latin": "Tilia cordata",
        "borough": "Bronx"
      },
      "geometry": {
        "type": "Point",
        "coordinates": [
          -73.927851,
          40.811855
        ]
      }
    },
    {
      "type": "Feature",
      "properties": {
        "tree_id": 249187,
        "dbh": 5.0,
        "health": "Fair",
        "species": "London planetree",
        "spc_latin": "Platanus x acerifolia",
        "borough": "Bronx"
      },
      "geometry": {
        "type": "Point",
        "coordinates": [
          -73.928335,
          40.810649
        ]
      }
    },
    {
      "type": "Feature",
      "properties": {
        "tree_id": 247403,
        "dbh": 15.0,
        "health": "Good",
        "species": "honeylocust",
        "spc_latin": "Gleditsia triacanthos var. inermis",
        "borough": "Bronx"
      },
      "geometry": {
        "type": "Point",
        "coordinates": [
          -73.914682,
          40.801341
        ]
      }
    },
    {
      "type": "Feature",
      "properties": {
        "tree_id": 249231,
        "dbh": 5.0,
        "health": "Fair",
        "species": "cherry",
        "spc_latin": "Prunus",
        "borough": "Bronx"
      },
      "geometry": {
        "type": "Point",
        "coordinates": [
          -73.925966,
          40.811832
        ]
      }
    },
    {
      "type": "Feature",
      "properties": {
        "tree_id": 249233,
        "dbh": 7.0,
        "health": "Fair",
        "species": "cherry",
        "spc_latin": "Prunus",
        "borough": "Bronx"
      },
      "geometry": {
        "type": "Point",
        "coordinates": [
          -73.925794,
          40.811916
        ]
      }
    },
    {
      "type": "Feature",
      "properties": {
        "tree_id": 249081,
        "dbh": 5.0,
        "health": "Fair",
        "species": "American linden",
        "spc_latin": "Tilia americana",
        "borough": "Bronx"
      },
      "geometry": {
        "type": "Point",
        "coordinates": [
          -73.927579,
          40.812063
        ]
      }
    },
    {
      "type": "Feature",
      "properties": {
        "tree_id": 253401,
        "dbh": 4.0,
        "health": "Poor",
        "species": "London planetree",
        "spc_latin": "Platanus x acerifolia",
        "borough": "Bronx"
      },
      "geometry": {
        "type": "Point",
        "coordinates": [
          -73.92111,
          40.814308
        ]
      }
    },
    {
      "type": "Feature",
      "properties": {
        "tree_id": 249572,
        "dbh": 5.0,
        "health": "Poor",
        "species": "pin oak",
        "spc_latin": "Quercus palustris",
        "borough": "Bronx"
      },
      "geometry": {
        "type": "Point",
        "coordinates": [
          -73.926128,
          40.814021
        ]
      }
    },
    {
      "type": "Feature",
      "properties": {
        "tree_id": 250375,
        "dbh": 5.0,
        "health": "Good",
        "species": "pin oak",
        "spc_latin": "Quercus palustris",
        "borough": "Bronx"
      },
      "geometry": {
        "type": "Point",
        "coordinates": [
          -73.928607,
          40.812199
        ]
      }
    },
    {
      "type": "Feature",
      "properties": {
        "tree_id": 249589,
        "dbh": 6.0,
        "health": "Fair",
        "species": "pin oak",
        "spc_latin": "Quercus palustris",
        "borough": "Bronx"
      },
      "geometry": {
        "type": "Point",
        "coordinates": [
          -73.926293,
          40.812472
        ]
      }
    },
    {
      "type": "Feature",
      "properties": {
        "tree_id": 249379,
        "dbh": 4.0,
        "health": "Fair",
        "species": "red maple",
        "spc_latin": "Acer rubrum",
        "borough": "Bronx"
      },
      "geometry": {
        "type": "Point",
        "coordinates": [
          -73.926923,
          40.813361
        ]
      }
    },
    {
      "type": "Feature",
      "properties": {
        "tree_id": 236284,
        "dbh": 22.0,
        "health": "Fair",
        "species": "London planetree",
        "spc_latin": "Platanus x acerifolia",
        "borough": "Bronx"
      },
      "geometry": {
        "type": "Point",
        "coordinates": [
          -73.918471,
          40.803697
        ]
      }
    },
    {
      "type": "Feature",
      "properties": {
        "tree_id": 249359,
        "dbh": 5.0,
        "health": "Poor",
        "species": "Amur maple",
        "spc_latin": "Acer ginnala",
        "borough": "Bronx"
      },
      "geometry": {
        "type": "Point",
        "coordinates": [
          -73.929532,
          40.811175
        ]
      }
    },
    {
      "type": "Feature",
      "properties": {
        "tree_id": 249381,
        "dbh": 4.0,
        "health": "Fair",
        "species": "red maple",
        "spc_latin": "Acer rubrum",
        "borough": "Bronx"
      },
      "geometry": {
        "type": "Point",
        "coordinates": [
          -73.927083,
          40.813427
        ]
      }
    },
    {
      "type": "Feature",
      "properties": {
        "tree_id": 249702,
        "dbh": 7.0,
        "health": "Good",
        "species": "silver linden",
        "spc_latin": "Tilia tomentosa",
        "borough": "Bronx"
      },
      "geometry": {
        "type": "Point",
        "coordinates": [
          -73.927254,
          40.812062
        ]
      }
    },
    {
      "type": "Feature",
      "properties": {
        "tree_id": 249020,
        "dbh": 8.0,
        "health": "Fair",
        "species": "London planetree",
        "spc_latin": "Platanus x acerifolia",
        "borough": "Bronx"
      },
      "geometry": {
        "type": "Point",
        "coordinates": [
          -73.928269,
          40.810736
        ]
      }
    },
    {
      "type": "Feature",
      "properties": {
        "tree_id": 251559,
        "dbh": 17.0,
        "health": "Fair",
        "species": "Sophora",
        "spc_latin": "Styphnolobium japonicum",
        "borough": "Bronx"
      },
      "geometry": {
        "type": "Point",
        "coordinates": [
          -73.929484,
          40.809122
        ]
      }
    },
    {
      "type": "Feature",
      "properties": {
        "tree_id": 249236,
        "dbh": 5.0,
        "health": "Poor",
        "species": "katsura tree",
        "spc_latin": "Cercidiphyllum japonicum",
        "borough": "Bronx"
      },
      "geometry": {
        "type": "Point",
        "coordinates": [
          -73.924873,
          40.812378
        ]
      }
    },
    {
      "type": "Feature",
      "properties": {
        "tree_id": 249571,
        "dbh": 2.0,
        "health": "Good",
        "species": "London planetree",
        "spc_latin": "Platanus x acerifolia",
        "borough": "Bronx"
      },
      "geometry": {
        "type": "Point",
        "coordinates": [
          -73.926233,
          40.813871
        ]
      }
    },
    {
      "type": "Feature",
      "properties": {
        "tree_id": 249357,
        "dbh": 4.0,
        "health": "Poor",
        "species": "Japanese zelkova",
        "spc_latin": "Zelkova serrata",
        "borough": "Bronx"
      },
      "geometry": {
        "type": "Point",
        "coordinates": [
          -73.929862,
          40.810921
        ]
      }
    },
    {
      "type": "Feature",
      "properties": {
        "tree_id": 249435,
        "dbh": 6.0,
        "health": "Good",
        "species": "Chinese elm",
        "spc_latin": "Ulmus parvifolia",
        "borough": "Bronx"
      },
      "geometry": {
        "type": "Point",
        "coordinates": [
          -73.926224,
          40.813083
        ]
      }
    },
    {
      "type": "Feature",
      "properties": {
        "tree_id": 249361,
        "dbh": 5.0,
        "health": "Fair",
        "species": "Japanese zelkova",
        "spc_latin": "Zelkova serrata",
        "borough": "Bronx"
      },
      "geometry": {
        "type": "Point",
        "coordinates": [
          -73.92914,
          40.811477
        ]
      }
    },
    {
      "type": "Feature",
      "properties": {
        "tree_id": 249735,
        "dbh": 5.0,
        "health": "Good",
        "species": "Japanese zelkova",
        "spc_latin": "Zelkova serrata",
        "borough": "Bronx"
      },
      "geometry": {
        "type": "Point",
        "coordinates": [
          -73.927649,
          40.81319
        ]
      }
    },
    {
      "type": "Feature",
      "properties": {
        "tree_id": 249360,
        "dbh": 4.0,
        "health": "Poor",
        "species": "Japanese zelkova",
        "spc_latin": "Zelkova serrata",
        "borough": "Bronx"
      },
      "geometry": {
        "type": "Point",
        "coordinates": [
          -73.929402,
          40.811275
        ]
      }
    },
    {
      "type": "Feature",
      "properties": {
        "tree_id": 249362,
        "dbh": 5.0,
        "health": "Good",
        "species": "Japanese zelkova",
        "spc_latin": "Zelkova serrata",
        "borough": "Bronx"
      },
      "geometry": {
        "type": "Point",
        "coordinates": [
          -73.928996,
          40.811588
        ]
      }
    },
    {
      "type": "Feature",
      "properties": {
        "tree_id": 249185,
        "dbh": 4.0,
        "health": "Fair",
        "species": "Japanese zelkova",
        "spc_latin": "Zelkova serrata",
        "borough": "Bronx"
      },
      "geometry": {
        "type": "Point",
        "coordinates": [
          -73.928772,
          40.81098
        ]
      }
    },
    {
      "type": "Feature",
      "properties": {
        "tree_id": 249585,
        "dbh": 4.0,
        "health": "Good",
        "species": "Japanese zelkova",
        "spc_latin": "Zelkova serrata",
        "borough": "Bronx"
      },
      "geometry": {
        "type": "Point",
        "coordinates": [
          -73.929126,
          40.811639
        ]
      }
    },
    {
      "type": "Feature",
      "properties": {
        "tree_id": 249703,
        "dbh": 8.0,
        "health": "Good",
        "species": "American linden",
        "spc_latin": "Tilia americana",
        "borough": "Bronx"
      },
      "geometry": {
        "type": "Point",
        "coordinates": [
          -73.927331,
          40.812119
        ]
      }
    },
    {
      "type": "Feature",
      "properties": {
        "tree_id": 249588,
        "dbh": 5.0,
        "health": "Fair",
        "species": "pin oak",
        "spc_latin": "Quercus palustris",
        "borough": "Bronx"
      },
      "geometry": {
        "type": "Point",
        "coordinates": [
          -73.926197,
          40.812607
        ]
      }
    },
    {
      "type": "Feature",
      "properties": {
        "tree_id": 250519,
        "dbh": 2.0,
        "health": "Good",
        "species": "English oak",
        "spc_latin": "Quercus robur",
        "borough": "Bronx"
      },
      "geometry": {
        "type": "Point",
        "coordinates": [
          -73.928156,
          40.811862
        ]
      }
    },
    {
      "type": "Feature",
      "properties": {
        "tree_id": 249739,
        "dbh": 5.0,
        "health": "Poor",
        "species": "horse chestnut",
        "spc_latin": "Aesculus hippocastanum",
        "borough": "Bronx"
      },
      "geometry": {
        "type": "Point",
        "coordinates": [
          -73.921526,
          40.814384
        ]
      }
    },
    {
      "type": "Feature",
      "properties": {
        "tree_id": 249740,
        "dbh": 5.0,
        "health": "Poor",
        "species": "horse chestnut",
        "spc_latin": "Aesculus hippocastanum",
        "borough": "Bronx"
      },
      "geometry": {
        "type": "Point",
        "coordinates": [
          -73.921617,
          40.814487
        ]
      }
    },
    {
      "type": "Feature",
      "properties": {
        "tree_id": 249194,
        "dbh": 12.0,
        "health": "Good",
        "species": "honeylocust",
        "spc_latin": "Gleditsia triacanthos var. inermis",
        "borough": "Bronx"
      },
      "geometry": {
        "type": "Point",
        "coordinates": [
          -73.925476,
          40.813205
        ]
      }
    },
    {
      "type": "Feature",
      "properties": {
        "tree_id": 249320,
        "dbh": 4.0,
        "health": "Fair",
        "species": "hedge maple",
        "spc_latin": "Acer campestre",
        "borough": "Bronx"
      },
      "geometry": {
        "type": "Point",
        "coordinates": [
          -73.927379,
          40.812477
        ]
      }
    },
    {
      "type": "Feature",
      "properties": {
        "tree_id": 249467,
        "dbh": 4.0,
        "health": "Poor",
        "species": "red maple",
        "spc_latin": "Acer rubrum",
        "borough": "Bronx"
      },
      "geometry": {
        "type": "Point",
        "coordinates": [
          -73.925258,
          40.813886
        ]
      }
    },
    {
      "type": "Feature",
      "properties": {
        "tree_id": 249322,
        "dbh": 4.0,
        "health": "Fair",
        "species": "hedge maple",
        "spc_latin": "Acer campestre",
        "borough": "Bronx"
      },
      "geometry": {
        "type": "Point",
        "coordinates": [
          -73.927267,
          40.812635
        ]
      }
    },
    {
      "type": "Feature",
      "properties": {
        "tree_id": 249079,
        "dbh": 6.0,
        "health": "Fair",
        "species": "littleleaf linden",
        "spc_latin": "Tilia cordata",
        "borough": "Bronx"
      },
      "geometry": {
        "type": "Point",
        "coordinates": [
          -73.927914,
          40.811807
        ]
      }
    },
    {
      "type": "Feature",
      "properties": {
        "tree_id": 249931,
        "dbh": 7.0,
        "health": "Fair",
        "species": "red maple",
        "spc_latin": "Acer rubrum",
        "borough": "Bronx"
      },
      "geometry": {
        "type": "Point",
        "coordinates": [
          -73.927547,
          40.81365
        ]
      }
    },
    {
      "type": "Feature",
      "properties": {
        "tree_id": 249932,
        "dbh": 7.0,
        "health": "Fair",
        "species": "red maple",
        "spc_latin": "Acer rubrum",
        "borough": "Bronx"
      },
      "geometry": {
        "type": "Point",
        "coordinates": [
          -73.927643,
          40.813688
        ]
      }
    },
    {
      "type": "Feature",
      "properties": {
        "tree_id": 262523,
        "dbh": 10.0,
        "health": "Good",
        "species": "Callery pear",
        "spc_latin": "Pyrus calleryana",
        "borough": "Bronx"
      },
      "geometry": {
        "type": "Point",
        "coordinates": [
          -73.926443,
          40.806491
        ]
      }
    },
    {
      "type": "Feature",
      "properties": {
        "tree_id": 249575,
        "dbh": 7.0,
        "health": "Good",
        "species": "black oak",
        "spc_latin": "Quercus velutina",
        "borough": "Bronx"
      },
      "geometry": {
        "type": "Point",
        "coordinates": [
          -73.925979,
          40.814234
        ]
      }
    },
    {
      "type": "Feature",
      "properties": {
        "tree_id": 249135,
        "dbh": 4.0,
        "health": "Good",
        "species": "crab apple",
        "spc_latin": "Malus",
        "borough": "Bronx"
      },
      "geometry": {
        "type": "Point",
        "coordinates": [
          -73.929605,
          40.810668
        ]
      }
    },
    {
      "type": "Feature",
      "properties": {
        "tree_id": 249580,
        "dbh": 6.0,
        "health": "Good",
        "species": "Japanese zelkova",
        "spc_latin": "Zelkova serrata",
        "borough": "Bronx"
      },
      "geometry": {
        "type": "Point",
        "coordinates": [
          -73.928796,
          40.811894
        ]
      }
    },
    {
      "type": "Feature",
      "properties": {
        "tree_id": 262519,
        "dbh": 9.0,
        "health": "Good",
        "species": "Callery pear",
        "spc_latin": "Pyrus calleryana",
        "borough": "Bronx"
      },
      "geometry": {
        "type": "Point",
        "coordinates": [
          -73.925742,
          40.806196
        ]
      }
    },
    {
      "type": "Feature",
      "properties": {
        "tree_id": 249581,
        "dbh": 6.0,
        "health": "Good",
        "species": "Japanese zelkova",
        "spc_latin": "Zelkova serrata",
        "borough": "Bronx"
      },
      "geometry": {
        "type": "Point",
        "coordinates": [
          -73.928873,
          40.811835
        ]
      }
    },
    {
      "type": "Feature",
      "properties": {
        "tree_id": 249529,
        "dbh": 4.0,
        "health": "Fair",
        "species": "Japanese zelkova",
        "spc_latin": "Zelkova serrata",
        "borough": "Bronx"
      },
      "geometry": {
        "type": "Point",
        "coordinates": [
          -73.927428,
          40.81325
        ]
      }
    },
    {
      "type": "Feature",
      "properties": {
        "tree_id": 249528,
        "dbh": 4.0,
        "health": "Fair",
        "species": "Japanese zelkova",
        "spc_latin": "Zelkova serrata",
        "borough": "Bronx"
      },
      "geometry": {
        "type": "Point",
        "coordinates": [
          -73.927378,
          40.813323
        ]
      }
    },
    {
      "type": "Feature",
      "properties": {
        "tree_id": 228103,
        "dbh": 3.0,
        "health": "Good",
        "species": "Japanese zelkova",
        "spc_latin": "Zelkova serrata",
        "borough": "Bronx"
      },
      "geometry": {
        "type": "Point",
        "coordinates": [
          -73.922039,
          40.805062
        ]
      }
    },
    {
      "type": "Feature",
      "properties": {
        "tree_id": 260461,
        "dbh": 6.0,
        "health": "Fair",
        "species": "Amur maple",
        "spc_latin": "Acer ginnala",
        "borough": "Bronx"
      },
      "geometry": {
        "type": "Point",
        "coordinates": [
          -73.926067,
          40.807056
        ]
      }
    },
    {
      "type": "Feature",
      "properties": {
        "tree_id": 249230,
        "dbh": 4.0,
        "health": "Poor",
        "species": "cherry",
        "spc_latin": "Prunus",
        "borough": "Bronx"
      },
      "geometry": {
        "type": "Point",
        "coordinates": [
          -73.926074,
          40.811779
        ]
      }
    },
    {
      "type": "Feature",
      "properties": {
        "tree_id": 249232,
        "dbh": 6.0,
        "health": "Fair",
        "species": "cherry",
        "spc_latin": "Prunus",
        "borough": "Bronx"
      },
      "geometry": {
        "type": "Point",
        "coordinates": [
          -73.925873,
          40.811877
        ]
      }
    },
    {
      "type": "Feature",
      "properties": {
        "tree_id": 249356,
        "dbh": 4.0,
        "health": "Fair",
        "species": "Japanese zelkova",
        "spc_latin": "Zelkova serrata",
        "borough": "Bronx"
      },
      "geometry": {
        "type": "Point",
        "coordinates": [
          -73.929951,
          40.810853
        ]
      }
    },
    {
      "type": "Feature",
      "properties": {
        "tree_id": 249738,
        "dbh": 5.0,
        "health": "Fair",
        "species": "Siberian elm",
        "spc_latin": "Ulmus pumila",
        "borough": "Bronx"
      },
      "geometry": {
        "type": "Point",
        "coordinates": [
          -73.927489,
          40.813421
        ]
      }
    },
    {
      "type": "Feature",
      "properties": {
        "tree_id": 249317,
        "dbh": 5.0,
        "health": "Fair",
        "species": "Siberian elm",
        "spc_latin": "Ulmus pumila",
        "borough": "Bronx"
      },
      "geometry": {
        "type": "Point",
        "coordinates": [
          -73.927824,
          40.812024
        ]
      }
    },
    {
      "type": "Feature",
      "properties": {
        "tree_id": 262520,
        "dbh": 11.0,
        "health": "Fair",
        "species": "Callery pear",
        "spc_latin": "Pyrus calleryana",
        "borough": "Bronx"
      },
      "geometry": {
        "type": "Point",
        "coordinates": [
          -73.92583,
          40.806233
        ]
      }
    },
    {
      "type": "Feature",
      "properties": {
        "tree_id": 264005,
        "dbh": 6.0,
        "health": "Good",
        "species": "Callery pear",
        "spc_latin": "Pyrus calleryana",
        "borough": "Bronx"
      },
      "geometry": {
        "type": "Point",
        "coordinates": [
          -73.927878,
          40.80688
        ]
      }
    },
    {
      "type": "Feature",
      "properties": {
        "tree_id": 260458,
        "dbh": 3.0,
        "health": "Fair",
        "species": "honeylocust",
        "spc_latin": "Gleditsia triacanthos var. inermis",
        "borough": "Bronx"
      },
      "geometry": {
        "type": "Point",
        "coordinates": [
          -73.925463,
          40.806802
        ]
      }
    },
    {
      "type": "Feature",
      "properties": {
        "tree_id": 260457,
        "dbh": 4.0,
        "health": "Fair",
        "species": "honeylocust",
        "spc_latin": "Gleditsia triacanthos var. inermis",
        "borough": "Bronx"
      },
      "geometry": {
        "type": "Point",
        "coordinates": [
          -73.925231,
          40.806704
        ]
      }
    },
    {
      "type": "Feature",
      "properties": {
        "tree_id": 251707,
        "dbh": 6.0,
        "health": "Good",
        "species": "Sophora",
        "spc_latin": "Styphnolobium japonicum",
        "borough": "Bronx"
      },
      "geometry": {
        "type": "Point",
        "coordinates": [
          -73.927135,
          40.812629
        ]
      }
    },
    {
      "type": "Feature",
      "properties": {
        "tree_id": 250284,
        "dbh": 1.0,
        "health": "Good",
        "species": "littleleaf linden",
        "spc_latin": "Tilia cordata",
        "borough": "Bronx"
      },
      "geometry": {
        "type": "Point",
        "coordinates": [
          -73.929029,
          40.812638
        ]
      }
    },
    {
      "type": "Feature",
      "properties": {
        "tree_id": 255267,
        "dbh": 4.0,
        "health": "Good",
        "species": "ginkgo",
        "spc_latin": "Ginkgo biloba",
        "borough": "Bronx"
      },
      "geometry": {
        "type": "Point",
        "coordinates": [
          -73.915975,
          40.802104
        ]
      }
    },
    {
      "type": "Feature",
      "properties": {
        "tree_id": 259929,
        "dbh": 3.0,
        "health": "Fair",
        "species": "ginkgo",
        "spc_latin": "Ginkgo biloba",
        "borough": "Bronx"
      },
      "geometry": {
        "type": "Point",
        "coordinates": [
          -73.915109,
          40.802832
        ]
      }
    },
    {
      "type": "Feature",
      "properties": {
        "tree_id": 249204,
        "dbh": 2.0,
        "health": "Fair",
        "species": "swamp white oak",
        "spc_latin": "Quercus bicolor",
        "borough": "Bronx"
      },
      "geometry": {
        "type": "Point",
        "coordinates": [
          -73.92861,
          40.810215
        ]
      }
    },
    {
      "type": "Feature",
      "properties": {
        "tree_id": 260460,
        "dbh": 8.0,
        "health": "Fair",
        "species": "Japanese zelkova",
        "spc_latin": "Zelkova serrata",
        "borough": "Bronx"
      },
      "geometry": {
        "type": "Point",
        "coordinates": [
          -73.925808,
          40.806947
        ]
      }
    },
    {
      "type": "Feature",
      "properties": {
        "tree_id": 259931,
        "dbh": 3.0,
        "health": "Fair",
        "species": "ginkgo",
        "spc_latin": "Ginkgo biloba",
        "borough": "Bronx"
      },
      "geometry": {
        "type": "Point",
        "coordinates": [
          -73.914956,
          40.802903
        ]
      }
    },
    {
      "type": "Feature",
      "properties": {
        "tree_id": 259933,
        "dbh": 3.0,
        "health": "Poor",
        "species": "ginkgo",
        "spc_latin": "Ginkgo biloba",
        "borough": "Bronx"
      },
      "geometry": {
        "type": "Point",
        "coordinates": [
          -73.9148,
          40.802975
        ]
      }
    },
    {
      "type": "Feature",
      "properties": {
        "tree_id": 255269,
        "dbh": 4.0,
        "health": "Good",
        "species": "ginkgo",
        "spc_latin": "Ginkgo biloba",
        "borough": "Bronx"
      },
      "geometry": {
        "type": "Point",
        "coordinates": [
          -73.915754,
          40.802406
        ]
      }
    },
    {
      "type": "Feature",
      "properties": {
        "tree_id": 255268,
        "dbh": 2.0,
        "health": "Good",
        "species": "ginkgo",
        "spc_latin": "Ginkgo biloba",
        "borough": "Bronx"
      },
      "geometry": {
        "type": "Point",
        "coordinates": [
          -73.915843,
          40.802285
        ]
      }
    },
    {
      "type": "Feature",
      "properties": {
        "tree_id": 260459,
        "dbh": 6.0,
        "health": "Fair",
        "species": "honeylocust",
        "spc_latin": "Gleditsia triacanthos var. inermis",
        "borough": "Bronx"
      },
      "geometry": {
        "type": "Point",
        "coordinates": [
          -73.925662,
          40.806885
        ]
      }
    },
    {
      "type": "Feature",
      "properties": {
        "tree_id": 251560,
        "dbh": 2.0,
        "health": "Good",
        "species": "Sophora",
        "spc_latin": "Styphnolobium japonicum",
        "borough": "Bronx"
      },
      "geometry": {
        "type": "Point",
        "coordinates": [
          -73.929833,
          40.808858
        ]
      }
    },
    {
      "type": "Feature",
      "properties": {
        "tree_id": 264006,
        "dbh": 6.0,
        "health": "Good",
        "species": "Callery pear",
        "spc_latin": "Pyrus calleryana",
        "borough": "Bronx"
      },
      "geometry": {
        "type": "Point",
        "coordinates": [
          -73.928045,
          40.806951
        ]
      }
    },
    {
      "type": "Feature",
      "properties": {
        "tree_id": 260462,
        "dbh": 5.0,
        "health": "Good",
        "species": "honeylocust",
        "spc_latin": "Gleditsia triacanthos var. inermis",
        "borough": "Bronx"
      },
      "geometry": {
        "type": "Point",
        "coordinates": [
          -73.926559,
          40.807264
        ]
      }
    },
    {
      "type": "Feature",
      "properties": {
        "tree_id": 249318,
        "dbh": 4.0,
        "health": "Fair",
        "species": "Siberian elm",
        "spc_latin": "Ulmus pumila",
        "borough": "Bronx"
      },
      "geometry": {
        "type": "Point",
        "coordinates": [
          -73.927646,
          40.812161
        ]
      }
    },
    {
      "type": "Feature",
      "properties": {
        "tree_id": 249582,
        "dbh": 4.0,
        "health": "Fair",
        "species": "red maple",
        "spc_latin": "Acer rubrum",
        "borough": "Bronx"
      },
      "geometry": {
        "type": "Point",
        "coordinates": [
          -73.928973,
          40.811758
        ]
      }
    },
    {
      "type": "Feature",
      "properties": {
        "tree_id": 251708,
        "dbh": 4.0,
        "health": "Poor",
        "species": "pin oak",
        "spc_latin": "Quercus palustris",
        "borough": "Bronx"
      },
      "geometry": {
        "type": "Point",
        "coordinates": [
          -73.927047,
          40.812756
        ]
      }
    },
    {
      "type": "Feature",
      "properties": {
        "tree_id": 249586,
        "dbh": 4.0,
        "health": "Poor",
        "species": "red maple",
        "spc_latin": "Acer rubrum",
        "borough": "Bronx"
      },
      "geometry": {
        "type": "Point",
        "coordinates": [
          -73.92918,
          40.811598
        ]
      }
    },
    {
      "type": "Feature",
      "properties": {
        "tree_id": 249583,
        "dbh": 5.0,
        "health": "Fair",
        "species": "red maple",
        "spc_latin": "Acer rubrum",
        "borough": "Bronx"
      },
      "geometry": {
        "type": "Point",
        "coordinates": [
          -73.929024,
          40.811718
        ]
      }
    },
    {
      "type": "Feature",
      "properties": {
        "tree_id": 249533,
        "dbh": 4.0,
        "health": "Fair",
        "species": "red maple",
        "spc_latin": "Acer rubrum",
        "borough": "Bronx"
      },
      "geometry": {
        "type": "Point",
        "coordinates": [
          -73.92806,
          40.81234
        ]
      }
    },
    {
      "type": "Feature",
      "properties": {
        "tree_id": 251706,
        "dbh": 7.0,
        "health": "Good",
        "species": "pin oak",
        "spc_latin": "Quercus palustris",
        "borough": "Bronx"
      },
      "geometry": {
        "type": "Point",
        "coordinates": [
          -73.927211,
          40.812521
        ]
      }
    },
    {
      "type": "Feature",
      "properties": {
        "tree_id": 259926,
        "dbh": 3.0,
        "health": "Fair",
        "species": "ginkgo",
        "spc_latin": "Ginkgo biloba",
        "borough": "Bronx"
      },
      "geometry": {
        "type": "Point",
        "coordinates": [
          -73.915342,
          40.802725
        ]
      }
    },
    {
      "type": "Feature",
      "properties": {
        "tree_id": 259932,
        "dbh": 2.0,
        "health": "Poor",
        "species": "ginkgo",
        "spc_latin": "Ginkgo biloba",
        "borough": "Bronx"
      },
      "geometry": {
        "type": "Point",
        "coordinates": [
          -73.914878,
          40.802939
        ]
      }
    },
    {
      "type": "Feature",
      "properties": {
        "tree_id": 249587,
        "dbh": 4.0,
        "health": "Fair",
        "species": "red maple",
        "spc_latin": "Acer rubrum",
        "borough": "Bronx"
      },
      "geometry": {
        "type": "Point",
        "coordinates": [
          -73.929283,
          40.811518
        ]
      }
    },
    {
      "type": "Feature",
      "properties": {
        "tree_id": 226754,
        "dbh": 13.0,
        "health": "Good",
        "species": "Norway maple",
        "spc_latin": "Acer platanoides",
        "borough": "Bronx"
      },
      "geometry": {
        "type": "Point",
        "coordinates": [
          -73.923736,
          40.806074
        ]
      }
    },
    {
      "type": "Feature",
      "properties": {
        "tree_id": 251704,
        "dbh": 6.0,
        "health": "Good",
        "species": "pin oak",
        "spc_latin": "Quercus palustris",
        "borough": "Bronx"
      },
      "geometry": {
        "type": "Point",
        "coordinates": [
          -73.927322,
          40.81236
        ]
      }
    },
    {
      "type": "Feature",
      "properties": {
        "tree_id": 249937,
        "dbh": 6.0,
        "health": "Good",
        "species": "swamp white oak",
        "spc_latin": "Quercus bicolor",
        "borough": "Bronx"
      },
      "geometry": {
        "type": "Point",
        "coordinates": [
          -73.927806,
          40.814388
        ]
      }
    },
    {
      "type": "Feature",
      "properties": {
        "tree_id": 250278,
        "dbh": 5.0,
        "health": "Good",
        "species": "swamp white oak",
        "spc_latin": "Quercus bicolor",
        "borough": "Bronx"
      },
      "geometry": {
        "type": "Point",
        "coordinates": [
          -73.928309,
          40.813665
        ]
      }
    },
    {
      "type": "Feature",
      "properties": {
        "tree_id": 251710,
        "dbh": 5.0,
        "health": "Fair",
        "species": "pin oak",
        "spc_latin": "Quercus palustris",
        "borough": "Bronx"
      },
      "geometry": {
        "type": "Point",
        "coordinates": [
          -73.926969,
          40.812868
        ]
      }
    },
    {
      "type": "Feature",
      "properties": {
        "tree_id": 249531,
        "dbh": 4.0,
        "health": "Good",
        "species": "littleleaf linden",
        "spc_latin": "Tilia cordata",
        "borough": "Bronx"
      },
      "geometry": {
        "type": "Point",
        "coordinates": [
          -73.92768,
          40.812887
        ]
      }
    },
    {
      "type": "Feature",
      "properties": {
        "tree_id": 249235,
        "dbh": 4.0,
        "health": "Poor",
        "species": "Oklahoma redbud",
        "spc_latin": "Cercis reniformis",
        "borough": "Bronx"
      },
      "geometry": {
        "type": "Point",
        "coordinates": [
          -73.924959,
          40.812334
        ]
      }
    },
    {
      "type": "Feature",
      "properties": {
        "tree_id": 249532,
        "dbh": 4.0,
        "health": "Fair",
        "species": "Chinese elm",
        "spc_latin": "Ulmus parvifolia",
        "borough": "Bronx"
      },
      "geometry": {
        "type": "Point",
        "coordinates": [
          -73.927908,
          40.812558
        ]
      }
    },
    {
      "type": "Feature",
      "properties": {
        "tree_id": 264412,
        "dbh": 7.0,
        "health": "Good",
        "species": "Japanese zelkova",
        "spc_latin": "Zelkova serrata",
        "borough": "Bronx"
      },
      "geometry": {
        "type": "Point",
        "coordinates": [
          -73.927775,
          40.807779
        ]
      }
    },
    {
      "type": "Feature",
      "properties": {
        "tree_id": 264411,
        "dbh": 5.0,
        "health": "Good",
        "species": "Japanese zelkova",
        "spc_latin": "Zelkova serrata",
        "borough": "Bronx"
      },
      "geometry": {
        "type": "Point",
        "coordinates": [
          -73.927464,
          40.807648
        ]
      }
    },
    {
      "type": "Feature",
      "properties": {
        "tree_id": 246936,
        "dbh": 11.0,
        "health": "Good",
        "species": "honeylocust",
        "spc_latin": "Gleditsia triacanthos var. inermis",
        "borough": "Bronx"
      },
      "geometry": {
        "type": "Point",
        "coordinates": [
          -73.915554,
          40.801832
        ]
      }
    },
    {
      "type": "Feature",
      "properties": {
        "tree_id": 264413,
        "dbh": 8.0,
        "health": "Good",
        "species": "Japanese zelkova",
        "spc_latin": "Zelkova serrata",
        "borough": "Bronx"
      },
      "geometry": {
        "type": "Point",
        "coordinates": [
          -73.927913,
          40.807837
        ]
      }
    },
    {
      "type": "Feature",
      "properties": {
        "tree_id": 264414,
        "dbh": 8.0,
        "health": "Good",
        "species": "Japanese zelkova",
        "spc_latin": "Zelkova serrata",
        "borough": "Bronx"
      },
      "geometry": {
        "type": "Point",
        "coordinates": [
          -73.92818,
          40.807951
        ]
      }
    },
    {
      "type": "Feature",
      "properties": {
        "tree_id": 249186,
        "dbh": 4.0,
        "health": "Fair",
        "species": "Japanese zelkova",
        "spc_latin": "Zelkova serrata",
        "borough": "Bronx"
      },
      "geometry": {
        "type": "Point",
        "coordinates": [
          -73.928606,
          40.810854
        ]
      }
    },
    {
      "type": "Feature",
      "properties": {
        "tree_id": 230350,
        "dbh": 4.0,
        "health": "Fair",
        "species": "London planetree",
        "spc_latin": "Platanus x acerifolia",
        "borough": "Bronx"
      },
      "geometry": {
        "type": "Point",
        "coordinates": [
          -73.922587,
          40.804531
        ]
      }
    },
    {
      "type": "Feature",
      "properties": {
        "tree_id": 262526,
        "dbh": 13.0,
        "health": "Good",
        "species": "Callery pear",
        "spc_latin": "Pyrus calleryana",
        "borough": "Bronx"
      },
      "geometry": {
        "type": "Point",
        "coordinates": [
          -73.926701,
          40.8066
        ]
      }
    },
    {
      "type": "Feature",
      "properties": {
        "tree_id": 264371,
        "dbh": 9.0,
        "health": "Fair",
        "species": "Callery pear",
        "spc_latin": "Pyrus calleryana",
        "borough": "Bronx"
      },
      "geometry": {
        "type": "Point",
        "coordinates": [
          -73.927821,
          40.807087
        ]
      }
    },
    {
      "type": "Feature",
      "properties": {
        "tree_id": 230351,
        "dbh": 4.0,
        "health": "Fair",
        "species": "London planetree",
        "spc_latin": "Platanus x acerifolia",
        "borough": "Bronx"
      },
      "geometry": {
        "type": "Point",
        "coordinates": [
          -73.92265,
          40.804443
        ]
      }
    },
    {
      "type": "Feature",
      "properties": {
        "tree_id": 264369,
        "dbh": 11.0,
        "health": "Good",
        "species": "Callery pear",
        "spc_latin": "Pyrus calleryana",
        "borough": "Bronx"
      },
      "geometry": {
        "type": "Point",
        "coordinates": [
          -73.927603,
          40.806995
        ]
      }
    },
    {
      "type": "Feature",
      "properties": {
        "tree_id": 262532,
        "dbh": 9.0,
        "health": "Good",
        "species": "Callery pear",
        "spc_latin": "Pyrus calleryana",
        "borough": "Bronx"
      },
      "geometry": {
        "type": "Point",
        "coordinates": [
          -73.927227,
          40.806821
        ]
      }
    },
    {
      "type": "Feature",
      "properties": {
        "tree_id": 262525,
        "dbh": 9.0,
        "health": "Good",
        "species": "Callery pear",
        "spc_latin": "Pyrus calleryana",
        "borough": "Bronx"
      },
      "geometry": {
        "type": "Point",
        "coordinates": [
          -73.926615,
          40.806563
        ]
      }
    },
    {
      "type": "Feature",
      "properties": {
        "tree_id": 264373,
        "dbh": 12.0,
        "health": "Good",
        "species": "Callery pear",
        "spc_latin": "Pyrus calleryana",
        "borough": "Bronx"
      },
      "geometry": {
        "type": "Point",
        "coordinates": [
          -73.928274,
          40.807278
        ]
      }
    },
    {
      "type": "Feature",
      "properties": {
        "tree_id": 262524,
        "dbh": 9.0,
        "health": "Good",
        "species": "Callery pear",
        "spc_latin": "Pyrus calleryana",
        "borough": "Bronx"
      },
      "geometry": {
        "type": "Point",
        "coordinates": [
          -73.92653,
          40.806527
        ]
      }
    },
    {
      "type": "Feature",
      "properties": {
        "tree_id": 262527,
        "dbh": 14.0,
        "health": "Good",
        "species": "Callery pear",
        "spc_latin": "Pyrus calleryana",
        "borough": "Bronx"
      },
      "geometry": {
        "type": "Point",
        "coordinates": [
          -73.926784,
          40.806634
        ]
      }
    },
    {
      "type": "Feature",
      "properties": {
        "tree_id": 262528,
        "dbh": 12.0,
        "health": "Good",
        "species": "Callery pear",
        "spc_latin": "Pyrus calleryana",
        "borough": "Bronx"
      },
      "geometry": {
        "type": "Point",
        "coordinates": [
          -73.926874,
          40.806672
        ]
      }
    },
    {
      "type": "Feature",
      "properties": {
        "tree_id": 262531,
        "dbh": 14.0,
        "health": "Good",
        "species": "Callery pear",
        "spc_latin": "Pyrus calleryana",
        "borough": "Bronx"
      },
      "geometry": {
        "type": "Point",
        "coordinates": [
          -73.927158,
          40.806792
        ]
      }
    },
    {
      "type": "Feature",
      "properties": {
        "tree_id": 262530,
        "dbh": 5.0,
        "health": "Good",
        "species": "Callery pear",
        "spc_latin": "Pyrus calleryana",
        "borough": "Bronx"
      },
      "geometry": {
        "type": "Point",
        "coordinates": [
          -73.927056,
          40.806749
        ]
      }
    },
    {
      "type": "Feature",
      "properties": {
        "tree_id": 259760,
        "dbh": 11.0,
        "health": "Fair",
        "species": "London planetree",
        "spc_latin": "Platanus x acerifolia",
        "borough": "Bronx"
      },
      "geometry": {
        "type": "Point",
        "coordinates": [
          -73.917395,
          40.802642
        ]
      }
    },
    {
      "type": "Feature",
      "properties": {
        "tree_id": 262529,
        "dbh": 14.0,
        "health": "Good",
        "species": "Callery pear",
        "spc_latin": "Pyrus calleryana",
        "borough": "Bronx"
      },
      "geometry": {
        "type": "Point",
        "coordinates": [
          -73.926963,
          40.80671
        ]
      }
    },
    {
      "type": "Feature",
      "properties": {
        "tree_id": 264410,
        "dbh": 7.0,
        "health": "Good",
        "species": "Japanese zelkova",
        "spc_latin": "Zelkova serrata",
        "borough": "Bronx"
      },
      "geometry": {
        "type": "Point",
        "coordinates": [
          -73.927337,
          40.807594
        ]
      }
    },
    {
      "type": "Feature",
      "properties": {
        "tree_id": 264372,
        "dbh": 12.0,
        "health": "Poor",
        "species": "Callery pear",
        "spc_latin": "Pyrus calleryana",
        "borough": "Bronx"
      },
      "geometry": {
        "type": "Point",
        "coordinates": [
          -73.9282,
          40.807247
        ]
      }
    },
    {
      "type": "Feature",
      "properties": {
        "tree_id": 270702,
        "dbh": 15.0,
        "health": "Good",
        "species": "honeylocust",
        "spc_latin": "Gleditsia triacanthos var. inermis",
        "borough": "Bronx"
      },
      "geometry": {
        "type": "Point",
        "coordinates": [
          -73.927469,
          40.807014
        ]
      }
    },
    {
      "type": "Feature",
      "properties": {
        "tree_id": 269584,
        "dbh": 10.0,
        "health": "Good",
        "species": "honeylocust",
        "spc_latin": "Gleditsia triacanthos var. inermis",
        "borough": "Bronx"
      },
      "geometry": {
        "type": "Point",
        "coordinates": [
          -73.9259,
          40.80606
        ]
      }
    },
    {
      "type": "Feature",
      "properties": {
        "tree_id": 270705,
        "dbh": 12.0,
        "health": "Good",
        "species": "honeylocust",
        "spc_latin": "Gleditsia triacanthos var. inermis",
        "borough": "Bronx"
      },
      "geometry": {
        "type": "Point",
        "coordinates": [
          -73.927267,
          40.807288
        ]
      }
    },
    {
      "type": "Feature",
      "properties": {
        "tree_id": 251589,
        "dbh": 7.0,
        "health": "Good",
        "species": "Japanese zelkova",
        "spc_latin": "Zelkova serrata",
        "borough": "Bronx"
      },
      "geometry": {
        "type": "Point",
        "coordinates": [
          -73.929695,
          40.808701
        ]
      }
    },
    {
      "type": "Feature",
      "properties": {
        "tree_id": 259759,
        "dbh": 4.0,
        "health": "Fair",
        "species": "London planetree",
        "spc_latin": "Platanus x acerifolia",
        "borough": "Bronx"
      },
      "geometry": {
        "type": "Point",
        "coordinates": [
          -73.917176,
          40.80255
        ]
      }
    },
    {
      "type": "Feature",
      "properties": {
        "tree_id": 249482,
        "dbh": 15.0,
        "health": "Fair",
        "species": "London planetree",
        "spc_latin": "Platanus x acerifolia",
        "borough": "Bronx"
      },
      "geometry": {
        "type": "Point",
        "coordinates": [
          -73.926146,
          40.813186
        ]
      }
    },
    {
      "type": "Feature",
      "properties": {
        "tree_id": 259758,
        "dbh": 4.0,
        "health": "Good",
        "species": "London planetree",
        "spc_latin": "Platanus x acerifolia",
        "borough": "Bronx"
      },
      "geometry": {
        "type": "Point",
        "coordinates": [
          -73.917056,
          40.802499
        ]
      }
    },
    {
      "type": "Feature",
      "properties": {
        "tree_id": 270704,
        "dbh": 14.0,
        "health": "Good",
        "species": "honeylocust",
        "spc_latin": "Gleditsia triacanthos var. inermis",
        "borough": "Bronx"
      },
      "geometry": {
        "type": "Point",
        "coordinates": [
          -73.927311,
          40.807228
        ]
      }
    },
    {
      "type": "Feature",
      "properties": {
        "tree_id": 249871,
        "dbh": 5.0,
        "health": "Fair",
        "species": "pin oak",
        "spc_latin": "Quercus palustris",
        "borough": "Bronx"
      },
      "geometry": {
        "type": "Point",
        "coordinates": [
          -73.92793,
          40.811693
        ]
      }
    },
    {
      "type": "Feature",
      "properties": {
        "tree_id": 264370,
        "dbh": 10.0,
        "health": "Fair",
        "species": "hedge maple",
        "spc_latin": "Acer campestre",
        "borough": "Bronx"
      },
      "geometry": {
        "type": "Point",
        "coordinates": [
          -73.927729,
          40.807048
        ]
      }
    },
    {
      "type": "Feature",
      "properties": {
        "tree_id": 247844,
        "dbh": 4.0,
        "health": "Fair",
        "species": "pin oak",
        "spc_latin": "Quercus palustris",
        "borough": "Bronx"
      },
      "geometry": {
        "type": "Point",
        "coordinates": [
          -73.917357,
          40.802458
        ]
      }
    },
    {
      "type": "Feature",
      "properties": {
        "tree_id": 255434,
        "dbh": 3.0,
        "health": "Poor",
        "species": "sweetgum",
        "spc_latin": "Liquidambar styraciflua",
        "borough": "Bronx"
      },
      "geometry": {
        "type": "Point",
        "coordinates": [
          -73.917208,
          40.801992
        ]
      }
    },
    {
      "type": "Feature",
      "properties": {
        "tree_id": 270703,
        "dbh": 14.0,
        "health": "Good",
        "species": "honeylocust",
        "spc_latin": "Gleditsia triacanthos var. inermis",
        "borough": "Bronx"
      },
      "geometry": {
        "type": "Point",
        "coordinates": [
          -73.927398,
          40.807109
        ]
      }
    },
    {
      "type": "Feature",
      "properties": {
        "tree_id": 270706,
        "dbh": 12.0,
        "health": "Fair",
        "species": "honeylocust",
        "spc_latin": "Gleditsia triacanthos var. inermis",
        "borough": "Bronx"
      },
      "geometry": {
        "type": "Point",
        "coordinates": [
          -73.927223,
          40.807348
        ]
      }
    },
    {
      "type": "Feature",
      "properties": {
        "tree_id": 269586,
        "dbh": 15.0,
        "health": "Good",
        "species": "honeylocust",
        "spc_latin": "Gleditsia triacanthos var. inermis",
        "borough": "Bronx"
      },
      "geometry": {
        "type": "Point",
        "coordinates": [
          -73.926074,
          40.806134
        ]
      }
    },
    {
      "type": "Feature",
      "properties": {
        "tree_id": 270707,
        "dbh": 13.0,
        "health": "Good",
        "species": "honeylocust",
        "spc_latin": "Gleditsia triacanthos var. inermis",
        "borough": "Bronx"
      },
      "geometry": {
        "type": "Point",
        "coordinates": [
          -73.927178,
          40.807409
        ]
      }
    },
    {
      "type": "Feature",
      "properties": {
        "tree_id": 269587,
        "dbh": 15.0,
        "health": "Good",
        "species": "honeylocust",
        "spc_latin": "Gleditsia triacanthos var. inermis",
        "borough": "Bronx"
      },
      "geometry": {
        "type": "Point",
        "coordinates": [
          -73.92616,
          40.80617
        ]
      }
    },
    {
      "type": "Feature",
      "properties": {
        "tree_id": 269585,
        "dbh": 19.0,
        "health": "Good",
        "species": "honeylocust",
        "spc_latin": "Gleditsia triacanthos var. inermis",
        "borough": "Bronx"
      },
      "geometry": {
        "type": "Point",
        "coordinates": [
          -73.925945,
          40.806079
        ]
      }
    },
    {
      "type": "Feature",
      "properties": {
        "tree_id": 249136,
        "dbh": 4.0,
        "health": "Good",
        "species": "crab apple",
        "spc_latin": "Malus",
        "borough": "Bronx"
      },
      "geometry": {
        "type": "Point",
        "coordinates": [
          -73.929809,
          40.810511
        ]
      }
    },
    {
      "type": "Feature",
      "properties": {
        "tree_id": 247843,
        "dbh": 3.0,
        "health": "Fair",
        "species": "pin oak",
        "spc_latin": "Quercus palustris",
        "borough": "Bronx"
      },
      "geometry": {
        "type": "Point",
        "coordinates": [
          -73.917257,
          40.802417
        ]
      }
    },
    {
      "type": "Feature",
      "properties": {
        "tree_id": 246935,
        "dbh": 3.0,
        "health": "Fair",
        "species": "hedge maple",
        "spc_latin": "Acer campestre",
        "borough": "Bronx"
      },
      "geometry": {
        "type": "Point",
        "coordinates": [
          -73.915245,
          40.801702
        ]
      }
    },
    {
      "type": "Feature",
      "properties": {
        "tree_id": 251709,
        "dbh": 7.0,
        "health": "Good",
        "species": "Sophora",
        "spc_latin": "Styphnolobium japonicum",
        "borough": "Bronx"
      },
      "geometry": {
        "type": "Point",
        "coordinates": [
          -73.927012,
          40.812806
        ]
      }
    },
    {
      "type": "Feature",
      "properties": {
        "tree_id": 246934,
        "dbh": 13.0,
        "health": "Good",
        "species": "Sophora",
        "spc_latin": "Styphnolobium japonicum",
        "borough": "Bronx"
      },
      "geometry": {
        "type": "Point",
        "coordinates": [
          -73.915036,
          40.801614
        ]
      }
    },
    {
      "type": "Feature",
      "properties": {
        "tree_id": 255674,
        "dbh": 7.0,
        "health": "Good",
        "species": "Sophora",
        "spc_latin": "Styphnolobium japonicum",
        "borough": "Bronx"
      },
      "geometry": {
        "type": "Point",
        "coordinates": [
          -73.914838,
          40.802412
        ]
      }
    },
    {
      "type": "Feature",
      "properties": {
        "tree_id": 246933,
        "dbh": 15.0,
        "health": "Good",
        "species": "Sophora",
        "spc_latin": "Styphnolobium japonicum",
        "borough": "Bronx"
      },
      "geometry": {
        "type": "Point",
        "coordinates": [
          -73.914863,
          40.801541
        ]
      }
    },
    {
      "type": "Feature",
      "properties": {
        "tree_id": 251705,
        "dbh": 8.0,
        "health": "Good",
        "species": "Sophora",
        "spc_latin": "Styphnolobium japonicum",
        "borough": "Bronx"
      },
      "geometry": {
        "type": "Point",
        "coordinates": [
          -73.927272,
          40.812432
        ]
      }
    },
    {
      "type": "Feature",
      "properties": {
        "tree_id": 226756,
        "dbh": 9.0,
        "health": "Fair",
        "species": "Norway maple",
        "spc_latin": "Acer platanoides",
        "borough": "Bronx"
      },
      "geometry": {
        "type": "Point",
        "coordinates": [
          -73.92356,
          40.806
        ]
      }
    },
    {
      "type": "Feature",
      "properties": {
        "tree_id": 255673,
        "dbh": 8.0,
        "health": "Fair",
        "species": "Sophora",
        "spc_latin": "Styphnolobium japonicum",
        "borough": "Bronx"
      },
      "geometry": {
        "type": "Point",
        "coordinates": [
          -73.914508,
          40.802273
        ]
      }
    },
    {
      "type": "Feature",
      "properties": {
        "tree_id": 226760,
        "dbh": 10.0,
        "health": "Poor",
        "species": "Norway maple",
        "spc_latin": "Acer platanoides",
        "borough": "Bronx"
      },
      "geometry": {
        "type": "Point",
        "coordinates": [
          -73.922149,
          40.805406
        ]
      }
    },
    {
      "type": "Feature",
      "properties": {
        "tree_id": 226757,
        "dbh": 14.0,
        "health": "Fair",
        "species": "Norway maple",
        "spc_latin": "Acer platanoides",
        "borough": "Bronx"
      },
      "geometry": {
        "type": "Point",
        "coordinates": [
          -73.923024,
          40.805774
        ]
      }
    },
    {
      "type": "Feature",
      "properties": {
        "tree_id": 226750,
        "dbh": 6.0,
        "health": "Poor",
        "species": "Norway maple",
        "spc_latin": "Acer platanoides",
        "borough": "Bronx"
      },
      "geometry": {
        "type": "Point",
        "coordinates": [
          -73.924067,
          40.806214
        ]
      }
    },
    {
      "type": "Feature",
      "properties": {
        "tree_id": 269588,
        "dbh": 12.0,
        "health": "Fair",
        "species": "Callery pear",
        "spc_latin": "Pyrus calleryana",
        "borough": "Bronx"
      },
      "geometry": {
        "type": "Point",
        "coordinates": [
          -73.92639,
          40.806267
        ]
      }
    },
    {
      "type": "Feature",
      "properties": {
        "tree_id": 226752,
        "dbh": 10.0,
        "health": "Fair",
        "species": "Norway maple",
        "spc_latin": "Acer platanoides",
        "borough": "Bronx"
      },
      "geometry": {
        "type": "Point",
        "coordinates": [
          -73.923904,
          40.806145
        ]
      }
    },
    {
      "type": "Feature",
      "properties": {
        "tree_id": 249736,
        "dbh": 5.0,
        "health": "Good",
        "species": "Siberian elm",
        "spc_latin": "Ulmus pumila",
        "borough": "Bronx"
      },
      "geometry": {
        "type": "Point",
        "coordinates": [
          -73.927607,
          40.813251
        ]
      }
    },
    {
      "type": "Feature",
      "properties": {
        "tree_id": 269903,
        "dbh": 8.0,
        "health": "Good",
        "species": "honeylocust",
        "spc_latin": "Gleditsia triacanthos var. inermis",
        "borough": "Bronx"
      },
      "geometry": {
        "type": "Point",
        "coordinates": [
          -73.927141,
          40.807157
        ]
      }
    },
    {
      "type": "Feature",
      "properties": {
        "tree_id": 269905,
        "dbh": 13.0,
        "health": "Good",
        "species": "honeylocust",
        "spc_latin": "Gleditsia triacanthos var. inermis",
        "borough": "Bronx"
      },
      "geometry": {
        "type": "Point",
        "coordinates": [
          -73.927016,
          40.807332
        ]
      }
    },
    {
      "type": "Feature",
      "properties": {
        "tree_id": 269904,
        "dbh": 8.0,
        "health": "Good",
        "species": "honeylocust",
        "spc_latin": "Gleditsia triacanthos var. inermis",
        "borough": "Bronx"
      },
      "geometry": {
        "type": "Point",
        "coordinates": [
          -73.927102,
          40.807212
        ]
      }
    },
    {
      "type": "Feature",
      "properties": {
        "tree_id": 269902,
        "dbh": 11.0,
        "health": "Fair",
        "species": "honeylocust",
        "spc_latin": "Gleditsia triacanthos var. inermis",
        "borough": "Bronx"
      },
      "geometry": {
        "type": "Point",
        "coordinates": [
          -73.927213,
          40.807058
        ]
      }
    },
    {
      "type": "Feature",
      "properties": {
        "tree_id": 269901,
        "dbh": 12.0,
        "health": "Fair",
        "species": "honeylocust",
        "spc_latin": "Gleditsia triacanthos var. inermis",
        "borough": "Bronx"
      },
      "geometry": {
        "type": "Point",
        "coordinates": [
          -73.927256,
          40.806998
        ]
      }
    },
    {
      "type": "Feature",
      "properties": {
        "tree_id": 226758,
        "dbh": 14.0,
        "health": "Fair",
        "species": "Norway maple",
        "spc_latin": "Acer platanoides",
        "borough": "Bronx"
      },
      "geometry": {
        "type": "Point",
        "coordinates": [
          -73.922405,
          40.805514
        ]
      }
    },
    {
      "type": "Feature",
      "properties": {
        "tree_id": 262522,
        "dbh": 4.0,
        "health": "Fair",
        "species": "littleleaf linden",
        "spc_latin": "Tilia cordata",
        "borough": "Bronx"
      },
      "geometry": {
        "type": "Point",
        "coordinates": [
          -73.926096,
          40.806345
        ]
      }
    },
    {
      "type": "Feature",
      "properties": {
        "tree_id": 249734,
        "dbh": 8.0,
        "health": "Good",
        "species": "common hackberry",
        "spc_latin": "Celtis occidentalis",
        "borough": "Bronx"
      },
      "geometry": {
        "type": "Point",
        "coordinates": [
          -73.928202,
          40.812393
        ]
      }
    },
    {
      "type": "Feature",
      "properties": {
        "tree_id": 255435,
        "dbh": 3.0,
        "health": "Fair",
        "species": "sweetgum",
        "spc_latin": "Liquidambar styraciflua",
        "borough": "Bronx"
      },
      "geometry": {
        "type": "Point",
        "coordinates": [
          -73.91712,
          40.802112
        ]
      }
    },
    {
      "type": "Feature",
      "properties": {
        "tree_id": 255437,
        "dbh": 3.0,
        "health": "Good",
        "species": "sweetgum",
        "spc_latin": "Liquidambar styraciflua",
        "borough": "Bronx"
      },
      "geometry": {
        "type": "Point",
        "coordinates": [
          -73.917034,
          40.802228
        ]
      }
    },
    {
      "type": "Feature",
      "properties": {
        "tree_id": 249483,
        "dbh": 9.0,
        "health": "Good",
        "species": "Callery pear",
        "spc_latin": "Pyrus calleryana",
        "borough": "Bronx"
      },
      "geometry": {
        "type": "Point",
        "coordinates": [
          -73.926325,
          40.813258
        ]
      }
    },
    {
      "type": "Feature",
      "properties": {
        "tree_id": 264376,
        "dbh": 13.0,
        "health": "Good",
        "species": "Callery pear",
        "spc_latin": "Pyrus calleryana",
        "borough": "Bronx"
      },
      "geometry": {
        "type": "Point",
        "coordinates": [
          -73.928844,
          40.80752
        ]
      }
    },
    {
      "type": "Feature",
      "properties": {
        "tree_id": 264374,
        "dbh": 11.0,
        "health": "Good",
        "species": "Callery pear",
        "spc_latin": "Pyrus calleryana",
        "borough": "Bronx"
      },
      "geometry": {
        "type": "Point",
        "coordinates": [
          -73.928577,
          40.807407
        ]
      }
    },
    {
      "type": "Feature",
      "properties": {
        "tree_id": 255436,
        "dbh": 3.0,
        "health": "Fair",
        "species": "sweetgum",
        "spc_latin": "Liquidambar styraciflua",
        "borough": "Bronx"
      },
      "geometry": {
        "type": "Point",
        "coordinates": [
          -73.917079,
          40.802167
        ]
      }
    },
    {
      "type": "Feature",
      "properties": {
        "tree_id": 269590,
        "dbh": 5.0,
        "health": "Fair",
        "species": "Callery pear",
        "spc_latin": "Pyrus calleryana",
        "borough": "Bronx"
      },
      "geometry": {
        "type": "Point",
        "coordinates": [
          -73.927067,
          40.806552
        ]
      }
    },
    {
      "type": "Feature",
      "properties": {
        "tree_id": 264375,
        "dbh": 11.0,
        "health": "Good",
        "species": "Callery pear",
        "spc_latin": "Pyrus calleryana",
        "borough": "Bronx"
      },
      "geometry": {
        "type": "Point",
        "coordinates": [
          -73.928666,
          40.807444
        ]
      }
    },
    {
      "type": "Feature",
      "properties": {
        "tree_id": 264377,
        "dbh": 12.0,
        "health": "Good",
        "species": "Callery pear",
        "spc_latin": "Pyrus calleryana",
        "borough": "Bronx"
      },
      "geometry": {
        "type": "Point",
        "coordinates": [
          -73.928926,
          40.807554
        ]
      }
    },
    {
      "type": "Feature",
      "properties": {
        "tree_id": 252693,
        "dbh": 5.0,
        "health": "Poor",
        "species": "cherry",
        "spc_latin": "Prunus",
        "borough": "Bronx"
      },
      "geometry": {
        "type": "Point",
        "coordinates": [
          -73.91502,
          40.802342
        ]
      }
    },
    {
      "type": "Feature",
      "properties": {
        "tree_id": 250500,
        "dbh": 4.0,
        "health": "Fair",
        "species": "red maple",
        "spc_latin": "Acer rubrum",
        "borough": "Bronx"
      },
      "geometry": {
        "type": "Point",
        "coordinates": [
          -73.926876,
          40.813453
        ]
      }
    },
    {
      "type": "Feature",
      "properties": {
        "tree_id": 250501,
        "dbh": 2.0,
        "health": "Good",
        "species": "American elm",
        "spc_latin": "Ulmus americana",
        "borough": "Bronx"
      },
      "geometry": {
        "type": "Point",
        "coordinates": [
          -73.926812,
          40.813428
        ]
      }
    },
    {
      "type": "Feature",
      "properties": {
        "tree_id": 250499,
        "dbh": 4.0,
        "health": "Fair",
        "species": "red maple",
        "spc_latin": "Acer rubrum",
        "borough": "Bronx"
      },
      "geometry": {
        "type": "Point",
        "coordinates": [
          -73.926989,
          40.813497
        ]
      }
    },
    {
      "type": "Feature",
      "properties": {
        "tree_id": 269589,
        "dbh": 6.0,
        "health": "Fair",
        "species": "American elm",
        "spc_latin": "Ulmus americana",
        "borough": "Bronx"
      },
      "geometry": {
        "type": "Point",
        "coordinates": [
          -73.926568,
          40.806342
        ]
      }
    },
    {
      "type": "Feature",
      "properties": {
        "tree_id": 249770,
        "dbh": 7.0,
        "health": "Fair",
        "species": "littleleaf linden",
        "spc_latin": "Tilia cordata",
        "borough": "Bronx"
      },
      "geometry": {
        "type": "Point",
        "coordinates": [
          -73.927173,
          40.812131
        ]
      }
    },
    {
      "type": "Feature",
      "properties": {
        "tree_id": 250498,
        "dbh": 4.0,
        "health": "Poor",
        "species": "red maple",
        "spc_latin": "Acer rubrum",
        "borough": "Bronx"
      },
      "geometry": {
        "type": "Point",
        "coordinates": [
          -73.927106,
          40.813543
        ]
      }
    },
    {
      "type": "Feature",
      "properties": {
        "tree_id": 264379,
        "dbh": 10.0,
        "health": "Good",
        "species": "Callery pear",
        "spc_latin": "Pyrus calleryana",
        "borough": "Bronx"
      },
      "geometry": {
        "type": "Point",
        "coordinates": [
          -73.929115,
          40.807634
        ]
      }
    },
    {
      "type": "Feature",
      "properties": {
        "tree_id": 264380,
        "dbh": 11.0,
        "health": "Good",
        "species": "Callery pear",
        "spc_latin": "Pyrus calleryana",
        "borough": "Bronx"
      },
      "geometry": {
        "type": "Point",
        "coordinates": [
          -73.92923,
          40.807683
        ]
      }
    },
    {
      "type": "Feature",
      "properties": {
        "tree_id": 230352,
        "dbh": 4.0,
        "health": "Poor",
        "species": "London planetree",
        "spc_latin": "Platanus x acerifolia",
        "borough": "Bronx"
      },
      "geometry": {
        "type": "Point",
        "coordinates": [
          -73.922694,
          40.804382
        ]
      }
    },
    {
      "type": "Feature",
      "properties": {
        "tree_id": 259757,
        "dbh": 9.0,
        "health": "Good",
        "species": "Sophora",
        "spc_latin": "Styphnolobium japonicum",
        "borough": "Bronx"
      },
      "geometry": {
        "type": "Point",
        "coordinates": [
          -73.916838,
          40.802407
        ]
      }
    },
    {
      "type": "Feature",
      "properties": {
        "tree_id": 249076,
        "dbh": 2.0,
        "health": "Good",
        "species": "swamp white oak",
        "spc_latin": "Quercus bicolor",
        "borough": "Bronx"
      },
      "geometry": {
        "type": "Point",
        "coordinates": [
          -73.927637,
          40.810892
        ]
      }
    },
    {
      "type": "Feature",
      "properties": {
        "tree_id": 249771,
        "dbh": 5.0,
        "health": "Fair",
        "species": "littleleaf linden",
        "spc_latin": "Tilia cordata",
        "borough": "Bronx"
      },
      "geometry": {
        "type": "Point",
        "coordinates": [
          -73.927033,
          40.812026
        ]
      }
    },
    {
      "type": "Feature",
      "properties": {
        "tree_id": 250277,
        "dbh": 6.0,
        "health": "Good",
        "species": "swamp white oak",
        "spc_latin": "Quercus bicolor",
        "borough": "Bronx"
      },
      "geometry": {
        "type": "Point",
        "coordinates": [
          -73.928265,
          40.813728
        ]
      }
    },
    {
      "type": "Feature",
      "properties": {
        "tree_id": 252692,
        "dbh": 6.0,
        "health": "Good",
        "species": "cherry",
        "spc_latin": "Prunus",
        "borough": "Bronx"
      },
      "geometry": {
        "type": "Point",
        "coordinates": [
          -73.914854,
          40.802272
        ]
      }
    },
    {
      "type": "Feature",
      "properties": {
        "tree_id": 252691,
        "dbh": 5.0,
        "health": "Good",
        "species": "cherry",
        "spc_latin": "Prunus",
        "borough": "Bronx"
      },
      "geometry": {
        "type": "Point",
        "coordinates": [
          -73.914692,
          40.802204
        ]
      }
    },
    {
      "type": "Feature",
      "properties": {
        "tree_id": 264452,
        "dbh": 4.0,
        "health": "Good",
        "species": "swamp white oak",
        "spc_latin": "Quercus bicolor",
        "borough": "Bronx"
      },
      "geometry": {
        "type": "Point",
        "coordinates": [
          -73.930249,
          40.808539
        ]
      }
    },
    {
      "type": "Feature",
      "properties": {
        "tree_id": 270450,
        "dbh": 5.0,
        "health": "Good",
        "species": "Japanese zelkova",
        "spc_latin": "Zelkova serrata",
        "borough": "Bronx"
      },
      "geometry": {
        "type": "Point",
        "coordinates": [
          -73.927889,
          40.806449
        ]
      }
    },
    {
      "type": "Feature",
      "properties": {
        "tree_id": 270451,
        "dbh": 6.0,
        "health": "Fair",
        "species": "Japanese zelkova",
        "spc_latin": "Zelkova serrata",
        "borough": "Bronx"
      },
      "geometry": {
        "type": "Point",
        "coordinates": [
          -73.927764,
          40.806617
        ]
      }
    },
    {
      "type": "Feature",
      "properties": {
        "tree_id": 270447,
        "dbh": 4.0,
        "health": "Good",
        "species": "Callery pear",
        "spc_latin": "Pyrus calleryana",
        "borough": "Bronx"
      },
      "geometry": {
        "type": "Point",
        "coordinates": [
          -73.927998,
          40.806303
        ]
      }
    },
    {
      "type": "Feature",
      "properties": {
        "tree_id": 270448,
        "dbh": 6.0,
        "health": "Fair",
        "species": "Callery pear",
        "spc_latin": "Pyrus calleryana",
        "borough": "Bronx"
      },
      "geometry": {
        "type": "Point",
        "coordinates": [
          -73.927969,
          40.806341
        ]
      }
    },
    {
      "type": "Feature",
      "properties": {
        "tree_id": 249205,
        "dbh": 3.0,
        "health": "Good",
        "species": "swamp white oak",
        "spc_latin": "Quercus bicolor",
        "borough": "Bronx"
      },
      "geometry": {
        "type": "Point",
        "coordinates": [
          -73.928733,
          40.810134
        ]
      }
    },
    {
      "type": "Feature",
      "properties": {
        "tree_id": 250142,
        "dbh": 6.0,
        "health": "Good",
        "species": "swamp white oak",
        "spc_latin": "Quercus bicolor",
        "borough": "Bronx"
      },
      "geometry": {
        "type": "Point",
        "coordinates": [
          -73.927835,
          40.813875
        ]
      }
    },
    {
      "type": "Feature",
      "properties": {
        "tree_id": 270449,
        "dbh": 8.0,
        "health": "Fair",
        "species": "Callery pear",
        "spc_latin": "Pyrus calleryana",
        "borough": "Bronx"
      },
      "geometry": {
        "type": "Point",
        "coordinates": [
          -73.92794,
          40.806381
        ]
      }
    },
    {
      "type": "Feature",
      "properties": {
        "tree_id": 264533,
        "dbh": 5.0,
        "health": "Fair",
        "species": "Schumard's oak",
        "spc_latin": "Quercus shumardii",
        "borough": "Bronx"
      },
      "geometry": {
        "type": "Point",
        "coordinates": [
          -73.929404,
          40.808459
        ]
      }
    },
    {
      "type": "Feature",
      "properties": {
        "tree_id": 264534,
        "dbh": 6.0,
        "health": "Good",
        "species": "Schumard's oak",
        "spc_latin": "Quercus shumardii",
        "borough": "Bronx"
      },
      "geometry": {
        "type": "Point",
        "coordinates": [
          -73.929526,
          40.808512
        ]
      }
    },
    {
      "type": "Feature",
      "properties": {
        "tree_id": 264009,
        "dbh": 6.0,
        "health": "Fair",
        "species": "Callery pear",
        "spc_latin": "Pyrus calleryana",
        "borough": "Bronx"
      },
      "geometry": {
        "type": "Point",
        "coordinates": [
          -73.928316,
          40.807065
        ]
      }
    },
    {
      "type": "Feature",
      "properties": {
        "tree_id": 264007,
        "dbh": 6.0,
        "health": "Good",
        "species": "Callery pear",
        "spc_latin": "Pyrus calleryana",
        "borough": "Bronx"
      },
      "geometry": {
        "type": "Point",
        "coordinates": [
          -73.928174,
          40.807005
        ]
      }
    },
    {
      "type": "Feature",
      "properties": {
        "tree_id": 249316,
        "dbh": 6.0,
        "health": "Good",
        "species": "Siberian elm",
        "spc_latin": "Ulmus pumila",
        "borough": "Bronx"
      },
      "geometry": {
        "type": "Point",
        "coordinates": [
          -73.927894,
          40.811971
        ]
      }
    },
    {
      "type": "Feature",
      "properties": {
        "tree_id": 264010,
        "dbh": 11.0,
        "health": "Fair",
        "species": "honeylocust",
        "spc_latin": "Gleditsia triacanthos var. inermis",
        "borough": "Bronx"
      },
      "geometry": {
        "type": "Point",
        "coordinates": [
          -73.929216,
          40.807445
        ]
      }
    },
    {
      "type": "Feature",
      "properties": {
        "tree_id": 264011,
        "dbh": 11.0,
        "health": "Fair",
        "species": "honeylocust",
        "spc_latin": "Gleditsia triacanthos var. inermis",
        "borough": "Bronx"
      },
      "geometry": {
        "type": "Point",
        "coordinates": [
          -73.929403,
          40.807494
        ]
      }
    },
    {
      "type": "Feature",
      "properties": {
        "tree_id": 249325,
        "dbh": 5.0,
        "health": "Fair",
        "species": "black walnut",
        "spc_latin": "Juglans nigra",
        "borough": "Bronx"
      },
      "geometry": {
        "type": "Point",
        "coordinates": [
          -73.926999,
          40.813013
        ]
      }
    },
    {
      "type": "Feature",
      "properties": {
        "tree_id": 250517,
        "dbh": 5.0,
        "health": "Good",
        "species": "swamp white oak",
        "spc_latin": "Quercus bicolor",
        "borough": "Bronx"
      },
      "geometry": {
        "type": "Point",
        "coordinates": [
          -73.928292,
          40.811965
        ]
      }
    },
    {
      "type": "Feature",
      "properties": {
        "tree_id": 264582,
        "dbh": 2.0,
        "health": "Good",
        "species": "swamp white oak",
        "spc_latin": "Quercus bicolor",
        "borough": "Bronx"
      },
      "geometry": {
        "type": "Point",
        "coordinates": [
          -73.930021,
          40.809156
        ]
      }
    },
    {
      "type": "Feature",
      "properties": {
        "tree_id": 303000,
        "dbh": 2.0,
        "health": "Good",
        "species": "red maple",
        "spc_latin": "Acer rubrum",
        "borough": "Bronx"
      },
      "geometry": {
        "type": "Point",
        "coordinates": [
          -73.925084,
          40.807661
        ]
      }
    },
    {
      "type": "Feature",
      "properties": {
        "tree_id": 302996,
        "dbh": 10.0,
        "health": "Good",
        "species": "honeylocust",
        "spc_latin": "Gleditsia triacanthos var. inermis",
        "borough": "Bronx"
      },
      "geometry": {
        "type": "Point",
        "coordinates": [
          -73.924628,
          40.807439
        ]
      }
    },
    {
      "type": "Feature",
      "properties": {
        "tree_id": 250144,
        "dbh": 6.0,
        "health": "Fair",
        "species": "swamp white oak",
        "spc_latin": "Quercus bicolor",
        "borough": "Bronx"
      },
      "geometry": {
        "type": "Point",
        "coordinates": [
          -73.927564,
          40.813765
        ]
      }
    },
    {
      "type": "Feature",
      "properties": {
        "tree_id": 303004,
        "dbh": 19.0,
        "health": "Good",
        "species": "London planetree",
        "spc_latin": "Platanus x acerifolia",
        "borough": "Bronx"
      },
      "geometry": {
        "type": "Point",
        "coordinates": [
          -73.92599,
          40.808014
        ]
      }
    },
    {
      "type": "Feature",
      "properties": {
        "tree_id": 303006,
        "dbh": 17.0,
        "health": "Good",
        "species": "London planetree",
        "spc_latin": "Platanus x acerifolia",
        "borough": "Bronx"
      },
      "geometry": {
        "type": "Point",
        "coordinates": [
          -73.92624,
          40.808119
        ]
      }
    },
    {
      "type": "Feature",
      "properties": {
        "tree_id": 302999,
        "dbh": 18.0,
        "health": "Good",
        "species": "London planetree",
        "spc_latin": "Platanus x acerifolia",
        "borough": "Bronx"
      },
      "geometry": {
        "type": "Point",
        "coordinates": [
          -73.924985,
          40.80762
        ]
      }
    },
    {
      "type": "Feature",
      "properties": {
        "tree_id": 303002,
        "dbh": 18.0,
        "health": "Good",
        "species": "London planetree",
        "spc_latin": "Platanus x acerifolia",
        "borough": "Bronx"
      },
      "geometry": {
        "type": "Point",
        "coordinates": [
          -73.925489,
          40.807803
        ]
      }
    },
    {
      "type": "Feature",
      "properties": {
        "tree_id": 303005,
        "dbh": 17.0,
        "health": "Good",
        "species": "London planetree",
        "spc_latin": "Platanus x acerifolia",
        "borough": "Bronx"
      },
      "geometry": {
        "type": "Point",
        "coordinates": [
          -73.926115,
          40.808066
        ]
      }
    },
    {
      "type": "Feature",
      "properties": {
        "tree_id": 302998,
        "dbh": 21.0,
        "health": "Good",
        "species": "London planetree",
        "spc_latin": "Platanus x acerifolia",
        "borough": "Bronx"
      },
      "geometry": {
        "type": "Point",
        "coordinates": [
          -73.924882,
          40.807576
        ]
      }
    },
    {
      "type": "Feature",
      "properties": {
        "tree_id": 303003,
        "dbh": 20.0,
        "health": "Good",
        "species": "London planetree",
        "spc_latin": "Platanus x acerifolia",
        "borough": "Bronx"
      },
      "geometry": {
        "type": "Point",
        "coordinates": [
          -73.925719,
          40.807899
        ]
      }
    },
    {
      "type": "Feature",
      "properties": {
        "tree_id": 303001,
        "dbh": 20.0,
        "health": "Good",
        "species": "London planetree",
        "spc_latin": "Platanus x acerifolia",
        "borough": "Bronx"
      },
      "geometry": {
        "type": "Point",
        "coordinates": [
          -73.925359,
          40.807777
        ]
      }
    },
    {
      "type": "Feature",
      "properties": {
        "tree_id": 270943,
        "dbh": 4.0,
        "health": "Poor",
        "species": "Callery pear",
        "spc_latin": "Pyrus calleryana",
        "borough": "Bronx"
      },
      "geometry": {
        "type": "Point",
        "coordinates": [
          -73.929251,
          40.807888
        ]
      }
    },
    {
      "type": "Feature",
      "properties": {
        "tree_id": 302915,
        "dbh": 9.0,
        "health": "Good",
        "species": "Callery pear",
        "spc_latin": "Pyrus calleryana",
        "borough": "Bronx"
      },
      "geometry": {
        "type": "Point",
        "coordinates": [
          -73.923753,
          40.808124
        ]
      }
    },
    {
      "type": "Feature",
      "properties": {
        "tree_id": 303106,
        "dbh": 3.0,
        "health": "Good",
        "species": "pin oak",
        "spc_latin": "Quercus palustris",
        "borough": "Bronx"
      },
      "geometry": {
        "type": "Point",
        "coordinates": [
          -73.921721,
          40.807789
        ]
      }
    },
    {
      "type": "Feature",
      "properties": {
        "tree_id": 303103,
        "dbh": 8.0,
        "health": "Good",
        "species": "pin oak",
        "spc_latin": "Quercus palustris",
        "borough": "Bronx"
      },
      "geometry": {
        "type": "Point",
        "coordinates": [
          -73.92211,
          40.807953
        ]
      }
    },
    {
      "type": "Feature",
      "properties": {
        "tree_id": 303102,
        "dbh": 7.0,
        "health": "Good",
        "species": "pin oak",
        "spc_latin": "Quercus palustris",
        "borough": "Bronx"
      },
      "geometry": {
        "type": "Point",
        "coordinates": [
          -73.922279,
          40.808024
        ]
      }
    },
    {
      "type": "Feature",
      "properties": {
        "tree_id": 303105,
        "dbh": 6.0,
        "health": "Good",
        "species": "pin oak",
        "spc_latin": "Quercus palustris",
        "borough": "Bronx"
      },
      "geometry": {
        "type": "Point",
        "coordinates": [
          -73.921816,
          40.807829
        ]
      }
    },
    {
      "type": "Feature",
      "properties": {
        "tree_id": 302913,
        "dbh": 8.0,
        "health": "Good",
        "species": "willow oak",
        "spc_latin": "Quercus phellos",
        "borough": "Bronx"
      },
      "geometry": {
        "type": "Point",
        "coordinates": [
          -73.923408,
          40.808594
        ]
      }
    },
    {
      "type": "Feature",
      "properties": {
        "tree_id": 270978,
        "dbh": 5.0,
        "health": "Good",
        "species": "London planetree",
        "spc_latin": "Platanus x acerifolia",
        "borough": "Bronx"
      },
      "geometry": {
        "type": "Point",
        "coordinates": [
          -73.92876,
          40.808577
        ]
      }
    },
    {
      "type": "Feature",
      "properties": {
        "tree_id": 303110,
        "dbh": 14.0,
        "health": "Good",
        "species": "willow oak",
        "spc_latin": "Quercus phellos",
        "borough": "Bronx"
      },
      "geometry": {
        "type": "Point",
        "coordinates": [
          -73.92129,
          40.807607
        ]
      }
    },
    {
      "type": "Feature",
      "properties": {
        "tree_id": 303027,
        "dbh": 4.0,
        "health": "Fair",
        "species": "red maple",
        "spc_latin": "Acer rubrum",
        "borough": "Bronx"
      },
      "geometry": {
        "type": "Point",
        "coordinates": [
          -73.925642,
          40.809151
        ]
      }
    },
    {
      "type": "Feature",
      "properties": {
        "tree_id": 270977,
        "dbh": 6.0,
        "health": "Good",
        "species": "London planetree",
        "spc_latin": "Platanus x acerifolia",
        "borough": "Bronx"
      },
      "geometry": {
        "type": "Point",
        "coordinates": [
          -73.928805,
          40.808518
        ]
      }
    },
    {
      "type": "Feature",
      "properties": {
        "tree_id": 303104,
        "dbh": 10.0,
        "health": "Good",
        "species": "willow oak",
        "spc_latin": "Quercus phellos",
        "borough": "Bronx"
      },
      "geometry": {
        "type": "Point",
        "coordinates": [
          -73.922024,
          40.807917
        ]
      }
    },
    {
      "type": "Feature",
      "properties": {
        "tree_id": 249077,
        "dbh": 2.0,
        "health": "Good",
        "species": "swamp white oak",
        "spc_latin": "Quercus bicolor",
        "borough": "Bronx"
      },
      "geometry": {
        "type": "Point",
        "coordinates": [
          -73.927598,
          40.810947
        ]
      }
    },
    {
      "type": "Feature",
      "properties": {
        "tree_id": 250145,
        "dbh": 5.0,
        "health": "Fair",
        "species": "swamp white oak",
        "spc_latin": "Quercus bicolor",
        "borough": "Bronx"
      },
      "geometry": {
        "type": "Point",
        "coordinates": [
          -73.927467,
          40.813726
        ]
      }
    },
    {
      "type": "Feature",
      "properties": {
        "tree_id": 264008,
        "dbh": 6.0,
        "health": "Good",
        "species": "Callery pear",
        "spc_latin": "Pyrus calleryana",
        "borough": "Bronx"
      },
      "geometry": {
        "type": "Point",
        "coordinates": [
          -73.928232,
          40.80703
        ]
      }
    },
    {
      "type": "Feature",
      "properties": {
        "tree_id": 303100,
        "dbh": 6.0,
        "health": "Good",
        "species": "willow oak",
        "spc_latin": "Quercus phellos",
        "borough": "Bronx"
      },
      "geometry": {
        "type": "Point",
        "coordinates": [
          -73.922898,
          40.808285
        ]
      }
    },
    {
      "type": "Feature",
      "properties": {
        "tree_id": 302917,
        "dbh": 11.0,
        "health": "Good",
        "species": "honeylocust",
        "spc_latin": "Gleditsia triacanthos var. inermis",
        "borough": "Bronx"
      },
      "geometry": {
        "type": "Point",
        "coordinates": [
          -73.924055,
          40.807712
        ]
      }
    },
    {
      "type": "Feature",
      "properties": {
        "tree_id": 302918,
        "dbh": 11.0,
        "health": "Good",
        "species": "honeylocust",
        "spc_latin": "Gleditsia triacanthos var. inermis",
        "borough": "Bronx"
      },
      "geometry": {
        "type": "Point",
        "coordinates": [
          -73.924182,
          40.80754
        ]
      }
    },
    {
      "type": "Feature",
      "properties": {
        "tree_id": 303087,
        "dbh": 11.0,
        "health": "Good",
        "species": "honeylocust",
        "spc_latin": "Gleditsia triacanthos var. inermis",
        "borough": "Bronx"
      },
      "geometry": {
        "type": "Point",
        "coordinates": [
          -73.925374,
          40.80955
        ]
      }
    },
    {
      "type": "Feature",
      "properties": {
        "tree_id": 303088,
        "dbh": 18.0,
        "health": "Good",
        "species": "honeylocust",
        "spc_latin": "Gleditsia triacanthos var. inermis",
        "borough": "Bronx"
      },
      "geometry": {
        "type": "Point",
        "coordinates": [
          -73.925245,
          40.809726
        ]
      }
    },
    {
      "type": "Feature",
      "properties": {
        "tree_id": 303086,
        "dbh": 11.0,
        "health": "Good",
        "species": "honeylocust",
        "spc_latin": "Gleditsia triacanthos var. inermis",
        "borough": "Bronx"
      },
      "geometry": {
        "type": "Point",
        "coordinates": [
          -73.925436,
          40.809465
        ]
      }
    },
    {
      "type": "Feature",
      "properties": {
        "tree_id": 303089,
        "dbh": 15.0,
        "health": "Good",
        "species": "honeylocust",
        "spc_latin": "Gleditsia triacanthos var. inermis",
        "borough": "Bronx"
      },
      "geometry": {
        "type": "Point",
        "coordinates": [
          -73.925173,
          40.809823
        ]
      }
    },
    {
      "type": "Feature",
      "properties": {
        "tree_id": 302997,
        "dbh": 11.0,
        "health": "Fair",
        "species": "Sophora",
        "spc_latin": "Styphnolobium japonicum",
        "borough": "Bronx"
      },
      "geometry": {
        "type": "Point",
        "coordinates": [
          -73.924756,
          40.807493
        ]
      }
    },
    {
      "type": "Feature",
      "properties": {
        "tree_id": 303026,
        "dbh": 16.0,
        "health": "Good",
        "species": "honeylocust",
        "spc_latin": "Gleditsia triacanthos var. inermis",
        "borough": "Bronx"
      },
      "geometry": {
        "type": "Point",
        "coordinates": [
          -73.925707,
          40.809062
        ]
      }
    },
    {
      "type": "Feature",
      "properties": {
        "tree_id": 303111,
        "dbh": 8.0,
        "health": "Good",
        "species": "willow oak",
        "spc_latin": "Quercus phellos",
        "borough": "Bronx"
      },
      "geometry": {
        "type": "Point",
        "coordinates": [
          -73.920675,
          40.807347
        ]
      }
    },
    {
      "type": "Feature",
      "properties": {
        "tree_id": 303108,
        "dbh": 5.0,
        "health": "Good",
        "species": "honeylocust",
        "spc_latin": "Gleditsia triacanthos var. inermis",
        "borough": "Bronx"
      },
      "geometry": {
        "type": "Point",
        "coordinates": [
          -73.921521,
          40.807704
        ]
      }
    },
    {
      "type": "Feature",
      "properties": {
        "tree_id": 303109,
        "dbh": 6.0,
        "health": "Good",
        "species": "honeylocust",
        "spc_latin": "Gleditsia triacanthos var. inermis",
        "borough": "Bronx"
      },
      "geometry": {
        "type": "Point",
        "coordinates": [
          -73.921451,
          40.807675
        ]
      }
    },
    {
      "type": "Feature",
      "properties": {
        "tree_id": 303107,
        "dbh": 5.0,
        "health": "Good",
        "species": "honeylocust",
        "spc_latin": "Gleditsia triacanthos var. inermis",
        "borough": "Bronx"
      },
      "geometry": {
        "type": "Point",
        "coordinates": [
          -73.921644,
          40.807756
        ]
      }
    },
    {
      "type": "Feature",
      "properties": {
        "tree_id": 231266,
        "dbh": 5.0,
        "health": "Good",
        "species": "Cornelian cherry",
        "spc_latin": "Cornus mas",
        "borough": "Bronx"
      },
      "geometry": {
        "type": "Point",
        "coordinates": [
          -73.922434,
          40.80446
        ]
      }
    },
    {
      "type": "Feature",
      "properties": {
        "tree_id": 270945,
        "dbh": 7.0,
        "health": "Good",
        "species": "Sophora",
        "spc_latin": "Styphnolobium japonicum",
        "borough": "Bronx"
      },
      "geometry": {
        "type": "Point",
        "coordinates": [
          -73.929078,
          40.808123
        ]
      }
    },
    {
      "type": "Feature",
      "properties": {
        "tree_id": 270944,
        "dbh": 9.0,
        "health": "Good",
        "species": "Sophora",
        "spc_latin": "Styphnolobium japonicum",
        "borough": "Bronx"
      },
      "geometry": {
        "type": "Point",
        "coordinates": [
          -73.929121,
          40.808064
        ]
      }
    },
    {
      "type": "Feature",
      "properties": {
        "tree_id": 249137,
        "dbh": 4.0,
        "health": "Fair",
        "species": "Amur maackia",
        "spc_latin": "Maackia amurensis",
        "borough": "Bronx"
      },
      "geometry": {
        "type": "Point",
        "coordinates": [
          -73.928654,
          40.811263
        ]
      }
    },
    {
      "type": "Feature",
      "properties": {
        "tree_id": 249139,
        "dbh": 5.0,
        "health": "Fair",
        "species": "Amur maackia",
        "spc_latin": "Maackia amurensis",
        "borough": "Bronx"
      },
      "geometry": {
        "type": "Point",
        "coordinates": [
          -73.92876,
          40.811181
        ]
      }
    },
    {
      "type": "Feature",
      "properties": {
        "tree_id": 303125,
        "dbh": 12.0,
        "health": "Good",
        "species": "Japanese zelkova",
        "spc_latin": "Zelkova serrata",
        "borough": "Bronx"
      },
      "geometry": {
        "type": "Point",
        "coordinates": [
          -73.923798,
          40.809367
        ]
      }
    },
    {
      "type": "Feature",
      "properties": {
        "tree_id": 249138,
        "dbh": 4.0,
        "health": "Fair",
        "species": "Amur maackia",
        "spc_latin": "Maackia amurensis",
        "borough": "Bronx"
      },
      "geometry": {
        "type": "Point",
        "coordinates": [
          -73.928705,
          40.811224
        ]
      }
    },
    {
      "type": "Feature",
      "properties": {
        "tree_id": 249324,
        "dbh": 6.0,
        "health": "Fair",
        "species": "black walnut",
        "spc_latin": "Juglans nigra",
        "borough": "Bronx"
      },
      "geometry": {
        "type": "Point",
        "coordinates": [
          -73.927164,
          40.812779
        ]
      }
    },
    {
      "type": "Feature",
      "properties": {
        "tree_id": 303121,
        "dbh": 12.0,
        "health": "Good",
        "species": "Chinese elm",
        "spc_latin": "Ulmus parvifolia",
        "borough": "Bronx"
      },
      "geometry": {
        "type": "Point",
        "coordinates": [
          -73.924564,
          40.80972
        ]
      }
    },
    {
      "type": "Feature",
      "properties": {
        "tree_id": 303025,
        "dbh": 17.0,
        "health": "Good",
        "species": "London planetree",
        "spc_latin": "Platanus x acerifolia",
        "borough": "Bronx"
      },
      "geometry": {
        "type": "Point",
        "coordinates": [
          -73.925815,
          40.808915
        ]
      }
    },
    {
      "type": "Feature",
      "properties": {
        "tree_id": 303120,
        "dbh": 12.0,
        "health": "Good",
        "species": "honeylocust",
        "spc_latin": "Gleditsia triacanthos var. inermis",
        "borough": "Bronx"
      },
      "geometry": {
        "type": "Point",
        "coordinates": [
          -73.924784,
          40.809813
        ]
      }
    },
    {
      "type": "Feature",
      "properties": {
        "tree_id": 303028,
        "dbh": 4.0,
        "health": "Good",
        "species": "Amur maple",
        "spc_latin": "Acer ginnala",
        "borough": "Bronx"
      },
      "geometry": {
        "type": "Point",
        "coordinates": [
          -73.925597,
          40.809213
        ]
      }
    },
    {
      "type": "Feature",
      "properties": {
        "tree_id": 303122,
        "dbh": 13.0,
        "health": "Good",
        "species": "honeylocust",
        "spc_latin": "Gleditsia triacanthos var. inermis",
        "borough": "Bronx"
      },
      "geometry": {
        "type": "Point",
        "coordinates": [
          -73.924464,
          40.809678
        ]
      }
    },
    {
      "type": "Feature",
      "properties": {
        "tree_id": 303126,
        "dbh": 13.0,
        "health": "Good",
        "species": "honeylocust",
        "spc_latin": "Gleditsia triacanthos var. inermis",
        "borough": "Bronx"
      },
      "geometry": {
        "type": "Point",
        "coordinates": [
          -73.923645,
          40.809302
        ]
      }
    },
    {
      "type": "Feature",
      "properties": {
        "tree_id": 303124,
        "dbh": 13.0,
        "health": "Good",
        "species": "Japanese zelkova",
        "spc_latin": "Zelkova serrata",
        "borough": "Bronx"
      },
      "geometry": {
        "type": "Point",
        "coordinates": [
          -73.923957,
          40.809434
        ]
      }
    },
    {
      "type": "Feature",
      "properties": {
        "tree_id": 250143,
        "dbh": 6.0,
        "health": "Good",
        "species": "swamp white oak",
        "spc_latin": "Quercus bicolor",
        "borough": "Bronx"
      },
      "geometry": {
        "type": "Point",
        "coordinates": [
          -73.927754,
          40.813842
        ]
      }
    },
    {
      "type": "Feature",
      "properties": {
        "tree_id": 303101,
        "dbh": 4.0,
        "health": "Good",
        "species": "cherry",
        "spc_latin": "Prunus",
        "borough": "Bronx"
      },
      "geometry": {
        "type": "Point",
        "coordinates": [
          -73.92276,
          40.808227
        ]
      }
    },
    {
      "type": "Feature",
      "properties": {
        "tree_id": 303024,
        "dbh": 19.0,
        "health": "Good",
        "species": "London planetree",
        "spc_latin": "Platanus x acerifolia",
        "borough": "Bronx"
      },
      "geometry": {
        "type": "Point",
        "coordinates": [
          -73.926217,
          40.808363
        ]
      }
    },
    {
      "type": "Feature",
      "properties": {
        "tree_id": 264532,
        "dbh": 5.0,
        "health": "Good",
        "species": "Schumard's oak",
        "spc_latin": "Quercus shumardii",
        "borough": "Bronx"
      },
      "geometry": {
        "type": "Point",
        "coordinates": [
          -73.929329,
          40.808427
        ]
      }
    },
    {
      "type": "Feature",
      "properties": {
        "tree_id": 302914,
        "dbh": 10.0,
        "health": "Good",
        "species": "green ash",
        "spc_latin": "Fraxinus pennsylvanica",
        "borough": "Bronx"
      },
      "geometry": {
        "type": "Point",
        "coordinates": [
          -73.92369,
          40.80821
        ]
      }
    },
    {
      "type": "Feature",
      "properties": {
        "tree_id": 249934,
        "dbh": 5.0,
        "health": "Good",
        "species": "swamp white oak",
        "spc_latin": "Quercus bicolor",
        "borough": "Bronx"
      },
      "geometry": {
        "type": "Point",
        "coordinates": [
          -73.927898,
          40.813792
        ]
      }
    },
    {
      "type": "Feature",
      "properties": {
        "tree_id": 252580,
        "dbh": 3.0,
        "health": "Fair",
        "species": "sweetgum",
        "spc_latin": "Liquidambar styraciflua",
        "borough": "Bronx"
      },
      "geometry": {
        "type": "Point",
        "coordinates": [
          -73.916497,
          40.801834
        ]
      }
    },
    {
      "type": "Feature",
      "properties": {
        "tree_id": 247404,
        "dbh": 6.0,
        "health": "Good",
        "species": "Sophora",
        "spc_latin": "Styphnolobium japonicum",
        "borough": "Bronx"
      },
      "geometry": {
        "type": "Point",
        "coordinates": [
          -73.915106,
          40.801519
        ]
      }
    },
    {
      "type": "Feature",
      "properties": {
        "tree_id": 252582,
        "dbh": 3.0,
        "health": "Good",
        "species": "sweetgum",
        "spc_latin": "Liquidambar styraciflua",
        "borough": "Bronx"
      },
      "geometry": {
        "type": "Point",
        "coordinates": [
          -73.916413,
          40.801951
        ]
      }
    },
    {
      "type": "Feature",
      "properties": {
        "tree_id": 252579,
        "dbh": 3.0,
        "health": "Poor",
        "species": "sweetgum",
        "spc_latin": "Liquidambar styraciflua",
        "borough": "Bronx"
      },
      "geometry": {
        "type": "Point",
        "coordinates": [
          -73.916584,
          40.801714
        ]
      }
    },
    {
      "type": "Feature",
      "properties": {
        "tree_id": 340555,
        "dbh": 7.0,
        "health": "Good",
        "species": "American elm",
        "spc_latin": "Ulmus americana",
        "borough": "Bronx"
      },
      "geometry": {
        "type": "Point",
        "coordinates": [
          -73.914898,
          40.803767
        ]
      }
    },
    {
      "type": "Feature",
      "properties": {
        "tree_id": 252581,
        "dbh": 3.0,
        "health": "Fair",
        "species": "sweetgum",
        "spc_latin": "Liquidambar styraciflua",
        "borough": "Bronx"
      },
      "geometry": {
        "type": "Point",
        "coordinates": [
          -73.916457,
          40.80189
        ]
      }
    },
    {
      "type": "Feature",
      "properties": {
        "tree_id": 249935,
        "dbh": 6.0,
        "health": "Good",
        "species": "swamp white oak",
        "spc_latin": "Quercus bicolor",
        "borough": "Bronx"
      },
      "geometry": {
        "type": "Point",
        "coordinates": [
          -73.92803,
          40.813845
        ]
      }
    },
    {
      "type": "Feature",
      "properties": {
        "tree_id": 340556,
        "dbh": 6.0,
        "health": "Fair",
        "species": "American elm",
        "spc_latin": "Ulmus americana",
        "borough": "Bronx"
      },
      "geometry": {
        "type": "Point",
        "coordinates": [
          -73.915061,
          40.803746
        ]
      }
    },
    {
      "type": "Feature",
      "properties": {
        "tree_id": 247405,
        "dbh": 4.0,
        "health": "Good",
        "species": "Sophora",
        "spc_latin": "Styphnolobium japonicum",
        "borough": "Bronx"
      },
      "geometry": {
        "type": "Point",
        "coordinates": [
          -73.91522,
          40.801567
        ]
      }
    },
    {
      "type": "Feature",
      "properties": {
        "tree_id": 340616,
        "dbh": 11.0,
        "health": "Fair",
        "species": "littleleaf linden",
        "spc_latin": "Tilia cordata",
        "borough": "Bronx"
      },
      "geometry": {
        "type": "Point",
        "coordinates": [
          -73.915193,
          40.805025
        ]
      }
    },
    {
      "type": "Feature",
      "properties": {
        "tree_id": 340617,
        "dbh": 11.0,
        "health": "Poor",
        "species": "littleleaf linden",
        "spc_latin": "Tilia cordata",
        "borough": "Bronx"
      },
      "geometry": {
        "type": "Point",
        "coordinates": [
          -73.915305,
          40.805072
        ]
      }
    },
    {
      "type": "Feature",
      "properties": {
        "tree_id": 340475,
        "dbh": 9.0,
        "health": "Good",
        "species": "honeylocust",
        "spc_latin": "Gleditsia triacanthos var. inermis",
        "borough": "Bronx"
      },
      "geometry": {
        "type": "Point",
        "coordinates": [
          -73.91465,
          40.805197
        ]
      }
    },
    {
      "type": "Feature",
      "properties": {
        "tree_id": 340472,
        "dbh": 9.0,
        "health": "Good",
        "species": "honeylocust",
        "spc_latin": "Gleditsia triacanthos var. inermis",
        "borough": "Bronx"
      },
      "geometry": {
        "type": "Point",
        "coordinates": [
          -73.914808,
          40.804986
        ]
      }
    },
    {
      "type": "Feature",
      "properties": {
        "tree_id": 340476,
        "dbh": 11.0,
        "health": "Good",
        "species": "honeylocust",
        "spc_latin": "Gleditsia triacanthos var. inermis",
        "borough": "Bronx"
      },
      "geometry": {
        "type": "Point",
        "coordinates": [
          -73.91461,
          40.80525
        ]
      }
    },
    {
      "type": "Feature",
      "properties": {
        "tree_id": 264451,
        "dbh": 6.0,
        "health": "Good",
        "species": "swamp white oak",
        "spc_latin": "Quercus bicolor",
        "borough": "Bronx"
      },
      "geometry": {
        "type": "Point",
        "coordinates": [
          -73.930402,
          40.808422
        ]
      }
    },
    {
      "type": "Feature",
      "properties": {
        "tree_id": 340628,
        "dbh": 4.0,
        "health": "Good",
        "species": "Japanese zelkova",
        "spc_latin": "Zelkova serrata",
        "borough": "Bronx"
      },
      "geometry": {
        "type": "Point",
        "coordinates": [
          -73.917608,
          40.806046
        ]
      }
    },
    {
      "type": "Feature",
      "properties": {
        "tree_id": 340627,
        "dbh": 4.0,
        "health": "Good",
        "species": "black oak",
        "spc_latin": "Quercus velutina",
        "borough": "Bronx"
      },
      "geometry": {
        "type": "Point",
        "coordinates": [
          -73.917437,
          40.805974
        ]
      }
    },
    {
      "type": "Feature",
      "properties": {
        "tree_id": 340625,
        "dbh": 6.0,
        "health": "Fair",
        "species": "Japanese zelkova",
        "spc_latin": "Zelkova serrata",
        "borough": "Bronx"
      },
      "geometry": {
        "type": "Point",
        "coordinates": [
          -73.916867,
          40.805733
        ]
      }
    },
    {
      "type": "Feature",
      "properties": {
        "tree_id": 340621,
        "dbh": 4.0,
        "health": "Good",
        "species": "hedge maple",
        "spc_latin": "Acer campestre",
        "borough": "Bronx"
      },
      "geometry": {
        "type": "Point",
        "coordinates": [
          -73.91577,
          40.805269
        ]
      }
    },
    {
      "type": "Feature",
      "properties": {
        "tree_id": 340624,
        "dbh": 6.0,
        "health": "Good",
        "species": "hedge maple",
        "spc_latin": "Acer campestre",
        "borough": "Bronx"
      },
      "geometry": {
        "type": "Point",
        "coordinates": [
          -73.916514,
          40.805584
        ]
      }
    },
    {
      "type": "Feature",
      "properties": {
        "tree_id": 340623,
        "dbh": 4.0,
        "health": "Fair",
        "species": "hedge maple",
        "spc_latin": "Acer campestre",
        "borough": "Bronx"
      },
      "geometry": {
        "type": "Point",
        "coordinates": [
          -73.916367,
          40.805521
        ]
      }
    },
    {
      "type": "Feature",
      "properties": {
        "tree_id": 270946,
        "dbh": 9.0,
        "health": "Good",
        "species": "Sophora",
        "spc_latin": "Styphnolobium japonicum",
        "borough": "Bronx"
      },
      "geometry": {
        "type": "Point",
        "coordinates": [
          -73.929039,
          40.808176
        ]
      }
    },
    {
      "type": "Feature",
      "properties": {
        "tree_id": 247407,
        "dbh": 7.0,
        "health": "Good",
        "species": "Sophora",
        "spc_latin": "Styphnolobium japonicum",
        "borough": "Bronx"
      },
      "geometry": {
        "type": "Point",
        "coordinates": [
          -73.915884,
          40.801846
        ]
      }
    },
    {
      "type": "Feature",
      "properties": {
        "tree_id": 340474,
        "dbh": 9.0,
        "health": "Good",
        "species": "honeylocust",
        "spc_latin": "Gleditsia triacanthos var. inermis",
        "borough": "Bronx"
      },
      "geometry": {
        "type": "Point",
        "coordinates": [
          -73.914701,
          40.80513
        ]
      }
    },
    {
      "type": "Feature",
      "properties": {
        "tree_id": 340473,
        "dbh": 6.0,
        "health": "Good",
        "species": "honeylocust",
        "spc_latin": "Gleditsia triacanthos var. inermis",
        "borough": "Bronx"
      },
      "geometry": {
        "type": "Point",
        "coordinates": [
          -73.914746,
          40.80507
        ]
      }
    },
    {
      "type": "Feature",
      "properties": {
        "tree_id": 340622,
        "dbh": 4.0,
        "health": "Poor",
        "species": "hedge maple",
        "spc_latin": "Acer campestre",
        "borough": "Bronx"
      },
      "geometry": {
        "type": "Point",
        "coordinates": [
          -73.916227,
          40.805462
        ]
      }
    },
    {
      "type": "Feature",
      "properties": {
        "tree_id": 340457,
        "dbh": 6.0,
        "health": "Good",
        "species": "honeylocust",
        "spc_latin": "Gleditsia triacanthos var. inermis",
        "borough": "Bronx"
      },
      "geometry": {
        "type": "Point",
        "coordinates": [
          -73.914668,
          40.804808
        ]
      }
    },
    {
      "type": "Feature",
      "properties": {
        "tree_id": 247408,
        "dbh": 6.0,
        "health": "Good",
        "species": "Sophora",
        "spc_latin": "Styphnolobium japonicum",
        "borough": "Bronx"
      },
      "geometry": {
        "type": "Point",
        "coordinates": [
          -73.915967,
          40.801881
        ]
      }
    },
    {
      "type": "Feature",
      "properties": {
        "tree_id": 340515,
        "dbh": 10.0,
        "health": "Fair",
        "species": "green ash",
        "spc_latin": "Fraxinus pennsylvanica",
        "borough": "Bronx"
      },
      "geometry": {
        "type": "Point",
        "coordinates": [
          -73.915271,
          40.80435
        ]
      }
    },
    {
      "type": "Feature",
      "properties": {
        "tree_id": 340620,
        "dbh": 6.0,
        "health": "Good",
        "species": "Callery pear",
        "spc_latin": "Pyrus calleryana",
        "borough": "Bronx"
      },
      "geometry": {
        "type": "Point",
        "coordinates": [
          -73.915703,
          40.80524
        ]
      }
    },
    {
      "type": "Feature",
      "properties": {
        "tree_id": 249933,
        "dbh": 5.0,
        "health": "Good",
        "species": "swamp white oak",
        "spc_latin": "Quercus bicolor",
        "borough": "Bronx"
      },
      "geometry": {
        "type": "Point",
        "coordinates": [
          -73.927803,
          40.813753
        ]
      }
    },
    {
      "type": "Feature",
      "properties": {
        "tree_id": 340618,
        "dbh": 10.0,
        "health": "Good",
        "species": "Callery pear",
        "spc_latin": "Pyrus calleryana",
        "borough": "Bronx"
      },
      "geometry": {
        "type": "Point",
        "coordinates": [
          -73.915532,
          40.805168
        ]
      }
    },
    {
      "type": "Feature",
      "properties": {
        "tree_id": 340511,
        "dbh": 9.0,
        "health": "Good",
        "species": "green ash",
        "spc_latin": "Fraxinus pennsylvanica",
        "borough": "Bronx"
      },
      "geometry": {
        "type": "Point",
        "coordinates": [
          -73.915039,
          40.80466
        ]
      }
    },
    {
      "type": "Feature",
      "properties": {
        "tree_id": 340619,
        "dbh": 10.0,
        "health": "Good",
        "species": "Callery pear",
        "spc_latin": "Pyrus calleryana",
        "borough": "Bronx"
      },
      "geometry": {
        "type": "Point",
        "coordinates": [
          -73.915595,
          40.805195
        ]
      }
    },
    {
      "type": "Feature",
      "properties": {
        "tree_id": 340534,
        "dbh": 3.0,
        "health": "Poor",
        "species": "Callery pear",
        "spc_latin": "Pyrus calleryana",
        "borough": "Bronx"
      },
      "geometry": {
        "type": "Point",
        "coordinates": [
          -73.915248,
          40.804114
        ]
      }
    },
    {
      "type": "Feature",
      "properties": {
        "tree_id": 340535,
        "dbh": 5.0,
        "health": "Good",
        "species": "Callery pear",
        "spc_latin": "Pyrus calleryana",
        "borough": "Bronx"
      },
      "geometry": {
        "type": "Point",
        "coordinates": [
          -73.91517,
          40.804081
        ]
      }
    },
    {
      "type": "Feature",
      "properties": {
        "tree_id": 249737,
        "dbh": 5.0,
        "health": "Good",
        "species": "Siberian elm",
        "spc_latin": "Ulmus pumila",
        "borough": "Bronx"
      },
      "geometry": {
        "type": "Point",
        "coordinates": [
          -73.927539,
          40.813348
        ]
      }
    },
    {
      "type": "Feature",
      "properties": {
        "tree_id": 340514,
        "dbh": 10.0,
        "health": "Good",
        "species": "green ash",
        "spc_latin": "Fraxinus pennsylvanica",
        "borough": "Bronx"
      },
      "geometry": {
        "type": "Point",
        "coordinates": [
          -73.915161,
          40.804497
        ]
      }
    },
    {
      "type": "Feature",
      "properties": {
        "tree_id": 346624,
        "dbh": 5.0,
        "health": "Good",
        "species": "northern red oak",
        "spc_latin": "Quercus rubra",
        "borough": "Bronx"
      },
      "geometry": {
        "type": "Point",
        "coordinates": [
          -73.928435,
          40.81183
        ]
      }
    },
    {
      "type": "Feature",
      "properties": {
        "tree_id": 340533,
        "dbh": 5.0,
        "health": "Fair",
        "species": "purple-leaf plum",
        "spc_latin": "Prunus cerasifera",
        "borough": "Bronx"
      },
      "geometry": {
        "type": "Point",
        "coordinates": [
          -73.915326,
          40.804148
        ]
      }
    },
    {
      "type": "Feature",
      "properties": {
        "tree_id": 340510,
        "dbh": 10.0,
        "health": "Good",
        "species": "green ash",
        "spc_latin": "Fraxinus pennsylvanica",
        "borough": "Bronx"
      },
      "geometry": {
        "type": "Point",
        "coordinates": [
          -73.915002,
          40.804711
        ]
      }
    },
    {
      "type": "Feature",
      "properties": {
        "tree_id": 340512,
        "dbh": 11.0,
        "health": "Good",
        "species": "green ash",
        "spc_latin": "Fraxinus pennsylvanica",
        "borough": "Bronx"
      },
      "geometry": {
        "type": "Point",
        "coordinates": [
          -73.915083,
          40.804601
        ]
      }
    },
    {
      "type": "Feature",
      "properties": {
        "tree_id": 340513,
        "dbh": 9.0,
        "health": "Good",
        "species": "green ash",
        "spc_latin": "Fraxinus pennsylvanica",
        "borough": "Bronx"
      },
      "geometry": {
        "type": "Point",
        "coordinates": [
          -73.915119,
          40.804553
        ]
      }
    },
    {
      "type": "Feature",
      "properties": {
        "tree_id": 340569,
        "dbh": 6.0,
        "health": "Good",
        "species": "Callery pear",
        "spc_latin": "Pyrus calleryana",
        "borough": "Bronx"
      },
      "geometry": {
        "type": "Point",
        "coordinates": [
          -73.915531,
          40.803998
        ]
      }
    },
    {
      "type": "Feature",
      "properties": {
        "tree_id": 346625,
        "dbh": 6.0,
        "health": "Good",
        "species": "northern red oak",
        "spc_latin": "Quercus rubra",
        "borough": "Bronx"
      },
      "geometry": {
        "type": "Point",
        "coordinates": [
          -73.928382,
          40.811789
        ]
      }
    },
    {
      "type": "Feature",
      "properties": {
        "tree_id": 340570,
        "dbh": 5.0,
        "health": "Good",
        "species": "Callery pear",
        "spc_latin": "Pyrus calleryana",
        "borough": "Bronx"
      },
      "geometry": {
        "type": "Point",
        "coordinates": [
          -73.915487,
          40.804058
        ]
      }
    },
    {
      "type": "Feature",
      "properties": {
        "tree_id": 249327,
        "dbh": 5.0,
        "health": "Fair",
        "species": "black walnut",
        "spc_latin": "Juglans nigra",
        "borough": "Bronx"
      },
      "geometry": {
        "type": "Point",
        "coordinates": [
          -73.926867,
          40.813198
        ]
      }
    },
    {
      "type": "Feature",
      "properties": {
        "tree_id": 415240,
        "dbh": 21.0,
        "health": "Good",
        "species": "London planetree",
        "spc_latin": "Platanus x acerifolia",
        "borough": "Bronx"
      },
      "geometry": {
        "type": "Point",
        "coordinates": [
          -73.924572,
          40.811004
        ]
      }
    },
    {
      "type": "Feature",
      "properties": {
        "tree_id": 415239,
        "dbh": 21.0,
        "health": "Good",
        "species": "London planetree",
        "spc_latin": "Platanus x acerifolia",
        "borough": "Bronx"
      },
      "geometry": {
        "type": "Point",
        "coordinates": [
          -73.924519,
          40.811076
        ]
      }
    },
    {
      "type": "Feature",
      "properties": {
        "tree_id": 414593,
        "dbh": 7.0,
        "health": "Good",
        "species": "American elm",
        "spc_latin": "Ulmus americana",
        "borough": "Bronx"
      },
      "geometry": {
        "type": "Point",
        "coordinates": [
          -73.92405,
          40.811712
        ]
      }
    },
    {
      "type": "Feature",
      "properties": {
        "tree_id": 414592,
        "dbh": 6.0,
        "health": "Good",
        "species": "American elm",
        "spc_latin": "Ulmus americana",
        "borough": "Bronx"
      },
      "geometry": {
        "type": "Point",
        "coordinates": [
          -73.923963,
          40.811832
        ]
      }
    },
    {
      "type": "Feature",
      "properties": {
        "tree_id": 414595,
        "dbh": 7.0,
        "health": "Good",
        "species": "American elm",
        "spc_latin": "Ulmus americana",
        "borough": "Bronx"
      },
      "geometry": {
        "type": "Point",
        "coordinates": [
          -73.9242,
          40.811505
        ]
      }
    },
    {
      "type": "Feature",
      "properties": {
        "tree_id": 414591,
        "dbh": 6.0,
        "health": "Good",
        "species": "American elm",
        "spc_latin": "Ulmus americana",
        "borough": "Bronx"
      },
      "geometry": {
        "type": "Point",
        "coordinates": [
          -73.923911,
          40.811904
        ]
      }
    },
    {
      "type": "Feature",
      "properties": {
        "tree_id": 415237,
        "dbh": 25.0,
        "health": "Good",
        "species": "London planetree",
        "spc_latin": "Platanus x acerifolia",
        "borough": "Bronx"
      },
      "geometry": {
        "type": "Point",
        "coordinates": [
          -73.924415,
          40.811217
        ]
      }
    },
    {
      "type": "Feature",
      "properties": {
        "tree_id": 415818,
        "dbh": 7.0,
        "health": "Good",
        "species": "northern red oak",
        "spc_latin": "Quercus rubra",
        "borough": "Bronx"
      },
      "geometry": {
        "type": "Point",
        "coordinates": [
          -73.925294,
          40.811755
        ]
      }
    },
    {
      "type": "Feature",
      "properties": {
        "tree_id": 415819,
        "dbh": 8.0,
        "health": "Good",
        "species": "northern red oak",
        "spc_latin": "Quercus rubra",
        "borough": "Bronx"
      },
      "geometry": {
        "type": "Point",
        "coordinates": [
          -73.925107,
          40.811675
        ]
      }
    },
    {
      "type": "Feature",
      "properties": {
        "tree_id": 415821,
        "dbh": 6.0,
        "health": "Fair",
        "species": "northern red oak",
        "spc_latin": "Quercus rubra",
        "borough": "Bronx"
      },
      "geometry": {
        "type": "Point",
        "coordinates": [
          -73.924876,
          40.811575
        ]
      }
    },
    {
      "type": "Feature",
      "properties": {
        "tree_id": 417139,
        "dbh": 18.0,
        "health": "Good",
        "species": "London planetree",
        "spc_latin": "Platanus x acerifolia",
        "borough": "Bronx"
      },
      "geometry": {
        "type": "Point",
        "coordinates": [
          -73.927392,
          40.810376
        ]
      }
    },
    {
      "type": "Feature",
      "properties": {
        "tree_id": 414594,
        "dbh": 13.0,
        "health": "Good",
        "species": "American elm",
        "spc_latin": "Ulmus americana",
        "borough": "Bronx"
      },
      "geometry": {
        "type": "Point",
        "coordinates": [
          -73.924108,
          40.811632
        ]
      }
    },
    {
      "type": "Feature",
      "properties": {
        "tree_id": 415822,
        "dbh": 9.0,
        "health": "Good",
        "species": "American elm",
        "spc_latin": "Ulmus americana",
        "borough": "Bronx"
      },
      "geometry": {
        "type": "Point",
        "coordinates": [
          -73.924752,
          40.811522
        ]
      }
    },
    {
      "type": "Feature",
      "properties": {
        "tree_id": 417142,
        "dbh": 19.0,
        "health": "Good",
        "species": "London planetree",
        "spc_latin": "Platanus x acerifolia",
        "borough": "Bronx"
      },
      "geometry": {
        "type": "Point",
        "coordinates": [
          -73.927176,
          40.810671
        ]
      }
    },
    {
      "type": "Feature",
      "properties": {
        "tree_id": 417158,
        "dbh": 6.0,
        "health": "Poor",
        "species": "American elm",
        "spc_latin": "Ulmus americana",
        "borough": "Bronx"
      },
      "geometry": {
        "type": "Point",
        "coordinates": [
          -73.928097,
          40.810277
        ]
      }
    },
    {
      "type": "Feature",
      "properties": {
        "tree_id": 417141,
        "dbh": 17.0,
        "health": "Good",
        "species": "London planetree",
        "spc_latin": "Platanus x acerifolia",
        "borough": "Bronx"
      },
      "geometry": {
        "type": "Point",
        "coordinates": [
          -73.927248,
          40.810573
        ]
      }
    },
    {
      "type": "Feature",
      "properties": {
        "tree_id": 417137,
        "dbh": 18.0,
        "health": "Good",
        "species": "London planetree",
        "spc_latin": "Platanus x acerifolia",
        "borough": "Bronx"
      },
      "geometry": {
        "type": "Point",
        "coordinates": [
          -73.92832,
          40.809163
        ]
      }
    },
    {
      "type": "Feature",
      "properties": {
        "tree_id": 417140,
        "dbh": 17.0,
        "health": "Good",
        "species": "London planetree",
        "spc_latin": "Platanus x acerifolia",
        "borough": "Bronx"
      },
      "geometry": {
        "type": "Point",
        "coordinates": [
          -73.927318,
          40.810476
        ]
      }
    },
    {
      "type": "Feature",
      "properties": {
        "tree_id": 414697,
        "dbh": 6.0,
        "health": "Good",
        "species": "American elm",
        "spc_latin": "Ulmus americana",
        "borough": "Bronx"
      },
      "geometry": {
        "type": "Point",
        "coordinates": [
          -73.924645,
          40.81159
        ]
      }
    },
    {
      "type": "Feature",
      "properties": {
        "tree_id": 414696,
        "dbh": 6.0,
        "health": "Good",
        "species": "American elm",
        "spc_latin": "Ulmus americana",
        "borough": "Bronx"
      },
      "geometry": {
        "type": "Point",
        "coordinates": [
          -73.924508,
          40.811531
        ]
      }
    },
    {
      "type": "Feature",
      "properties": {
        "tree_id": 416059,
        "dbh": 25.0,
        "health": "Good",
        "species": "American elm",
        "spc_latin": "Ulmus americana",
        "borough": "Bronx"
      },
      "geometry": {
        "type": "Point",
        "coordinates": [
          -73.925634,
          40.811077
        ]
      }
    },
    {
      "type": "Feature",
      "properties": {
        "tree_id": 415820,
        "dbh": 6.0,
        "health": "Fair",
        "species": "northern red oak",
        "spc_latin": "Quercus rubra",
        "borough": "Bronx"
      },
      "geometry": {
        "type": "Point",
        "coordinates": [
          -73.924972,
          40.811617
        ]
      }
    },
    {
      "type": "Feature",
      "properties": {
        "tree_id": 416063,
        "dbh": 21.0,
        "health": "Good",
        "species": "Callery pear",
        "spc_latin": "Pyrus calleryana",
        "borough": "Bronx"
      },
      "geometry": {
        "type": "Point",
        "coordinates": [
          -73.926154,
          40.811296
        ]
      }
    },
    {
      "type": "Feature",
      "properties": {
        "tree_id": 414192,
        "dbh": 22.0,
        "health": "Good",
        "species": "London planetree",
        "spc_latin": "Platanus x acerifolia",
        "borough": "Bronx"
      },
      "geometry": {
        "type": "Point",
        "coordinates": [
          -73.924434,
          40.812321
        ]
      }
    },
    {
      "type": "Feature",
      "properties": {
        "tree_id": 414193,
        "dbh": 5.0,
        "health": "Good",
        "species": "American elm",
        "spc_latin": "Ulmus americana",
        "borough": "Bronx"
      },
      "geometry": {
        "type": "Point",
        "coordinates": [
          -73.924023,
          40.812151
        ]
      }
    },
    {
      "type": "Feature",
      "properties": {
        "tree_id": 416157,
        "dbh": 24.0,
        "health": "Good",
        "species": "American elm",
        "spc_latin": "Ulmus americana",
        "borough": "Bronx"
      },
      "geometry": {
        "type": "Point",
        "coordinates": [
          -73.926485,
          40.811341
        ]
      }
    },
    {
      "type": "Feature",
      "properties": {
        "tree_id": 416158,
        "dbh": 16.0,
        "health": "Good",
        "species": "American elm",
        "spc_latin": "Ulmus americana",
        "borough": "Bronx"
      },
      "geometry": {
        "type": "Point",
        "coordinates": [
          -73.926588,
          40.811281
        ]
      }
    },
    {
      "type": "Feature",
      "properties": {
        "tree_id": 416159,
        "dbh": 18.0,
        "health": "Good",
        "species": "American elm",
        "spc_latin": "Ulmus americana",
        "borough": "Bronx"
      },
      "geometry": {
        "type": "Point",
        "coordinates": [
          -73.926723,
          40.811203
        ]
      }
    },
    {
      "type": "Feature",
      "properties": {
        "tree_id": 416160,
        "dbh": 23.0,
        "health": "Good",
        "species": "American elm",
        "spc_latin": "Ulmus americana",
        "borough": "Bronx"
      },
      "geometry": {
        "type": "Point",
        "coordinates": [
          -73.926806,
          40.811154
        ]
      }
    },
    {
      "type": "Feature",
      "properties": {
        "tree_id": 416058,
        "dbh": 6.0,
        "health": "Good",
        "species": "ginkgo",
        "spc_latin": "Ginkgo biloba",
        "borough": "Bronx"
      },
      "geometry": {
        "type": "Point",
        "coordinates": [
          -73.925388,
          40.810973
        ]
      }
    },
    {
      "type": "Feature",
      "properties": {
        "tree_id": 415060,
        "dbh": 5.0,
        "health": "Good",
        "species": "cherry",
        "spc_latin": "Prunus",
        "borough": "Bronx"
      },
      "geometry": {
        "type": "Point",
        "coordinates": [
          -73.924261,
          40.812129
        ]
      }
    },
    {
      "type": "Feature",
      "properties": {
        "tree_id": 415057,
        "dbh": 4.0,
        "health": "Good",
        "species": "southern red oak",
        "spc_latin": "Quercus falcata",
        "borough": "Bronx"
      },
      "geometry": {
        "type": "Point",
        "coordinates": [
          -73.924535,
          40.812245
        ]
      }
    },
    {
      "type": "Feature",
      "properties": {
        "tree_id": 415059,
        "dbh": 4.0,
        "health": "Good",
        "species": "northern red oak",
        "spc_latin": "Quercus rubra",
        "borough": "Bronx"
      },
      "geometry": {
        "type": "Point",
        "coordinates": [
          -73.92436,
          40.812171
        ]
      }
    },
    {
      "type": "Feature",
      "properties": {
        "tree_id": 415058,
        "dbh": 4.0,
        "health": "Good",
        "species": "northern red oak",
        "spc_latin": "Quercus rubra",
        "borough": "Bronx"
      },
      "geometry": {
        "type": "Point",
        "coordinates": [
          -73.924436,
          40.812203
        ]
      }
    },
    {
      "type": "Feature",
      "properties": {
        "tree_id": 415536,
        "dbh": 3.0,
        "health": "Good",
        "species": "American elm",
        "spc_latin": "Ulmus americana",
        "borough": "Bronx"
      },
      "geometry": {
        "type": "Point",
        "coordinates": [
          -73.925252,
          40.811035
        ]
      }
    },
    {
      "type": "Feature",
      "properties": {
        "tree_id": 415534,
        "dbh": 7.0,
        "health": "Good",
        "species": "Callery pear",
        "spc_latin": "Pyrus calleryana",
        "borough": "Bronx"
      },
      "geometry": {
        "type": "Point",
        "coordinates": [
          -73.924912,
          40.810891
        ]
      }
    },
    {
      "type": "Feature",
      "properties": {
        "tree_id": 415824,
        "dbh": 6.0,
        "health": "Good",
        "species": "Callery pear",
        "spc_latin": "Pyrus calleryana",
        "borough": "Bronx"
      },
      "geometry": {
        "type": "Point",
        "coordinates": [
          -73.924436,
          40.811386
        ]
      }
    },
    {
      "type": "Feature",
      "properties": {
        "tree_id": 415533,
        "dbh": 7.0,
        "health": "Good",
        "species": "Callery pear",
        "spc_latin": "Pyrus calleryana",
        "borough": "Bronx"
      },
      "geometry": {
        "type": "Point",
        "coordinates": [
          -73.924816,
          40.81085
        ]
      }
    },
    {
      "type": "Feature",
      "properties": {
        "tree_id": 415238,
        "dbh": 22.0,
        "health": "Good",
        "species": "London planetree",
        "spc_latin": "Platanus x acerifolia",
        "borough": "Bronx"
      },
      "geometry": {
        "type": "Point",
        "coordinates": [
          -73.924464,
          40.81115
        ]
      }
    },
    {
      "type": "Feature",
      "properties": {
        "tree_id": 415535,
        "dbh": 2.0,
        "health": "Good",
        "species": "black oak",
        "spc_latin": "Quercus velutina",
        "borough": "Bronx"
      },
      "geometry": {
        "type": "Point",
        "coordinates": [
          -73.925062,
          40.810954
        ]
      }
    },
    {
      "type": "Feature",
      "properties": {
        "tree_id": 415061,
        "dbh": 5.0,
        "health": "Good",
        "species": "Japanese zelkova",
        "spc_latin": "Zelkova serrata",
        "borough": "Bronx"
      },
      "geometry": {
        "type": "Point",
        "coordinates": [
          -73.924082,
          40.812054
        ]
      }
    },
    {
      "type": "Feature",
      "properties": {
        "tree_id": 414787,
        "dbh": 7.0,
        "health": "Good",
        "species": "northern red oak",
        "spc_latin": "Quercus rubra",
        "borough": "Bronx"
      },
      "geometry": {
        "type": "Point",
        "coordinates": [
          -73.924814,
          40.812219
        ]
      }
    },
    {
      "type": "Feature",
      "properties": {
        "tree_id": 414786,
        "dbh": 6.0,
        "health": "Good",
        "species": "northern red oak",
        "spc_latin": "Quercus rubra",
        "borough": "Bronx"
      },
      "geometry": {
        "type": "Point",
        "coordinates": [
          -73.924901,
          40.812175
        ]
      }
    },
    {
      "type": "Feature",
      "properties": {
        "tree_id": 415823,
        "dbh": 8.0,
        "health": "Good",
        "species": "Callery pear",
        "spc_latin": "Pyrus calleryana",
        "borough": "Bronx"
      },
      "geometry": {
        "type": "Point",
        "coordinates": [
          -73.924515,
          40.81142
        ]
      }
    },
    {
      "type": "Feature",
      "properties": {
        "tree_id": 415062,
        "dbh": 6.0,
        "health": "Good",
        "species": "Japanese zelkova",
        "spc_latin": "Zelkova serrata",
        "borough": "Bronx"
      },
      "geometry": {
        "type": "Point",
        "coordinates": [
          -73.92396,
          40.812002
        ]
      }
    },
    {
      "type": "Feature",
      "properties": {
        "tree_id": 415817,
        "dbh": 8.0,
        "health": "Good",
        "species": "northern red oak",
        "spc_latin": "Quercus rubra",
        "borough": "Bronx"
      },
      "geometry": {
        "type": "Point",
        "coordinates": [
          -73.925399,
          40.8118
        ]
      }
    },
    {
      "type": "Feature",
      "properties": {
        "tree_id": 414368,
        "dbh": 9.0,
        "health": "Good",
        "species": "honeylocust",
        "spc_latin": "Gleditsia triacanthos var. inermis",
        "borough": "Bronx"
      },
      "geometry": {
        "type": "Point",
        "coordinates": [
          -73.923717,
          40.812178
        ]
      }
    },
    {
      "type": "Feature",
      "properties": {
        "tree_id": 437455,
        "dbh": 14.0,
        "health": "Good",
        "species": "Japanese zelkova",
        "spc_latin": "Zelkova serrata",
        "borough": "Bronx"
      },
      "geometry": {
        "type": "Point",
        "coordinates": [
          -73.916851,
          40.811807
        ]
      }
    },
    {
      "type": "Feature",
      "properties": {
        "tree_id": 437456,
        "dbh": 11.0,
        "health": "Good",
        "species": "Japanese zelkova",
        "spc_latin": "Zelkova serrata",
        "borough": "Bronx"
      },
      "geometry": {
        "type": "Point",
        "coordinates": [
          -73.916796,
          40.811903
        ]
      }
    },
    {
      "type": "Feature",
      "properties": {
        "tree_id": 414194,
        "dbh": 5.0,
        "health": "Good",
        "species": "American elm",
        "spc_latin": "Ulmus americana",
        "borough": "Bronx"
      },
      "geometry": {
        "type": "Point",
        "coordinates": [
          -73.923951,
          40.812121
        ]
      }
    },
    {
      "type": "Feature",
      "properties": {
        "tree_id": 414370,
        "dbh": 10.0,
        "health": "Good",
        "species": "honeylocust",
        "spc_latin": "Gleditsia triacanthos var. inermis",
        "borough": "Bronx"
      },
      "geometry": {
        "type": "Point",
        "coordinates": [
          -73.923564,
          40.812384
        ]
      }
    },
    {
      "type": "Feature",
      "properties": {
        "tree_id": 417214,
        "dbh": 8.0,
        "health": "Good",
        "species": "American elm",
        "spc_latin": "Ulmus americana",
        "borough": "Bronx"
      },
      "geometry": {
        "type": "Point",
        "coordinates": [
          -73.92798,
          40.810017
        ]
      }
    },
    {
      "type": "Feature",
      "properties": {
        "tree_id": 414369,
        "dbh": 10.0,
        "health": "Good",
        "species": "honeylocust",
        "spc_latin": "Gleditsia triacanthos var. inermis",
        "borough": "Bronx"
      },
      "geometry": {
        "type": "Point",
        "coordinates": [
          -73.923659,
          40.812257
        ]
      }
    },
    {
      "type": "Feature",
      "properties": {
        "tree_id": 414371,
        "dbh": 13.0,
        "health": "Good",
        "species": "honeylocust",
        "spc_latin": "Gleditsia triacanthos var. inermis",
        "borough": "Bronx"
      },
      "geometry": {
        "type": "Point",
        "coordinates": [
          -73.923491,
          40.81248
        ]
      }
    },
    {
      "type": "Feature",
      "properties": {
        "tree_id": 437573,
        "dbh": 10.0,
        "health": "Good",
        "species": "littleleaf linden",
        "spc_latin": "Tilia cordata",
        "borough": "Bronx"
      },
      "geometry": {
        "type": "Point",
        "coordinates": [
          -73.917658,
          40.812639
        ]
      }
    },
    {
      "type": "Feature",
      "properties": {
        "tree_id": 437574,
        "dbh": 12.0,
        "health": "Good",
        "species": "littleleaf linden",
        "spc_latin": "Tilia cordata",
        "borough": "Bronx"
      },
      "geometry": {
        "type": "Point",
        "coordinates": [
          -73.917792,
          40.812685
        ]
      }
    },
    {
      "type": "Feature",
      "properties": {
        "tree_id": 437383,
        "dbh": 18.0,
        "health": "Good",
        "species": "Japanese zelkova",
        "spc_latin": "Zelkova serrata",
        "borough": "Bronx"
      },
      "geometry": {
        "type": "Point",
        "coordinates": [
          -73.918689,
          40.812347
        ]
      }
    },
    {
      "type": "Feature",
      "properties": {
        "tree_id": 438030,
        "dbh": 7.0,
        "health": "Good",
        "species": "Chinese elm",
        "spc_latin": "Ulmus parvifolia",
        "borough": "Bronx"
      },
      "geometry": {
        "type": "Point",
        "coordinates": [
          -73.917486,
          40.813472
        ]
      }
    },
    {
      "type": "Feature",
      "properties": {
        "tree_id": 437385,
        "dbh": 17.0,
        "health": "Good",
        "species": "Japanese zelkova",
        "spc_latin": "Zelkova serrata",
        "borough": "Bronx"
      },
      "geometry": {
        "type": "Point",
        "coordinates": [
          -73.918214,
          40.812162
        ]
      }
    },
    {
      "type": "Feature",
      "properties": {
        "tree_id": 226755,
        "dbh": 4.0,
        "health": "Good",
        "species": "Japanese tree lilac",
        "spc_latin": "Syringa reticulata",
        "borough": "Bronx"
      },
      "geometry": {
        "type": "Point",
        "coordinates": [
          -73.923656,
          40.806041
        ]
      }
    },
    {
      "type": "Feature",
      "properties": {
        "tree_id": 437388,
        "dbh": 14.0,
        "health": "Good",
        "species": "Japanese zelkova",
        "spc_latin": "Zelkova serrata",
        "borough": "Bronx"
      },
      "geometry": {
        "type": "Point",
        "coordinates": [
          -73.91754,
          40.811938
        ]
      }
    },
    {
      "type": "Feature",
      "properties": {
        "tree_id": 443035,
        "dbh": 9.0,
        "health": "Good",
        "species": "London planetree",
        "spc_latin": "Platanus x acerifolia",
        "borough": "Bronx"
      },
      "geometry": {
        "type": "Point",
        "coordinates": [
          -73.921395,
          40.806146
        ]
      }
    },
    {
      "type": "Feature",
      "properties": {
        "tree_id": 442998,
        "dbh": 22.0,
        "health": "Fair",
        "species": "London planetree",
        "spc_latin": "Platanus x acerifolia",
        "borough": "Bronx"
      },
      "geometry": {
        "type": "Point",
        "coordinates": [
          -73.923419,
          40.806865
        ]
      }
    },
    {
      "type": "Feature",
      "properties": {
        "tree_id": 437382,
        "dbh": 18.0,
        "health": "Good",
        "species": "Japanese zelkova",
        "spc_latin": "Zelkova serrata",
        "borough": "Bronx"
      },
      "geometry": {
        "type": "Point",
        "coordinates": [
          -73.919193,
          40.812559
        ]
      }
    },
    {
      "type": "Feature",
      "properties": {
        "tree_id": 437386,
        "dbh": 19.0,
        "health": "Good",
        "species": "Japanese zelkova",
        "spc_latin": "Zelkova serrata",
        "borough": "Bronx"
      },
      "geometry": {
        "type": "Point",
        "coordinates": [
          -73.917963,
          40.812078
        ]
      }
    },
    {
      "type": "Feature",
      "properties": {
        "tree_id": 437750,
        "dbh": 4.0,
        "health": "Good",
        "species": "Japanese zelkova",
        "spc_latin": "Zelkova serrata",
        "borough": "Bronx"
      },
      "geometry": {
        "type": "Point",
        "coordinates": [
          -73.917007,
          40.812542
        ]
      }
    },
    {
      "type": "Feature",
      "properties": {
        "tree_id": 438031,
        "dbh": 5.0,
        "health": "Good",
        "species": "American linden",
        "spc_latin": "Tilia americana",
        "borough": "Bronx"
      },
      "geometry": {
        "type": "Point",
        "coordinates": [
          -73.91687,
          40.813266
        ]
      }
    },
    {
      "type": "Feature",
      "properties": {
        "tree_id": 437579,
        "dbh": 4.0,
        "health": "Good",
        "species": "pin oak",
        "spc_latin": "Quercus palustris",
        "borough": "Bronx"
      },
      "geometry": {
        "type": "Point",
        "coordinates": [
          -73.919321,
          40.813307
        ]
      }
    },
    {
      "type": "Feature",
      "properties": {
        "tree_id": 437581,
        "dbh": 4.0,
        "health": "Good",
        "species": "pin oak",
        "spc_latin": "Quercus palustris",
        "borough": "Bronx"
      },
      "geometry": {
        "type": "Point",
        "coordinates": [
          -73.919499,
          40.813382
        ]
      }
    },
    {
      "type": "Feature",
      "properties": {
        "tree_id": 438032,
        "dbh": 5.0,
        "health": "Good",
        "species": "American linden",
        "spc_latin": "Tilia americana",
        "borough": "Bronx"
      },
      "geometry": {
        "type": "Point",
        "coordinates": [
          -73.916784,
          40.813237
        ]
      }
    },
    {
      "type": "Feature",
      "properties": {
        "tree_id": 437738,
        "dbh": 11.0,
        "health": "Good",
        "species": "American linden",
        "spc_latin": "Tilia americana",
        "borough": "Bronx"
      },
      "geometry": {
        "type": "Point",
        "coordinates": [
          -73.919329,
          40.813434
        ]
      }
    },
    {
      "type": "Feature",
      "properties": {
        "tree_id": 437739,
        "dbh": 8.0,
        "health": "Good",
        "species": "American linden",
        "spc_latin": "Tilia americana",
        "borough": "Bronx"
      },
      "geometry": {
        "type": "Point",
        "coordinates": [
          -73.919236,
          40.813395
        ]
      }
    },
    {
      "type": "Feature",
      "properties": {
        "tree_id": 436794,
        "dbh": 4.0,
        "health": "Good",
        "species": "American linden",
        "spc_latin": "Tilia americana",
        "borough": "Bronx"
      },
      "geometry": {
        "type": "Point",
        "coordinates": [
          -73.920564,
          40.813832
        ]
      }
    },
    {
      "type": "Feature",
      "properties": {
        "tree_id": 436796,
        "dbh": 3.0,
        "health": "Fair",
        "species": "American linden",
        "spc_latin": "Tilia americana",
        "borough": "Bronx"
      },
      "geometry": {
        "type": "Point",
        "coordinates": [
          -73.92014,
          40.813654
        ]
      }
    },
    {
      "type": "Feature",
      "properties": {
        "tree_id": 438029,
        "dbh": 4.0,
        "health": "Good",
        "species": "American linden",
        "spc_latin": "Tilia americana",
        "borough": "Bronx"
      },
      "geometry": {
        "type": "Point",
        "coordinates": [
          -73.917804,
          40.8136
        ]
      }
    },
    {
      "type": "Feature",
      "properties": {
        "tree_id": 437740,
        "dbh": 11.0,
        "health": "Good",
        "species": "American linden",
        "spc_latin": "Tilia americana",
        "borough": "Bronx"
      },
      "geometry": {
        "type": "Point",
        "coordinates": [
          -73.919156,
          40.813361
        ]
      }
    },
    {
      "type": "Feature",
      "properties": {
        "tree_id": 436793,
        "dbh": 3.0,
        "health": "Fair",
        "species": "American linden",
        "spc_latin": "Tilia americana",
        "borough": "Bronx"
      },
      "geometry": {
        "type": "Point",
        "coordinates": [
          -73.920643,
          40.813866
        ]
      }
    },
    {
      "type": "Feature",
      "properties": {
        "tree_id": 436797,
        "dbh": 3.0,
        "health": "Fair",
        "species": "American linden",
        "spc_latin": "Tilia americana",
        "borough": "Bronx"
      },
      "geometry": {
        "type": "Point",
        "coordinates": [
          -73.919999,
          40.813595
        ]
      }
    },
    {
      "type": "Feature",
      "properties": {
        "tree_id": 443110,
        "dbh": 7.0,
        "health": "Good",
        "species": "honeylocust",
        "spc_latin": "Gleditsia triacanthos var. inermis",
        "borough": "Bronx"
      },
      "geometry": {
        "type": "Point",
        "coordinates": [
          -73.922339,
          40.807109
        ]
      }
    },
    {
      "type": "Feature",
      "properties": {
        "tree_id": 437578,
        "dbh": 9.0,
        "health": "Fair",
        "species": "American linden",
        "spc_latin": "Tilia americana",
        "borough": "Bronx"
      },
      "geometry": {
        "type": "Point",
        "coordinates": [
          -73.918745,
          40.813065
        ]
      }
    },
    {
      "type": "Feature",
      "properties": {
        "tree_id": 436795,
        "dbh": 3.0,
        "health": "Fair",
        "species": "American linden",
        "spc_latin": "Tilia americana",
        "borough": "Bronx"
      },
      "geometry": {
        "type": "Point",
        "coordinates": [
          -73.920303,
          40.813723
        ]
      }
    },
    {
      "type": "Feature",
      "properties": {
        "tree_id": 437387,
        "dbh": 18.0,
        "health": "Good",
        "species": "Japanese zelkova",
        "spc_latin": "Zelkova serrata",
        "borough": "Bronx"
      },
      "geometry": {
        "type": "Point",
        "coordinates": [
          -73.917698,
          40.81199
        ]
      }
    },
    {
      "type": "Feature",
      "properties": {
        "tree_id": 438028,
        "dbh": 4.0,
        "health": "Good",
        "species": "American linden",
        "spc_latin": "Tilia americana",
        "borough": "Bronx"
      },
      "geometry": {
        "type": "Point",
        "coordinates": [
          -73.917909,
          40.813645
        ]
      }
    },
    {
      "type": "Feature",
      "properties": {
        "tree_id": 437960,
        "dbh": 11.0,
        "health": "Good",
        "species": "Sophora",
        "spc_latin": "Styphnolobium japonicum",
        "borough": "Bronx"
      },
      "geometry": {
        "type": "Point",
        "coordinates": [
          -73.917844,
          40.813507
        ]
      }
    },
    {
      "type": "Feature",
      "properties": {
        "tree_id": 443036,
        "dbh": 7.0,
        "health": "Good",
        "species": "London planetree",
        "spc_latin": "Platanus x acerifolia",
        "borough": "Bronx"
      },
      "geometry": {
        "type": "Point",
        "coordinates": [
          -73.921326,
          40.806242
        ]
      }
    },
    {
      "type": "Feature",
      "properties": {
        "tree_id": 437745,
        "dbh": 11.0,
        "health": "Good",
        "species": "London planetree",
        "spc_latin": "Platanus x acerifolia",
        "borough": "Bronx"
      },
      "geometry": {
        "type": "Point",
        "coordinates": [
          -73.918224,
          40.812967
        ]
      }
    },
    {
      "type": "Feature",
      "properties": {
        "tree_id": 437741,
        "dbh": 14.0,
        "health": "Good",
        "species": "London planetree",
        "spc_latin": "Platanus x acerifolia",
        "borough": "Bronx"
      },
      "geometry": {
        "type": "Point",
        "coordinates": [
          -73.91903,
          40.813308
        ]
      }
    },
    {
      "type": "Feature",
      "properties": {
        "tree_id": 442999,
        "dbh": 2.0,
        "health": "Fair",
        "species": "ginkgo",
        "spc_latin": "Ginkgo biloba",
        "borough": "Bronx"
      },
      "geometry": {
        "type": "Point",
        "coordinates": [
          -73.923307,
          40.806818
        ]
      }
    },
    {
      "type": "Feature",
      "properties": {
        "tree_id": 436792,
        "dbh": 3.0,
        "health": "Fair",
        "species": "American linden",
        "spc_latin": "Tilia americana",
        "borough": "Bronx"
      },
      "geometry": {
        "type": "Point",
        "coordinates": [
          -73.920819,
          40.81394
        ]
      }
    },
    {
      "type": "Feature",
      "properties": {
        "tree_id": 443108,
        "dbh": 2.0,
        "health": "Good",
        "species": "cherry",
        "spc_latin": "Prunus",
        "borough": "Bronx"
      },
      "geometry": {
        "type": "Point",
        "coordinates": [
          -73.922131,
          40.807021
        ]
      }
    },
    {
      "type": "Feature",
      "properties": {
        "tree_id": 416060,
        "dbh": 4.0,
        "health": "Good",
        "species": "ginkgo",
        "spc_latin": "Ginkgo biloba",
        "borough": "Bronx"
      },
      "geometry": {
        "type": "Point",
        "coordinates": [
          -73.92577,
          40.811134
        ]
      }
    },
    {
      "type": "Feature",
      "properties": {
        "tree_id": 437748,
        "dbh": 9.0,
        "health": "Fair",
        "species": "American elm",
        "spc_latin": "Ulmus americana",
        "borough": "Bronx"
      },
      "geometry": {
        "type": "Point",
        "coordinates": [
          -73.917555,
          40.812728
        ]
      }
    },
    {
      "type": "Feature",
      "properties": {
        "tree_id": 437743,
        "dbh": 15.0,
        "health": "Good",
        "species": "London planetree",
        "spc_latin": "Platanus x acerifolia",
        "borough": "Bronx"
      },
      "geometry": {
        "type": "Point",
        "coordinates": [
          -73.918619,
          40.813134
        ]
      }
    },
    {
      "type": "Feature",
      "properties": {
        "tree_id": 442973,
        "dbh": 5.0,
        "health": "Fair",
        "species": "Japanese zelkova",
        "spc_latin": "Zelkova serrata",
        "borough": "Bronx"
      },
      "geometry": {
        "type": "Point",
        "coordinates": [
          -73.920417,
          40.807114
        ]
      }
    },
    {
      "type": "Feature",
      "properties": {
        "tree_id": 443572,
        "dbh": 13.0,
        "health": "Good",
        "species": "London planetree",
        "spc_latin": "Platanus x acerifolia",
        "borough": "Bronx"
      },
      "geometry": {
        "type": "Point",
        "coordinates": [
          -73.921233,
          40.808313
        ]
      }
    },
    {
      "type": "Feature",
      "properties": {
        "tree_id": 437744,
        "dbh": 15.0,
        "health": "Good",
        "species": "London planetree",
        "spc_latin": "Platanus x acerifolia",
        "borough": "Bronx"
      },
      "geometry": {
        "type": "Point",
        "coordinates": [
          -73.918475,
          40.813073
        ]
      }
    },
    {
      "type": "Feature",
      "properties": {
        "tree_id": 436791,
        "dbh": 4.0,
        "health": "Good",
        "species": "American linden",
        "spc_latin": "Tilia americana",
        "borough": "Bronx"
      },
      "geometry": {
        "type": "Point",
        "coordinates": [
          -73.920897,
          40.813972
        ]
      }
    },
    {
      "type": "Feature",
      "properties": {
        "tree_id": 443568,
        "dbh": 5.0,
        "health": "Good",
        "species": "American linden",
        "spc_latin": "Tilia americana",
        "borough": "Bronx"
      },
      "geometry": {
        "type": "Point",
        "coordinates": [
          -73.921939,
          40.808612
        ]
      }
    },
    {
      "type": "Feature",
      "properties": {
        "tree_id": 437751,
        "dbh": 13.0,
        "health": "Good",
        "species": "littleleaf linden",
        "spc_latin": "Tilia cordata",
        "borough": "Bronx"
      },
      "geometry": {
        "type": "Point",
        "coordinates": [
          -73.91674,
          40.812452
        ]
      }
    },
    {
      "type": "Feature",
      "properties": {
        "tree_id": 437572,
        "dbh": 11.0,
        "health": "Good",
        "species": "littleleaf linden",
        "spc_latin": "Tilia cordata",
        "borough": "Bronx"
      },
      "geometry": {
        "type": "Point",
        "coordinates": [
          -73.917259,
          40.812507
        ]
      }
    },
    {
      "type": "Feature",
      "properties": {
        "tree_id": 443508,
        "dbh": 9.0,
        "health": "Good",
        "species": "northern red oak",
        "spc_latin": "Quercus rubra",
        "borough": "Bronx"
      },
      "geometry": {
        "type": "Point",
        "coordinates": [
          -73.920813,
          40.807282
        ]
      }
    },
    {
      "type": "Feature",
      "properties": {
        "tree_id": 438023,
        "dbh": 6.0,
        "health": "Good",
        "species": "Sophora",
        "spc_latin": "Styphnolobium japonicum",
        "borough": "Bronx"
      },
      "geometry": {
        "type": "Point",
        "coordinates": [
          -73.918952,
          40.814085
        ]
      }
    },
    {
      "type": "Feature",
      "properties": {
        "tree_id": 438024,
        "dbh": 6.0,
        "health": "Good",
        "species": "Sophora",
        "spc_latin": "Styphnolobium japonicum",
        "borough": "Bronx"
      },
      "geometry": {
        "type": "Point",
        "coordinates": [
          -73.918853,
          40.814044
        ]
      }
    },
    {
      "type": "Feature",
      "properties": {
        "tree_id": 442693,
        "dbh": 26.0,
        "health": "Good",
        "species": "pin oak",
        "spc_latin": "Quercus palustris",
        "borough": "Bronx"
      },
      "geometry": {
        "type": "Point",
        "coordinates": [
          -73.921072,
          40.810783
        ]
      }
    },
    {
      "type": "Feature",
      "properties": {
        "tree_id": 437389,
        "dbh": 6.0,
        "health": "Good",
        "species": "pin oak",
        "spc_latin": "Quercus palustris",
        "borough": "Bronx"
      },
      "geometry": {
        "type": "Point",
        "coordinates": [
          -73.917176,
          40.811817
        ]
      }
    },
    {
      "type": "Feature",
      "properties": {
        "tree_id": 437390,
        "dbh": 4.0,
        "health": "Good",
        "species": "pin oak",
        "spc_latin": "Quercus palustris",
        "borough": "Bronx"
      },
      "geometry": {
        "type": "Point",
        "coordinates": [
          -73.917075,
          40.811784
        ]
      }
    },
    {
      "type": "Feature",
      "properties": {
        "tree_id": 438101,
        "dbh": 7.0,
        "health": "Good",
        "species": "Chinese elm",
        "spc_latin": "Ulmus parvifolia",
        "borough": "Bronx"
      },
      "geometry": {
        "type": "Point",
        "coordinates": [
          -73.919257,
          40.813874
        ]
      }
    },
    {
      "type": "Feature",
      "properties": {
        "tree_id": 443106,
        "dbh": 4.0,
        "health": "Good",
        "species": "Chinese elm",
        "spc_latin": "Ulmus parvifolia",
        "borough": "Bronx"
      },
      "geometry": {
        "type": "Point",
        "coordinates": [
          -73.921219,
          40.806634
        ]
      }
    },
    {
      "type": "Feature",
      "properties": {
        "tree_id": 442951,
        "dbh": 14.0,
        "health": "Good",
        "species": "northern red oak",
        "spc_latin": "Quercus rubra",
        "borough": "Bronx"
      },
      "geometry": {
        "type": "Point",
        "coordinates": [
          -73.920449,
          40.809818
        ]
      }
    },
    {
      "type": "Feature",
      "properties": {
        "tree_id": 442949,
        "dbh": 10.0,
        "health": "Good",
        "species": "green ash",
        "spc_latin": "Fraxinus pennsylvanica",
        "borough": "Bronx"
      },
      "geometry": {
        "type": "Point",
        "coordinates": [
          -73.919911,
          40.809592
        ]
      }
    },
    {
      "type": "Feature",
      "properties": {
        "tree_id": 438100,
        "dbh": 6.0,
        "health": "Good",
        "species": "Chinese elm",
        "spc_latin": "Ulmus parvifolia",
        "borough": "Bronx"
      },
      "geometry": {
        "type": "Point",
        "coordinates": [
          -73.919205,
          40.813944
        ]
      }
    },
    {
      "type": "Feature",
      "properties": {
        "tree_id": 442950,
        "dbh": 18.0,
        "health": "Good",
        "species": "pin oak",
        "spc_latin": "Quercus palustris",
        "borough": "Bronx"
      },
      "geometry": {
        "type": "Point",
        "coordinates": [
          -73.92004,
          40.809646
        ]
      }
    },
    {
      "type": "Feature",
      "properties": {
        "tree_id": 437747,
        "dbh": 13.0,
        "health": "Good",
        "species": "littleleaf linden",
        "spc_latin": "Tilia cordata",
        "borough": "Bronx"
      },
      "geometry": {
        "type": "Point",
        "coordinates": [
          -73.917885,
          40.81284
        ]
      }
    },
    {
      "type": "Feature",
      "properties": {
        "tree_id": 437966,
        "dbh": 5.0,
        "health": "Good",
        "species": "littleleaf linden",
        "spc_latin": "Tilia cordata",
        "borough": "Bronx"
      },
      "geometry": {
        "type": "Point",
        "coordinates": [
          -73.918786,
          40.813905
        ]
      }
    },
    {
      "type": "Feature",
      "properties": {
        "tree_id": 442944,
        "dbh": 25.0,
        "health": "Good",
        "species": "pin oak",
        "spc_latin": "Quercus palustris",
        "borough": "Bronx"
      },
      "geometry": {
        "type": "Point",
        "coordinates": [
          -73.918968,
          40.809196
        ]
      }
    },
    {
      "type": "Feature",
      "properties": {
        "tree_id": 442946,
        "dbh": 21.0,
        "health": "Good",
        "species": "pin oak",
        "spc_latin": "Quercus palustris",
        "borough": "Bronx"
      },
      "geometry": {
        "type": "Point",
        "coordinates": [
          -73.919605,
          40.809464
        ]
      }
    },
    {
      "type": "Feature",
      "properties": {
        "tree_id": 443566,
        "dbh": 12.0,
        "health": "Good",
        "species": "honeylocust",
        "spc_latin": "Gleditsia triacanthos var. inermis",
        "borough": "Bronx"
      },
      "geometry": {
        "type": "Point",
        "coordinates": [
          -73.922284,
          40.808758
        ]
      }
    },
    {
      "type": "Feature",
      "properties": {
        "tree_id": 437737,
        "dbh": 11.0,
        "health": "Good",
        "species": "Sophora",
        "spc_latin": "Styphnolobium japonicum",
        "borough": "Bronx"
      },
      "geometry": {
        "type": "Point",
        "coordinates": [
          -73.91941,
          40.813468
        ]
      }
    },
    {
      "type": "Feature",
      "properties": {
        "tree_id": 437961,
        "dbh": 11.0,
        "health": "Good",
        "species": "Sophora",
        "spc_latin": "Styphnolobium japonicum",
        "borough": "Bronx"
      },
      "geometry": {
        "type": "Point",
        "coordinates": [
          -73.918036,
          40.813588
        ]
      }
    },
    {
      "type": "Feature",
      "properties": {
        "tree_id": 437957,
        "dbh": 11.0,
        "health": "Good",
        "species": "littleleaf linden",
        "spc_latin": "Tilia cordata",
        "borough": "Bronx"
      },
      "geometry": {
        "type": "Point",
        "coordinates": [
          -73.917217,
          40.813282
        ]
      }
    },
    {
      "type": "Feature",
      "properties": {
        "tree_id": 442952,
        "dbh": 15.0,
        "health": "Good",
        "species": "pin oak",
        "spc_latin": "Quercus palustris",
        "borough": "Bronx"
      },
      "geometry": {
        "type": "Point",
        "coordinates": [
          -73.920666,
          40.809909
        ]
      }
    },
    {
      "type": "Feature",
      "properties": {
        "tree_id": 437575,
        "dbh": 16.0,
        "health": "Good",
        "species": "littleleaf linden",
        "spc_latin": "Tilia cordata",
        "borough": "Bronx"
      },
      "geometry": {
        "type": "Point",
        "coordinates": [
          -73.917922,
          40.81273
        ]
      }
    },
    {
      "type": "Feature",
      "properties": {
        "tree_id": 437954,
        "dbh": 9.0,
        "health": "Poor",
        "species": "littleleaf linden",
        "spc_latin": "Tilia cordata",
        "borough": "Bronx"
      },
      "geometry": {
        "type": "Point",
        "coordinates": [
          -73.916755,
          40.813126
        ]
      }
    },
    {
      "type": "Feature",
      "properties": {
        "tree_id": 443107,
        "dbh": 4.0,
        "health": "Good",
        "species": "Chinese elm",
        "spc_latin": "Ulmus parvifolia",
        "borough": "Bronx"
      },
      "geometry": {
        "type": "Point",
        "coordinates": [
          -73.921376,
          40.806701
        ]
      }
    },
    {
      "type": "Feature",
      "properties": {
        "tree_id": 437955,
        "dbh": 7.0,
        "health": "Fair",
        "species": "littleleaf linden",
        "spc_latin": "Tilia cordata",
        "borough": "Bronx"
      },
      "geometry": {
        "type": "Point",
        "coordinates": [
          -73.916887,
          40.81317
        ]
      }
    },
    {
      "type": "Feature",
      "properties": {
        "tree_id": 437956,
        "dbh": 11.0,
        "health": "Good",
        "species": "littleleaf linden",
        "spc_latin": "Tilia cordata",
        "borough": "Bronx"
      },
      "geometry": {
        "type": "Point",
        "coordinates": [
          -73.91702,
          40.813215
        ]
      }
    },
    {
      "type": "Feature",
      "properties": {
        "tree_id": 438102,
        "dbh": 6.0,
        "health": "Good",
        "species": "Chinese elm",
        "spc_latin": "Ulmus parvifolia",
        "borough": "Bronx"
      },
      "geometry": {
        "type": "Point",
        "coordinates": [
          -73.919434,
          40.81363
        ]
      }
    },
    {
      "type": "Feature",
      "properties": {
        "tree_id": 443114,
        "dbh": 5.0,
        "health": "Good",
        "species": "'Schubert' chokecherry",
        "spc_latin": "Prunus virginiana",
        "borough": "Bronx"
      },
      "geometry": {
        "type": "Point",
        "coordinates": [
          -73.922766,
          40.807289
        ]
      }
    },
    {
      "type": "Feature",
      "properties": {
        "tree_id": 437571,
        "dbh": 11.0,
        "health": "Good",
        "species": "littleleaf linden",
        "spc_latin": "Tilia cordata",
        "borough": "Bronx"
      },
      "geometry": {
        "type": "Point",
        "coordinates": [
          -73.916811,
          40.812358
        ]
      }
    },
    {
      "type": "Feature",
      "properties": {
        "tree_id": 442945,
        "dbh": 11.0,
        "health": "Good",
        "species": "pin oak",
        "spc_latin": "Quercus palustris",
        "borough": "Bronx"
      },
      "geometry": {
        "type": "Point",
        "coordinates": [
          -73.919064,
          40.809237
        ]
      }
    },
    {
      "type": "Feature",
      "properties": {
        "tree_id": 436992,
        "dbh": 12.0,
        "health": "Good",
        "species": "Japanese zelkova",
        "spc_latin": "Zelkova serrata",
        "borough": "Bronx"
      },
      "geometry": {
        "type": "Point",
        "coordinates": [
          -73.92063,
          40.814377
        ]
      }
    },
    {
      "type": "Feature",
      "properties": {
        "tree_id": 442697,
        "dbh": 5.0,
        "health": "Good",
        "species": "cherry",
        "spc_latin": "Prunus",
        "borough": "Bronx"
      },
      "geometry": {
        "type": "Point",
        "coordinates": [
          -73.918645,
          40.809757
        ]
      }
    },
    {
      "type": "Feature",
      "properties": {
        "tree_id": 439800,
        "dbh": 5.0,
        "health": "Good",
        "species": "cherry",
        "spc_latin": "Prunus",
        "borough": "Bronx"
      },
      "geometry": {
        "type": "Point",
        "coordinates": [
          -73.922552,
          40.811413
        ]
      }
    },
    {
      "type": "Feature",
      "properties": {
        "tree_id": 439802,
        "dbh": 5.0,
        "health": "Good",
        "species": "cherry",
        "spc_latin": "Prunus",
        "borough": "Bronx"
      },
      "geometry": {
        "type": "Point",
        "coordinates": [
          -73.922377,
          40.811339
        ]
      }
    },
    {
      "type": "Feature",
      "properties": {
        "tree_id": 443567,
        "dbh": 4.0,
        "health": "Good",
        "species": "honeylocust",
        "spc_latin": "Gleditsia triacanthos var. inermis",
        "borough": "Bronx"
      },
      "geometry": {
        "type": "Point",
        "coordinates": [
          -73.922216,
          40.808729
        ]
      }
    },
    {
      "type": "Feature",
      "properties": {
        "tree_id": 443512,
        "dbh": 9.0,
        "health": "Good",
        "species": "honeylocust",
        "spc_latin": "Gleditsia triacanthos var. inermis",
        "borough": "Bronx"
      },
      "geometry": {
        "type": "Point",
        "coordinates": [
          -73.921415,
          40.807536
        ]
      }
    },
    {
      "type": "Feature",
      "properties": {
        "tree_id": 443514,
        "dbh": 8.0,
        "health": "Good",
        "species": "honeylocust",
        "spc_latin": "Gleditsia triacanthos var. inermis",
        "borough": "Bronx"
      },
      "geometry": {
        "type": "Point",
        "coordinates": [
          -73.921898,
          40.80774
        ]
      }
    },
    {
      "type": "Feature",
      "properties": {
        "tree_id": 444116,
        "dbh": 12.0,
        "health": "Good",
        "species": "honeylocust",
        "spc_latin": "Gleditsia triacanthos var. inermis",
        "borough": "Bronx"
      },
      "geometry": {
        "type": "Point",
        "coordinates": [
          -73.921565,
          40.808627
        ]
      }
    },
    {
      "type": "Feature",
      "properties": {
        "tree_id": 442694,
        "dbh": 4.0,
        "health": "Good",
        "species": "cherry",
        "spc_latin": "Prunus",
        "borough": "Bronx"
      },
      "geometry": {
        "type": "Point",
        "coordinates": [
          -73.918907,
          40.809867
        ]
      }
    },
    {
      "type": "Feature",
      "properties": {
        "tree_id": 442696,
        "dbh": 4.0,
        "health": "Good",
        "species": "cherry",
        "spc_latin": "Prunus",
        "borough": "Bronx"
      },
      "geometry": {
        "type": "Point",
        "coordinates": [
          -73.918772,
          40.809811
        ]
      }
    },
    {
      "type": "Feature",
      "properties": {
        "tree_id": 443565,
        "dbh": 5.0,
        "health": "Fair",
        "species": "American linden",
        "spc_latin": "Tilia americana",
        "borough": "Bronx"
      },
      "geometry": {
        "type": "Point",
        "coordinates": [
          -73.922476,
          40.808839
        ]
      }
    },
    {
      "type": "Feature",
      "properties": {
        "tree_id": 443569,
        "dbh": 5.0,
        "health": "Good",
        "species": "American linden",
        "spc_latin": "Tilia americana",
        "borough": "Bronx"
      },
      "geometry": {
        "type": "Point",
        "coordinates": [
          -73.921745,
          40.80853
        ]
      }
    },
    {
      "type": "Feature",
      "properties": {
        "tree_id": 443517,
        "dbh": 8.0,
        "health": "Good",
        "species": "honeylocust",
        "spc_latin": "Gleditsia triacanthos var. inermis",
        "borough": "Bronx"
      },
      "geometry": {
        "type": "Point",
        "coordinates": [
          -73.922742,
          40.808096
        ]
      }
    },
    {
      "type": "Feature",
      "properties": {
        "tree_id": 443571,
        "dbh": 4.0,
        "health": "Good",
        "species": "American linden",
        "spc_latin": "Tilia americana",
        "borough": "Bronx"
      },
      "geometry": {
        "type": "Point",
        "coordinates": [
          -73.921398,
          40.808383
        ]
      }
    },
    {
      "type": "Feature",
      "properties": {
        "tree_id": 444108,
        "dbh": 10.0,
        "health": "Good",
        "species": "honeylocust",
        "spc_latin": "Gleditsia triacanthos var. inermis",
        "borough": "Bronx"
      },
      "geometry": {
        "type": "Point",
        "coordinates": [
          -73.920984,
          40.808381
        ]
      }
    },
    {
      "type": "Feature",
      "properties": {
        "tree_id": 444103,
        "dbh": 14.0,
        "health": "Good",
        "species": "honeylocust",
        "spc_latin": "Gleditsia triacanthos var. inermis",
        "borough": "Bronx"
      },
      "geometry": {
        "type": "Point",
        "coordinates": [
          -73.92056,
          40.808201
        ]
      }
    },
    {
      "type": "Feature",
      "properties": {
        "tree_id": 443570,
        "dbh": 13.0,
        "health": "Good",
        "species": "honeylocust",
        "spc_latin": "Gleditsia triacanthos var. inermis",
        "borough": "Bronx"
      },
      "geometry": {
        "type": "Point",
        "coordinates": [
          -73.921542,
          40.808444
        ]
      }
    },
    {
      "type": "Feature",
      "properties": {
        "tree_id": 443573,
        "dbh": 16.0,
        "health": "Good",
        "species": "honeylocust",
        "spc_latin": "Gleditsia triacanthos var. inermis",
        "borough": "Bronx"
      },
      "geometry": {
        "type": "Point",
        "coordinates": [
          -73.921103,
          40.808259
        ]
      }
    },
    {
      "type": "Feature",
      "properties": {
        "tree_id": 443574,
        "dbh": 8.0,
        "health": "Good",
        "species": "honeylocust",
        "spc_latin": "Gleditsia triacanthos var. inermis",
        "borough": "Bronx"
      },
      "geometry": {
        "type": "Point",
        "coordinates": [
          -73.920973,
          40.808204
        ]
      }
    },
    {
      "type": "Feature",
      "properties": {
        "tree_id": 444110,
        "dbh": 11.0,
        "health": "Good",
        "species": "honeylocust",
        "spc_latin": "Gleditsia triacanthos var. inermis",
        "borough": "Bronx"
      },
      "geometry": {
        "type": "Point",
        "coordinates": [
          -73.921177,
          40.808463
        ]
      }
    },
    {
      "type": "Feature",
      "properties": {
        "tree_id": 443515,
        "dbh": 10.0,
        "health": "Good",
        "species": "honeylocust",
        "spc_latin": "Gleditsia triacanthos var. inermis",
        "borough": "Bronx"
      },
      "geometry": {
        "type": "Point",
        "coordinates": [
          -73.922438,
          40.807968
        ]
      }
    },
    {
      "type": "Feature",
      "properties": {
        "tree_id": 444115,
        "dbh": 10.0,
        "health": "Good",
        "species": "honeylocust",
        "spc_latin": "Gleditsia triacanthos var. inermis",
        "borough": "Bronx"
      },
      "geometry": {
        "type": "Point",
        "coordinates": [
          -73.921478,
          40.80859
        ]
      }
    },
    {
      "type": "Feature",
      "properties": {
        "tree_id": 444114,
        "dbh": 8.0,
        "health": "Good",
        "species": "honeylocust",
        "spc_latin": "Gleditsia triacanthos var. inermis",
        "borough": "Bronx"
      },
      "geometry": {
        "type": "Point",
        "coordinates": [
          -73.921433,
          40.808571
        ]
      }
    },
    {
      "type": "Feature",
      "properties": {
        "tree_id": 443513,
        "dbh": 9.0,
        "health": "Good",
        "species": "honeylocust",
        "spc_latin": "Gleditsia triacanthos var. inermis",
        "borough": "Bronx"
      },
      "geometry": {
        "type": "Point",
        "coordinates": [
          -73.92171,
          40.80766
        ]
      }
    },
    {
      "type": "Feature",
      "properties": {
        "tree_id": 443516,
        "dbh": 8.0,
        "health": "Good",
        "species": "honeylocust",
        "spc_latin": "Gleditsia triacanthos var. inermis",
        "borough": "Bronx"
      },
      "geometry": {
        "type": "Point",
        "coordinates": [
          -73.922679,
          40.808069
        ]
      }
    },
    {
      "type": "Feature",
      "properties": {
        "tree_id": 439797,
        "dbh": 7.0,
        "health": "Good",
        "species": "American linden",
        "spc_latin": "Tilia americana",
        "borough": "Bronx"
      },
      "geometry": {
        "type": "Point",
        "coordinates": [
          -73.923253,
          40.811709
        ]
      }
    },
    {
      "type": "Feature",
      "properties": {
        "tree_id": 444112,
        "dbh": 9.0,
        "health": "Good",
        "species": "honeylocust",
        "spc_latin": "Gleditsia triacanthos var. inermis",
        "borough": "Bronx"
      },
      "geometry": {
        "type": "Point",
        "coordinates": [
          -73.921305,
          40.808517
        ]
      }
    },
    {
      "type": "Feature",
      "properties": {
        "tree_id": 436991,
        "dbh": 13.0,
        "health": "Good",
        "species": "Japanese zelkova",
        "spc_latin": "Zelkova serrata",
        "borough": "Bronx"
      },
      "geometry": {
        "type": "Point",
        "coordinates": [
          -73.920803,
          40.814289
        ]
      }
    },
    {
      "type": "Feature",
      "properties": {
        "tree_id": 444109,
        "dbh": 12.0,
        "health": "Fair",
        "species": "honeylocust",
        "spc_latin": "Gleditsia triacanthos var. inermis",
        "borough": "Bronx"
      },
      "geometry": {
        "type": "Point",
        "coordinates": [
          -73.921113,
          40.808435
        ]
      }
    },
    {
      "type": "Feature",
      "properties": {
        "tree_id": 443113,
        "dbh": 4.0,
        "health": "Fair",
        "species": "Chinese elm",
        "spc_latin": "Ulmus parvifolia",
        "borough": "Bronx"
      },
      "geometry": {
        "type": "Point",
        "coordinates": [
          -73.922682,
          40.807254
        ]
      }
    },
    {
      "type": "Feature",
      "properties": {
        "tree_id": 442858,
        "dbh": 7.0,
        "health": "Good",
        "species": "London planetree",
        "spc_latin": "Platanus x acerifolia",
        "borough": "Bronx"
      },
      "geometry": {
        "type": "Point",
        "coordinates": [
          -73.929426,
          40.813574
        ]
      }
    },
    {
      "type": "Feature",
      "properties": {
        "tree_id": 443509,
        "dbh": 4.0,
        "health": "Good",
        "species": "northern red oak",
        "spc_latin": "Quercus rubra",
        "borough": "Bronx"
      },
      "geometry": {
        "type": "Point",
        "coordinates": [
          -73.920998,
          40.807359
        ]
      }
    },
    {
      "type": "Feature",
      "properties": {
        "tree_id": 437963,
        "dbh": 10.0,
        "health": "Good",
        "species": "pin oak",
        "spc_latin": "Quercus palustris",
        "borough": "Bronx"
      },
      "geometry": {
        "type": "Point",
        "coordinates": [
          -73.918291,
          40.813696
        ]
      }
    },
    {
      "type": "Feature",
      "properties": {
        "tree_id": 444104,
        "dbh": 15.0,
        "health": "Good",
        "species": "honeylocust",
        "spc_latin": "Gleditsia triacanthos var. inermis",
        "borough": "Bronx"
      },
      "geometry": {
        "type": "Point",
        "coordinates": [
          -73.920676,
          40.808251
        ]
      }
    },
    {
      "type": "Feature",
      "properties": {
        "tree_id": 437742,
        "dbh": 9.0,
        "health": "Good",
        "species": "littleleaf linden",
        "spc_latin": "Tilia cordata",
        "borough": "Bronx"
      },
      "geometry": {
        "type": "Point",
        "coordinates": [
          -73.918762,
          40.813194
        ]
      }
    },
    {
      "type": "Feature",
      "properties": {
        "tree_id": 444113,
        "dbh": 11.0,
        "health": "Good",
        "species": "honeylocust",
        "spc_latin": "Gleditsia triacanthos var. inermis",
        "borough": "Bronx"
      },
      "geometry": {
        "type": "Point",
        "coordinates": [
          -73.921368,
          40.808543
        ]
      }
    },
    {
      "type": "Feature",
      "properties": {
        "tree_id": 439798,
        "dbh": 5.0,
        "health": "Good",
        "species": "American linden",
        "spc_latin": "Tilia americana",
        "borough": "Bronx"
      },
      "geometry": {
        "type": "Point",
        "coordinates": [
          -73.922937,
          40.811576
        ]
      }
    },
    {
      "type": "Feature",
      "properties": {
        "tree_id": 442948,
        "dbh": 19.0,
        "health": "Good",
        "species": "American elm",
        "spc_latin": "Ulmus americana",
        "borough": "Bronx"
      },
      "geometry": {
        "type": "Point",
        "coordinates": [
          -73.919789,
          40.809541
        ]
      }
    },
    {
      "type": "Feature",
      "properties": {
        "tree_id": 443518,
        "dbh": 8.0,
        "health": "Fair",
        "species": "honeylocust",
        "spc_latin": "Gleditsia triacanthos var. inermis",
        "borough": "Bronx"
      },
      "geometry": {
        "type": "Point",
        "coordinates": [
          -73.922823,
          40.80813
        ]
      }
    },
    {
      "type": "Feature",
      "properties": {
        "tree_id": 444107,
        "dbh": 11.0,
        "health": "Good",
        "species": "honeylocust",
        "spc_latin": "Gleditsia triacanthos var. inermis",
        "borough": "Bronx"
      },
      "geometry": {
        "type": "Point",
        "coordinates": [
          -73.920919,
          40.808354
        ]
      }
    },
    {
      "type": "Feature",
      "properties": {
        "tree_id": 444105,
        "dbh": 11.0,
        "health": "Fair",
        "species": "honeylocust",
        "spc_latin": "Gleditsia triacanthos var. inermis",
        "borough": "Bronx"
      },
      "geometry": {
        "type": "Point",
        "coordinates": [
          -73.920791,
          40.808299
        ]
      }
    },
    {
      "type": "Feature",
      "properties": {
        "tree_id": 444106,
        "dbh": 13.0,
        "health": "Fair",
        "species": "honeylocust",
        "spc_latin": "Gleditsia triacanthos var. inermis",
        "borough": "Bronx"
      },
      "geometry": {
        "type": "Point",
        "coordinates": [
          -73.920855,
          40.808326
        ]
      }
    },
    {
      "type": "Feature",
      "properties": {
        "tree_id": 437749,
        "dbh": 9.0,
        "health": "Fair",
        "species": "littleleaf linden",
        "spc_latin": "Tilia cordata",
        "borough": "Bronx"
      },
      "geometry": {
        "type": "Point",
        "coordinates": [
          -73.91729,
          40.812638
        ]
      }
    },
    {
      "type": "Feature",
      "properties": {
        "tree_id": 439795,
        "dbh": 5.0,
        "health": "Fair",
        "species": "American linden",
        "spc_latin": "Tilia americana",
        "borough": "Bronx"
      },
      "geometry": {
        "type": "Point",
        "coordinates": [
          -73.923462,
          40.811797
        ]
      }
    },
    {
      "type": "Feature",
      "properties": {
        "tree_id": 439796,
        "dbh": 4.0,
        "health": "Good",
        "species": "American linden",
        "spc_latin": "Tilia americana",
        "borough": "Bronx"
      },
      "geometry": {
        "type": "Point",
        "coordinates": [
          -73.923382,
          40.811764
        ]
      }
    },
    {
      "type": "Feature",
      "properties": {
        "tree_id": 439799,
        "dbh": 8.0,
        "health": "Good",
        "species": "American linden",
        "spc_latin": "Tilia americana",
        "borough": "Bronx"
      },
      "geometry": {
        "type": "Point",
        "coordinates": [
          -73.92282,
          40.811526
        ]
      }
    },
    {
      "type": "Feature",
      "properties": {
        "tree_id": 443111,
        "dbh": 8.0,
        "health": "Good",
        "species": "honeylocust",
        "spc_latin": "Gleditsia triacanthos var. inermis",
        "borough": "Bronx"
      },
      "geometry": {
        "type": "Point",
        "coordinates": [
          -73.922454,
          40.807157
        ]
      }
    },
    {
      "type": "Feature",
      "properties": {
        "tree_id": 443115,
        "dbh": 6.0,
        "health": "Good",
        "species": "American linden",
        "spc_latin": "Tilia americana",
        "borough": "Bronx"
      },
      "geometry": {
        "type": "Point",
        "coordinates": [
          -73.92287,
          40.807333
        ]
      }
    },
    {
      "type": "Feature",
      "properties": {
        "tree_id": 437752,
        "dbh": 9.0,
        "health": "Good",
        "species": "littleleaf linden",
        "spc_latin": "Tilia cordata",
        "borough": "Bronx"
      },
      "geometry": {
        "type": "Point",
        "coordinates": [
          -73.916582,
          40.812399
        ]
      }
    },
    {
      "type": "Feature",
      "properties": {
        "tree_id": 437952,
        "dbh": 10.0,
        "health": "Good",
        "species": "littleleaf linden",
        "spc_latin": "Tilia cordata",
        "borough": "Bronx"
      },
      "geometry": {
        "type": "Point",
        "coordinates": [
          -73.916506,
          40.813042
        ]
      }
    },
    {
      "type": "Feature",
      "properties": {
        "tree_id": 439803,
        "dbh": 5.0,
        "health": "Good",
        "species": "cherry",
        "spc_latin": "Prunus",
        "borough": "Bronx"
      },
      "geometry": {
        "type": "Point",
        "coordinates": [
          -73.922296,
          40.811305
        ]
      }
    },
    {
      "type": "Feature",
      "properties": {
        "tree_id": 442947,
        "dbh": 3.0,
        "health": "Good",
        "species": "ginkgo",
        "spc_latin": "Ginkgo biloba",
        "borough": "Bronx"
      },
      "geometry": {
        "type": "Point",
        "coordinates": [
          -73.919725,
          40.809514
        ]
      }
    },
    {
      "type": "Feature",
      "properties": {
        "tree_id": 438065,
        "dbh": 6.0,
        "health": "Good",
        "species": "American linden",
        "spc_latin": "Tilia americana",
        "borough": "Bronx"
      },
      "geometry": {
        "type": "Point",
        "coordinates": [
          -73.916027,
          40.813241
        ]
      }
    },
    {
      "type": "Feature",
      "properties": {
        "tree_id": 416927,
        "dbh": 15.0,
        "health": "Good",
        "species": "London planetree",
        "spc_latin": "Platanus x acerifolia",
        "borough": "Bronx"
      },
      "geometry": {
        "type": "Point",
        "coordinates": [
          -73.926131,
          40.808906
        ]
      }
    },
    {
      "type": "Feature",
      "properties": {
        "tree_id": 439740,
        "dbh": 7.0,
        "health": "Good",
        "species": "American linden",
        "spc_latin": "Tilia americana",
        "borough": "Bronx"
      },
      "geometry": {
        "type": "Point",
        "coordinates": [
          -73.923995,
          40.811424
        ]
      }
    },
    {
      "type": "Feature",
      "properties": {
        "tree_id": 416926,
        "dbh": 18.0,
        "health": "Good",
        "species": "London planetree",
        "spc_latin": "Platanus x acerifolia",
        "borough": "Bronx"
      },
      "geometry": {
        "type": "Point",
        "coordinates": [
          -73.92603,
          40.809046
        ]
      }
    },
    {
      "type": "Feature",
      "properties": {
        "tree_id": 437965,
        "dbh": 4.0,
        "health": "Good",
        "species": "cherry",
        "spc_latin": "Prunus",
        "borough": "Bronx"
      },
      "geometry": {
        "type": "Point",
        "coordinates": [
          -73.918662,
          40.813853
        ]
      }
    },
    {
      "type": "Feature",
      "properties": {
        "tree_id": 439730,
        "dbh": 9.0,
        "health": "Good",
        "species": "Sophora",
        "spc_latin": "Styphnolobium japonicum",
        "borough": "Bronx"
      },
      "geometry": {
        "type": "Point",
        "coordinates": [
          -73.923638,
          40.811178
        ]
      }
    },
    {
      "type": "Feature",
      "properties": {
        "tree_id": 437959,
        "dbh": 15.0,
        "health": "Good",
        "species": "littleleaf linden",
        "spc_latin": "Tilia cordata",
        "borough": "Bronx"
      },
      "geometry": {
        "type": "Point",
        "coordinates": [
          -73.917632,
          40.813422
        ]
      }
    },
    {
      "type": "Feature",
      "properties": {
        "tree_id": 436990,
        "dbh": 6.0,
        "health": "Good",
        "species": "American linden",
        "spc_latin": "Tilia americana",
        "borough": "Bronx"
      },
      "geometry": {
        "type": "Point",
        "coordinates": [
          -73.92097,
          40.814205
        ]
      }
    },
    {
      "type": "Feature",
      "properties": {
        "tree_id": 442975,
        "dbh": 8.0,
        "health": "Good",
        "species": "honeylocust",
        "spc_latin": "Gleditsia triacanthos var. inermis",
        "borough": "Bronx"
      },
      "geometry": {
        "type": "Point",
        "coordinates": [
          -73.920223,
          40.807032
        ]
      }
    },
    {
      "type": "Feature",
      "properties": {
        "tree_id": 442656,
        "dbh": 5.0,
        "health": "Good",
        "species": "Sophora",
        "spc_latin": "Styphnolobium japonicum",
        "borough": "Bronx"
      },
      "geometry": {
        "type": "Point",
        "coordinates": [
          -73.922604,
          40.809299
        ]
      }
    },
    {
      "type": "Feature",
      "properties": {
        "tree_id": 346743,
        "dbh": 4.0,
        "health": "Good",
        "species": "eastern redbud",
        "spc_latin": "Cercis canadensis",
        "borough": "Bronx"
      },
      "geometry": {
        "type": "Point",
        "coordinates": [
          -73.929921,
          40.81278
        ]
      }
    },
    {
      "type": "Feature",
      "properties": {
        "tree_id": 442974,
        "dbh": 8.0,
        "health": "Good",
        "species": "honeylocust",
        "spc_latin": "Gleditsia triacanthos var. inermis",
        "borough": "Bronx"
      },
      "geometry": {
        "type": "Point",
        "coordinates": [
          -73.920322,
          40.807074
        ]
      }
    },
    {
      "type": "Feature",
      "properties": {
        "tree_id": 443510,
        "dbh": 5.0,
        "health": "Good",
        "species": "northern red oak",
        "spc_latin": "Quercus rubra",
        "borough": "Bronx"
      },
      "geometry": {
        "type": "Point",
        "coordinates": [
          -73.921152,
          40.807425
        ]
      }
    },
    {
      "type": "Feature",
      "properties": {
        "tree_id": 437958,
        "dbh": 10.0,
        "health": "Good",
        "species": "littleleaf linden",
        "spc_latin": "Tilia cordata",
        "borough": "Bronx"
      },
      "geometry": {
        "type": "Point",
        "coordinates": [
          -73.917351,
          40.813327
        ]
      }
    },
    {
      "type": "Feature",
      "properties": {
        "tree_id": 437962,
        "dbh": 14.0,
        "health": "Good",
        "species": "London planetree",
        "spc_latin": "Platanus x acerifolia",
        "borough": "Bronx"
      },
      "geometry": {
        "type": "Point",
        "coordinates": [
          -73.918162,
          40.813642
        ]
      }
    },
    {
      "type": "Feature",
      "properties": {
        "tree_id": 439804,
        "dbh": 2.0,
        "health": "Good",
        "species": "American linden",
        "spc_latin": "Tilia americana",
        "borough": "Bronx"
      },
      "geometry": {
        "type": "Point",
        "coordinates": [
          -73.9222,
          40.811264
        ]
      }
    },
    {
      "type": "Feature",
      "properties": {
        "tree_id": 442997,
        "dbh": 4.0,
        "health": "Fair",
        "species": "Chinese elm",
        "spc_latin": "Ulmus parvifolia",
        "borough": "Bronx"
      },
      "geometry": {
        "type": "Point",
        "coordinates": [
          -73.923711,
          40.806989
        ]
      }
    },
    {
      "type": "Feature",
      "properties": {
        "tree_id": 444121,
        "dbh": 8.0,
        "health": "Good",
        "species": "northern red oak",
        "spc_latin": "Quercus rubra",
        "borough": "Bronx"
      },
      "geometry": {
        "type": "Point",
        "coordinates": [
          -73.922315,
          40.808944
        ]
      }
    },
    {
      "type": "Feature",
      "properties": {
        "tree_id": 415625,
        "dbh": 8.0,
        "health": "Good",
        "species": "American elm",
        "spc_latin": "Ulmus americana",
        "borough": "Bronx"
      },
      "geometry": {
        "type": "Point",
        "coordinates": [
          -73.926112,
          40.81155
        ]
      }
    },
    {
      "type": "Feature",
      "properties": {
        "tree_id": 442976,
        "dbh": 7.0,
        "health": "Good",
        "species": "ash",
        "spc_latin": "Fraxinus",
        "borough": "Bronx"
      },
      "geometry": {
        "type": "Point",
        "coordinates": [
          -73.920143,
          40.806998
        ]
      }
    },
    {
      "type": "Feature",
      "properties": {
        "tree_id": 415626,
        "dbh": 5.0,
        "health": "Fair",
        "species": "American elm",
        "spc_latin": "Ulmus americana",
        "borough": "Bronx"
      },
      "geometry": {
        "type": "Point",
        "coordinates": [
          -73.925972,
          40.811622
        ]
      }
    },
    {
      "type": "Feature",
      "properties": {
        "tree_id": 436993,
        "dbh": 4.0,
        "health": "Fair",
        "species": "American elm",
        "spc_latin": "Ulmus americana",
        "borough": "Bronx"
      },
      "geometry": {
        "type": "Point",
        "coordinates": [
          -73.920543,
          40.814422
        ]
      }
    },
    {
      "type": "Feature",
      "properties": {
        "tree_id": 439807,
        "dbh": 2.0,
        "health": "Good",
        "species": "London planetree",
        "spc_latin": "Platanus x acerifolia",
        "borough": "Bronx"
      },
      "geometry": {
        "type": "Point",
        "coordinates": [
          -73.921739,
          40.811069
        ]
      }
    },
    {
      "type": "Feature",
      "properties": {
        "tree_id": 444217,
        "dbh": 27.0,
        "health": "Good",
        "species": "London planetree",
        "spc_latin": "Platanus x acerifolia",
        "borough": "Bronx"
      },
      "geometry": {
        "type": "Point",
        "coordinates": [
          -73.920637,
          40.810723
        ]
      }
    },
    {
      "type": "Feature",
      "properties": {
        "tree_id": 437384,
        "dbh": 16.0,
        "health": "Good",
        "species": "Japanese zelkova",
        "spc_latin": "Zelkova serrata",
        "borough": "Bronx"
      },
      "geometry": {
        "type": "Point",
        "coordinates": [
          -73.918561,
          40.812293
        ]
      }
    },
    {
      "type": "Feature",
      "properties": {
        "tree_id": 437155,
        "dbh": 4.0,
        "health": "Good",
        "species": "London planetree",
        "spc_latin": "Platanus x acerifolia",
        "borough": "Bronx"
      },
      "geometry": {
        "type": "Point",
        "coordinates": [
          -73.920053,
          40.813155
        ]
      }
    },
    {
      "type": "Feature",
      "properties": {
        "tree_id": 437156,
        "dbh": 4.0,
        "health": "Good",
        "species": "London planetree",
        "spc_latin": "Platanus x acerifolia",
        "borough": "Bronx"
      },
      "geometry": {
        "type": "Point",
        "coordinates": [
          -73.920098,
          40.813095
        ]
      }
    },
    {
      "type": "Feature",
      "properties": {
        "tree_id": 417054,
        "dbh": 21.0,
        "health": "Good",
        "species": "London planetree",
        "spc_latin": "Platanus x acerifolia",
        "borough": "Bronx"
      },
      "geometry": {
        "type": "Point",
        "coordinates": [
          -73.928127,
          40.808914
        ]
      }
    },
    {
      "type": "Feature",
      "properties": {
        "tree_id": 437153,
        "dbh": 4.0,
        "health": "Good",
        "species": "London planetree",
        "spc_latin": "Platanus x acerifolia",
        "borough": "Bronx"
      },
      "geometry": {
        "type": "Point",
        "coordinates": [
          -73.919886,
          40.813383
        ]
      }
    },
    {
      "type": "Feature",
      "properties": {
        "tree_id": 442695,
        "dbh": 5.0,
        "health": "Good",
        "species": "cherry",
        "spc_latin": "Prunus",
        "borough": "Bronx"
      },
      "geometry": {
        "type": "Point",
        "coordinates": [
          -73.918848,
          40.809843
        ]
      }
    },
    {
      "type": "Feature",
      "properties": {
        "tree_id": 444222,
        "dbh": 13.0,
        "health": "Good",
        "species": "honeylocust",
        "spc_latin": "Gleditsia triacanthos var. inermis",
        "borough": "Bronx"
      },
      "geometry": {
        "type": "Point",
        "coordinates": [
          -73.919438,
          40.810217
        ]
      }
    },
    {
      "type": "Feature",
      "properties": {
        "tree_id": 444223,
        "dbh": 8.0,
        "health": "Good",
        "species": "honeylocust",
        "spc_latin": "Gleditsia triacanthos var. inermis",
        "borough": "Bronx"
      },
      "geometry": {
        "type": "Point",
        "coordinates": [
          -73.91932,
          40.810167
        ]
      }
    },
    {
      "type": "Feature",
      "properties": {
        "tree_id": 417053,
        "dbh": 19.0,
        "health": "Good",
        "species": "London planetree",
        "spc_latin": "Platanus x acerifolia",
        "borough": "Bronx"
      },
      "geometry": {
        "type": "Point",
        "coordinates": [
          -73.927481,
          40.808642
        ]
      }
    },
    {
      "type": "Feature",
      "properties": {
        "tree_id": 444226,
        "dbh": 13.0,
        "health": "Good",
        "species": "honeylocust",
        "spc_latin": "Gleditsia triacanthos var. inermis",
        "borough": "Bronx"
      },
      "geometry": {
        "type": "Point",
        "coordinates": [
          -73.918739,
          40.809922
        ]
      }
    },
    {
      "type": "Feature",
      "properties": {
        "tree_id": 444228,
        "dbh": 13.0,
        "health": "Good",
        "species": "honeylocust",
        "spc_latin": "Gleditsia triacanthos var. inermis",
        "borough": "Bronx"
      },
      "geometry": {
        "type": "Point",
        "coordinates": [
          -73.91842,
          40.809787
        ]
      }
    },
    {
      "type": "Feature",
      "properties": {
        "tree_id": 444273,
        "dbh": 12.0,
        "health": "Good",
        "species": "honeylocust",
        "spc_latin": "Gleditsia triacanthos var. inermis",
        "borough": "Bronx"
      },
      "geometry": {
        "type": "Point",
        "coordinates": [
          -73.917997,
          40.809816
        ]
      }
    },
    {
      "type": "Feature",
      "properties": {
        "tree_id": 443520,
        "dbh": 8.0,
        "health": "Fair",
        "species": "honeylocust",
        "spc_latin": "Gleditsia triacanthos var. inermis",
        "borough": "Bronx"
      },
      "geometry": {
        "type": "Point",
        "coordinates": [
          -73.923052,
          40.808227
        ]
      }
    },
    {
      "type": "Feature",
      "properties": {
        "tree_id": 444225,
        "dbh": 11.0,
        "health": "Good",
        "species": "honeylocust",
        "spc_latin": "Gleditsia triacanthos var. inermis",
        "borough": "Bronx"
      },
      "geometry": {
        "type": "Point",
        "coordinates": [
          -73.918838,
          40.809964
        ]
      }
    },
    {
      "type": "Feature",
      "properties": {
        "tree_id": 444118,
        "dbh": 13.0,
        "health": "Good",
        "species": "honeylocust",
        "spc_latin": "Gleditsia triacanthos var. inermis",
        "borough": "Bronx"
      },
      "geometry": {
        "type": "Point",
        "coordinates": [
          -73.9218,
          40.808726
        ]
      }
    },
    {
      "type": "Feature",
      "properties": {
        "tree_id": 443943,
        "dbh": 4.0,
        "health": "Good",
        "species": "American linden",
        "spc_latin": "Tilia americana",
        "borough": "Bronx"
      },
      "geometry": {
        "type": "Point",
        "coordinates": [
          -73.921103,
          40.80998
        ]
      }
    },
    {
      "type": "Feature",
      "properties": {
        "tree_id": 443950,
        "dbh": 11.0,
        "health": "Good",
        "species": "honeylocust",
        "spc_latin": "Gleditsia triacanthos var. inermis",
        "borough": "Bronx"
      },
      "geometry": {
        "type": "Point",
        "coordinates": [
          -73.920414,
          40.809691
        ]
      }
    },
    {
      "type": "Feature",
      "properties": {
        "tree_id": 438033,
        "dbh": 5.0,
        "health": "Fair",
        "species": "littleleaf linden",
        "spc_latin": "Tilia cordata",
        "borough": "Bronx"
      },
      "geometry": {
        "type": "Point",
        "coordinates": [
          -73.916526,
          40.813152
        ]
      }
    },
    {
      "type": "Feature",
      "properties": {
        "tree_id": 417052,
        "dbh": 21.0,
        "health": "Good",
        "species": "London planetree",
        "spc_latin": "Platanus x acerifolia",
        "borough": "Bronx"
      },
      "geometry": {
        "type": "Point",
        "coordinates": [
          -73.927228,
          40.808536
        ]
      }
    },
    {
      "type": "Feature",
      "properties": {
        "tree_id": 444312,
        "dbh": 3.0,
        "health": "Fair",
        "species": "honeylocust",
        "spc_latin": "Gleditsia triacanthos var. inermis",
        "borough": "Bronx"
      },
      "geometry": {
        "type": "Point",
        "coordinates": [
          -73.917876,
          40.810375
        ]
      }
    },
    {
      "type": "Feature",
      "properties": {
        "tree_id": 444315,
        "dbh": 3.0,
        "health": "Good",
        "species": "American elm",
        "spc_latin": "Ulmus americana",
        "borough": "Bronx"
      },
      "geometry": {
        "type": "Point",
        "coordinates": [
          -73.918532,
          40.810597
        ]
      }
    },
    {
      "type": "Feature",
      "properties": {
        "tree_id": 437967,
        "dbh": 4.0,
        "health": "Good",
        "species": "littleleaf linden",
        "spc_latin": "Tilia cordata",
        "borough": "Bronx"
      },
      "geometry": {
        "type": "Point",
        "coordinates": [
          -73.918914,
          40.813959
        ]
      }
    },
    {
      "type": "Feature",
      "properties": {
        "tree_id": 437154,
        "dbh": 5.0,
        "health": "Good",
        "species": "London planetree",
        "spc_latin": "Platanus x acerifolia",
        "borough": "Bronx"
      },
      "geometry": {
        "type": "Point",
        "coordinates": [
          -73.919978,
          40.813258
        ]
      }
    },
    {
      "type": "Feature",
      "properties": {
        "tree_id": 437951,
        "dbh": 10.0,
        "health": "Good",
        "species": "littleleaf linden",
        "spc_latin": "Tilia cordata",
        "borough": "Bronx"
      },
      "geometry": {
        "type": "Point",
        "coordinates": [
          -73.916343,
          40.812987
        ]
      }
    },
    {
      "type": "Feature",
      "properties": {
        "tree_id": 417055,
        "dbh": 20.0,
        "health": "Good",
        "species": "London planetree",
        "spc_latin": "Platanus x acerifolia",
        "borough": "Bronx"
      },
      "geometry": {
        "type": "Point",
        "coordinates": [
          -73.92825,
          40.808966
        ]
      }
    },
    {
      "type": "Feature",
      "properties": {
        "tree_id": 417051,
        "dbh": 19.0,
        "health": "Good",
        "species": "London planetree",
        "spc_latin": "Platanus x acerifolia",
        "borough": "Bronx"
      },
      "geometry": {
        "type": "Point",
        "coordinates": [
          -73.92694,
          40.808414
        ]
      }
    },
    {
      "type": "Feature",
      "properties": {
        "tree_id": 436563,
        "dbh": 15.0,
        "health": "Good",
        "species": "London planetree",
        "spc_latin": "Platanus x acerifolia",
        "borough": "Bronx"
      },
      "geometry": {
        "type": "Point",
        "coordinates": [
          -73.92125,
          40.813453
        ]
      }
    },
    {
      "type": "Feature",
      "properties": {
        "tree_id": 438116,
        "dbh": 15.0,
        "health": "Good",
        "species": "American linden",
        "spc_latin": "Tilia americana",
        "borough": "Bronx"
      },
      "geometry": {
        "type": "Point",
        "coordinates": [
          -73.919661,
          40.81331
        ]
      }
    },
    {
      "type": "Feature",
      "properties": {
        "tree_id": 444123,
        "dbh": 14.0,
        "health": "Good",
        "species": "honeylocust",
        "spc_latin": "Gleditsia triacanthos var. inermis",
        "borough": "Bronx"
      },
      "geometry": {
        "type": "Point",
        "coordinates": [
          -73.922543,
          40.80904
        ]
      }
    },
    {
      "type": "Feature",
      "properties": {
        "tree_id": 444224,
        "dbh": 12.0,
        "health": "Good",
        "species": "honeylocust",
        "spc_latin": "Gleditsia triacanthos var. inermis",
        "borough": "Bronx"
      },
      "geometry": {
        "type": "Point",
        "coordinates": [
          -73.919015,
          40.810038
        ]
      }
    },
    {
      "type": "Feature",
      "properties": {
        "tree_id": 444274,
        "dbh": 9.0,
        "health": "Good",
        "species": "honeylocust",
        "spc_latin": "Gleditsia triacanthos var. inermis",
        "borough": "Bronx"
      },
      "geometry": {
        "type": "Point",
        "coordinates": [
          -73.917944,
          40.809907
        ]
      }
    },
    {
      "type": "Feature",
      "properties": {
        "tree_id": 436564,
        "dbh": 16.0,
        "health": "Good",
        "species": "London planetree",
        "spc_latin": "Platanus x acerifolia",
        "borough": "Bronx"
      },
      "geometry": {
        "type": "Point",
        "coordinates": [
          -73.921372,
          40.813504
        ]
      }
    },
    {
      "type": "Feature",
      "properties": {
        "tree_id": 443962,
        "dbh": 10.0,
        "health": "Good",
        "species": "honeylocust",
        "spc_latin": "Gleditsia triacanthos var. inermis",
        "borough": "Bronx"
      },
      "geometry": {
        "type": "Point",
        "coordinates": [
          -73.91907,
          40.809126
        ]
      }
    },
    {
      "type": "Feature",
      "properties": {
        "tree_id": 444227,
        "dbh": 13.0,
        "health": "Good",
        "species": "honeylocust",
        "spc_latin": "Gleditsia triacanthos var. inermis",
        "borough": "Bronx"
      },
      "geometry": {
        "type": "Point",
        "coordinates": [
          -73.918628,
          40.809875
        ]
      }
    },
    {
      "type": "Feature",
      "properties": {
        "tree_id": 444316,
        "dbh": 3.0,
        "health": "Fair",
        "species": "American linden",
        "spc_latin": "Tilia americana",
        "borough": "Bronx"
      },
      "geometry": {
        "type": "Point",
        "coordinates": [
          -73.918612,
          40.810624
        ]
      }
    },
    {
      "type": "Feature",
      "properties": {
        "tree_id": 443109,
        "dbh": 5.0,
        "health": "Good",
        "species": "'Schubert' chokecherry",
        "spc_latin": "Prunus virginiana",
        "borough": "Bronx"
      },
      "geometry": {
        "type": "Point",
        "coordinates": [
          -73.922274,
          40.807081
        ]
      }
    },
    {
      "type": "Feature",
      "properties": {
        "tree_id": 437746,
        "dbh": 7.0,
        "health": "Good",
        "species": "littleleaf linden",
        "spc_latin": "Tilia cordata",
        "borough": "Bronx"
      },
      "geometry": {
        "type": "Point",
        "coordinates": [
          -73.918007,
          40.812881
        ]
      }
    },
    {
      "type": "Feature",
      "properties": {
        "tree_id": 443938,
        "dbh": 16.0,
        "health": "Good",
        "species": "littleleaf linden",
        "spc_latin": "Tilia cordata",
        "borough": "Bronx"
      },
      "geometry": {
        "type": "Point",
        "coordinates": [
          -73.921632,
          40.810203
        ]
      }
    },
    {
      "type": "Feature",
      "properties": {
        "tree_id": 443038,
        "dbh": 4.0,
        "health": "Good",
        "species": "littleleaf linden",
        "spc_latin": "Tilia cordata",
        "borough": "Bronx"
      },
      "geometry": {
        "type": "Point",
        "coordinates": [
          -73.921134,
          40.806508
        ]
      }
    },
    {
      "type": "Feature",
      "properties": {
        "tree_id": 438118,
        "dbh": 7.0,
        "health": "Good",
        "species": "littleleaf linden",
        "spc_latin": "Tilia cordata",
        "borough": "Bronx"
      },
      "geometry": {
        "type": "Point",
        "coordinates": [
          -73.919781,
          40.81315
        ]
      }
    },
    {
      "type": "Feature",
      "properties": {
        "tree_id": 444321,
        "dbh": 14.0,
        "health": "Fair",
        "species": "littleleaf linden",
        "spc_latin": "Tilia cordata",
        "borough": "Bronx"
      },
      "geometry": {
        "type": "Point",
        "coordinates": [
          -73.919583,
          40.810976
        ]
      }
    },
    {
      "type": "Feature",
      "properties": {
        "tree_id": 444328,
        "dbh": 6.0,
        "health": "Good",
        "species": "Sophora",
        "spc_latin": "Styphnolobium japonicum",
        "borough": "Bronx"
      },
      "geometry": {
        "type": "Point",
        "coordinates": [
          -73.920177,
          40.811226
        ]
      }
    },
    {
      "type": "Feature",
      "properties": {
        "tree_id": 436566,
        "dbh": 6.0,
        "health": "Good",
        "species": "Sophora",
        "spc_latin": "Styphnolobium japonicum",
        "borough": "Bronx"
      },
      "geometry": {
        "type": "Point",
        "coordinates": [
          -73.92161,
          40.813604
        ]
      }
    },
    {
      "type": "Feature",
      "properties": {
        "tree_id": 436562,
        "dbh": 23.0,
        "health": "Good",
        "species": "London planetree",
        "spc_latin": "Platanus x acerifolia",
        "borough": "Bronx"
      },
      "geometry": {
        "type": "Point",
        "coordinates": [
          -73.921133,
          40.813404
        ]
      }
    },
    {
      "type": "Feature",
      "properties": {
        "tree_id": 444317,
        "dbh": 2.0,
        "health": "Good",
        "species": "Sophora",
        "spc_latin": "Styphnolobium japonicum",
        "borough": "Bronx"
      },
      "geometry": {
        "type": "Point",
        "coordinates": [
          -73.918719,
          40.81066
        ]
      }
    },
    {
      "type": "Feature",
      "properties": {
        "tree_id": 444117,
        "dbh": 11.0,
        "health": "Good",
        "species": "honeylocust",
        "spc_latin": "Gleditsia triacanthos var. inermis",
        "borough": "Bronx"
      },
      "geometry": {
        "type": "Point",
        "coordinates": [
          -73.92168,
          40.808675
        ]
      }
    },
    {
      "type": "Feature",
      "properties": {
        "tree_id": 443959,
        "dbh": 12.0,
        "health": "Good",
        "species": "honeylocust",
        "spc_latin": "Gleditsia triacanthos var. inermis",
        "borough": "Bronx"
      },
      "geometry": {
        "type": "Point",
        "coordinates": [
          -73.919382,
          40.809257
        ]
      }
    },
    {
      "type": "Feature",
      "properties": {
        "tree_id": 443523,
        "dbh": 4.0,
        "health": "Good",
        "species": "honeylocust",
        "spc_latin": "Gleditsia triacanthos var. inermis",
        "borough": "Bronx"
      },
      "geometry": {
        "type": "Point",
        "coordinates": [
          -73.923296,
          40.80833
        ]
      }
    },
    {
      "type": "Feature",
      "properties": {
        "tree_id": 443956,
        "dbh": 5.0,
        "health": "Poor",
        "species": "American linden",
        "spc_latin": "Tilia americana",
        "borough": "Bronx"
      },
      "geometry": {
        "type": "Point",
        "coordinates": [
          -73.919705,
          40.809393
        ]
      }
    },
    {
      "type": "Feature",
      "properties": {
        "tree_id": 444221,
        "dbh": 7.0,
        "health": "Good",
        "species": "Sophora",
        "spc_latin": "Styphnolobium japonicum",
        "borough": "Bronx"
      },
      "geometry": {
        "type": "Point",
        "coordinates": [
          -73.919705,
          40.81033
        ]
      }
    },
    {
      "type": "Feature",
      "properties": {
        "tree_id": 443958,
        "dbh": 6.0,
        "health": "Fair",
        "species": "American linden",
        "spc_latin": "Tilia americana",
        "borough": "Bronx"
      },
      "geometry": {
        "type": "Point",
        "coordinates": [
          -73.919541,
          40.809324
        ]
      }
    },
    {
      "type": "Feature",
      "properties": {
        "tree_id": 443521,
        "dbh": 4.0,
        "health": "Good",
        "species": "honeylocust",
        "spc_latin": "Gleditsia triacanthos var. inermis",
        "borough": "Bronx"
      },
      "geometry": {
        "type": "Point",
        "coordinates": [
          -73.923151,
          40.808269
        ]
      }
    },
    {
      "type": "Feature",
      "properties": {
        "tree_id": 443957,
        "dbh": 8.0,
        "health": "Fair",
        "species": "American linden",
        "spc_latin": "Tilia americana",
        "borough": "Bronx"
      },
      "geometry": {
        "type": "Point",
        "coordinates": [
          -73.919624,
          40.809359
        ]
      }
    },
    {
      "type": "Feature",
      "properties": {
        "tree_id": 444276,
        "dbh": 23.0,
        "health": "Good",
        "species": "London planetree",
        "spc_latin": "Platanus x acerifolia",
        "borough": "Bronx"
      },
      "geometry": {
        "type": "Point",
        "coordinates": [
          -73.917753,
          40.810235
        ]
      }
    },
    {
      "type": "Feature",
      "properties": {
        "tree_id": 443951,
        "dbh": 9.0,
        "health": "Good",
        "species": "honeylocust",
        "spc_latin": "Gleditsia triacanthos var. inermis",
        "borough": "Bronx"
      },
      "geometry": {
        "type": "Point",
        "coordinates": [
          -73.920326,
          40.809654
        ]
      }
    },
    {
      "type": "Feature",
      "properties": {
        "tree_id": 442871,
        "dbh": 4.0,
        "health": "Good",
        "species": "Sophora",
        "spc_latin": "Styphnolobium japonicum",
        "borough": "Bronx"
      },
      "geometry": {
        "type": "Point",
        "coordinates": [
          -73.923346,
          40.80825
        ]
      }
    },
    {
      "type": "Feature",
      "properties": {
        "tree_id": 443522,
        "dbh": 5.0,
        "health": "Good",
        "species": "honeylocust",
        "spc_latin": "Gleditsia triacanthos var. inermis",
        "borough": "Bronx"
      },
      "geometry": {
        "type": "Point",
        "coordinates": [
          -73.923232,
          40.808303
        ]
      }
    },
    {
      "type": "Feature",
      "properties": {
        "tree_id": 443953,
        "dbh": 11.0,
        "health": "Good",
        "species": "London planetree",
        "spc_latin": "Platanus x acerifolia",
        "borough": "Bronx"
      },
      "geometry": {
        "type": "Point",
        "coordinates": [
          -73.920111,
          40.809563
        ]
      }
    },
    {
      "type": "Feature",
      "properties": {
        "tree_id": 443960,
        "dbh": 16.0,
        "health": "Good",
        "species": "London planetree",
        "spc_latin": "Platanus x acerifolia",
        "borough": "Bronx"
      },
      "geometry": {
        "type": "Point",
        "coordinates": [
          -73.919226,
          40.809192
        ]
      }
    },
    {
      "type": "Feature",
      "properties": {
        "tree_id": 443952,
        "dbh": 11.0,
        "health": "Good",
        "species": "honeylocust",
        "spc_latin": "Gleditsia triacanthos var. inermis",
        "borough": "Bronx"
      },
      "geometry": {
        "type": "Point",
        "coordinates": [
          -73.920219,
          40.809609
        ]
      }
    },
    {
      "type": "Feature",
      "properties": {
        "tree_id": 444331,
        "dbh": 11.0,
        "health": "Good",
        "species": "American elm",
        "spc_latin": "Ulmus americana",
        "borough": "Bronx"
      },
      "geometry": {
        "type": "Point",
        "coordinates": [
          -73.920494,
          40.811359
        ]
      }
    },
    {
      "type": "Feature",
      "properties": {
        "tree_id": 443037,
        "dbh": 3.0,
        "health": "Fair",
        "species": "littleleaf linden",
        "spc_latin": "Tilia cordata",
        "borough": "Bronx"
      },
      "geometry": {
        "type": "Point",
        "coordinates": [
          -73.921203,
          40.806412
        ]
      }
    },
    {
      "type": "Feature",
      "properties": {
        "tree_id": 443096,
        "dbh": 5.0,
        "health": "Good",
        "species": "cherry",
        "spc_latin": "Prunus",
        "borough": "Bronx"
      },
      "geometry": {
        "type": "Point",
        "coordinates": [
          -73.920723,
          40.806551
        ]
      }
    },
    {
      "type": "Feature",
      "properties": {
        "tree_id": 443095,
        "dbh": 5.0,
        "health": "Good",
        "species": "cherry",
        "spc_latin": "Prunus",
        "borough": "Bronx"
      },
      "geometry": {
        "type": "Point",
        "coordinates": [
          -73.920623,
          40.806509
        ]
      }
    },
    {
      "type": "Feature",
      "properties": {
        "tree_id": 443949,
        "dbh": 7.0,
        "health": "Good",
        "species": "littleleaf linden",
        "spc_latin": "Tilia cordata",
        "borough": "Bronx"
      },
      "geometry": {
        "type": "Point",
        "coordinates": [
          -73.920467,
          40.809713
        ]
      }
    },
    {
      "type": "Feature",
      "properties": {
        "tree_id": 443610,
        "dbh": 6.0,
        "health": "Good",
        "species": "Chinese elm",
        "spc_latin": "Ulmus parvifolia",
        "borough": "Bronx"
      },
      "geometry": {
        "type": "Point",
        "coordinates": [
          -73.920428,
          40.807487
        ]
      }
    },
    {
      "type": "Feature",
      "properties": {
        "tree_id": 443607,
        "dbh": 5.0,
        "health": "Good",
        "species": "Chinese elm",
        "spc_latin": "Ulmus parvifolia",
        "borough": "Bronx"
      },
      "geometry": {
        "type": "Point",
        "coordinates": [
          -73.920248,
          40.807732
        ]
      }
    },
    {
      "type": "Feature",
      "properties": {
        "tree_id": 444219,
        "dbh": 28.0,
        "health": "Good",
        "species": "northern red oak",
        "spc_latin": "Quercus rubra",
        "borough": "Bronx"
      },
      "geometry": {
        "type": "Point",
        "coordinates": [
          -73.920175,
          40.810528
        ]
      }
    },
    {
      "type": "Feature",
      "properties": {
        "tree_id": 444275,
        "dbh": 5.0,
        "health": "Fair",
        "species": "Chinese elm",
        "spc_latin": "Ulmus parvifolia",
        "borough": "Bronx"
      },
      "geometry": {
        "type": "Point",
        "coordinates": [
          -73.917859,
          40.810054
        ]
      }
    },
    {
      "type": "Feature",
      "properties": {
        "tree_id": 444313,
        "dbh": 2.0,
        "health": "Poor",
        "species": "Chinese elm",
        "spc_latin": "Ulmus parvifolia",
        "borough": "Bronx"
      },
      "geometry": {
        "type": "Point",
        "coordinates": [
          -73.917996,
          40.810415
        ]
      }
    },
    {
      "type": "Feature",
      "properties": {
        "tree_id": 444215,
        "dbh": 23.0,
        "health": "Good",
        "species": "northern red oak",
        "spc_latin": "Quercus rubra",
        "borough": "Bronx"
      },
      "geometry": {
        "type": "Point",
        "coordinates": [
          -73.920873,
          40.810823
        ]
      }
    },
    {
      "type": "Feature",
      "properties": {
        "tree_id": 436555,
        "dbh": 6.0,
        "health": "Good",
        "species": "pin oak",
        "spc_latin": "Quercus palustris",
        "borough": "Bronx"
      },
      "geometry": {
        "type": "Point",
        "coordinates": [
          -73.920381,
          40.813058
        ]
      }
    },
    {
      "type": "Feature",
      "properties": {
        "tree_id": 444216,
        "dbh": 21.0,
        "health": "Good",
        "species": "northern red oak",
        "spc_latin": "Quercus rubra",
        "borough": "Bronx"
      },
      "geometry": {
        "type": "Point",
        "coordinates": [
          -73.920783,
          40.810784
        ]
      }
    },
    {
      "type": "Feature",
      "properties": {
        "tree_id": 443948,
        "dbh": 5.0,
        "health": "Good",
        "species": "Japanese zelkova",
        "spc_latin": "Zelkova serrata",
        "borough": "Bronx"
      },
      "geometry": {
        "type": "Point",
        "coordinates": [
          -73.920646,
          40.809789
        ]
      }
    },
    {
      "type": "Feature",
      "properties": {
        "tree_id": 443961,
        "dbh": 11.0,
        "health": "Good",
        "species": "honeylocust",
        "spc_latin": "Gleditsia triacanthos var. inermis",
        "borough": "Bronx"
      },
      "geometry": {
        "type": "Point",
        "coordinates": [
          -73.919148,
          40.809159
        ]
      }
    },
    {
      "type": "Feature",
      "properties": {
        "tree_id": 436556,
        "dbh": 6.0,
        "health": "Good",
        "species": "pin oak",
        "spc_latin": "Quercus palustris",
        "borough": "Bronx"
      },
      "geometry": {
        "type": "Point",
        "coordinates": [
          -73.92046,
          40.813091
        ]
      }
    },
    {
      "type": "Feature",
      "properties": {
        "tree_id": 444314,
        "dbh": 2.0,
        "health": "Fair",
        "species": "Chinese elm",
        "spc_latin": "Ulmus parvifolia",
        "borough": "Bronx"
      },
      "geometry": {
        "type": "Point",
        "coordinates": [
          -73.918183,
          40.810479
        ]
      }
    },
    {
      "type": "Feature",
      "properties": {
        "tree_id": 443946,
        "dbh": 22.0,
        "health": "Good",
        "species": "northern red oak",
        "spc_latin": "Quercus rubra",
        "borough": "Bronx"
      },
      "geometry": {
        "type": "Point",
        "coordinates": [
          -73.920848,
          40.809873
        ]
      }
    },
    {
      "type": "Feature",
      "properties": {
        "tree_id": 443630,
        "dbh": 5.0,
        "health": "Good",
        "species": "honeylocust",
        "spc_latin": "Gleditsia triacanthos var. inermis",
        "borough": "Bronx"
      },
      "geometry": {
        "type": "Point",
        "coordinates": [
          -73.922126,
          40.809953
        ]
      }
    },
    {
      "type": "Feature",
      "properties": {
        "tree_id": 436557,
        "dbh": 7.0,
        "health": "Good",
        "species": "pin oak",
        "spc_latin": "Quercus palustris",
        "borough": "Bronx"
      },
      "geometry": {
        "type": "Point",
        "coordinates": [
          -73.920539,
          40.813124
        ]
      }
    },
    {
      "type": "Feature",
      "properties": {
        "tree_id": 436560,
        "dbh": 6.0,
        "health": "Good",
        "species": "pin oak",
        "spc_latin": "Quercus palustris",
        "borough": "Bronx"
      },
      "geometry": {
        "type": "Point",
        "coordinates": [
          -73.920857,
          40.813258
        ]
      }
    },
    {
      "type": "Feature",
      "properties": {
        "tree_id": 443942,
        "dbh": 15.0,
        "health": "Good",
        "species": "littleleaf linden",
        "spc_latin": "Tilia cordata",
        "borough": "Bronx"
      },
      "geometry": {
        "type": "Point",
        "coordinates": [
          -73.921155,
          40.810002
        ]
      }
    },
    {
      "type": "Feature",
      "properties": {
        "tree_id": 436565,
        "dbh": 6.0,
        "health": "Good",
        "species": "Sophora",
        "spc_latin": "Styphnolobium japonicum",
        "borough": "Bronx"
      },
      "geometry": {
        "type": "Point",
        "coordinates": [
          -73.921491,
          40.813554
        ]
      }
    },
    {
      "type": "Feature",
      "properties": {
        "tree_id": 444119,
        "dbh": 8.0,
        "health": "Good",
        "species": "Sophora",
        "spc_latin": "Styphnolobium japonicum",
        "borough": "Bronx"
      },
      "geometry": {
        "type": "Point",
        "coordinates": [
          -73.922094,
          40.80885
        ]
      }
    },
    {
      "type": "Feature",
      "properties": {
        "tree_id": 438066,
        "dbh": 4.0,
        "health": "Fair",
        "species": "littleleaf linden",
        "spc_latin": "Tilia cordata",
        "borough": "Bronx"
      },
      "geometry": {
        "type": "Point",
        "coordinates": [
          -73.915965,
          40.813349
        ]
      }
    },
    {
      "type": "Feature",
      "properties": {
        "tree_id": 438117,
        "dbh": 4.0,
        "health": "Fair",
        "species": "littleleaf linden",
        "spc_latin": "Tilia cordata",
        "borough": "Bronx"
      },
      "geometry": {
        "type": "Point",
        "coordinates": [
          -73.91972,
          40.813232
        ]
      }
    },
    {
      "type": "Feature",
      "properties": {
        "tree_id": 443576,
        "dbh": 8.0,
        "health": "Good",
        "species": "littleleaf linden",
        "spc_latin": "Tilia cordata",
        "borough": "Bronx"
      },
      "geometry": {
        "type": "Point",
        "coordinates": [
          -73.920501,
          40.808004
        ]
      }
    },
    {
      "type": "Feature",
      "properties": {
        "tree_id": 436558,
        "dbh": 4.0,
        "health": "Good",
        "species": "pin oak",
        "spc_latin": "Quercus palustris",
        "borough": "Bronx"
      },
      "geometry": {
        "type": "Point",
        "coordinates": [
          -73.920699,
          40.813192
        ]
      }
    },
    {
      "type": "Feature",
      "properties": {
        "tree_id": 436559,
        "dbh": 5.0,
        "health": "Good",
        "species": "pin oak",
        "spc_latin": "Quercus palustris",
        "borough": "Bronx"
      },
      "geometry": {
        "type": "Point",
        "coordinates": [
          -73.920778,
          40.813225
        ]
      }
    },
    {
      "type": "Feature",
      "properties": {
        "tree_id": 436561,
        "dbh": 6.0,
        "health": "Good",
        "species": "pin oak",
        "spc_latin": "Quercus palustris",
        "borough": "Bronx"
      },
      "geometry": {
        "type": "Point",
        "coordinates": [
          -73.920936,
          40.813291
        ]
      }
    },
    {
      "type": "Feature",
      "properties": {
        "tree_id": 415627,
        "dbh": 7.0,
        "health": "Good",
        "species": "American elm",
        "spc_latin": "Ulmus americana",
        "borough": "Bronx"
      },
      "geometry": {
        "type": "Point",
        "coordinates": [
          -73.925811,
          40.811705
        ]
      }
    },
    {
      "type": "Feature",
      "properties": {
        "tree_id": 444323,
        "dbh": 7.0,
        "health": "Good",
        "species": "ginkgo",
        "spc_latin": "Ginkgo biloba",
        "borough": "Bronx"
      },
      "geometry": {
        "type": "Point",
        "coordinates": [
          -73.919773,
          40.811056
        ]
      }
    },
    {
      "type": "Feature",
      "properties": {
        "tree_id": 444330,
        "dbh": 11.0,
        "health": "Fair",
        "species": "American elm",
        "spc_latin": "Ulmus americana",
        "borough": "Bronx"
      },
      "geometry": {
        "type": "Point",
        "coordinates": [
          -73.920402,
          40.81132
        ]
      }
    },
    {
      "type": "Feature",
      "properties": {
        "tree_id": 442873,
        "dbh": 6.0,
        "health": "Good",
        "species": "honeylocust",
        "spc_latin": "Gleditsia triacanthos var. inermis",
        "borough": "Bronx"
      },
      "geometry": {
        "type": "Point",
        "coordinates": [
          -73.923428,
          40.808139
        ]
      }
    },
    {
      "type": "Feature",
      "properties": {
        "tree_id": 444320,
        "dbh": 16.0,
        "health": "Good",
        "species": "ginkgo",
        "spc_latin": "Ginkgo biloba",
        "borough": "Bronx"
      },
      "geometry": {
        "type": "Point",
        "coordinates": [
          -73.91943,
          40.810911
        ]
      }
    },
    {
      "type": "Feature",
      "properties": {
        "tree_id": 444327,
        "dbh": 10.0,
        "health": "Good",
        "species": "ginkgo",
        "spc_latin": "Ginkgo biloba",
        "borough": "Bronx"
      },
      "geometry": {
        "type": "Point",
        "coordinates": [
          -73.920105,
          40.811196
        ]
      }
    },
    {
      "type": "Feature",
      "properties": {
        "tree_id": 444333,
        "dbh": 18.0,
        "health": "Good",
        "species": "American elm",
        "spc_latin": "Ulmus americana",
        "borough": "Bronx"
      },
      "geometry": {
        "type": "Point",
        "coordinates": [
          -73.920609,
          40.811407
        ]
      }
    },
    {
      "type": "Feature",
      "properties": {
        "tree_id": 444332,
        "dbh": 9.0,
        "health": "Good",
        "species": "American elm",
        "spc_latin": "Ulmus americana",
        "borough": "Bronx"
      },
      "geometry": {
        "type": "Point",
        "coordinates": [
          -73.920558,
          40.811386
        ]
      }
    },
    {
      "type": "Feature",
      "properties": {
        "tree_id": 443963,
        "dbh": 4.0,
        "health": "Good",
        "species": "littleleaf linden",
        "spc_latin": "Tilia cordata",
        "borough": "Bronx"
      },
      "geometry": {
        "type": "Point",
        "coordinates": [
          -73.918707,
          40.808974
        ]
      }
    },
    {
      "type": "Feature",
      "properties": {
        "tree_id": 437059,
        "dbh": 5.0,
        "health": "Good",
        "species": "littleleaf linden",
        "spc_latin": "Tilia cordata",
        "borough": "Bronx"
      },
      "geometry": {
        "type": "Point",
        "coordinates": [
          -73.919687,
          40.814287
        ]
      }
    },
    {
      "type": "Feature",
      "properties": {
        "tree_id": 460663,
        "dbh": 19.0,
        "health": "Good",
        "species": "American elm",
        "spc_latin": "Ulmus americana",
        "borough": "Bronx"
      },
      "geometry": {
        "type": "Point",
        "coordinates": [
          -73.915628,
          40.81119
        ]
      }
    },
    {
      "type": "Feature",
      "properties": {
        "tree_id": 444120,
        "dbh": 7.0,
        "health": "Good",
        "species": "Sophora",
        "spc_latin": "Styphnolobium japonicum",
        "borough": "Bronx"
      },
      "geometry": {
        "type": "Point",
        "coordinates": [
          -73.922188,
          40.80889
        ]
      }
    },
    {
      "type": "Feature",
      "properties": {
        "tree_id": 443964,
        "dbh": 4.0,
        "health": "Good",
        "species": "littleleaf linden",
        "spc_latin": "Tilia cordata",
        "borough": "Bronx"
      },
      "geometry": {
        "type": "Point",
        "coordinates": [
          -73.918627,
          40.80894
        ]
      }
    },
    {
      "type": "Feature",
      "properties": {
        "tree_id": 443945,
        "dbh": 4.0,
        "health": "Good",
        "species": "littleleaf linden",
        "spc_latin": "Tilia cordata",
        "borough": "Bronx"
      },
      "geometry": {
        "type": "Point",
        "coordinates": [
          -73.920952,
          40.809917
        ]
      }
    },
    {
      "type": "Feature",
      "properties": {
        "tree_id": 460729,
        "dbh": 24.0,
        "health": "Good",
        "species": "American elm",
        "spc_latin": "Ulmus americana",
        "borough": "Bronx"
      },
      "geometry": {
        "type": "Point",
        "coordinates": [
          -73.916507,
          40.811595
        ]
      }
    },
    {
      "type": "Feature",
      "properties": {
        "tree_id": 460664,
        "dbh": 19.0,
        "health": "Good",
        "species": "American elm",
        "spc_latin": "Ulmus americana",
        "borough": "Bronx"
      },
      "geometry": {
        "type": "Point",
        "coordinates": [
          -73.915717,
          40.81122
        ]
      }
    },
    {
      "type": "Feature",
      "properties": {
        "tree_id": 443511,
        "dbh": 5.0,
        "health": "Good",
        "species": "honeylocust",
        "spc_latin": "Gleditsia triacanthos var. inermis",
        "borough": "Bronx"
      },
      "geometry": {
        "type": "Point",
        "coordinates": [
          -73.921307,
          40.80749
        ]
      }
    },
    {
      "type": "Feature",
      "properties": {
        "tree_id": 444111,
        "dbh": 11.0,
        "health": "Good",
        "species": "honeylocust",
        "spc_latin": "Gleditsia triacanthos var. inermis",
        "borough": "Bronx"
      },
      "geometry": {
        "type": "Point",
        "coordinates": [
          -73.921241,
          40.80849
        ]
      }
    },
    {
      "type": "Feature",
      "properties": {
        "tree_id": 442943,
        "dbh": 16.0,
        "health": "Good",
        "species": "honeylocust",
        "spc_latin": "Gleditsia triacanthos var. inermis",
        "borough": "Bronx"
      },
      "geometry": {
        "type": "Point",
        "coordinates": [
          -73.918881,
          40.80916
        ]
      }
    },
    {
      "type": "Feature",
      "properties": {
        "tree_id": 444319,
        "dbh": 4.0,
        "health": "Fair",
        "species": "American linden",
        "spc_latin": "Tilia americana",
        "borough": "Bronx"
      },
      "geometry": {
        "type": "Point",
        "coordinates": [
          -73.919252,
          40.810842
        ]
      }
    },
    {
      "type": "Feature",
      "properties": {
        "tree_id": 443609,
        "dbh": 7.0,
        "health": "Good",
        "species": "Chinese elm",
        "spc_latin": "Ulmus parvifolia",
        "borough": "Bronx"
      },
      "geometry": {
        "type": "Point",
        "coordinates": [
          -73.920369,
          40.807567
        ]
      }
    },
    {
      "type": "Feature",
      "properties": {
        "tree_id": 460804,
        "dbh": 19.0,
        "health": "Good",
        "species": "American elm",
        "spc_latin": "Ulmus americana",
        "borough": "Bronx"
      },
      "geometry": {
        "type": "Point",
        "coordinates": [
          -73.914889,
          40.811718
        ]
      }
    },
    {
      "type": "Feature",
      "properties": {
        "tree_id": 443976,
        "dbh": 17.0,
        "health": "Good",
        "species": "Japanese zelkova",
        "spc_latin": "Zelkova serrata",
        "borough": "Bronx"
      },
      "geometry": {
        "type": "Point",
        "coordinates": [
          -73.918704,
          40.808594
        ]
      }
    },
    {
      "type": "Feature",
      "properties": {
        "tree_id": 442872,
        "dbh": 5.0,
        "health": "Good",
        "species": "Sophora",
        "spc_latin": "Styphnolobium japonicum",
        "borough": "Bronx"
      },
      "geometry": {
        "type": "Point",
        "coordinates": [
          -73.923383,
          40.8082
        ]
      }
    },
    {
      "type": "Feature",
      "properties": {
        "tree_id": 460803,
        "dbh": 25.0,
        "health": "Good",
        "species": "American elm",
        "spc_latin": "Ulmus americana",
        "borough": "Bronx"
      },
      "geometry": {
        "type": "Point",
        "coordinates": [
          -73.91474,
          40.811669
        ]
      }
    },
    {
      "type": "Feature",
      "properties": {
        "tree_id": 443941,
        "dbh": 15.0,
        "health": "Good",
        "species": "northern red oak",
        "spc_latin": "Quercus rubra",
        "borough": "Bronx"
      },
      "geometry": {
        "type": "Point",
        "coordinates": [
          -73.921276,
          40.810053
        ]
      }
    },
    {
      "type": "Feature",
      "properties": {
        "tree_id": 443977,
        "dbh": 11.0,
        "health": "Good",
        "species": "Japanese zelkova",
        "spc_latin": "Zelkova serrata",
        "borough": "Bronx"
      },
      "geometry": {
        "type": "Point",
        "coordinates": [
          -73.918785,
          40.808453
        ]
      }
    },
    {
      "type": "Feature",
      "properties": {
        "tree_id": 460188,
        "dbh": 11.0,
        "health": "Good",
        "species": "honeylocust",
        "spc_latin": "Gleditsia triacanthos var. inermis",
        "borough": "Bronx"
      },
      "geometry": {
        "type": "Point",
        "coordinates": [
          -73.915757,
          40.809317
        ]
      }
    },
    {
      "type": "Feature",
      "properties": {
        "tree_id": 460185,
        "dbh": 9.0,
        "health": "Good",
        "species": "honeylocust",
        "spc_latin": "Gleditsia triacanthos var. inermis",
        "borough": "Bronx"
      },
      "geometry": {
        "type": "Point",
        "coordinates": [
          -73.915628,
          40.809529
        ]
      }
    },
    {
      "type": "Feature",
      "properties": {
        "tree_id": 416061,
        "dbh": 6.0,
        "health": "Good",
        "species": "catalpa",
        "spc_latin": "Catalpa",
        "borough": "Bronx"
      },
      "geometry": {
        "type": "Point",
        "coordinates": [
          -73.9259,
          40.811189
        ]
      }
    },
    {
      "type": "Feature",
      "properties": {
        "tree_id": 460184,
        "dbh": 11.0,
        "health": "Good",
        "species": "honeylocust",
        "spc_latin": "Gleditsia triacanthos var. inermis",
        "borough": "Bronx"
      },
      "geometry": {
        "type": "Point",
        "coordinates": [
          -73.915589,
          40.809591
        ]
      }
    },
    {
      "type": "Feature",
      "properties": {
        "tree_id": 443611,
        "dbh": 8.0,
        "health": "Good",
        "species": "northern red oak",
        "spc_latin": "Quercus rubra",
        "borough": "Bronx"
      },
      "geometry": {
        "type": "Point",
        "coordinates": [
          -73.920514,
          40.807369
        ]
      }
    },
    {
      "type": "Feature",
      "properties": {
        "tree_id": 459217,
        "dbh": 12.0,
        "health": "Good",
        "species": "ginkgo",
        "spc_latin": "Ginkgo biloba",
        "borough": "Bronx"
      },
      "geometry": {
        "type": "Point",
        "coordinates": [
          -73.914907,
          40.809426
        ]
      }
    },
    {
      "type": "Feature",
      "properties": {
        "tree_id": 460183,
        "dbh": 12.0,
        "health": "Good",
        "species": "ginkgo",
        "spc_latin": "Ginkgo biloba",
        "borough": "Bronx"
      },
      "geometry": {
        "type": "Point",
        "coordinates": [
          -73.91555,
          40.809655
        ]
      }
    },
    {
      "type": "Feature",
      "properties": {
        "tree_id": 443955,
        "dbh": 8.0,
        "health": "Fair",
        "species": "Japanese zelkova",
        "spc_latin": "Zelkova serrata",
        "borough": "Bronx"
      },
      "geometry": {
        "type": "Point",
        "coordinates": [
          -73.9198,
          40.809433
        ]
      }
    },
    {
      "type": "Feature",
      "properties": {
        "tree_id": 444324,
        "dbh": 8.0,
        "health": "Good",
        "species": "ginkgo",
        "spc_latin": "Ginkgo biloba",
        "borough": "Bronx"
      },
      "geometry": {
        "type": "Point",
        "coordinates": [
          -73.919816,
          40.811074
        ]
      }
    },
    {
      "type": "Feature",
      "properties": {
        "tree_id": 442875,
        "dbh": 4.0,
        "health": "Fair",
        "species": "American linden",
        "spc_latin": "Tilia americana",
        "borough": "Bronx"
      },
      "geometry": {
        "type": "Point",
        "coordinates": [
          -73.923607,
          40.8079
        ]
      }
    },
    {
      "type": "Feature",
      "properties": {
        "tree_id": 443940,
        "dbh": 26.0,
        "health": "Good",
        "species": "northern red oak",
        "spc_latin": "Quercus rubra",
        "borough": "Bronx"
      },
      "geometry": {
        "type": "Point",
        "coordinates": [
          -73.92138,
          40.810097
        ]
      }
    },
    {
      "type": "Feature",
      "properties": {
        "tree_id": 460181,
        "dbh": 14.0,
        "health": "Good",
        "species": "honeylocust",
        "spc_latin": "Gleditsia triacanthos var. inermis",
        "borough": "Bronx"
      },
      "geometry": {
        "type": "Point",
        "coordinates": [
          -73.915441,
          40.809832
        ]
      }
    },
    {
      "type": "Feature",
      "properties": {
        "tree_id": 444325,
        "dbh": 10.0,
        "health": "Good",
        "species": "littleleaf linden",
        "spc_latin": "Tilia cordata",
        "borough": "Bronx"
      },
      "geometry": {
        "type": "Point",
        "coordinates": [
          -73.919869,
          40.811096
        ]
      }
    },
    {
      "type": "Feature",
      "properties": {
        "tree_id": 460186,
        "dbh": 11.0,
        "health": "Good",
        "species": "honeylocust",
        "spc_latin": "Gleditsia triacanthos var. inermis",
        "borough": "Bronx"
      },
      "geometry": {
        "type": "Point",
        "coordinates": [
          -73.915666,
          40.809466
        ]
      }
    },
    {
      "type": "Feature",
      "properties": {
        "tree_id": 443944,
        "dbh": 5.0,
        "health": "Good",
        "species": "littleleaf linden",
        "spc_latin": "Tilia cordata",
        "borough": "Bronx"
      },
      "geometry": {
        "type": "Point",
        "coordinates": [
          -73.921063,
          40.809964
        ]
      }
    },
    {
      "type": "Feature",
      "properties": {
        "tree_id": 444322,
        "dbh": 12.0,
        "health": "Good",
        "species": "ginkgo",
        "spc_latin": "Ginkgo biloba",
        "borough": "Bronx"
      },
      "geometry": {
        "type": "Point",
        "coordinates": [
          -73.919692,
          40.811022
        ]
      }
    },
    {
      "type": "Feature",
      "properties": {
        "tree_id": 444326,
        "dbh": 9.0,
        "health": "Good",
        "species": "ginkgo",
        "spc_latin": "Ginkgo biloba",
        "borough": "Bronx"
      },
      "geometry": {
        "type": "Point",
        "coordinates": [
          -73.920014,
          40.811157
        ]
      }
    },
    {
      "type": "Feature",
      "properties": {
        "tree_id": 416062,
        "dbh": 6.0,
        "health": "Good",
        "species": "catalpa",
        "spc_latin": "Catalpa",
        "borough": "Bronx"
      },
      "geometry": {
        "type": "Point",
        "coordinates": [
          -73.926027,
          40.811243
        ]
      }
    },
    {
      "type": "Feature",
      "properties": {
        "tree_id": 443947,
        "dbh": 25.0,
        "health": "Good",
        "species": "northern red oak",
        "spc_latin": "Quercus rubra",
        "borough": "Bronx"
      },
      "geometry": {
        "type": "Point",
        "coordinates": [
          -73.920745,
          40.80983
        ]
      }
    },
    {
      "type": "Feature",
      "properties": {
        "tree_id": 443937,
        "dbh": 18.0,
        "health": "Good",
        "species": "northern red oak",
        "spc_latin": "Quercus rubra",
        "borough": "Bronx"
      },
      "geometry": {
        "type": "Point",
        "coordinates": [
          -73.921716,
          40.810238
        ]
      }
    },
    {
      "type": "Feature",
      "properties": {
        "tree_id": 442874,
        "dbh": 3.0,
        "health": "Good",
        "species": "northern red oak",
        "spc_latin": "Quercus rubra",
        "borough": "Bronx"
      },
      "geometry": {
        "type": "Point",
        "coordinates": [
          -73.923518,
          40.808019
        ]
      }
    },
    {
      "type": "Feature",
      "properties": {
        "tree_id": 443975,
        "dbh": 14.0,
        "health": "Good",
        "species": "Japanese zelkova",
        "spc_latin": "Zelkova serrata",
        "borough": "Bronx"
      },
      "geometry": {
        "type": "Point",
        "coordinates": [
          -73.918586,
          40.808798
        ]
      }
    },
    {
      "type": "Feature",
      "properties": {
        "tree_id": 443939,
        "dbh": 11.0,
        "health": "Good",
        "species": "Chinese elm",
        "spc_latin": "Ulmus parvifolia",
        "borough": "Bronx"
      },
      "geometry": {
        "type": "Point",
        "coordinates": [
          -73.921473,
          40.810136
        ]
      }
    },
    {
      "type": "Feature",
      "properties": {
        "tree_id": 459213,
        "dbh": 9.0,
        "health": "Good",
        "species": "littleleaf linden",
        "spc_latin": "Tilia cordata",
        "borough": "Bronx"
      },
      "geometry": {
        "type": "Point",
        "coordinates": [
          -73.915201,
          40.808948
        ]
      }
    },
    {
      "type": "Feature",
      "properties": {
        "tree_id": 459214,
        "dbh": 12.0,
        "health": "Good",
        "species": "ginkgo",
        "spc_latin": "Ginkgo biloba",
        "borough": "Bronx"
      },
      "geometry": {
        "type": "Point",
        "coordinates": [
          -73.915108,
          40.8091
        ]
      }
    },
    {
      "type": "Feature",
      "properties": {
        "tree_id": 443211,
        "dbh": 9.0,
        "health": "Good",
        "species": "Callery pear",
        "spc_latin": "Pyrus calleryana",
        "borough": "Bronx"
      },
      "geometry": {
        "type": "Point",
        "coordinates": [
          -73.921203,
          40.805933
        ]
      }
    },
    {
      "type": "Feature",
      "properties": {
        "tree_id": 443213,
        "dbh": 9.0,
        "health": "Good",
        "species": "Callery pear",
        "spc_latin": "Pyrus calleryana",
        "borough": "Bronx"
      },
      "geometry": {
        "type": "Point",
        "coordinates": [
          -73.921056,
          40.805872
        ]
      }
    },
    {
      "type": "Feature",
      "properties": {
        "tree_id": 442904,
        "dbh": 9.0,
        "health": "Fair",
        "species": "Callery pear",
        "spc_latin": "Pyrus calleryana",
        "borough": "Bronx"
      },
      "geometry": {
        "type": "Point",
        "coordinates": [
          -73.92076,
          40.806821
        ]
      }
    },
    {
      "type": "Feature",
      "properties": {
        "tree_id": 443212,
        "dbh": 8.0,
        "health": "Good",
        "species": "Callery pear",
        "spc_latin": "Pyrus calleryana",
        "borough": "Bronx"
      },
      "geometry": {
        "type": "Point",
        "coordinates": [
          -73.921138,
          40.805906
        ]
      }
    },
    {
      "type": "Feature",
      "properties": {
        "tree_id": 443215,
        "dbh": 10.0,
        "health": "Good",
        "species": "Callery pear",
        "spc_latin": "Pyrus calleryana",
        "borough": "Bronx"
      },
      "geometry": {
        "type": "Point",
        "coordinates": [
          -73.920888,
          40.805801
        ]
      }
    },
    {
      "type": "Feature",
      "properties": {
        "tree_id": 442676,
        "dbh": 11.0,
        "health": "Good",
        "species": "silver linden",
        "spc_latin": "Tilia tomentosa",
        "borough": "Bronx"
      },
      "geometry": {
        "type": "Point",
        "coordinates": [
          -73.920427,
          40.808878
        ]
      }
    },
    {
      "type": "Feature",
      "properties": {
        "tree_id": 460810,
        "dbh": 10.0,
        "health": "Good",
        "species": "pin oak",
        "spc_latin": "Quercus palustris",
        "borough": "Bronx"
      },
      "geometry": {
        "type": "Point",
        "coordinates": [
          -73.91609,
          40.812118
        ]
      }
    },
    {
      "type": "Feature",
      "properties": {
        "tree_id": 442907,
        "dbh": 8.0,
        "health": "Poor",
        "species": "pin oak",
        "spc_latin": "Quercus palustris",
        "borough": "Bronx"
      },
      "geometry": {
        "type": "Point",
        "coordinates": [
          -73.920547,
          40.807112
        ]
      }
    },
    {
      "type": "Feature",
      "properties": {
        "tree_id": 443210,
        "dbh": 8.0,
        "health": "Good",
        "species": "Callery pear",
        "spc_latin": "Pyrus calleryana",
        "borough": "Bronx"
      },
      "geometry": {
        "type": "Point",
        "coordinates": [
          -73.921269,
          40.805961
        ]
      }
    },
    {
      "type": "Feature",
      "properties": {
        "tree_id": 443214,
        "dbh": 10.0,
        "health": "Good",
        "species": "Callery pear",
        "spc_latin": "Pyrus calleryana",
        "borough": "Bronx"
      },
      "geometry": {
        "type": "Point",
        "coordinates": [
          -73.920943,
          40.805824
        ]
      }
    },
    {
      "type": "Feature",
      "properties": {
        "tree_id": 460731,
        "dbh": 18.0,
        "health": "Good",
        "species": "American elm",
        "spc_latin": "Ulmus americana",
        "borough": "Bronx"
      },
      "geometry": {
        "type": "Point",
        "coordinates": [
          -73.916189,
          40.81149
        ]
      }
    },
    {
      "type": "Feature",
      "properties": {
        "tree_id": 460730,
        "dbh": 24.0,
        "health": "Good",
        "species": "American elm",
        "spc_latin": "Ulmus americana",
        "borough": "Bronx"
      },
      "geometry": {
        "type": "Point",
        "coordinates": [
          -73.916355,
          40.811545
        ]
      }
    },
    {
      "type": "Feature",
      "properties": {
        "tree_id": 460732,
        "dbh": 20.0,
        "health": "Good",
        "species": "American elm",
        "spc_latin": "Ulmus americana",
        "borough": "Bronx"
      },
      "geometry": {
        "type": "Point",
        "coordinates": [
          -73.91605,
          40.811444
        ]
      }
    },
    {
      "type": "Feature",
      "properties": {
        "tree_id": 460182,
        "dbh": 9.0,
        "health": "Good",
        "species": "Callery pear",
        "spc_latin": "Pyrus calleryana",
        "borough": "Bronx"
      },
      "geometry": {
        "type": "Point",
        "coordinates": [
          -73.915504,
          40.80973
        ]
      }
    },
    {
      "type": "Feature",
      "properties": {
        "tree_id": 462067,
        "dbh": 4.0,
        "health": "Fair",
        "species": "London planetree",
        "spc_latin": "Platanus x acerifolia",
        "borough": "Bronx"
      },
      "geometry": {
        "type": "Point",
        "coordinates": [
          -73.919423,
          40.80681
        ]
      }
    },
    {
      "type": "Feature",
      "properties": {
        "tree_id": 443383,
        "dbh": 3.0,
        "health": "Fair",
        "species": "northern red oak",
        "spc_latin": "Quercus rubra",
        "borough": "Bronx"
      },
      "geometry": {
        "type": "Point",
        "coordinates": [
          -73.923172,
          40.807584
        ]
      }
    },
    {
      "type": "Feature",
      "properties": {
        "tree_id": 462460,
        "dbh": 6.0,
        "health": "Good",
        "species": "Chinese elm",
        "spc_latin": "Ulmus parvifolia",
        "borough": "Bronx"
      },
      "geometry": {
        "type": "Point",
        "coordinates": [
          -73.917179,
          40.8074
        ]
      }
    },
    {
      "type": "Feature",
      "properties": {
        "tree_id": 462459,
        "dbh": 6.0,
        "health": "Good",
        "species": "Chinese elm",
        "spc_latin": "Ulmus parvifolia",
        "borough": "Bronx"
      },
      "geometry": {
        "type": "Point",
        "coordinates": [
          -73.917226,
          40.80733
        ]
      }
    },
    {
      "type": "Feature",
      "properties": {
        "tree_id": 443386,
        "dbh": 3.0,
        "health": "Good",
        "species": "Japanese zelkova",
        "spc_latin": "Zelkova serrata",
        "borough": "Bronx"
      },
      "geometry": {
        "type": "Point",
        "coordinates": [
          -73.922805,
          40.807429
        ]
      }
    },
    {
      "type": "Feature",
      "properties": {
        "tree_id": 459218,
        "dbh": 9.0,
        "health": "Good",
        "species": "ginkgo",
        "spc_latin": "Ginkgo biloba",
        "borough": "Bronx"
      },
      "geometry": {
        "type": "Point",
        "coordinates": [
          -73.91486,
          40.809503
        ]
      }
    },
    {
      "type": "Feature",
      "properties": {
        "tree_id": 459220,
        "dbh": 16.0,
        "health": "Good",
        "species": "ginkgo",
        "spc_latin": "Ginkgo biloba",
        "borough": "Bronx"
      },
      "geometry": {
        "type": "Point",
        "coordinates": [
          -73.914751,
          40.809681
        ]
      }
    },
    {
      "type": "Feature",
      "properties": {
        "tree_id": 443097,
        "dbh": 4.0,
        "health": "Fair",
        "species": "crab apple",
        "spc_latin": "Malus",
        "borough": "Bronx"
      },
      "geometry": {
        "type": "Point",
        "coordinates": [
          -73.920811,
          40.806588
        ]
      }
    },
    {
      "type": "Feature",
      "properties": {
        "tree_id": 443112,
        "dbh": 4.0,
        "health": "Good",
        "species": "'Schubert' chokecherry",
        "spc_latin": "Prunus virginiana",
        "borough": "Bronx"
      },
      "geometry": {
        "type": "Point",
        "coordinates": [
          -73.922632,
          40.807232
        ]
      }
    },
    {
      "type": "Feature",
      "properties": {
        "tree_id": 442815,
        "dbh": 5.0,
        "health": "Good",
        "species": "cherry",
        "spc_latin": "Prunus",
        "borough": "Bronx"
      },
      "geometry": {
        "type": "Point",
        "coordinates": [
          -73.918415,
          40.8091
        ]
      }
    },
    {
      "type": "Feature",
      "properties": {
        "tree_id": 443385,
        "dbh": 5.0,
        "health": "Fair",
        "species": "northern red oak",
        "spc_latin": "Quercus rubra",
        "borough": "Bronx"
      },
      "geometry": {
        "type": "Point",
        "coordinates": [
          -73.922911,
          40.807474
        ]
      }
    },
    {
      "type": "Feature",
      "properties": {
        "tree_id": 443079,
        "dbh": 8.0,
        "health": "Good",
        "species": "Japanese zelkova",
        "spc_latin": "Zelkova serrata",
        "borough": "Bronx"
      },
      "geometry": {
        "type": "Point",
        "coordinates": [
          -73.919887,
          40.806779
        ]
      }
    },
    {
      "type": "Feature",
      "properties": {
        "tree_id": 442903,
        "dbh": 5.0,
        "health": "Good",
        "species": "Japanese zelkova",
        "spc_latin": "Zelkova serrata",
        "borough": "Bronx"
      },
      "geometry": {
        "type": "Point",
        "coordinates": [
          -73.920808,
          40.806756
        ]
      }
    },
    {
      "type": "Feature",
      "properties": {
        "tree_id": 442883,
        "dbh": 4.0,
        "health": "Fair",
        "species": "Chinese elm",
        "spc_latin": "Ulmus parvifolia",
        "borough": "Bronx"
      },
      "geometry": {
        "type": "Point",
        "coordinates": [
          -73.923884,
          40.807524
        ]
      }
    },
    {
      "type": "Feature",
      "properties": {
        "tree_id": 436911,
        "dbh": 4.0,
        "health": "Good",
        "species": "ginkgo",
        "spc_latin": "Ginkgo biloba",
        "borough": "Bronx"
      },
      "geometry": {
        "type": "Point",
        "coordinates": [
          -73.920491,
          40.813924
        ]
      }
    },
    {
      "type": "Feature",
      "properties": {
        "tree_id": 462193,
        "dbh": 3.0,
        "health": "Good",
        "species": "American linden",
        "spc_latin": "Tilia americana",
        "borough": "Bronx"
      },
      "geometry": {
        "type": "Point",
        "coordinates": [
          -73.918775,
          40.805116
        ]
      }
    },
    {
      "type": "Feature",
      "properties": {
        "tree_id": 443389,
        "dbh": 4.0,
        "health": "Good",
        "species": "Japanese zelkova",
        "spc_latin": "Zelkova serrata",
        "borough": "Bronx"
      },
      "geometry": {
        "type": "Point",
        "coordinates": [
          -73.922438,
          40.807274
        ]
      }
    },
    {
      "type": "Feature",
      "properties": {
        "tree_id": 462457,
        "dbh": 5.0,
        "health": "Good",
        "species": "Chinese elm",
        "spc_latin": "Ulmus parvifolia",
        "borough": "Bronx"
      },
      "geometry": {
        "type": "Point",
        "coordinates": [
          -73.91737,
          40.807115
        ]
      }
    },
    {
      "type": "Feature",
      "properties": {
        "tree_id": 462458,
        "dbh": 6.0,
        "health": "Good",
        "species": "Chinese elm",
        "spc_latin": "Ulmus parvifolia",
        "borough": "Bronx"
      },
      "geometry": {
        "type": "Point",
        "coordinates": [
          -73.917327,
          40.807179
        ]
      }
    },
    {
      "type": "Feature",
      "properties": {
        "tree_id": 443387,
        "dbh": 4.0,
        "health": "Good",
        "species": "Japanese zelkova",
        "spc_latin": "Zelkova serrata",
        "borough": "Bronx"
      },
      "geometry": {
        "type": "Point",
        "coordinates": [
          -73.922679,
          40.807376
        ]
      }
    },
    {
      "type": "Feature",
      "properties": {
        "tree_id": 443388,
        "dbh": 4.0,
        "health": "Good",
        "species": "Japanese zelkova",
        "spc_latin": "Zelkova serrata",
        "borough": "Bronx"
      },
      "geometry": {
        "type": "Point",
        "coordinates": [
          -73.922599,
          40.807342
        ]
      }
    },
    {
      "type": "Feature",
      "properties": {
        "tree_id": 442882,
        "dbh": 4.0,
        "health": "Good",
        "species": "northern red oak",
        "spc_latin": "Quercus rubra",
        "borough": "Bronx"
      },
      "geometry": {
        "type": "Point",
        "coordinates": [
          -73.923834,
          40.807592
        ]
      }
    },
    {
      "type": "Feature",
      "properties": {
        "tree_id": 442905,
        "dbh": 7.0,
        "health": "Good",
        "species": "Japanese zelkova",
        "spc_latin": "Zelkova serrata",
        "borough": "Bronx"
      },
      "geometry": {
        "type": "Point",
        "coordinates": [
          -73.920685,
          40.806924
        ]
      }
    },
    {
      "type": "Feature",
      "properties": {
        "tree_id": 460805,
        "dbh": 13.0,
        "health": "Good",
        "species": "pin oak",
        "spc_latin": "Quercus palustris",
        "borough": "Bronx"
      },
      "geometry": {
        "type": "Point",
        "coordinates": [
          -73.915382,
          40.811882
        ]
      }
    },
    {
      "type": "Feature",
      "properties": {
        "tree_id": 460811,
        "dbh": 7.0,
        "health": "Good",
        "species": "pin oak",
        "spc_latin": "Quercus palustris",
        "borough": "Bronx"
      },
      "geometry": {
        "type": "Point",
        "coordinates": [
          -73.916242,
          40.812169
        ]
      }
    },
    {
      "type": "Feature",
      "properties": {
        "tree_id": 460807,
        "dbh": 16.0,
        "health": "Good",
        "species": "pin oak",
        "spc_latin": "Quercus palustris",
        "borough": "Bronx"
      },
      "geometry": {
        "type": "Point",
        "coordinates": [
          -73.915719,
          40.811995
        ]
      }
    },
    {
      "type": "Feature",
      "properties": {
        "tree_id": 460735,
        "dbh": 11.0,
        "health": "Good",
        "species": "pin oak",
        "spc_latin": "Quercus palustris",
        "borough": "Bronx"
      },
      "geometry": {
        "type": "Point",
        "coordinates": [
          -73.915656,
          40.811313
        ]
      }
    },
    {
      "type": "Feature",
      "properties": {
        "tree_id": 443080,
        "dbh": 5.0,
        "health": "Good",
        "species": "northern red oak",
        "spc_latin": "Quercus rubra",
        "borough": "Bronx"
      },
      "geometry": {
        "type": "Point",
        "coordinates": [
          -73.91993,
          40.806722
        ]
      }
    },
    {
      "type": "Feature",
      "properties": {
        "tree_id": 442906,
        "dbh": 6.0,
        "health": "Good",
        "species": "Japanese zelkova",
        "spc_latin": "Zelkova serrata",
        "borough": "Bronx"
      },
      "geometry": {
        "type": "Point",
        "coordinates": [
          -73.920634,
          40.806994
        ]
      }
    },
    {
      "type": "Feature",
      "properties": {
        "tree_id": 460809,
        "dbh": 16.0,
        "health": "Good",
        "species": "pin oak",
        "spc_latin": "Quercus palustris",
        "borough": "Bronx"
      },
      "geometry": {
        "type": "Point",
        "coordinates": [
          -73.915984,
          40.812083
        ]
      }
    },
    {
      "type": "Feature",
      "properties": {
        "tree_id": 460806,
        "dbh": 13.0,
        "health": "Good",
        "species": "pin oak",
        "spc_latin": "Quercus palustris",
        "borough": "Bronx"
      },
      "geometry": {
        "type": "Point",
        "coordinates": [
          -73.915587,
          40.811951
        ]
      }
    },
    {
      "type": "Feature",
      "properties": {
        "tree_id": 460808,
        "dbh": 15.0,
        "health": "Good",
        "species": "pin oak",
        "spc_latin": "Quercus palustris",
        "borough": "Bronx"
      },
      "geometry": {
        "type": "Point",
        "coordinates": [
          -73.915852,
          40.812039
        ]
      }
    },
    {
      "type": "Feature",
      "properties": {
        "tree_id": 442954,
        "dbh": 9.0,
        "health": "Good",
        "species": "pin oak",
        "spc_latin": "Quercus palustris",
        "borough": "Bronx"
      },
      "geometry": {
        "type": "Point",
        "coordinates": [
          -73.921084,
          40.810085
        ]
      }
    },
    {
      "type": "Feature",
      "properties": {
        "tree_id": 442703,
        "dbh": 2.0,
        "health": "Fair",
        "species": "pin oak",
        "spc_latin": "Quercus palustris",
        "borough": "Bronx"
      },
      "geometry": {
        "type": "Point",
        "coordinates": [
          -73.928813,
          40.809677
        ]
      }
    },
    {
      "type": "Feature",
      "properties": {
        "tree_id": 462191,
        "dbh": 14.0,
        "health": "Good",
        "species": "pin oak",
        "spc_latin": "Quercus palustris",
        "borough": "Bronx"
      },
      "geometry": {
        "type": "Point",
        "coordinates": [
          -73.915593,
          40.812844
        ]
      }
    },
    {
      "type": "Feature",
      "properties": {
        "tree_id": 439645,
        "dbh": 5.0,
        "health": "Good",
        "species": "red maple",
        "spc_latin": "Acer rubrum",
        "borough": "Bronx"
      },
      "geometry": {
        "type": "Point",
        "coordinates": [
          -73.922656,
          40.809819
        ]
      }
    },
    {
      "type": "Feature",
      "properties": {
        "tree_id": 442956,
        "dbh": 16.0,
        "health": "Good",
        "species": "pin oak",
        "spc_latin": "Quercus palustris",
        "borough": "Bronx"
      },
      "geometry": {
        "type": "Point",
        "coordinates": [
          -73.921238,
          40.810149
        ]
      }
    },
    {
      "type": "Feature",
      "properties": {
        "tree_id": 442958,
        "dbh": 6.0,
        "health": "Good",
        "species": "pin oak",
        "spc_latin": "Quercus palustris",
        "borough": "Bronx"
      },
      "geometry": {
        "type": "Point",
        "coordinates": [
          -73.921581,
          40.810295
        ]
      }
    },
    {
      "type": "Feature",
      "properties": {
        "tree_id": 460757,
        "dbh": 11.0,
        "health": "Good",
        "species": "pin oak",
        "spc_latin": "Quercus palustris",
        "borough": "Bronx"
      },
      "geometry": {
        "type": "Point",
        "coordinates": [
          -73.914759,
          40.811296
        ]
      }
    },
    {
      "type": "Feature",
      "properties": {
        "tree_id": 462025,
        "dbh": 4.0,
        "health": "Good",
        "species": "pin oak",
        "spc_latin": "Quercus palustris",
        "borough": "Bronx"
      },
      "geometry": {
        "type": "Point",
        "coordinates": [
          -73.91794,
          40.806924
        ]
      }
    },
    {
      "type": "Feature",
      "properties": {
        "tree_id": 463028,
        "dbh": 5.0,
        "health": "Fair",
        "species": "ash",
        "spc_latin": "Fraxinus",
        "borough": "Bronx"
      },
      "geometry": {
        "type": "Point",
        "coordinates": [
          -73.918519,
          40.805179
        ]
      }
    },
    {
      "type": "Feature",
      "properties": {
        "tree_id": 436910,
        "dbh": 6.0,
        "health": "Good",
        "species": "pin oak",
        "spc_latin": "Quercus palustris",
        "borough": "Bronx"
      },
      "geometry": {
        "type": "Point",
        "coordinates": [
          -73.919928,
          40.813688
        ]
      }
    },
    {
      "type": "Feature",
      "properties": {
        "tree_id": 462066,
        "dbh": 5.0,
        "health": "Good",
        "species": "London planetree",
        "spc_latin": "Platanus x acerifolia",
        "borough": "Bronx"
      },
      "geometry": {
        "type": "Point",
        "coordinates": [
          -73.919296,
          40.806757
        ]
      }
    },
    {
      "type": "Feature",
      "properties": {
        "tree_id": 442840,
        "dbh": 19.0,
        "health": "Good",
        "species": "scarlet oak",
        "spc_latin": "Quercus coccinea",
        "borough": "Bronx"
      },
      "geometry": {
        "type": "Point",
        "coordinates": [
          -73.920302,
          40.807435
        ]
      }
    },
    {
      "type": "Feature",
      "properties": {
        "tree_id": 442842,
        "dbh": 6.0,
        "health": "Good",
        "species": "Japanese zelkova",
        "spc_latin": "Zelkova serrata",
        "borough": "Bronx"
      },
      "geometry": {
        "type": "Point",
        "coordinates": [
          -73.920113,
          40.807691
        ]
      }
    },
    {
      "type": "Feature",
      "properties": {
        "tree_id": 439639,
        "dbh": 4.0,
        "health": "Fair",
        "species": "Japanese zelkova",
        "spc_latin": "Zelkova serrata",
        "borough": "Bronx"
      },
      "geometry": {
        "type": "Point",
        "coordinates": [
          -73.92423,
          40.810484
        ]
      }
    },
    {
      "type": "Feature",
      "properties": {
        "tree_id": 443608,
        "dbh": 9.0,
        "health": "Fair",
        "species": "littleleaf linden",
        "spc_latin": "Tilia cordata",
        "borough": "Bronx"
      },
      "geometry": {
        "type": "Point",
        "coordinates": [
          -73.920293,
          40.80767
        ]
      }
    },
    {
      "type": "Feature",
      "properties": {
        "tree_id": 462060,
        "dbh": 3.0,
        "health": "Fair",
        "species": "littleleaf linden",
        "spc_latin": "Tilia cordata",
        "borough": "Bronx"
      },
      "geometry": {
        "type": "Point",
        "coordinates": [
          -73.918478,
          40.806412
        ]
      }
    },
    {
      "type": "Feature",
      "properties": {
        "tree_id": 459211,
        "dbh": 5.0,
        "health": "Good",
        "species": "littleleaf linden",
        "spc_latin": "Tilia cordata",
        "borough": "Bronx"
      },
      "geometry": {
        "type": "Point",
        "coordinates": [
          -73.915295,
          40.808796
        ]
      }
    },
    {
      "type": "Feature",
      "properties": {
        "tree_id": 462024,
        "dbh": 4.0,
        "health": "Fair",
        "species": "Japanese zelkova",
        "spc_latin": "Zelkova serrata",
        "borough": "Bronx"
      },
      "geometry": {
        "type": "Point",
        "coordinates": [
          -73.918117,
          40.806999
        ]
      }
    },
    {
      "type": "Feature",
      "properties": {
        "tree_id": 462456,
        "dbh": 13.0,
        "health": "Good",
        "species": "honeylocust",
        "spc_latin": "Gleditsia triacanthos var. inermis",
        "borough": "Bronx"
      },
      "geometry": {
        "type": "Point",
        "coordinates": [
          -73.917422,
          40.807036
        ]
      }
    },
    {
      "type": "Feature",
      "properties": {
        "tree_id": 443429,
        "dbh": 8.0,
        "health": "Good",
        "species": "Callery pear",
        "spc_latin": "Pyrus calleryana",
        "borough": "Bronx"
      },
      "geometry": {
        "type": "Point",
        "coordinates": [
          -73.927923,
          40.806403
        ]
      }
    },
    {
      "type": "Feature",
      "properties": {
        "tree_id": 442197,
        "dbh": 5.0,
        "health": "Good",
        "species": "Japanese zelkova",
        "spc_latin": "Zelkova serrata",
        "borough": "Bronx"
      },
      "geometry": {
        "type": "Point",
        "coordinates": [
          -73.930312,
          40.814098
        ]
      }
    },
    {
      "type": "Feature",
      "properties": {
        "tree_id": 442199,
        "dbh": 7.0,
        "health": "Good",
        "species": "Japanese zelkova",
        "spc_latin": "Zelkova serrata",
        "borough": "Bronx"
      },
      "geometry": {
        "type": "Point",
        "coordinates": [
          -73.930246,
          40.814241
        ]
      }
    },
    {
      "type": "Feature",
      "properties": {
        "tree_id": 443384,
        "dbh": 4.0,
        "health": "Fair",
        "species": "honeylocust",
        "spc_latin": "Gleditsia triacanthos var. inermis",
        "borough": "Bronx"
      },
      "geometry": {
        "type": "Point",
        "coordinates": [
          -73.923074,
          40.807542
        ]
      }
    },
    {
      "type": "Feature",
      "properties": {
        "tree_id": 437580,
        "dbh": 4.0,
        "health": "Good",
        "species": "littleleaf linden",
        "spc_latin": "Tilia cordata",
        "borough": "Bronx"
      },
      "geometry": {
        "type": "Point",
        "coordinates": [
          -73.919413,
          40.813346
        ]
      }
    },
    {
      "type": "Feature",
      "properties": {
        "tree_id": 462065,
        "dbh": 4.0,
        "health": "Poor",
        "species": "littleleaf linden",
        "spc_latin": "Tilia cordata",
        "borough": "Bronx"
      },
      "geometry": {
        "type": "Point",
        "coordinates": [
          -73.9191,
          40.806674
        ]
      }
    },
    {
      "type": "Feature",
      "properties": {
        "tree_id": 462186,
        "dbh": 7.0,
        "health": "Good",
        "species": "honeylocust",
        "spc_latin": "Gleditsia triacanthos var. inermis",
        "borough": "Bronx"
      },
      "geometry": {
        "type": "Point",
        "coordinates": [
          -73.914571,
          40.812503
        ]
      }
    },
    {
      "type": "Feature",
      "properties": {
        "tree_id": 443431,
        "dbh": 4.0,
        "health": "Fair",
        "species": "Callery pear",
        "spc_latin": "Pyrus calleryana",
        "borough": "Bronx"
      },
      "geometry": {
        "type": "Point",
        "coordinates": [
          -73.92798,
          40.806327
        ]
      }
    },
    {
      "type": "Feature",
      "properties": {
        "tree_id": 460669,
        "dbh": 12.0,
        "health": "Good",
        "species": "honeylocust",
        "spc_latin": "Gleditsia triacanthos var. inermis",
        "borough": "Bronx"
      },
      "geometry": {
        "type": "Point",
        "coordinates": [
          -73.916224,
          40.811387
        ]
      }
    },
    {
      "type": "Feature",
      "properties": {
        "tree_id": 460661,
        "dbh": 10.0,
        "health": "Good",
        "species": "honeylocust",
        "spc_latin": "Gleditsia triacanthos var. inermis",
        "borough": "Bronx"
      },
      "geometry": {
        "type": "Point",
        "coordinates": [
          -73.915303,
          40.811082
        ]
      }
    },
    {
      "type": "Feature",
      "properties": {
        "tree_id": 460667,
        "dbh": 8.0,
        "health": "Good",
        "species": "honeylocust",
        "spc_latin": "Gleditsia triacanthos var. inermis",
        "borough": "Bronx"
      },
      "geometry": {
        "type": "Point",
        "coordinates": [
          -73.916035,
          40.811325
        ]
      }
    },
    {
      "type": "Feature",
      "properties": {
        "tree_id": 462064,
        "dbh": 4.0,
        "health": "Fair",
        "species": "littleleaf linden",
        "spc_latin": "Tilia cordata",
        "borough": "Bronx"
      },
      "geometry": {
        "type": "Point",
        "coordinates": [
          -73.918999,
          40.806632
        ]
      }
    },
    {
      "type": "Feature",
      "properties": {
        "tree_id": 437577,
        "dbh": 11.0,
        "health": "Good",
        "species": "littleleaf linden",
        "spc_latin": "Tilia cordata",
        "borough": "Bronx"
      },
      "geometry": {
        "type": "Point",
        "coordinates": [
          -73.918364,
          40.812905
        ]
      }
    },
    {
      "type": "Feature",
      "properties": {
        "tree_id": 462187,
        "dbh": 5.0,
        "health": "Good",
        "species": "mulberry",
        "spc_latin": "Morus",
        "borough": "Bronx"
      },
      "geometry": {
        "type": "Point",
        "coordinates": [
          -73.914687,
          40.812542
        ]
      }
    },
    {
      "type": "Feature",
      "properties": {
        "tree_id": 459311,
        "dbh": 5.0,
        "health": "Good",
        "species": "ginkgo",
        "spc_latin": "Ginkgo biloba",
        "borough": "Bronx"
      },
      "geometry": {
        "type": "Point",
        "coordinates": [
          -73.9145,
          40.809841
        ]
      }
    },
    {
      "type": "Feature",
      "properties": {
        "tree_id": 462189,
        "dbh": 8.0,
        "health": "Good",
        "species": "American linden",
        "spc_latin": "Tilia americana",
        "borough": "Bronx"
      },
      "geometry": {
        "type": "Point",
        "coordinates": [
          -73.914776,
          40.812571
        ]
      }
    },
    {
      "type": "Feature",
      "properties": {
        "tree_id": 460668,
        "dbh": 11.0,
        "health": "Good",
        "species": "honeylocust",
        "spc_latin": "Gleditsia triacanthos var. inermis",
        "borough": "Bronx"
      },
      "geometry": {
        "type": "Point",
        "coordinates": [
          -73.916108,
          40.811349
        ]
      }
    },
    {
      "type": "Feature",
      "properties": {
        "tree_id": 460660,
        "dbh": 10.0,
        "health": "Good",
        "species": "honeylocust",
        "spc_latin": "Gleditsia triacanthos var. inermis",
        "borough": "Bronx"
      },
      "geometry": {
        "type": "Point",
        "coordinates": [
          -73.915154,
          40.811033
        ]
      }
    },
    {
      "type": "Feature",
      "properties": {
        "tree_id": 442675,
        "dbh": 9.0,
        "health": "Poor",
        "species": "littleleaf linden",
        "spc_latin": "Tilia cordata",
        "borough": "Bronx"
      },
      "geometry": {
        "type": "Point",
        "coordinates": [
          -73.920361,
          40.80885
        ]
      }
    },
    {
      "type": "Feature",
      "properties": {
        "tree_id": 437060,
        "dbh": 3.0,
        "health": "Poor",
        "species": "American linden",
        "spc_latin": "Tilia americana",
        "borough": "Bronx"
      },
      "geometry": {
        "type": "Point",
        "coordinates": [
          -73.919628,
          40.814262
        ]
      }
    },
    {
      "type": "Feature",
      "properties": {
        "tree_id": 442677,
        "dbh": 6.0,
        "health": "Fair",
        "species": "cherry",
        "spc_latin": "Prunus",
        "borough": "Bronx"
      },
      "geometry": {
        "type": "Point",
        "coordinates": [
          -73.922007,
          40.809546
        ]
      }
    },
    {
      "type": "Feature",
      "properties": {
        "tree_id": 439644,
        "dbh": 5.0,
        "health": "Good",
        "species": "red maple",
        "spc_latin": "Acer rubrum",
        "borough": "Bronx"
      },
      "geometry": {
        "type": "Point",
        "coordinates": [
          -73.922799,
          40.809879
        ]
      }
    },
    {
      "type": "Feature",
      "properties": {
        "tree_id": 442957,
        "dbh": 16.0,
        "health": "Good",
        "species": "pin oak",
        "spc_latin": "Quercus palustris",
        "borough": "Bronx"
      },
      "geometry": {
        "type": "Point",
        "coordinates": [
          -73.92131,
          40.810179
        ]
      }
    },
    {
      "type": "Feature",
      "properties": {
        "tree_id": 442955,
        "dbh": 19.0,
        "health": "Good",
        "species": "pin oak",
        "spc_latin": "Quercus palustris",
        "borough": "Bronx"
      },
      "geometry": {
        "type": "Point",
        "coordinates": [
          -73.921142,
          40.810109
        ]
      }
    },
    {
      "type": "Feature",
      "properties": {
        "tree_id": 442812,
        "dbh": 3.0,
        "health": "Poor",
        "species": "cherry",
        "spc_latin": "Prunus",
        "borough": "Bronx"
      },
      "geometry": {
        "type": "Point",
        "coordinates": [
          -73.918197,
          40.809474
        ]
      }
    },
    {
      "type": "Feature",
      "properties": {
        "tree_id": 442959,
        "dbh": 7.0,
        "health": "Good",
        "species": "pin oak",
        "spc_latin": "Quercus palustris",
        "borough": "Bronx"
      },
      "geometry": {
        "type": "Point",
        "coordinates": [
          -73.92167,
          40.810336
        ]
      }
    },
    {
      "type": "Feature",
      "properties": {
        "tree_id": 443251,
        "dbh": 5.0,
        "health": "Good",
        "species": "red maple",
        "spc_latin": "Acer rubrum",
        "borough": "Bronx"
      },
      "geometry": {
        "type": "Point",
        "coordinates": [
          -73.920505,
          40.806336
        ]
      }
    },
    {
      "type": "Feature",
      "properties": {
        "tree_id": 439593,
        "dbh": 19.0,
        "health": "Good",
        "species": "London planetree",
        "spc_latin": "Platanus x acerifolia",
        "borough": "Bronx"
      },
      "geometry": {
        "type": "Point",
        "coordinates": [
          -73.922274,
          40.810146
        ]
      }
    },
    {
      "type": "Feature",
      "properties": {
        "tree_id": 443428,
        "dbh": 5.0,
        "health": "Good",
        "species": "Japanese zelkova",
        "spc_latin": "Zelkova serrata",
        "borough": "Bronx"
      },
      "geometry": {
        "type": "Point",
        "coordinates": [
          -73.927875,
          40.806468
        ]
      }
    },
    {
      "type": "Feature",
      "properties": {
        "tree_id": 442200,
        "dbh": 7.0,
        "health": "Good",
        "species": "Japanese zelkova",
        "spc_latin": "Zelkova serrata",
        "borough": "Bronx"
      },
      "geometry": {
        "type": "Point",
        "coordinates": [
          -73.930195,
          40.814351
        ]
      }
    },
    {
      "type": "Feature",
      "properties": {
        "tree_id": 442198,
        "dbh": 6.0,
        "health": "Good",
        "species": "Japanese zelkova",
        "spc_latin": "Zelkova serrata",
        "borough": "Bronx"
      },
      "geometry": {
        "type": "Point",
        "coordinates": [
          -73.930281,
          40.814165
        ]
      }
    },
    {
      "type": "Feature",
      "properties": {
        "tree_id": 463027,
        "dbh": 4.0,
        "health": "Fair",
        "species": "ash",
        "spc_latin": "Fraxinus",
        "borough": "Bronx"
      },
      "geometry": {
        "type": "Point",
        "coordinates": [
          -73.918544,
          40.805143
        ]
      }
    },
    {
      "type": "Feature",
      "properties": {
        "tree_id": 462499,
        "dbh": 6.0,
        "health": "Good",
        "species": "Japanese zelkova",
        "spc_latin": "Zelkova serrata",
        "borough": "Bronx"
      },
      "geometry": {
        "type": "Point",
        "coordinates": [
          -73.918638,
          40.808123
        ]
      }
    },
    {
      "type": "Feature",
      "properties": {
        "tree_id": 461997,
        "dbh": 3.0,
        "health": "Good",
        "species": "northern red oak",
        "spc_latin": "Quercus rubra",
        "borough": "Bronx"
      },
      "geometry": {
        "type": "Point",
        "coordinates": [
          -73.919504,
          40.807031
        ]
      }
    },
    {
      "type": "Feature",
      "properties": {
        "tree_id": 443954,
        "dbh": 11.0,
        "health": "Good",
        "species": "London planetree",
        "spc_latin": "Platanus x acerifolia",
        "borough": "Bronx"
      },
      "geometry": {
        "type": "Point",
        "coordinates": [
          -73.919984,
          40.80951
        ]
      }
    },
    {
      "type": "Feature",
      "properties": {
        "tree_id": 462195,
        "dbh": 7.0,
        "health": "Good",
        "species": "ash",
        "spc_latin": "Fraxinus",
        "borough": "Bronx"
      },
      "geometry": {
        "type": "Point",
        "coordinates": [
          -73.918653,
          40.805287
        ]
      }
    },
    {
      "type": "Feature",
      "properties": {
        "tree_id": 443427,
        "dbh": 6.0,
        "health": "Good",
        "species": "American elm",
        "spc_latin": "Ulmus americana",
        "borough": "Bronx"
      },
      "geometry": {
        "type": "Point",
        "coordinates": [
          -73.927747,
          40.806639
        ]
      }
    },
    {
      "type": "Feature",
      "properties": {
        "tree_id": 462196,
        "dbh": 6.0,
        "health": "Fair",
        "species": "ash",
        "spc_latin": "Fraxinus",
        "borough": "Bronx"
      },
      "geometry": {
        "type": "Point",
        "coordinates": [
          -73.918576,
          40.805396
        ]
      }
    },
    {
      "type": "Feature",
      "properties": {
        "tree_id": 460665,
        "dbh": 10.0,
        "health": "Good",
        "species": "honeylocust",
        "spc_latin": "Gleditsia triacanthos var. inermis",
        "borough": "Bronx"
      },
      "geometry": {
        "type": "Point",
        "coordinates": [
          -73.915797,
          40.811246
        ]
      }
    },
    {
      "type": "Feature",
      "properties": {
        "tree_id": 443118,
        "dbh": 5.0,
        "health": "Fair",
        "species": "American linden",
        "spc_latin": "Tilia americana",
        "borough": "Bronx"
      },
      "geometry": {
        "type": "Point",
        "coordinates": [
          -73.923242,
          40.807491
        ]
      }
    },
    {
      "type": "Feature",
      "properties": {
        "tree_id": 462058,
        "dbh": 4.0,
        "health": "Good",
        "species": "littleleaf linden",
        "spc_latin": "Tilia cordata",
        "borough": "Bronx"
      },
      "geometry": {
        "type": "Point",
        "coordinates": [
          -73.918222,
          40.806304
        ]
      }
    },
    {
      "type": "Feature",
      "properties": {
        "tree_id": 462062,
        "dbh": 6.0,
        "health": "Good",
        "species": "littleleaf linden",
        "spc_latin": "Tilia cordata",
        "borough": "Bronx"
      },
      "geometry": {
        "type": "Point",
        "coordinates": [
          -73.918614,
          40.806469
        ]
      }
    },
    {
      "type": "Feature",
      "properties": {
        "tree_id": 442193,
        "dbh": 5.0,
        "health": "Fair",
        "species": "green ash",
        "spc_latin": "Fraxinus pennsylvanica",
        "borough": "Bronx"
      },
      "geometry": {
        "type": "Point",
        "coordinates": [
          -73.930439,
          40.813478
        ]
      }
    },
    {
      "type": "Feature",
      "properties": {
        "tree_id": 442201,
        "dbh": 6.0,
        "health": "Good",
        "species": "Japanese zelkova",
        "spc_latin": "Zelkova serrata",
        "borough": "Bronx"
      },
      "geometry": {
        "type": "Point",
        "coordinates": [
          -73.930168,
          40.814409
        ]
      }
    },
    {
      "type": "Feature",
      "properties": {
        "tree_id": 462023,
        "dbh": 10.0,
        "health": "Good",
        "species": "honeylocust",
        "spc_latin": "Gleditsia triacanthos var. inermis",
        "borough": "Bronx"
      },
      "geometry": {
        "type": "Point",
        "coordinates": [
          -73.9182,
          40.807033
        ]
      }
    },
    {
      "type": "Feature",
      "properties": {
        "tree_id": 443421,
        "dbh": 7.0,
        "health": "Good",
        "species": "American linden",
        "spc_latin": "Tilia americana",
        "borough": "Bronx"
      },
      "geometry": {
        "type": "Point",
        "coordinates": [
          -73.920877,
          40.806861
        ]
      }
    },
    {
      "type": "Feature",
      "properties": {
        "tree_id": 443117,
        "dbh": 6.0,
        "health": "Good",
        "species": "American linden",
        "spc_latin": "Tilia americana",
        "borough": "Bronx"
      },
      "geometry": {
        "type": "Point",
        "coordinates": [
          -73.923054,
          40.807411
        ]
      }
    },
    {
      "type": "Feature",
      "properties": {
        "tree_id": 462265,
        "dbh": 9.0,
        "health": "Good",
        "species": "honeylocust",
        "spc_latin": "Gleditsia triacanthos var. inermis",
        "borough": "Bronx"
      },
      "geometry": {
        "type": "Point",
        "coordinates": [
          -73.916287,
          40.81245
        ]
      }
    },
    {
      "type": "Feature",
      "properties": {
        "tree_id": 462280,
        "dbh": 7.0,
        "health": "Good",
        "species": "honeylocust",
        "spc_latin": "Gleditsia triacanthos var. inermis",
        "borough": "Bronx"
      },
      "geometry": {
        "type": "Point",
        "coordinates": [
          -73.916546,
          40.811999
        ]
      }
    },
    {
      "type": "Feature",
      "properties": {
        "tree_id": 443430,
        "dbh": 5.0,
        "health": "Good",
        "species": "Callery pear",
        "spc_latin": "Pyrus calleryana",
        "borough": "Bronx"
      },
      "geometry": {
        "type": "Point",
        "coordinates": [
          -73.927952,
          40.806364
        ]
      }
    },
    {
      "type": "Feature",
      "properties": {
        "tree_id": 443420,
        "dbh": 8.0,
        "health": "Good",
        "species": "American linden",
        "spc_latin": "Tilia americana",
        "borough": "Bronx"
      },
      "geometry": {
        "type": "Point",
        "coordinates": [
          -73.920914,
          40.806811
        ]
      }
    },
    {
      "type": "Feature",
      "properties": {
        "tree_id": 442680,
        "dbh": 6.0,
        "health": "Fair",
        "species": "Japanese zelkova",
        "spc_latin": "Zelkova serrata",
        "borough": "Bronx"
      },
      "geometry": {
        "type": "Point",
        "coordinates": [
          -73.92437,
          40.812447
        ]
      }
    },
    {
      "type": "Feature",
      "properties": {
        "tree_id": 438027,
        "dbh": 8.0,
        "health": "Fair",
        "species": "littleleaf linden",
        "spc_latin": "Tilia cordata",
        "borough": "Bronx"
      },
      "geometry": {
        "type": "Point",
        "coordinates": [
          -73.918053,
          40.813706
        ]
      }
    },
    {
      "type": "Feature",
      "properties": {
        "tree_id": 442194,
        "dbh": 5.0,
        "health": "Good",
        "species": "Japanese zelkova",
        "spc_latin": "Zelkova serrata",
        "borough": "Bronx"
      },
      "geometry": {
        "type": "Point",
        "coordinates": [
          -73.929932,
          40.813846
        ]
      }
    },
    {
      "type": "Feature",
      "properties": {
        "tree_id": 443422,
        "dbh": 4.0,
        "health": "Good",
        "species": "American linden",
        "spc_latin": "Tilia americana",
        "borough": "Bronx"
      },
      "geometry": {
        "type": "Point",
        "coordinates": [
          -73.920691,
          40.807115
        ]
      }
    },
    {
      "type": "Feature",
      "properties": {
        "tree_id": 442953,
        "dbh": 12.0,
        "health": "Good",
        "species": "sawtooth oak",
        "spc_latin": "Quercus acutissima",
        "borough": "Bronx"
      },
      "geometry": {
        "type": "Point",
        "coordinates": [
          -73.920931,
          40.81002
        ]
      }
    },
    {
      "type": "Feature",
      "properties": {
        "tree_id": 444329,
        "dbh": 8.0,
        "health": "Good",
        "species": "littleleaf linden",
        "spc_latin": "Tilia cordata",
        "borough": "Bronx"
      },
      "geometry": {
        "type": "Point",
        "coordinates": [
          -73.920346,
          40.811296
        ]
      }
    },
    {
      "type": "Feature",
      "properties": {
        "tree_id": 443119,
        "dbh": 5.0,
        "health": "Fair",
        "species": "American linden",
        "spc_latin": "Tilia americana",
        "borough": "Bronx"
      },
      "geometry": {
        "type": "Point",
        "coordinates": [
          -73.923428,
          40.807569
        ]
      }
    },
    {
      "type": "Feature",
      "properties": {
        "tree_id": 443120,
        "dbh": 4.0,
        "health": "Good",
        "species": "American linden",
        "spc_latin": "Tilia americana",
        "borough": "Bronx"
      },
      "geometry": {
        "type": "Point",
        "coordinates": [
          -73.923557,
          40.807624
        ]
      }
    },
    {
      "type": "Feature",
      "properties": {
        "tree_id": 443252,
        "dbh": 4.0,
        "health": "Good",
        "species": "red maple",
        "spc_latin": "Acer rubrum",
        "borough": "Bronx"
      },
      "geometry": {
        "type": "Point",
        "coordinates": [
          -73.92058,
          40.806367
        ]
      }
    },
    {
      "type": "Feature",
      "properties": {
        "tree_id": 459312,
        "dbh": 8.0,
        "health": "Good",
        "species": "sawtooth oak",
        "spc_latin": "Quercus acutissima",
        "borough": "Bronx"
      },
      "geometry": {
        "type": "Point",
        "coordinates": [
          -73.914542,
          40.809772
        ]
      }
    },
    {
      "type": "Feature",
      "properties": {
        "tree_id": 462713,
        "dbh": 4.0,
        "health": "Good",
        "species": "red maple",
        "spc_latin": "Acer rubrum",
        "borough": "Bronx"
      },
      "geometry": {
        "type": "Point",
        "coordinates": [
          -73.917234,
          40.807028
        ]
      }
    },
    {
      "type": "Feature",
      "properties": {
        "tree_id": 460108,
        "dbh": 14.0,
        "health": "Good",
        "species": "honeylocust",
        "spc_latin": "Gleditsia triacanthos var. inermis",
        "borough": "Bronx"
      },
      "geometry": {
        "type": "Point",
        "coordinates": [
          -73.914593,
          40.810234
        ]
      }
    },
    {
      "type": "Feature",
      "properties": {
        "tree_id": 443116,
        "dbh": 4.0,
        "health": "Good",
        "species": "American linden",
        "spc_latin": "Tilia americana",
        "borough": "Bronx"
      },
      "geometry": {
        "type": "Point",
        "coordinates": [
          -73.922971,
          40.807376
        ]
      }
    },
    {
      "type": "Feature",
      "properties": {
        "tree_id": 462172,
        "dbh": 4.0,
        "health": "Good",
        "species": "American linden",
        "spc_latin": "Tilia americana",
        "borough": "Bronx"
      },
      "geometry": {
        "type": "Point",
        "coordinates": [
          -73.920271,
          40.805959
        ]
      }
    },
    {
      "type": "Feature",
      "properties": {
        "tree_id": 462168,
        "dbh": 4.0,
        "health": "Good",
        "species": "American linden",
        "spc_latin": "Tilia americana",
        "borough": "Bronx"
      },
      "geometry": {
        "type": "Point",
        "coordinates": [
          -73.919728,
          40.806706
        ]
      }
    },
    {
      "type": "Feature",
      "properties": {
        "tree_id": 442195,
        "dbh": 5.0,
        "health": "Good",
        "species": "Japanese zelkova",
        "spc_latin": "Zelkova serrata",
        "borough": "Bronx"
      },
      "geometry": {
        "type": "Point",
        "coordinates": [
          -73.92986,
          40.81392
        ]
      }
    },
    {
      "type": "Feature",
      "properties": {
        "tree_id": 442683,
        "dbh": 5.0,
        "health": "Fair",
        "species": "Japanese zelkova",
        "spc_latin": "Zelkova serrata",
        "borough": "Bronx"
      },
      "geometry": {
        "type": "Point",
        "coordinates": [
          -73.924091,
          40.81259
        ]
      }
    },
    {
      "type": "Feature",
      "properties": {
        "tree_id": 443000,
        "dbh": 3.0,
        "health": "Good",
        "species": "cherry",
        "spc_latin": "Prunus",
        "borough": "Bronx"
      },
      "geometry": {
        "type": "Point",
        "coordinates": [
          -73.922991,
          40.806685
        ]
      }
    },
    {
      "type": "Feature",
      "properties": {
        "tree_id": 442679,
        "dbh": 5.0,
        "health": "Fair",
        "species": "Japanese zelkova",
        "spc_latin": "Zelkova serrata",
        "borough": "Bronx"
      },
      "geometry": {
        "type": "Point",
        "coordinates": [
          -73.924439,
          40.812412
        ]
      }
    },
    {
      "type": "Feature",
      "properties": {
        "tree_id": 462170,
        "dbh": 4.0,
        "health": "Good",
        "species": "American linden",
        "spc_latin": "Tilia americana",
        "borough": "Bronx"
      },
      "geometry": {
        "type": "Point",
        "coordinates": [
          -73.919911,
          40.806454
        ]
      }
    },
    {
      "type": "Feature",
      "properties": {
        "tree_id": 443009,
        "dbh": 6.0,
        "health": "Fair",
        "species": "London planetree",
        "spc_latin": "Platanus x acerifolia",
        "borough": "Bronx"
      },
      "geometry": {
        "type": "Point",
        "coordinates": [
          -73.921636,
          40.806113
        ]
      }
    },
    {
      "type": "Feature",
      "properties": {
        "tree_id": 443008,
        "dbh": 6.0,
        "health": "Fair",
        "species": "London planetree",
        "spc_latin": "Platanus x acerifolia",
        "borough": "Bronx"
      },
      "geometry": {
        "type": "Point",
        "coordinates": [
          -73.921778,
          40.806173
        ]
      }
    },
    {
      "type": "Feature",
      "properties": {
        "tree_id": 462282,
        "dbh": 20.0,
        "health": "Good",
        "species": "American elm",
        "spc_latin": "Ulmus americana",
        "borough": "Bronx"
      },
      "geometry": {
        "type": "Point",
        "coordinates": [
          -73.91666,
          40.811803
        ]
      }
    },
    {
      "type": "Feature",
      "properties": {
        "tree_id": 462169,
        "dbh": 4.0,
        "health": "Fair",
        "species": "American linden",
        "spc_latin": "Tilia americana",
        "borough": "Bronx"
      },
      "geometry": {
        "type": "Point",
        "coordinates": [
          -73.919862,
          40.806521
        ]
      }
    },
    {
      "type": "Feature",
      "properties": {
        "tree_id": 443005,
        "dbh": 4.0,
        "health": "Good",
        "species": "honeylocust",
        "spc_latin": "Gleditsia triacanthos var. inermis",
        "borough": "Bronx"
      },
      "geometry": {
        "type": "Point",
        "coordinates": [
          -73.922425,
          40.806446
        ]
      }
    },
    {
      "type": "Feature",
      "properties": {
        "tree_id": 443006,
        "dbh": 6.0,
        "health": "Fair",
        "species": "honeylocust",
        "spc_latin": "Gleditsia triacanthos var. inermis",
        "borough": "Bronx"
      },
      "geometry": {
        "type": "Point",
        "coordinates": [
          -73.922329,
          40.806405
        ]
      }
    },
    {
      "type": "Feature",
      "properties": {
        "tree_id": 462173,
        "dbh": 3.0,
        "health": "Good",
        "species": "American linden",
        "spc_latin": "Tilia americana",
        "borough": "Bronx"
      },
      "geometry": {
        "type": "Point",
        "coordinates": [
          -73.920342,
          40.80586
        ]
      }
    },
    {
      "type": "Feature",
      "properties": {
        "tree_id": 462197,
        "dbh": 4.0,
        "health": "Good",
        "species": "American linden",
        "spc_latin": "Tilia americana",
        "borough": "Bronx"
      },
      "geometry": {
        "type": "Point",
        "coordinates": [
          -73.918407,
          40.805635
        ]
      }
    },
    {
      "type": "Feature",
      "properties": {
        "tree_id": 462271,
        "dbh": 4.0,
        "health": "Good",
        "species": "American linden",
        "spc_latin": "Tilia americana",
        "borough": "Bronx"
      },
      "geometry": {
        "type": "Point",
        "coordinates": [
          -73.918309,
          40.80617
        ]
      }
    },
    {
      "type": "Feature",
      "properties": {
        "tree_id": 443003,
        "dbh": 4.0,
        "health": "Good",
        "species": "ginkgo",
        "spc_latin": "Ginkgo biloba",
        "borough": "Bronx"
      },
      "geometry": {
        "type": "Point",
        "coordinates": [
          -73.922664,
          40.806547
        ]
      }
    },
    {
      "type": "Feature",
      "properties": {
        "tree_id": 443004,
        "dbh": 6.0,
        "health": "Good",
        "species": "ginkgo",
        "spc_latin": "Ginkgo biloba",
        "borough": "Bronx"
      },
      "geometry": {
        "type": "Point",
        "coordinates": [
          -73.922591,
          40.806516
        ]
      }
    },
    {
      "type": "Feature",
      "properties": {
        "tree_id": 462198,
        "dbh": 4.0,
        "health": "Good",
        "species": "American linden",
        "spc_latin": "Tilia americana",
        "borough": "Bronx"
      },
      "geometry": {
        "type": "Point",
        "coordinates": [
          -73.918265,
          40.805836
        ]
      }
    },
    {
      "type": "Feature",
      "properties": {
        "tree_id": 443395,
        "dbh": 9.0,
        "health": "Good",
        "species": "American linden",
        "spc_latin": "Tilia americana",
        "borough": "Bronx"
      },
      "geometry": {
        "type": "Point",
        "coordinates": [
          -73.921319,
          40.806803
        ]
      }
    },
    {
      "type": "Feature",
      "properties": {
        "tree_id": 462274,
        "dbh": 4.0,
        "health": "Good",
        "species": "American linden",
        "spc_latin": "Tilia americana",
        "borough": "Bronx"
      },
      "geometry": {
        "type": "Point",
        "coordinates": [
          -73.919494,
          40.806669
        ]
      }
    },
    {
      "type": "Feature",
      "properties": {
        "tree_id": 443001,
        "dbh": 3.0,
        "health": "Good",
        "species": "cherry",
        "spc_latin": "Prunus",
        "borough": "Bronx"
      },
      "geometry": {
        "type": "Point",
        "coordinates": [
          -73.922908,
          40.80665
        ]
      }
    },
    {
      "type": "Feature",
      "properties": {
        "tree_id": 442684,
        "dbh": 13.0,
        "health": "Good",
        "species": "white ash",
        "spc_latin": "Fraxinus americana",
        "borough": "Bronx"
      },
      "geometry": {
        "type": "Point",
        "coordinates": [
          -73.92151,
          40.810788
        ]
      }
    },
    {
      "type": "Feature",
      "properties": {
        "tree_id": 462171,
        "dbh": 3.0,
        "health": "Fair",
        "species": "American linden",
        "spc_latin": "Tilia americana",
        "borough": "Bronx"
      },
      "geometry": {
        "type": "Point",
        "coordinates": [
          -73.919965,
          40.806379
        ]
      }
    },
    {
      "type": "Feature",
      "properties": {
        "tree_id": 443397,
        "dbh": 12.0,
        "health": "Good",
        "species": "American linden",
        "spc_latin": "Tilia americana",
        "borough": "Bronx"
      },
      "geometry": {
        "type": "Point",
        "coordinates": [
          -73.921129,
          40.806722
        ]
      }
    },
    {
      "type": "Feature",
      "properties": {
        "tree_id": 443396,
        "dbh": 9.0,
        "health": "Good",
        "species": "American linden",
        "spc_latin": "Tilia americana",
        "borough": "Bronx"
      },
      "geometry": {
        "type": "Point",
        "coordinates": [
          -73.921234,
          40.806766
        ]
      }
    },
    {
      "type": "Feature",
      "properties": {
        "tree_id": 459322,
        "dbh": 10.0,
        "health": "Good",
        "species": "littleleaf linden",
        "spc_latin": "Tilia cordata",
        "borough": "Bronx"
      },
      "geometry": {
        "type": "Point",
        "coordinates": [
          -73.915211,
          40.80868
        ]
      }
    },
    {
      "type": "Feature",
      "properties": {
        "tree_id": 437576,
        "dbh": 10.0,
        "health": "Good",
        "species": "littleleaf linden",
        "spc_latin": "Tilia cordata",
        "borough": "Bronx"
      },
      "geometry": {
        "type": "Point",
        "coordinates": [
          -73.918236,
          40.812852
        ]
      }
    },
    {
      "type": "Feature",
      "properties": {
        "tree_id": 444218,
        "dbh": 30.0,
        "health": "Good",
        "species": "northern red oak",
        "spc_latin": "Quercus rubra",
        "borough": "Bronx"
      },
      "geometry": {
        "type": "Point",
        "coordinates": [
          -73.920463,
          40.810649
        ]
      }
    },
    {
      "type": "Feature",
      "properties": {
        "tree_id": 444229,
        "dbh": 9.0,
        "health": "Good",
        "species": "Chinese elm",
        "spc_latin": "Ulmus parvifolia",
        "borough": "Bronx"
      },
      "geometry": {
        "type": "Point",
        "coordinates": [
          -73.918305,
          40.809739
        ]
      }
    },
    {
      "type": "Feature",
      "properties": {
        "tree_id": 460187,
        "dbh": 11.0,
        "health": "Good",
        "species": "honeylocust",
        "spc_latin": "Gleditsia triacanthos var. inermis",
        "borough": "Bronx"
      },
      "geometry": {
        "type": "Point",
        "coordinates": [
          -73.915727,
          40.809367
        ]
      }
    },
    {
      "type": "Feature",
      "properties": {
        "tree_id": 416064,
        "dbh": 25.0,
        "health": "Good",
        "species": "American beech",
        "spc_latin": "Fagus grandifolia",
        "borough": "Bronx"
      },
      "geometry": {
        "type": "Point",
        "coordinates": [
          -73.926278,
          40.811348
        ]
      }
    },
    {
      "type": "Feature",
      "properties": {
        "tree_id": 415537,
        "dbh": 3.0,
        "health": "Good",
        "species": "American beech",
        "spc_latin": "Fagus grandifolia",
        "borough": "Bronx"
      },
      "geometry": {
        "type": "Point",
        "coordinates": [
          -73.925597,
          40.81118
        ]
      }
    },
    {
      "type": "Feature",
      "properties": {
        "tree_id": 460179,
        "dbh": 4.0,
        "health": "Poor",
        "species": "maple",
        "spc_latin": "Acer",
        "borough": "Bronx"
      },
      "geometry": {
        "type": "Point",
        "coordinates": [
          -73.915261,
          40.810126
        ]
      }
    },
    {
      "type": "Feature",
      "properties": {
        "tree_id": 460178,
        "dbh": 4.0,
        "health": "Poor",
        "species": "maple",
        "spc_latin": "Acer",
        "borough": "Bronx"
      },
      "geometry": {
        "type": "Point",
        "coordinates": [
          -73.915226,
          40.810183
        ]
      }
    },
    {
      "type": "Feature",
      "properties": {
        "tree_id": 460662,
        "dbh": 4.0,
        "health": "Good",
        "species": "maple",
        "spc_latin": "Acer",
        "borough": "Bronx"
      },
      "geometry": {
        "type": "Point",
        "coordinates": [
          -73.915452,
          40.811132
        ]
      }
    },
    {
      "type": "Feature",
      "properties": {
        "tree_id": 460180,
        "dbh": 7.0,
        "health": "Good",
        "species": "maple",
        "spc_latin": "Acer",
        "borough": "Bronx"
      },
      "geometry": {
        "type": "Point",
        "coordinates": [
          -73.915391,
          40.809914
        ]
      }
    },
    {
      "type": "Feature",
      "properties": {
        "tree_id": 462194,
        "dbh": 3.0,
        "health": "Good",
        "species": "American linden",
        "spc_latin": "Tilia americana",
        "borough": "Bronx"
      },
      "geometry": {
        "type": "Point",
        "coordinates": [
          -73.91871,
          40.805207
        ]
      }
    },
    {
      "type": "Feature",
      "properties": {
        "tree_id": 438103,
        "dbh": 8.0,
        "health": "Good",
        "species": "Sophora",
        "spc_latin": "Styphnolobium japonicum",
        "borough": "Bronx"
      },
      "geometry": {
        "type": "Point",
        "coordinates": [
          -73.919482,
          40.813565
        ]
      }
    },
    {
      "type": "Feature",
      "properties": {
        "tree_id": 462122,
        "dbh": 10.0,
        "health": "Good",
        "species": "maple",
        "spc_latin": "Acer",
        "borough": "Bronx"
      },
      "geometry": {
        "type": "Point",
        "coordinates": [
          -73.914674,
          40.813202
        ]
      }
    },
    {
      "type": "Feature",
      "properties": {
        "tree_id": 462498,
        "dbh": 8.0,
        "health": "Good",
        "species": "Sophora",
        "spc_latin": "Styphnolobium japonicum",
        "borough": "Bronx"
      },
      "geometry": {
        "type": "Point",
        "coordinates": [
          -73.918158,
          40.807922
        ]
      }
    },
    {
      "type": "Feature",
      "properties": {
        "tree_id": 461996,
        "dbh": 3.0,
        "health": "Fair",
        "species": "white oak",
        "spc_latin": "Quercus alba",
        "borough": "Bronx"
      },
      "geometry": {
        "type": "Point",
        "coordinates": [
          -73.919541,
          40.806981
        ]
      }
    },
    {
      "type": "Feature",
      "properties": {
        "tree_id": 443391,
        "dbh": 6.0,
        "health": "Good",
        "species": "American linden",
        "spc_latin": "Tilia americana",
        "borough": "Bronx"
      },
      "geometry": {
        "type": "Point",
        "coordinates": [
          -73.921786,
          40.806999
        ]
      }
    },
    {
      "type": "Feature",
      "properties": {
        "tree_id": 443394,
        "dbh": 5.0,
        "health": "Good",
        "species": "American linden",
        "spc_latin": "Tilia americana",
        "borough": "Bronx"
      },
      "geometry": {
        "type": "Point",
        "coordinates": [
          -73.92152,
          40.806887
        ]
      }
    },
    {
      "type": "Feature",
      "properties": {
        "tree_id": 439640,
        "dbh": 6.0,
        "health": "Good",
        "species": "Sophora",
        "spc_latin": "Styphnolobium japonicum",
        "borough": "Bronx"
      },
      "geometry": {
        "type": "Point",
        "coordinates": [
          -73.923678,
          40.810251
        ]
      }
    },
    {
      "type": "Feature",
      "properties": {
        "tree_id": 443392,
        "dbh": 6.0,
        "health": "Good",
        "species": "American linden",
        "spc_latin": "Tilia americana",
        "borough": "Bronx"
      },
      "geometry": {
        "type": "Point",
        "coordinates": [
          -73.921662,
          40.806947
        ]
      }
    },
    {
      "type": "Feature",
      "properties": {
        "tree_id": 436647,
        "dbh": 10.0,
        "health": "Good",
        "species": "Sophora",
        "spc_latin": "Styphnolobium japonicum",
        "borough": "Bronx"
      },
      "geometry": {
        "type": "Point",
        "coordinates": [
          -73.921635,
          40.813855
        ]
      }
    },
    {
      "type": "Feature",
      "properties": {
        "tree_id": 436649,
        "dbh": 11.0,
        "health": "Good",
        "species": "Sophora",
        "spc_latin": "Styphnolobium japonicum",
        "borough": "Bronx"
      },
      "geometry": {
        "type": "Point",
        "coordinates": [
          -73.921308,
          40.814023
        ]
      }
    },
    {
      "type": "Feature",
      "properties": {
        "tree_id": 436646,
        "dbh": 7.0,
        "health": "Good",
        "species": "Sophora",
        "spc_latin": "Styphnolobium japonicum",
        "borough": "Bronx"
      },
      "geometry": {
        "type": "Point",
        "coordinates": [
          -73.921771,
          40.813785
        ]
      }
    },
    {
      "type": "Feature",
      "properties": {
        "tree_id": 439643,
        "dbh": 7.0,
        "health": "Good",
        "species": "Sophora",
        "spc_latin": "Styphnolobium japonicum",
        "borough": "Bronx"
      },
      "geometry": {
        "type": "Point",
        "coordinates": [
          -73.923125,
          40.810017
        ]
      }
    },
    {
      "type": "Feature",
      "properties": {
        "tree_id": 443081,
        "dbh": 7.0,
        "health": "Good",
        "species": "Sophora",
        "spc_latin": "Styphnolobium japonicum",
        "borough": "Bronx"
      },
      "geometry": {
        "type": "Point",
        "coordinates": [
          -73.920072,
          40.806529
        ]
      }
    },
    {
      "type": "Feature",
      "properties": {
        "tree_id": 461998,
        "dbh": 3.0,
        "health": "Good",
        "species": "white oak",
        "spc_latin": "Quercus alba",
        "borough": "Bronx"
      },
      "geometry": {
        "type": "Point",
        "coordinates": [
          -73.919468,
          40.807079
        ]
      }
    },
    {
      "type": "Feature",
      "properties": {
        "tree_id": 443002,
        "dbh": 3.0,
        "health": "Fair",
        "species": "cherry",
        "spc_latin": "Prunus",
        "borough": "Bronx"
      },
      "geometry": {
        "type": "Point",
        "coordinates": [
          -73.92273,
          40.806575
        ]
      }
    },
    {
      "type": "Feature",
      "properties": {
        "tree_id": 442699,
        "dbh": 4.0,
        "health": "Good",
        "species": "cherry",
        "spc_latin": "Prunus",
        "borough": "Bronx"
      },
      "geometry": {
        "type": "Point",
        "coordinates": [
          -73.918394,
          40.809651
        ]
      }
    },
    {
      "type": "Feature",
      "properties": {
        "tree_id": 462061,
        "dbh": 4.0,
        "health": "Good",
        "species": "littleleaf linden",
        "spc_latin": "Tilia cordata",
        "borough": "Bronx"
      },
      "geometry": {
        "type": "Point",
        "coordinates": [
          -73.918544,
          40.80644
        ]
      }
    },
    {
      "type": "Feature",
      "properties": {
        "tree_id": 459323,
        "dbh": 11.0,
        "health": "Good",
        "species": "littleleaf linden",
        "spc_latin": "Tilia cordata",
        "borough": "Bronx"
      },
      "geometry": {
        "type": "Point",
        "coordinates": [
          -73.915245,
          40.808624
        ]
      }
    },
    {
      "type": "Feature",
      "properties": {
        "tree_id": 459219,
        "dbh": 5.0,
        "health": "Good",
        "species": "ginkgo",
        "spc_latin": "Ginkgo biloba",
        "borough": "Bronx"
      },
      "geometry": {
        "type": "Point",
        "coordinates": [
          -73.914806,
          40.809591
        ]
      }
    },
    {
      "type": "Feature",
      "properties": {
        "tree_id": 442698,
        "dbh": 4.0,
        "health": "Good",
        "species": "cherry",
        "spc_latin": "Prunus",
        "borough": "Bronx"
      },
      "geometry": {
        "type": "Point",
        "coordinates": [
          -73.918575,
          40.809727
        ]
      }
    },
    {
      "type": "Feature",
      "properties": {
        "tree_id": 443390,
        "dbh": 4.0,
        "health": "Good",
        "species": "Japanese zelkova",
        "spc_latin": "Zelkova serrata",
        "borough": "Bronx"
      },
      "geometry": {
        "type": "Point",
        "coordinates": [
          -73.922278,
          40.807207
        ]
      }
    },
    {
      "type": "Feature",
      "properties": {
        "tree_id": 249326,
        "dbh": 5.0,
        "health": "Fair",
        "species": "black walnut",
        "spc_latin": "Juglans nigra",
        "borough": "Bronx"
      },
      "geometry": {
        "type": "Point",
        "coordinates": [
          -73.926919,
          40.813125
        ]
      }
    },
    {
      "type": "Feature",
      "properties": {
        "tree_id": 444347,
        "dbh": 6.0,
        "health": "Good",
        "species": "Japanese zelkova",
        "spc_latin": "Zelkova serrata",
        "borough": "Bronx"
      },
      "geometry": {
        "type": "Point",
        "coordinates": [
          -73.921244,
          40.81116
        ]
      }
    },
    {
      "type": "Feature",
      "properties": {
        "tree_id": 460360,
        "dbh": 5.0,
        "health": "Good",
        "species": "cherry",
        "spc_latin": "Prunus",
        "borough": "Bronx"
      },
      "geometry": {
        "type": "Point",
        "coordinates": [
          -73.918446,
          40.808162
        ]
      }
    },
    {
      "type": "Feature",
      "properties": {
        "tree_id": 460377,
        "dbh": 5.0,
        "health": "Good",
        "species": "cherry",
        "spc_latin": "Prunus",
        "borough": "Bronx"
      },
      "geometry": {
        "type": "Point",
        "coordinates": [
          -73.918639,
          40.80837
        ]
      }
    },
    {
      "type": "Feature",
      "properties": {
        "tree_id": 459221,
        "dbh": 9.0,
        "health": "Good",
        "species": "ginkgo",
        "spc_latin": "Ginkgo biloba",
        "borough": "Bronx"
      },
      "geometry": {
        "type": "Point",
        "coordinates": [
          -73.914703,
          40.809758
        ]
      }
    },
    {
      "type": "Feature",
      "properties": {
        "tree_id": 459224,
        "dbh": 13.0,
        "health": "Good",
        "species": "ginkgo",
        "spc_latin": "Ginkgo biloba",
        "borough": "Bronx"
      },
      "geometry": {
        "type": "Point",
        "coordinates": [
          -73.914512,
          40.810068
        ]
      }
    },
    {
      "type": "Feature",
      "properties": {
        "tree_id": 460189,
        "dbh": 15.0,
        "health": "Good",
        "species": "ginkgo",
        "spc_latin": "Ginkgo biloba",
        "borough": "Bronx"
      },
      "geometry": {
        "type": "Point",
        "coordinates": [
          -73.915803,
          40.809242
        ]
      }
    },
    {
      "type": "Feature",
      "properties": {
        "tree_id": 460190,
        "dbh": 13.0,
        "health": "Good",
        "species": "ginkgo",
        "spc_latin": "Ginkgo biloba",
        "borough": "Bronx"
      },
      "geometry": {
        "type": "Point",
        "coordinates": [
          -73.915853,
          40.80916
        ]
      }
    },
    {
      "type": "Feature",
      "properties": {
        "tree_id": 459222,
        "dbh": 13.0,
        "health": "Good",
        "species": "honeylocust",
        "spc_latin": "Gleditsia triacanthos var. inermis",
        "borough": "Bronx"
      },
      "geometry": {
        "type": "Point",
        "coordinates": [
          -73.914607,
          40.809915
        ]
      }
    },
    {
      "type": "Feature",
      "properties": {
        "tree_id": 444346,
        "dbh": 14.0,
        "health": "Good",
        "species": "honeylocust",
        "spc_latin": "Gleditsia triacanthos var. inermis",
        "borough": "Bronx"
      },
      "geometry": {
        "type": "Point",
        "coordinates": [
          -73.92115,
          40.81129
        ]
      }
    },
    {
      "type": "Feature",
      "properties": {
        "tree_id": 460359,
        "dbh": 4.0,
        "health": "Good",
        "species": "cherry",
        "spc_latin": "Prunus",
        "borough": "Bronx"
      },
      "geometry": {
        "type": "Point",
        "coordinates": [
          -73.918313,
          40.808106
        ]
      }
    },
    {
      "type": "Feature",
      "properties": {
        "tree_id": 460378,
        "dbh": 5.0,
        "health": "Good",
        "species": "cherry",
        "spc_latin": "Prunus",
        "borough": "Bronx"
      },
      "geometry": {
        "type": "Point",
        "coordinates": [
          -73.918531,
          40.808559
        ]
      }
    },
    {
      "type": "Feature",
      "properties": {
        "tree_id": 439590,
        "dbh": 4.0,
        "health": "Fair",
        "species": "Callery pear",
        "spc_latin": "Pyrus calleryana",
        "borough": "Bronx"
      },
      "geometry": {
        "type": "Point",
        "coordinates": [
          -73.921406,
          40.811336
        ]
      }
    },
    {
      "type": "Feature",
      "properties": {
        "tree_id": 460192,
        "dbh": 10.0,
        "health": "Good",
        "species": "honeylocust",
        "spc_latin": "Gleditsia triacanthos var. inermis",
        "borough": "Bronx"
      },
      "geometry": {
        "type": "Point",
        "coordinates": [
          -73.915919,
          40.809053
        ]
      }
    },
    {
      "type": "Feature",
      "properties": {
        "tree_id": 460191,
        "dbh": 10.0,
        "health": "Good",
        "species": "honeylocust",
        "spc_latin": "Gleditsia triacanthos var. inermis",
        "borough": "Bronx"
      },
      "geometry": {
        "type": "Point",
        "coordinates": [
          -73.915888,
          40.809103
        ]
      }
    },
    {
      "type": "Feature",
      "properties": {
        "tree_id": 439741,
        "dbh": 5.0,
        "health": "Good",
        "species": "littleleaf linden",
        "spc_latin": "Tilia cordata",
        "borough": "Bronx"
      },
      "geometry": {
        "type": "Point",
        "coordinates": [
          -73.923809,
          40.811676
        ]
      }
    },
    {
      "type": "Feature",
      "properties": {
        "tree_id": 437768,
        "dbh": 9.0,
        "health": "Good",
        "species": "littleleaf linden",
        "spc_latin": "Tilia cordata",
        "borough": "Bronx"
      },
      "geometry": {
        "type": "Point",
        "coordinates": [
          -73.91644,
          40.812529
        ]
      }
    },
    {
      "type": "Feature",
      "properties": {
        "tree_id": 442814,
        "dbh": 6.0,
        "health": "Good",
        "species": "cherry",
        "spc_latin": "Prunus",
        "borough": "Bronx"
      },
      "geometry": {
        "type": "Point",
        "coordinates": [
          -73.918349,
          40.809213
        ]
      }
    },
    {
      "type": "Feature",
      "properties": {
        "tree_id": 443575,
        "dbh": 9.0,
        "health": "Good",
        "species": "littleleaf linden",
        "spc_latin": "Tilia cordata",
        "borough": "Bronx"
      },
      "geometry": {
        "type": "Point",
        "coordinates": [
          -73.920593,
          40.808043
        ]
      }
    },
    {
      "type": "Feature",
      "properties": {
        "tree_id": 462059,
        "dbh": 5.0,
        "health": "Good",
        "species": "littleleaf linden",
        "spc_latin": "Tilia cordata",
        "borough": "Bronx"
      },
      "geometry": {
        "type": "Point",
        "coordinates": [
          -73.918292,
          40.806334
        ]
      }
    },
    {
      "type": "Feature",
      "properties": {
        "tree_id": 459363,
        "dbh": 6.0,
        "health": "Good",
        "species": "swamp white oak",
        "spc_latin": "Quercus bicolor",
        "borough": "Bronx"
      },
      "geometry": {
        "type": "Point",
        "coordinates": [
          -73.914673,
          40.808221
        ]
      }
    },
    {
      "type": "Feature",
      "properties": {
        "tree_id": 439611,
        "dbh": 7.0,
        "health": "Good",
        "species": "American linden",
        "spc_latin": "Tilia americana",
        "borough": "Bronx"
      },
      "geometry": {
        "type": "Point",
        "coordinates": [
          -73.924827,
          40.810294
        ]
      }
    },
    {
      "type": "Feature",
      "properties": {
        "tree_id": 444348,
        "dbh": 6.0,
        "health": "Good",
        "species": "Japanese zelkova",
        "spc_latin": "Zelkova serrata",
        "borough": "Bronx"
      },
      "geometry": {
        "type": "Point",
        "coordinates": [
          -73.921289,
          40.811098
        ]
      }
    },
    {
      "type": "Feature",
      "properties": {
        "tree_id": 460758,
        "dbh": 10.0,
        "health": "Good",
        "species": "Siberian elm",
        "spc_latin": "Ulmus pumila",
        "borough": "Bronx"
      },
      "geometry": {
        "type": "Point",
        "coordinates": [
          -73.914716,
          40.811371
        ]
      }
    },
    {
      "type": "Feature",
      "properties": {
        "tree_id": 439592,
        "dbh": 4.0,
        "health": "Good",
        "species": "Callery pear",
        "spc_latin": "Pyrus calleryana",
        "borough": "Bronx"
      },
      "geometry": {
        "type": "Point",
        "coordinates": [
          -73.92151,
          40.811194
        ]
      }
    },
    {
      "type": "Feature",
      "properties": {
        "tree_id": 439642,
        "dbh": 6.0,
        "health": "Good",
        "species": "Sophora",
        "spc_latin": "Styphnolobium japonicum",
        "borough": "Bronx"
      },
      "geometry": {
        "type": "Point",
        "coordinates": [
          -73.923313,
          40.810096
        ]
      }
    },
    {
      "type": "Feature",
      "properties": {
        "tree_id": 439682,
        "dbh": 9.0,
        "health": "Good",
        "species": "Sophora",
        "spc_latin": "Styphnolobium japonicum",
        "borough": "Bronx"
      },
      "geometry": {
        "type": "Point",
        "coordinates": [
          -73.923252,
          40.810194
        ]
      }
    },
    {
      "type": "Feature",
      "properties": {
        "tree_id": 460519,
        "dbh": 7.0,
        "health": "Good",
        "species": "pin oak",
        "spc_latin": "Quercus palustris",
        "borough": "Bronx"
      },
      "geometry": {
        "type": "Point",
        "coordinates": [
          -73.917188,
          40.810258
        ]
      }
    },
    {
      "type": "Feature",
      "properties": {
        "tree_id": 439641,
        "dbh": 7.0,
        "health": "Good",
        "species": "Sophora",
        "spc_latin": "Styphnolobium japonicum",
        "borough": "Bronx"
      },
      "geometry": {
        "type": "Point",
        "coordinates": [
          -73.923488,
          40.81017
        ]
      }
    },
    {
      "type": "Feature",
      "properties": {
        "tree_id": 439589,
        "dbh": 6.0,
        "health": "Good",
        "species": "Callery pear",
        "spc_latin": "Pyrus calleryana",
        "borough": "Bronx"
      },
      "geometry": {
        "type": "Point",
        "coordinates": [
          -73.921353,
          40.811408
        ]
      }
    },
    {
      "type": "Feature",
      "properties": {
        "tree_id": 439591,
        "dbh": 3.0,
        "health": "Fair",
        "species": "Callery pear",
        "spc_latin": "Pyrus calleryana",
        "borough": "Bronx"
      },
      "geometry": {
        "type": "Point",
        "coordinates": [
          -73.921459,
          40.811264
        ]
      }
    },
    {
      "type": "Feature",
      "properties": {
        "tree_id": 460520,
        "dbh": 15.0,
        "health": "Good",
        "species": "pin oak",
        "spc_latin": "Quercus palustris",
        "borough": "Bronx"
      },
      "geometry": {
        "type": "Point",
        "coordinates": [
          -73.917072,
          40.81022
        ]
      }
    },
    {
      "type": "Feature",
      "properties": {
        "tree_id": 460518,
        "dbh": 7.0,
        "health": "Poor",
        "species": "pin oak",
        "spc_latin": "Quercus palustris",
        "borough": "Bronx"
      },
      "geometry": {
        "type": "Point",
        "coordinates": [
          -73.917304,
          40.810297
        ]
      }
    },
    {
      "type": "Feature",
      "properties": {
        "tree_id": 439686,
        "dbh": 8.0,
        "health": "Good",
        "species": "Chinese elm",
        "spc_latin": "Ulmus parvifolia",
        "borough": "Bronx"
      },
      "geometry": {
        "type": "Point",
        "coordinates": [
          -73.923879,
          40.810458
        ]
      }
    },
    {
      "type": "Feature",
      "properties": {
        "tree_id": 460529,
        "dbh": 3.0,
        "health": "Poor",
        "species": "cherry",
        "spc_latin": "Prunus",
        "borough": "Bronx"
      },
      "geometry": {
        "type": "Point",
        "coordinates": [
          -73.915814,
          40.809802
        ]
      }
    },
    {
      "type": "Feature",
      "properties": {
        "tree_id": 460358,
        "dbh": 5.0,
        "health": "Good",
        "species": "cherry",
        "spc_latin": "Prunus",
        "borough": "Bronx"
      },
      "geometry": {
        "type": "Point",
        "coordinates": [
          -73.918098,
          40.808016
        ]
      }
    },
    {
      "type": "Feature",
      "properties": {
        "tree_id": 459223,
        "dbh": 6.0,
        "health": "Good",
        "species": "ginkgo",
        "spc_latin": "Ginkgo biloba",
        "borough": "Bronx"
      },
      "geometry": {
        "type": "Point",
        "coordinates": [
          -73.914563,
          40.809987
        ]
      }
    },
    {
      "type": "Feature",
      "properties": {
        "tree_id": 439613,
        "dbh": 10.0,
        "health": "Good",
        "species": "American linden",
        "spc_latin": "Tilia americana",
        "borough": "Bronx"
      },
      "geometry": {
        "type": "Point",
        "coordinates": [
          -73.924664,
          40.810516
        ]
      }
    },
    {
      "type": "Feature",
      "properties": {
        "tree_id": 439687,
        "dbh": 7.0,
        "health": "Good",
        "species": "Chinese elm",
        "spc_latin": "Ulmus parvifolia",
        "borough": "Bronx"
      },
      "geometry": {
        "type": "Point",
        "coordinates": [
          -73.92396,
          40.810492
        ]
      }
    },
    {
      "type": "Feature",
      "properties": {
        "tree_id": 439612,
        "dbh": 6.0,
        "health": "Good",
        "species": "American linden",
        "spc_latin": "Tilia americana",
        "borough": "Bronx"
      },
      "geometry": {
        "type": "Point",
        "coordinates": [
          -73.924704,
          40.810461
        ]
      }
    },
    {
      "type": "Feature",
      "properties": {
        "tree_id": 442196,
        "dbh": 5.0,
        "health": "Good",
        "species": "Japanese zelkova",
        "spc_latin": "Zelkova serrata",
        "borough": "Bronx"
      },
      "geometry": {
        "type": "Point",
        "coordinates": [
          -73.930359,
          40.813996
        ]
      }
    },
    {
      "type": "Feature",
      "properties": {
        "tree_id": 460522,
        "dbh": 13.0,
        "health": "Good",
        "species": "pin oak",
        "spc_latin": "Quercus palustris",
        "borough": "Bronx"
      },
      "geometry": {
        "type": "Point",
        "coordinates": [
          -73.916874,
          40.810154
        ]
      }
    },
    {
      "type": "Feature",
      "properties": {
        "tree_id": 460666,
        "dbh": 9.0,
        "health": "Good",
        "species": "honeylocust",
        "spc_latin": "Gleditsia triacanthos var. inermis",
        "borough": "Bronx"
      },
      "geometry": {
        "type": "Point",
        "coordinates": [
          -73.915969,
          40.811303
        ]
      }
    },
    {
      "type": "Feature",
      "properties": {
        "tree_id": 460526,
        "dbh": 5.0,
        "health": "Good",
        "species": "pin oak",
        "spc_latin": "Quercus palustris",
        "borough": "Bronx"
      },
      "geometry": {
        "type": "Point",
        "coordinates": [
          -73.916175,
          40.809922
        ]
      }
    },
    {
      "type": "Feature",
      "properties": {
        "tree_id": 460527,
        "dbh": 5.0,
        "health": "Good",
        "species": "pin oak",
        "spc_latin": "Quercus palustris",
        "borough": "Bronx"
      },
      "geometry": {
        "type": "Point",
        "coordinates": [
          -73.916036,
          40.809876
        ]
      }
    },
    {
      "type": "Feature",
      "properties": {
        "tree_id": 459364,
        "dbh": 7.0,
        "health": "Good",
        "species": "pin oak",
        "spc_latin": "Quercus palustris",
        "borough": "Bronx"
      },
      "geometry": {
        "type": "Point",
        "coordinates": [
          -73.914495,
          40.808148
        ]
      }
    },
    {
      "type": "Feature",
      "properties": {
        "tree_id": 459361,
        "dbh": 8.0,
        "health": "Good",
        "species": "pin oak",
        "spc_latin": "Quercus palustris",
        "borough": "Bronx"
      },
      "geometry": {
        "type": "Point",
        "coordinates": [
          -73.914902,
          40.808317
        ]
      }
    },
    {
      "type": "Feature",
      "properties": {
        "tree_id": 460528,
        "dbh": 5.0,
        "health": "Good",
        "species": "pin oak",
        "spc_latin": "Quercus palustris",
        "borough": "Bronx"
      },
      "geometry": {
        "type": "Point",
        "coordinates": [
          -73.915914,
          40.809835
        ]
      }
    },
    {
      "type": "Feature",
      "properties": {
        "tree_id": 460521,
        "dbh": 12.0,
        "health": "Good",
        "species": "pin oak",
        "spc_latin": "Quercus palustris",
        "borough": "Bronx"
      },
      "geometry": {
        "type": "Point",
        "coordinates": [
          -73.916966,
          40.810185
        ]
      }
    },
    {
      "type": "Feature",
      "properties": {
        "tree_id": 460737,
        "dbh": 10.0,
        "health": "Good",
        "species": "pin oak",
        "spc_latin": "Quercus palustris",
        "borough": "Bronx"
      },
      "geometry": {
        "type": "Point",
        "coordinates": [
          -73.915378,
          40.811221
        ]
      }
    },
    {
      "type": "Feature",
      "properties": {
        "tree_id": 460736,
        "dbh": 14.0,
        "health": "Good",
        "species": "pin oak",
        "spc_latin": "Quercus palustris",
        "borough": "Bronx"
      },
      "geometry": {
        "type": "Point",
        "coordinates": [
          -73.915524,
          40.811269
        ]
      }
    },
    {
      "type": "Feature",
      "properties": {
        "tree_id": 444345,
        "dbh": 7.0,
        "health": "Fair",
        "species": "American elm",
        "spc_latin": "Ulmus americana",
        "borough": "Bronx"
      },
      "geometry": {
        "type": "Point",
        "coordinates": [
          -73.921086,
          40.811378
        ]
      }
    },
    {
      "type": "Feature",
      "properties": {
        "tree_id": 443250,
        "dbh": 6.0,
        "health": "Good",
        "species": "red maple",
        "spc_latin": "Acer rubrum",
        "borough": "Bronx"
      },
      "geometry": {
        "type": "Point",
        "coordinates": [
          -73.920427,
          40.806303
        ]
      }
    },
    {
      "type": "Feature",
      "properties": {
        "tree_id": 460738,
        "dbh": 13.0,
        "health": "Good",
        "species": "pin oak",
        "spc_latin": "Quercus palustris",
        "borough": "Bronx"
      },
      "geometry": {
        "type": "Point",
        "coordinates": [
          -73.91518,
          40.811155
        ]
      }
    },
    {
      "type": "Feature",
      "properties": {
        "tree_id": 460381,
        "dbh": 8.0,
        "health": "Good",
        "species": "honeylocust",
        "spc_latin": "Gleditsia triacanthos var. inermis",
        "borough": "Bronx"
      },
      "geometry": {
        "type": "Point",
        "coordinates": [
          -73.918059,
          40.809384
        ]
      }
    },
    {
      "type": "Feature",
      "properties": {
        "tree_id": 439681,
        "dbh": 5.0,
        "health": "Good",
        "species": "Sophora",
        "spc_latin": "Styphnolobium japonicum",
        "borough": "Bronx"
      },
      "geometry": {
        "type": "Point",
        "coordinates": [
          -73.922643,
          40.809937
        ]
      }
    },
    {
      "type": "Feature",
      "properties": {
        "tree_id": 439683,
        "dbh": 9.0,
        "health": "Good",
        "species": "Sophora",
        "spc_latin": "Styphnolobium japonicum",
        "borough": "Bronx"
      },
      "geometry": {
        "type": "Point",
        "coordinates": [
          -73.923385,
          40.81025
        ]
      }
    },
    {
      "type": "Feature",
      "properties": {
        "tree_id": 462363,
        "dbh": 18.0,
        "health": "Good",
        "species": "Sophora",
        "spc_latin": "Styphnolobium japonicum",
        "borough": "Bronx"
      },
      "geometry": {
        "type": "Point",
        "coordinates": [
          -73.917673,
          40.806989
        ]
      }
    },
    {
      "type": "Feature",
      "properties": {
        "tree_id": 443393,
        "dbh": 5.0,
        "health": "Fair",
        "species": "American linden",
        "spc_latin": "Tilia americana",
        "borough": "Bronx"
      },
      "geometry": {
        "type": "Point",
        "coordinates": [
          -73.921601,
          40.806921
        ]
      }
    },
    {
      "type": "Feature",
      "properties": {
        "tree_id": 443007,
        "dbh": 10.0,
        "health": "Good",
        "species": "littleleaf linden",
        "spc_latin": "Tilia cordata",
        "borough": "Bronx"
      },
      "geometry": {
        "type": "Point",
        "coordinates": [
          -73.922002,
          40.806267
        ]
      }
    },
    {
      "type": "Feature",
      "properties": {
        "tree_id": 462118,
        "dbh": 10.0,
        "health": "Good",
        "species": "maple",
        "spc_latin": "Acer",
        "borough": "Bronx"
      },
      "geometry": {
        "type": "Point",
        "coordinates": [
          -73.915405,
          40.813446
        ]
      }
    },
    {
      "type": "Feature",
      "properties": {
        "tree_id": 462121,
        "dbh": 12.0,
        "health": "Good",
        "species": "maple",
        "spc_latin": "Acer",
        "borough": "Bronx"
      },
      "geometry": {
        "type": "Point",
        "coordinates": [
          -73.914806,
          40.813246
        ]
      }
    },
    {
      "type": "Feature",
      "properties": {
        "tree_id": 459313,
        "dbh": 5.0,
        "health": "Good",
        "species": "sawtooth oak",
        "spc_latin": "Quercus acutissima",
        "borough": "Bronx"
      },
      "geometry": {
        "type": "Point",
        "coordinates": [
          -73.914593,
          40.80969
        ]
      }
    },
    {
      "type": "Feature",
      "properties": {
        "tree_id": 462120,
        "dbh": 11.0,
        "health": "Good",
        "species": "maple",
        "spc_latin": "Acer",
        "borough": "Bronx"
      },
      "geometry": {
        "type": "Point",
        "coordinates": [
          -73.914939,
          40.81329
        ]
      }
    },
    {
      "type": "Feature",
      "properties": {
        "tree_id": 442681,
        "dbh": 4.0,
        "health": "Fair",
        "species": "maple",
        "spc_latin": "Acer",
        "borough": "Bronx"
      },
      "geometry": {
        "type": "Point",
        "coordinates": [
          -73.924308,
          40.812479
        ]
      }
    },
    {
      "type": "Feature",
      "properties": {
        "tree_id": 462117,
        "dbh": 8.0,
        "health": "Good",
        "species": "maple",
        "spc_latin": "Acer",
        "borough": "Bronx"
      },
      "geometry": {
        "type": "Point",
        "coordinates": [
          -73.915531,
          40.813487
        ]
      }
    },
    {
      "type": "Feature",
      "properties": {
        "tree_id": 437964,
        "dbh": 4.0,
        "health": "Good",
        "species": "serviceberry",
        "spc_latin": "Amelanchier",
        "borough": "Bronx"
      },
      "geometry": {
        "type": "Point",
        "coordinates": [
          -73.918425,
          40.813753
        ]
      }
    },
    {
      "type": "Feature",
      "properties": {
        "tree_id": 459315,
        "dbh": 6.0,
        "health": "Good",
        "species": "sawtooth oak",
        "spc_latin": "Quercus acutissima",
        "borough": "Bronx"
      },
      "geometry": {
        "type": "Point",
        "coordinates": [
          -73.914716,
          40.809488
        ]
      }
    },
    {
      "type": "Feature",
      "properties": {
        "tree_id": 442190,
        "dbh": 6.0,
        "health": "Poor",
        "species": "green ash",
        "spc_latin": "Fraxinus pennsylvanica",
        "borough": "Bronx"
      },
      "geometry": {
        "type": "Point",
        "coordinates": [
          -73.930318,
          40.813744
        ]
      }
    },
    {
      "type": "Feature",
      "properties": {
        "tree_id": 462362,
        "dbh": 4.0,
        "health": "Good",
        "species": "common hackberry",
        "spc_latin": "Celtis occidentalis",
        "borough": "Bronx"
      },
      "geometry": {
        "type": "Point",
        "coordinates": [
          -73.917791,
          40.807039
        ]
      }
    },
    {
      "type": "Feature",
      "properties": {
        "tree_id": 442188,
        "dbh": 5.0,
        "health": "Poor",
        "species": "green ash",
        "spc_latin": "Fraxinus pennsylvanica",
        "borough": "Bronx"
      },
      "geometry": {
        "type": "Point",
        "coordinates": [
          -73.930134,
          40.814147
        ]
      }
    },
    {
      "type": "Feature",
      "properties": {
        "tree_id": 462063,
        "dbh": 9.0,
        "health": "Good",
        "species": "maple",
        "spc_latin": "Acer",
        "borough": "Bronx"
      },
      "geometry": {
        "type": "Point",
        "coordinates": [
          -73.918882,
          40.806582
        ]
      }
    },
    {
      "type": "Feature",
      "properties": {
        "tree_id": 459321,
        "dbh": 5.0,
        "health": "Good",
        "species": "sawtooth oak",
        "spc_latin": "Quercus acutissima",
        "borough": "Bronx"
      },
      "geometry": {
        "type": "Point",
        "coordinates": [
          -73.915105,
          40.808853
        ]
      }
    },
    {
      "type": "Feature",
      "properties": {
        "tree_id": 462272,
        "dbh": 3.0,
        "health": "Good",
        "species": "littleleaf linden",
        "spc_latin": "Tilia cordata",
        "borough": "Bronx"
      },
      "geometry": {
        "type": "Point",
        "coordinates": [
          -73.918616,
          40.806299
        ]
      }
    },
    {
      "type": "Feature",
      "properties": {
        "tree_id": 460356,
        "dbh": 3.0,
        "health": "Good",
        "species": "littleleaf linden",
        "spc_latin": "Tilia cordata",
        "borough": "Bronx"
      },
      "geometry": {
        "type": "Point",
        "coordinates": [
          -73.917267,
          40.807667
        ]
      }
    },
    {
      "type": "Feature",
      "properties": {
        "tree_id": 436648,
        "dbh": 8.0,
        "health": "Good",
        "species": "Sophora",
        "spc_latin": "Styphnolobium japonicum",
        "borough": "Bronx"
      },
      "geometry": {
        "type": "Point",
        "coordinates": [
          -73.921432,
          40.813959
        ]
      }
    },
    {
      "type": "Feature",
      "properties": {
        "tree_id": 459318,
        "dbh": 6.0,
        "health": "Good",
        "species": "sawtooth oak",
        "spc_latin": "Quercus acutissima",
        "borough": "Bronx"
      },
      "geometry": {
        "type": "Point",
        "coordinates": [
          -73.914886,
          40.809211
        ]
      }
    },
    {
      "type": "Feature",
      "properties": {
        "tree_id": 459320,
        "dbh": 7.0,
        "health": "Good",
        "species": "sawtooth oak",
        "spc_latin": "Quercus acutissima",
        "borough": "Bronx"
      },
      "geometry": {
        "type": "Point",
        "coordinates": [
          -73.915037,
          40.808964
        ]
      }
    },
    {
      "type": "Feature",
      "properties": {
        "tree_id": 459316,
        "dbh": 7.0,
        "health": "Good",
        "species": "sawtooth oak",
        "spc_latin": "Quercus acutissima",
        "borough": "Bronx"
      },
      "geometry": {
        "type": "Point",
        "coordinates": [
          -73.91476,
          40.809416
        ]
      }
    },
    {
      "type": "Feature",
      "properties": {
        "tree_id": 459317,
        "dbh": 6.0,
        "health": "Good",
        "species": "sawtooth oak",
        "spc_latin": "Quercus acutissima",
        "borough": "Bronx"
      },
      "geometry": {
        "type": "Point",
        "coordinates": [
          -73.914844,
          40.809279
        ]
      }
    },
    {
      "type": "Feature",
      "properties": {
        "tree_id": 460362,
        "dbh": 5.0,
        "health": "Good",
        "species": "maple",
        "spc_latin": "Acer",
        "borough": "Bronx"
      },
      "geometry": {
        "type": "Point",
        "coordinates": [
          -73.918563,
          40.808211
        ]
      }
    },
    {
      "type": "Feature",
      "properties": {
        "tree_id": 459319,
        "dbh": 6.0,
        "health": "Good",
        "species": "sawtooth oak",
        "spc_latin": "Quercus acutissima",
        "borough": "Bronx"
      },
      "geometry": {
        "type": "Point",
        "coordinates": [
          -73.914935,
          40.809131
        ]
      }
    },
    {
      "type": "Feature",
      "properties": {
        "tree_id": 460110,
        "dbh": 5.0,
        "health": "Good",
        "species": "maple",
        "spc_latin": "Acer",
        "borough": "Bronx"
      },
      "geometry": {
        "type": "Point",
        "coordinates": [
          -73.91502,
          40.810305
        ]
      }
    },
    {
      "type": "Feature",
      "properties": {
        "tree_id": 459362,
        "dbh": 5.0,
        "health": "Good",
        "species": "sawtooth oak",
        "spc_latin": "Quercus acutissima",
        "borough": "Bronx"
      },
      "geometry": {
        "type": "Point",
        "coordinates": [
          -73.914809,
          40.808278
        ]
      }
    },
    {
      "type": "Feature",
      "properties": {
        "tree_id": 459314,
        "dbh": 5.0,
        "health": "Good",
        "species": "sawtooth oak",
        "spc_latin": "Quercus acutissima",
        "borough": "Bronx"
      },
      "geometry": {
        "type": "Point",
        "coordinates": [
          -73.914655,
          40.809588
        ]
      }
    },
    {
      "type": "Feature",
      "properties": {
        "tree_id": 444318,
        "dbh": 6.0,
        "health": "Fair",
        "species": "silver maple",
        "spc_latin": "Acer saccharinum",
        "borough": "Bronx"
      },
      "geometry": {
        "type": "Point",
        "coordinates": [
          -73.919061,
          40.810776
        ]
      }
    },
    {
      "type": "Feature",
      "properties": {
        "tree_id": 460524,
        "dbh": 3.0,
        "health": "Good",
        "species": "maple",
        "spc_latin": "Acer",
        "borough": "Bronx"
      },
      "geometry": {
        "type": "Point",
        "coordinates": [
          -73.916553,
          40.810047
        ]
      }
    },
    {
      "type": "Feature",
      "properties": {
        "tree_id": 460379,
        "dbh": 4.0,
        "health": "Good",
        "species": "maple",
        "spc_latin": "Acer",
        "borough": "Bronx"
      },
      "geometry": {
        "type": "Point",
        "coordinates": [
          -73.918178,
          40.809175
        ]
      }
    },
    {
      "type": "Feature",
      "properties": {
        "tree_id": 442827,
        "dbh": 4.0,
        "health": "Good",
        "species": "American linden",
        "spc_latin": "Tilia americana",
        "borough": "Bronx"
      },
      "geometry": {
        "type": "Point",
        "coordinates": [
          -73.92305,
          40.808655
        ]
      }
    },
    {
      "type": "Feature",
      "properties": {
        "tree_id": 444220,
        "dbh": 6.0,
        "health": "Fair",
        "species": "serviceberry",
        "spc_latin": "Amelanchier",
        "borough": "Bronx"
      },
      "geometry": {
        "type": "Point",
        "coordinates": [
          -73.920057,
          40.810478
        ]
      }
    },
    {
      "type": "Feature",
      "properties": {
        "tree_id": 460290,
        "dbh": 5.0,
        "health": "Good",
        "species": "cherry",
        "spc_latin": "Prunus",
        "borough": "Bronx"
      },
      "geometry": {
        "type": "Point",
        "coordinates": [
          -73.916992,
          40.807673
        ]
      }
    },
    {
      "type": "Feature",
      "properties": {
        "tree_id": 462836,
        "dbh": 6.0,
        "health": "Good",
        "species": "cockspur hawthorn",
        "spc_latin": "Crataegus crusgalli var. inermis",
        "borough": "Bronx"
      },
      "geometry": {
        "type": "Point",
        "coordinates": [
          -73.915082,
          40.80662
        ]
      }
    },
    {
      "type": "Feature",
      "properties": {
        "tree_id": 442826,
        "dbh": 11.0,
        "health": "Good",
        "species": "honeylocust",
        "spc_latin": "Gleditsia triacanthos var. inermis",
        "borough": "Bronx"
      },
      "geometry": {
        "type": "Point",
        "coordinates": [
          -73.919626,
          40.807138
        ]
      }
    },
    {
      "type": "Feature",
      "properties": {
        "tree_id": 462837,
        "dbh": 4.0,
        "health": "Fair",
        "species": "cockspur hawthorn",
        "spc_latin": "Crataegus crusgalli var. inermis",
        "borough": "Bronx"
      },
      "geometry": {
        "type": "Point",
        "coordinates": [
          -73.914936,
          40.806558
        ]
      }
    },
    {
      "type": "Feature",
      "properties": {
        "tree_id": 460404,
        "dbh": 3.0,
        "health": "Good",
        "species": "cherry",
        "spc_latin": "Prunus",
        "borough": "Bronx"
      },
      "geometry": {
        "type": "Point",
        "coordinates": [
          -73.91775,
          40.80938
        ]
      }
    },
    {
      "type": "Feature",
      "properties": {
        "tree_id": 442828,
        "dbh": 5.0,
        "health": "Good",
        "species": "Japanese zelkova",
        "spc_latin": "Zelkova serrata",
        "borough": "Bronx"
      },
      "geometry": {
        "type": "Point",
        "coordinates": [
          -73.923193,
          40.808461
        ]
      }
    },
    {
      "type": "Feature",
      "properties": {
        "tree_id": 460380,
        "dbh": 9.0,
        "health": "Good",
        "species": "honeylocust",
        "spc_latin": "Gleditsia triacanthos var. inermis",
        "borough": "Bronx"
      },
      "geometry": {
        "type": "Point",
        "coordinates": [
          -73.918118,
          40.809281
        ]
      }
    },
    {
      "type": "Feature",
      "properties": {
        "tree_id": 460357,
        "dbh": 3.0,
        "health": "Good",
        "species": "littleleaf linden",
        "spc_latin": "Tilia cordata",
        "borough": "Bronx"
      },
      "geometry": {
        "type": "Point",
        "coordinates": [
          -73.917678,
          40.807839
        ]
      }
    },
    {
      "type": "Feature",
      "properties": {
        "tree_id": 462839,
        "dbh": 5.0,
        "health": "Good",
        "species": "hedge maple",
        "spc_latin": "Acer campestre",
        "borough": "Bronx"
      },
      "geometry": {
        "type": "Point",
        "coordinates": [
          -73.914654,
          40.806439
        ]
      }
    },
    {
      "type": "Feature",
      "properties": {
        "tree_id": 442825,
        "dbh": 4.0,
        "health": "Fair",
        "species": "hedge maple",
        "spc_latin": "Acer campestre",
        "borough": "Bronx"
      },
      "geometry": {
        "type": "Point",
        "coordinates": [
          -73.919539,
          40.807258
        ]
      }
    },
    {
      "type": "Feature",
      "properties": {
        "tree_id": 442682,
        "dbh": 4.0,
        "health": "Fair",
        "species": "maple",
        "spc_latin": "Acer",
        "borough": "Bronx"
      },
      "geometry": {
        "type": "Point",
        "coordinates": [
          -73.924178,
          40.812546
        ]
      }
    },
    {
      "type": "Feature",
      "properties": {
        "tree_id": 460285,
        "dbh": 15.0,
        "health": "Good",
        "species": "honeylocust",
        "spc_latin": "Gleditsia triacanthos var. inermis",
        "borough": "Bronx"
      },
      "geometry": {
        "type": "Point",
        "coordinates": [
          -73.916514,
          40.808397
        ]
      }
    },
    {
      "type": "Feature",
      "properties": {
        "tree_id": 442189,
        "dbh": 5.0,
        "health": "Poor",
        "species": "green ash",
        "spc_latin": "Fraxinus pennsylvanica",
        "borough": "Bronx"
      },
      "geometry": {
        "type": "Point",
        "coordinates": [
          -73.930294,
          40.813796
        ]
      }
    },
    {
      "type": "Feature",
      "properties": {
        "tree_id": 460363,
        "dbh": 5.0,
        "health": "Good",
        "species": "maple",
        "spc_latin": "Acer",
        "borough": "Bronx"
      },
      "geometry": {
        "type": "Point",
        "coordinates": [
          -73.91862,
          40.808235
        ]
      }
    },
    {
      "type": "Feature",
      "properties": {
        "tree_id": 460407,
        "dbh": 6.0,
        "health": "Good",
        "species": "honeylocust",
        "spc_latin": "Gleditsia triacanthos var. inermis",
        "borough": "Bronx"
      },
      "geometry": {
        "type": "Point",
        "coordinates": [
          -73.917115,
          40.809113
        ]
      }
    },
    {
      "type": "Feature",
      "properties": {
        "tree_id": 460286,
        "dbh": 17.0,
        "health": "Good",
        "species": "honeylocust",
        "spc_latin": "Gleditsia triacanthos var. inermis",
        "borough": "Bronx"
      },
      "geometry": {
        "type": "Point",
        "coordinates": [
          -73.916595,
          40.808265
        ]
      }
    },
    {
      "type": "Feature",
      "properties": {
        "tree_id": 460288,
        "dbh": 16.0,
        "health": "Good",
        "species": "honeylocust",
        "spc_latin": "Gleditsia triacanthos var. inermis",
        "borough": "Bronx"
      },
      "geometry": {
        "type": "Point",
        "coordinates": [
          -73.916737,
          40.808046
        ]
      }
    },
    {
      "type": "Feature",
      "properties": {
        "tree_id": 460284,
        "dbh": 13.0,
        "health": "Good",
        "species": "honeylocust",
        "spc_latin": "Gleditsia triacanthos var. inermis",
        "borough": "Bronx"
      },
      "geometry": {
        "type": "Point",
        "coordinates": [
          -73.916389,
          40.808604
        ]
      }
    },
    {
      "type": "Feature",
      "properties": {
        "tree_id": 463029,
        "dbh": 6.0,
        "health": "Good",
        "species": "ash",
        "spc_latin": "Fraxinus",
        "borough": "Bronx"
      },
      "geometry": {
        "type": "Point",
        "coordinates": [
          -73.918366,
          40.805394
        ]
      }
    },
    {
      "type": "Feature",
      "properties": {
        "tree_id": 439610,
        "dbh": 11.0,
        "health": "Good",
        "species": "Sophora",
        "spc_latin": "Styphnolobium japonicum",
        "borough": "Bronx"
      },
      "geometry": {
        "type": "Point",
        "coordinates": [
          -73.924889,
          40.81021
        ]
      }
    },
    {
      "type": "Feature",
      "properties": {
        "tree_id": 462119,
        "dbh": 12.0,
        "health": "Good",
        "species": "Siberian elm",
        "spc_latin": "Ulmus pumila",
        "borough": "Bronx"
      },
      "geometry": {
        "type": "Point",
        "coordinates": [
          -73.915064,
          40.813332
        ]
      }
    },
    {
      "type": "Feature",
      "properties": {
        "tree_id": 415538,
        "dbh": 9.0,
        "health": "Good",
        "species": "Japanese tree lilac",
        "spc_latin": "Syringa reticulata",
        "borough": "Bronx"
      },
      "geometry": {
        "type": "Point",
        "coordinates": [
          -73.92602,
          40.811359
        ]
      }
    },
    {
      "type": "Feature",
      "properties": {
        "tree_id": 460355,
        "dbh": 4.0,
        "health": "Good",
        "species": "littleleaf linden",
        "spc_latin": "Tilia cordata",
        "borough": "Bronx"
      },
      "geometry": {
        "type": "Point",
        "coordinates": [
          -73.917159,
          40.807621
        ]
      }
    },
    {
      "type": "Feature",
      "properties": {
        "tree_id": 460289,
        "dbh": 6.0,
        "health": "Good",
        "species": "Sophora",
        "spc_latin": "Styphnolobium japonicum",
        "borough": "Bronx"
      },
      "geometry": {
        "type": "Point",
        "coordinates": [
          -73.916798,
          40.807956
        ]
      }
    },
    {
      "type": "Feature",
      "properties": {
        "tree_id": 460406,
        "dbh": 3.0,
        "health": "Good",
        "species": "maple",
        "spc_latin": "Acer",
        "borough": "Bronx"
      },
      "geometry": {
        "type": "Point",
        "coordinates": [
          -73.917434,
          40.809247
        ]
      }
    },
    {
      "type": "Feature",
      "properties": {
        "tree_id": 462838,
        "dbh": 4.0,
        "health": "Good",
        "species": "hedge maple",
        "spc_latin": "Acer campestre",
        "borough": "Bronx"
      },
      "geometry": {
        "type": "Point",
        "coordinates": [
          -73.914768,
          40.806487
        ]
      }
    },
    {
      "type": "Feature",
      "properties": {
        "tree_id": 415539,
        "dbh": 7.0,
        "health": "Good",
        "species": "Japanese tree lilac",
        "spc_latin": "Syringa reticulata",
        "borough": "Bronx"
      },
      "geometry": {
        "type": "Point",
        "coordinates": [
          -73.926115,
          40.811399
        ]
      }
    },
    {
      "type": "Feature",
      "properties": {
        "tree_id": 460405,
        "dbh": 10.0,
        "health": "Good",
        "species": "honeylocust",
        "spc_latin": "Gleditsia triacanthos var. inermis",
        "borough": "Bronx"
      },
      "geometry": {
        "type": "Point",
        "coordinates": [
          -73.917589,
          40.809312
        ]
      }
    },
    {
      "type": "Feature",
      "properties": {
        "tree_id": 442841,
        "dbh": 18.0,
        "health": "Good",
        "species": "scarlet oak",
        "spc_latin": "Quercus coccinea",
        "borough": "Bronx"
      },
      "geometry": {
        "type": "Point",
        "coordinates": [
          -73.920176,
          40.807606
        ]
      }
    },
    {
      "type": "Feature",
      "properties": {
        "tree_id": 463030,
        "dbh": 4.0,
        "health": "Fair",
        "species": "littleleaf linden",
        "spc_latin": "Tilia cordata",
        "borough": "Bronx"
      },
      "geometry": {
        "type": "Point",
        "coordinates": [
          -73.918177,
          40.80566
        ]
      }
    },
    {
      "type": "Feature",
      "properties": {
        "tree_id": 524720,
        "dbh": 2.0,
        "health": "Good",
        "species": "littleleaf linden",
        "spc_latin": "Tilia cordata",
        "borough": "Bronx"
      },
      "geometry": {
        "type": "Point",
        "coordinates": [
          -73.917487,
          40.802919
        ]
      }
    },
    {
      "type": "Feature",
      "properties": {
        "tree_id": 460287,
        "dbh": 6.0,
        "health": "Good",
        "species": "Sophora",
        "spc_latin": "Styphnolobium japonicum",
        "borough": "Bronx"
      },
      "geometry": {
        "type": "Point",
        "coordinates": [
          -73.916666,
          40.808153
        ]
      }
    },
    {
      "type": "Feature",
      "properties": {
        "tree_id": 524721,
        "dbh": 2.0,
        "health": "Good",
        "species": "littleleaf linden",
        "spc_latin": "Tilia cordata",
        "borough": "Bronx"
      },
      "geometry": {
        "type": "Point",
        "coordinates": [
          -73.917523,
          40.80287
        ]
      }
    },
    {
      "type": "Feature",
      "properties": {
        "tree_id": 462273,
        "dbh": 4.0,
        "health": "Good",
        "species": "serviceberry",
        "spc_latin": "Amelanchier",
        "borough": "Bronx"
      },
      "geometry": {
        "type": "Point",
        "coordinates": [
          -73.919396,
          40.806628
        ]
      }
    },
    {
      "type": "Feature",
      "properties": {
        "tree_id": 442790,
        "dbh": 3.0,
        "health": "Poor",
        "species": "Cornelian cherry",
        "spc_latin": "Cornus mas",
        "borough": "Bronx"
      },
      "geometry": {
        "type": "Point",
        "coordinates": [
          -73.930258,
          40.812212
        ]
      }
    },
    {
      "type": "Feature",
      "properties": {
        "tree_id": 460361,
        "dbh": 5.0,
        "health": "Good",
        "species": "shingle oak",
        "spc_latin": "Quercus imbricaria",
        "borough": "Bronx"
      },
      "geometry": {
        "type": "Point",
        "coordinates": [
          -73.918509,
          40.808188
        ]
      }
    },
    {
      "type": "Feature",
      "properties": {
        "tree_id": 460450,
        "dbh": 11.0,
        "health": "Good",
        "species": "pin oak",
        "spc_latin": "Quercus palustris",
        "borough": "Bronx"
      },
      "geometry": {
        "type": "Point",
        "coordinates": [
          -73.91743,
          40.809369
        ]
      }
    },
    {
      "type": "Feature",
      "properties": {
        "tree_id": 460448,
        "dbh": 11.0,
        "health": "Good",
        "species": "pin oak",
        "spc_latin": "Quercus palustris",
        "borough": "Bronx"
      },
      "geometry": {
        "type": "Point",
        "coordinates": [
          -73.916828,
          40.809118
        ]
      }
    },
    {
      "type": "Feature",
      "properties": {
        "tree_id": 460447,
        "dbh": 12.0,
        "health": "Good",
        "species": "pin oak",
        "spc_latin": "Quercus palustris",
        "borough": "Bronx"
      },
      "geometry": {
        "type": "Point",
        "coordinates": [
          -73.916718,
          40.809072
        ]
      }
    },
    {
      "type": "Feature",
      "properties": {
        "tree_id": 524722,
        "dbh": 2.0,
        "health": "Good",
        "species": "littleleaf linden",
        "spc_latin": "Tilia cordata",
        "borough": "Bronx"
      },
      "geometry": {
        "type": "Point",
        "coordinates": [
          -73.917568,
          40.802807
        ]
      }
    },
    {
      "type": "Feature",
      "properties": {
        "tree_id": 551581,
        "dbh": 5.0,
        "health": "Good",
        "species": "honeylocust",
        "spc_latin": "Gleditsia triacanthos var. inermis",
        "borough": "Bronx"
      },
      "geometry": {
        "type": "Point",
        "coordinates": [
          -73.918997,
          40.808399
        ]
      }
    },
    {
      "type": "Feature",
      "properties": {
        "tree_id": 551588,
        "dbh": 11.0,
        "health": "Good",
        "species": "honeylocust",
        "spc_latin": "Gleditsia triacanthos var. inermis",
        "borough": "Bronx"
      },
      "geometry": {
        "type": "Point",
        "coordinates": [
          -73.919978,
          40.808813
        ]
      }
    },
    {
      "type": "Feature",
      "properties": {
        "tree_id": 460449,
        "dbh": 3.0,
        "health": "Poor",
        "species": "cherry",
        "spc_latin": "Prunus",
        "borough": "Bronx"
      },
      "geometry": {
        "type": "Point",
        "coordinates": [
          -73.917161,
          40.809257
        ]
      }
    },
    {
      "type": "Feature",
      "properties": {
        "tree_id": 551586,
        "dbh": 11.0,
        "health": "Good",
        "species": "honeylocust",
        "spc_latin": "Gleditsia triacanthos var. inermis",
        "borough": "Bronx"
      },
      "geometry": {
        "type": "Point",
        "coordinates": [
          -73.919759,
          40.80872
        ]
      }
    },
    {
      "type": "Feature",
      "properties": {
        "tree_id": 551589,
        "dbh": 11.0,
        "health": "Good",
        "species": "honeylocust",
        "spc_latin": "Gleditsia triacanthos var. inermis",
        "borough": "Bronx"
      },
      "geometry": {
        "type": "Point",
        "coordinates": [
          -73.920105,
          40.808866
        ]
      }
    },
    {
      "type": "Feature",
      "properties": {
        "tree_id": 551580,
        "dbh": 5.0,
        "health": "Good",
        "species": "honeylocust",
        "spc_latin": "Gleditsia triacanthos var. inermis",
        "borough": "Bronx"
      },
      "geometry": {
        "type": "Point",
        "coordinates": [
          -73.918933,
          40.808372
        ]
      }
    },
    {
      "type": "Feature",
      "properties": {
        "tree_id": 551587,
        "dbh": 2.0,
        "health": "Poor",
        "species": "honeylocust",
        "spc_latin": "Gleditsia triacanthos var. inermis",
        "borough": "Bronx"
      },
      "geometry": {
        "type": "Point",
        "coordinates": [
          -73.919827,
          40.808749
        ]
      }
    },
    {
      "type": "Feature",
      "properties": {
        "tree_id": 551590,
        "dbh": 6.0,
        "health": "Good",
        "species": "honeylocust",
        "spc_latin": "Gleditsia triacanthos var. inermis",
        "borough": "Bronx"
      },
      "geometry": {
        "type": "Point",
        "coordinates": [
          -73.920262,
          40.808933
        ]
      }
    },
    {
      "type": "Feature",
      "properties": {
        "tree_id": 551591,
        "dbh": 6.0,
        "health": "Good",
        "species": "honeylocust",
        "spc_latin": "Gleditsia triacanthos var. inermis",
        "borough": "Bronx"
      },
      "geometry": {
        "type": "Point",
        "coordinates": [
          -73.920382,
          40.808983
        ]
      }
    },
    {
      "type": "Feature",
      "properties": {
        "tree_id": 551583,
        "dbh": 6.0,
        "health": "Good",
        "species": "honeylocust",
        "spc_latin": "Gleditsia triacanthos var. inermis",
        "borough": "Bronx"
      },
      "geometry": {
        "type": "Point",
        "coordinates": [
          -73.919483,
          40.808604
        ]
      }
    },
    {
      "type": "Feature",
      "properties": {
        "tree_id": 551584,
        "dbh": 6.0,
        "health": "Good",
        "species": "honeylocust",
        "spc_latin": "Gleditsia triacanthos var. inermis",
        "borough": "Bronx"
      },
      "geometry": {
        "type": "Point",
        "coordinates": [
          -73.919578,
          40.808644
        ]
      }
    },
    {
      "type": "Feature",
      "properties": {
        "tree_id": 551592,
        "dbh": 5.0,
        "health": "Good",
        "species": "honeylocust",
        "spc_latin": "Gleditsia triacanthos var. inermis",
        "borough": "Bronx"
      },
      "geometry": {
        "type": "Point",
        "coordinates": [
          -73.920502,
          40.809034
        ]
      }
    },
    {
      "type": "Feature",
      "properties": {
        "tree_id": 551597,
        "dbh": 21.0,
        "health": "Good",
        "species": "black oak",
        "spc_latin": "Quercus velutina",
        "borough": "Bronx"
      },
      "geometry": {
        "type": "Point",
        "coordinates": [
          -73.921536,
          40.80947
        ]
      }
    },
    {
      "type": "Feature",
      "properties": {
        "tree_id": 551585,
        "dbh": 11.0,
        "health": "Good",
        "species": "honeylocust",
        "spc_latin": "Gleditsia triacanthos var. inermis",
        "borough": "Bronx"
      },
      "geometry": {
        "type": "Point",
        "coordinates": [
          -73.919667,
          40.808682
        ]
      }
    },
    {
      "type": "Feature",
      "properties": {
        "tree_id": 460453,
        "dbh": 4.0,
        "health": "Good",
        "species": "cherry",
        "spc_latin": "Prunus",
        "borough": "Bronx"
      },
      "geometry": {
        "type": "Point",
        "coordinates": [
          -73.917845,
          40.809542
        ]
      }
    },
    {
      "type": "Feature",
      "properties": {
        "tree_id": 551593,
        "dbh": 3.0,
        "health": "Good",
        "species": "sugar maple",
        "spc_latin": "Acer saccharum",
        "borough": "Bronx"
      },
      "geometry": {
        "type": "Point",
        "coordinates": [
          -73.920844,
          40.809178
        ]
      }
    },
    {
      "type": "Feature",
      "properties": {
        "tree_id": 551559,
        "dbh": 12.0,
        "health": "Good",
        "species": "honeylocust",
        "spc_latin": "Gleditsia triacanthos var. inermis",
        "borough": "Bronx"
      },
      "geometry": {
        "type": "Point",
        "coordinates": [
          -73.914927,
          40.805824
        ]
      }
    },
    {
      "type": "Feature",
      "properties": {
        "tree_id": 551561,
        "dbh": 12.0,
        "health": "Good",
        "species": "honeylocust",
        "spc_latin": "Gleditsia triacanthos var. inermis",
        "borough": "Bronx"
      },
      "geometry": {
        "type": "Point",
        "coordinates": [
          -73.91519,
          40.805935
        ]
      }
    },
    {
      "type": "Feature",
      "properties": {
        "tree_id": 551563,
        "dbh": 16.0,
        "health": "Good",
        "species": "honeylocust",
        "spc_latin": "Gleditsia triacanthos var. inermis",
        "borough": "Bronx"
      },
      "geometry": {
        "type": "Point",
        "coordinates": [
          -73.91551,
          40.80607
        ]
      }
    },
    {
      "type": "Feature",
      "properties": {
        "tree_id": 551560,
        "dbh": 16.0,
        "health": "Good",
        "species": "honeylocust",
        "spc_latin": "Gleditsia triacanthos var. inermis",
        "borough": "Bronx"
      },
      "geometry": {
        "type": "Point",
        "coordinates": [
          -73.91507,
          40.805884
        ]
      }
    },
    {
      "type": "Feature",
      "properties": {
        "tree_id": 551562,
        "dbh": 15.0,
        "health": "Good",
        "species": "honeylocust",
        "spc_latin": "Gleditsia triacanthos var. inermis",
        "borough": "Bronx"
      },
      "geometry": {
        "type": "Point",
        "coordinates": [
          -73.915308,
          40.805984
        ]
      }
    },
    {
      "type": "Feature",
      "properties": {
        "tree_id": 551564,
        "dbh": 14.0,
        "health": "Good",
        "species": "honeylocust",
        "spc_latin": "Gleditsia triacanthos var. inermis",
        "borough": "Bronx"
      },
      "geometry": {
        "type": "Point",
        "coordinates": [
          -73.915638,
          40.806124
        ]
      }
    },
    {
      "type": "Feature",
      "properties": {
        "tree_id": 443139,
        "dbh": 3.0,
        "health": "Good",
        "species": "'Schubert' chokecherry",
        "spc_latin": "Prunus virginiana",
        "borough": "Bronx"
      },
      "geometry": {
        "type": "Point",
        "coordinates": [
          -73.921057,
          40.806416
        ]
      }
    },
    {
      "type": "Feature",
      "properties": {
        "tree_id": 551566,
        "dbh": 5.0,
        "health": "Good",
        "species": "green ash",
        "spc_latin": "Fraxinus pennsylvanica",
        "borough": "Bronx"
      },
      "geometry": {
        "type": "Point",
        "coordinates": [
          -73.916081,
          40.806311
        ]
      }
    },
    {
      "type": "Feature",
      "properties": {
        "tree_id": 551565,
        "dbh": 5.0,
        "health": "Good",
        "species": "green ash",
        "spc_latin": "Fraxinus pennsylvanica",
        "borough": "Bronx"
      },
      "geometry": {
        "type": "Point",
        "coordinates": [
          -73.9159,
          40.806234
        ]
      }
    },
    {
      "type": "Feature",
      "properties": {
        "tree_id": 551594,
        "dbh": 7.0,
        "health": "Good",
        "species": "flowering dogwood",
        "spc_latin": "Cornus florida",
        "borough": "Bronx"
      },
      "geometry": {
        "type": "Point",
        "coordinates": [
          -73.920898,
          40.809201
        ]
      }
    },
    {
      "type": "Feature",
      "properties": {
        "tree_id": 551569,
        "dbh": 5.0,
        "health": "Good",
        "species": "littleleaf linden",
        "spc_latin": "Tilia cordata",
        "borough": "Bronx"
      },
      "geometry": {
        "type": "Point",
        "coordinates": [
          -73.915188,
          40.80476
        ]
      }
    },
    {
      "type": "Feature",
      "properties": {
        "tree_id": 551554,
        "dbh": 12.0,
        "health": "Good",
        "species": "Callery pear",
        "spc_latin": "Pyrus calleryana",
        "borough": "Bronx"
      },
      "geometry": {
        "type": "Point",
        "coordinates": [
          -73.914704,
          40.806583
        ]
      }
    },
    {
      "type": "Feature",
      "properties": {
        "tree_id": 462188,
        "dbh": 6.0,
        "health": "Good",
        "species": "Oklahoma redbud",
        "spc_latin": "Cercis reniformis",
        "borough": "Bronx"
      },
      "geometry": {
        "type": "Point",
        "coordinates": [
          -73.914723,
          40.812554
        ]
      }
    },
    {
      "type": "Feature",
      "properties": {
        "tree_id": 551551,
        "dbh": 5.0,
        "health": "Good",
        "species": "black oak",
        "spc_latin": "Quercus velutina",
        "borough": "Bronx"
      },
      "geometry": {
        "type": "Point",
        "coordinates": [
          -73.915449,
          40.806898
        ]
      }
    },
    {
      "type": "Feature",
      "properties": {
        "tree_id": 551553,
        "dbh": 5.0,
        "health": "Good",
        "species": "black oak",
        "spc_latin": "Quercus velutina",
        "borough": "Bronx"
      },
      "geometry": {
        "type": "Point",
        "coordinates": [
          -73.915107,
          40.806753
        ]
      }
    },
    {
      "type": "Feature",
      "properties": {
        "tree_id": 551598,
        "dbh": 18.0,
        "health": "Good",
        "species": "black oak",
        "spc_latin": "Quercus velutina",
        "borough": "Bronx"
      },
      "geometry": {
        "type": "Point",
        "coordinates": [
          -73.92166,
          40.809522
        ]
      }
    },
    {
      "type": "Feature",
      "properties": {
        "tree_id": 551570,
        "dbh": 5.0,
        "health": "Good",
        "species": "American linden",
        "spc_latin": "Tilia americana",
        "borough": "Bronx"
      },
      "geometry": {
        "type": "Point",
        "coordinates": [
          -73.91526,
          40.804662
        ]
      }
    },
    {
      "type": "Feature",
      "properties": {
        "tree_id": 551555,
        "dbh": 10.0,
        "health": "Good",
        "species": "Callery pear",
        "spc_latin": "Pyrus calleryana",
        "borough": "Bronx"
      },
      "geometry": {
        "type": "Point",
        "coordinates": [
          -73.914602,
          40.80654
        ]
      }
    },
    {
      "type": "Feature",
      "properties": {
        "tree_id": 551571,
        "dbh": 2.0,
        "health": "Good",
        "species": "honeylocust",
        "spc_latin": "Gleditsia triacanthos var. inermis",
        "borough": "Bronx"
      },
      "geometry": {
        "type": "Point",
        "coordinates": [
          -73.915366,
          40.804515
        ]
      }
    },
    {
      "type": "Feature",
      "properties": {
        "tree_id": 551575,
        "dbh": 2.0,
        "health": "Good",
        "species": "honeylocust",
        "spc_latin": "Gleditsia triacanthos var. inermis",
        "borough": "Bronx"
      },
      "geometry": {
        "type": "Point",
        "coordinates": [
          -73.91578,
          40.803947
        ]
      }
    },
    {
      "type": "Feature",
      "properties": {
        "tree_id": 551549,
        "dbh": 5.0,
        "health": "Good",
        "species": "northern red oak",
        "spc_latin": "Quercus rubra",
        "borough": "Bronx"
      },
      "geometry": {
        "type": "Point",
        "coordinates": [
          -73.915701,
          40.807004
        ]
      }
    },
    {
      "type": "Feature",
      "properties": {
        "tree_id": 551599,
        "dbh": 22.0,
        "health": "Good",
        "species": "pin oak",
        "spc_latin": "Quercus palustris",
        "borough": "Bronx"
      },
      "geometry": {
        "type": "Point",
        "coordinates": [
          -73.921926,
          40.809634
        ]
      }
    },
    {
      "type": "Feature",
      "properties": {
        "tree_id": 551572,
        "dbh": 2.0,
        "health": "Good",
        "species": "honeylocust",
        "spc_latin": "Gleditsia triacanthos var. inermis",
        "borough": "Bronx"
      },
      "geometry": {
        "type": "Point",
        "coordinates": [
          -73.915545,
          40.80427
        ]
      }
    },
    {
      "type": "Feature",
      "properties": {
        "tree_id": 551574,
        "dbh": 4.0,
        "health": "Fair",
        "species": "American linden",
        "spc_latin": "Tilia americana",
        "borough": "Bronx"
      },
      "geometry": {
        "type": "Point",
        "coordinates": [
          -73.915657,
          40.804116
        ]
      }
    },
    {
      "type": "Feature",
      "properties": {
        "tree_id": 551573,
        "dbh": 3.0,
        "health": "Fair",
        "species": "American linden",
        "spc_latin": "Tilia americana",
        "borough": "Bronx"
      },
      "geometry": {
        "type": "Point",
        "coordinates": [
          -73.915623,
          40.804162
        ]
      }
    },
    {
      "type": "Feature",
      "properties": {
        "tree_id": 551550,
        "dbh": 6.0,
        "health": "Good",
        "species": "pin oak",
        "spc_latin": "Quercus palustris",
        "borough": "Bronx"
      },
      "geometry": {
        "type": "Point",
        "coordinates": [
          -73.915583,
          40.806954
        ]
      }
    },
    {
      "type": "Feature",
      "properties": {
        "tree_id": 551596,
        "dbh": 21.0,
        "health": "Good",
        "species": "pin oak",
        "spc_latin": "Quercus palustris",
        "borough": "Bronx"
      },
      "geometry": {
        "type": "Point",
        "coordinates": [
          -73.921377,
          40.809403
        ]
      }
    },
    {
      "type": "Feature",
      "properties": {
        "tree_id": 443254,
        "dbh": 3.0,
        "health": "Fair",
        "species": "American hornbeam",
        "spc_latin": "Carpinus caroliniana",
        "borough": "Bronx"
      },
      "geometry": {
        "type": "Point",
        "coordinates": [
          -73.920812,
          40.806465
        ]
      }
    },
    {
      "type": "Feature",
      "properties": {
        "tree_id": 551600,
        "dbh": 6.0,
        "health": "Good",
        "species": "eastern redbud",
        "spc_latin": "Cercis canadensis",
        "borough": "Bronx"
      },
      "geometry": {
        "type": "Point",
        "coordinates": [
          -73.922131,
          40.809721
        ]
      }
    },
    {
      "type": "Feature",
      "properties": {
        "tree_id": 442678,
        "dbh": 4.0,
        "health": "Good",
        "species": "Amur maackia",
        "spc_latin": "Maackia amurensis",
        "borough": "Bronx"
      },
      "geometry": {
        "type": "Point",
        "coordinates": [
          -73.922252,
          40.809649
        ]
      }
    },
    {
      "type": "Feature",
      "properties": {
        "tree_id": 459215,
        "dbh": 9.0,
        "health": "Good",
        "species": "European hornbeam",
        "spc_latin": "Carpinus betulus",
        "borough": "Bronx"
      },
      "geometry": {
        "type": "Point",
        "coordinates": [
          -73.915054,
          40.809188
        ]
      }
    },
    {
      "type": "Feature",
      "properties": {
        "tree_id": 459216,
        "dbh": 9.0,
        "health": "Good",
        "species": "European hornbeam",
        "spc_latin": "Carpinus betulus",
        "borough": "Bronx"
      },
      "geometry": {
        "type": "Point",
        "coordinates": [
          -73.914954,
          40.809351
        ]
      }
    },
    {
      "type": "Feature",
      "properties": {
        "tree_id": 551552,
        "dbh": 4.0,
        "health": "Good",
        "species": "pin oak",
        "spc_latin": "Quercus palustris",
        "borough": "Bronx"
      },
      "geometry": {
        "type": "Point",
        "coordinates": [
          -73.915313,
          40.80684
        ]
      }
    },
    {
      "type": "Feature",
      "properties": {
        "tree_id": 551601,
        "dbh": 6.0,
        "health": "Good",
        "species": "eastern redbud",
        "spc_latin": "Cercis canadensis",
        "borough": "Bronx"
      },
      "geometry": {
        "type": "Point",
        "coordinates": [
          -73.922197,
          40.809749
        ]
      }
    },
    {
      "type": "Feature",
      "properties": {
        "tree_id": 459212,
        "dbh": 10.0,
        "health": "Good",
        "species": "European hornbeam",
        "spc_latin": "Carpinus betulus",
        "borough": "Bronx"
      },
      "geometry": {
        "type": "Point",
        "coordinates": [
          -73.915245,
          40.808877
        ]
      }
    },
    {
      "type": "Feature",
      "properties": {
        "tree_id": 551595,
        "dbh": 4.0,
        "health": "Good",
        "species": "'Schubert' chokecherry",
        "spc_latin": "Prunus virginiana",
        "borough": "Bronx"
      },
      "geometry": {
        "type": "Point",
        "coordinates": [
          -73.92122,
          40.809337
        ]
      }
    },
    {
      "type": "Feature",
      "properties": {
        "tree_id": 460452,
        "dbh": 8.0,
        "health": "Good",
        "species": "swamp white oak",
        "spc_latin": "Quercus bicolor",
        "borough": "Bronx"
      },
      "geometry": {
        "type": "Point",
        "coordinates": [
          -73.917715,
          40.809488
        ]
      }
    },
    {
      "type": "Feature",
      "properties": {
        "tree_id": 551576,
        "dbh": 4.0,
        "health": "Poor",
        "species": "littleleaf linden",
        "spc_latin": "Tilia cordata",
        "borough": "Bronx"
      },
      "geometry": {
        "type": "Point",
        "coordinates": [
          -73.915824,
          40.803888
        ]
      }
    },
    {
      "type": "Feature",
      "properties": {
        "tree_id": 460759,
        "dbh": 8.0,
        "health": "Good",
        "species": "Siberian elm",
        "spc_latin": "Ulmus pumila",
        "borough": "Bronx"
      },
      "geometry": {
        "type": "Point",
        "coordinates": [
          -73.914651,
          40.811484
        ]
      }
    },
    {
      "type": "Feature",
      "properties": {
        "tree_id": 571504,
        "dbh": 4.0,
        "health": "Good",
        "species": "Chinese elm",
        "spc_latin": "Ulmus parvifolia",
        "borough": "Bronx"
      },
      "geometry": {
        "type": "Point",
        "coordinates": [
          -73.929871,
          40.812255
        ]
      }
    },
    {
      "type": "Feature",
      "properties": {
        "tree_id": 551567,
        "dbh": 3.0,
        "health": "Good",
        "species": "golden raintree",
        "spc_latin": "Koelreuteria paniculata",
        "borough": "Bronx"
      },
      "geometry": {
        "type": "Point",
        "coordinates": [
          -73.917716,
          40.806329
        ]
      }
    },
    {
      "type": "Feature",
      "properties": {
        "tree_id": 551568,
        "dbh": 5.0,
        "health": "Fair",
        "species": "European hornbeam",
        "spc_latin": "Carpinus betulus",
        "borough": "Bronx"
      },
      "geometry": {
        "type": "Point",
        "coordinates": [
          -73.917787,
          40.806225
        ]
      }
    },
    {
      "type": "Feature",
      "properties": {
        "tree_id": 439685,
        "dbh": 7.0,
        "health": "Good",
        "species": "paperbark maple",
        "spc_latin": "Acer griseum",
        "borough": "Bronx"
      },
      "geometry": {
        "type": "Point",
        "coordinates": [
          -73.923607,
          40.810344
        ]
      }
    },
    {
      "type": "Feature",
      "properties": {
        "tree_id": 551545,
        "dbh": 6.0,
        "health": "Good",
        "species": "bur oak",
        "spc_latin": "Quercus macrocarpa",
        "borough": "Bronx"
      },
      "geometry": {
        "type": "Point",
        "coordinates": [
          -73.916483,
          40.807334
        ]
      }
    },
    {
      "type": "Feature",
      "properties": {
        "tree_id": 442813,
        "dbh": 2.0,
        "health": "Good",
        "species": "paper birch",
        "spc_latin": "Betula papyrifera",
        "borough": "Bronx"
      },
      "geometry": {
        "type": "Point",
        "coordinates": [
          -73.918242,
          40.809398
        ]
      }
    },
    {
      "type": "Feature",
      "properties": {
        "tree_id": 551546,
        "dbh": 5.0,
        "health": "Good",
        "species": "bur oak",
        "spc_latin": "Quercus macrocarpa",
        "borough": "Bronx"
      },
      "geometry": {
        "type": "Point",
        "coordinates": [
          -73.916375,
          40.807288
        ]
      }
    },
    {
      "type": "Feature",
      "properties": {
        "tree_id": 571502,
        "dbh": 6.0,
        "health": "Good",
        "species": "hardy rubber tree",
        "spc_latin": "Eucommia ulmoides",
        "borough": "Bronx"
      },
      "geometry": {
        "type": "Point",
        "coordinates": [
          -73.929592,
          40.812373
        ]
      }
    },
    {
      "type": "Feature",
      "properties": {
        "tree_id": 551548,
        "dbh": 4.0,
        "health": "Good",
        "species": "bur oak",
        "spc_latin": "Quercus macrocarpa",
        "borough": "Bronx"
      },
      "geometry": {
        "type": "Point",
        "coordinates": [
          -73.916055,
          40.807153
        ]
      }
    },
    {
      "type": "Feature",
      "properties": {
        "tree_id": 571501,
        "dbh": 6.0,
        "health": "Good",
        "species": "hardy rubber tree",
        "spc_latin": "Eucommia ulmoides",
        "borough": "Bronx"
      },
      "geometry": {
        "type": "Point",
        "coordinates": [
          -73.929512,
          40.812407
        ]
      }
    },
    {
      "type": "Feature",
      "properties": {
        "tree_id": 551604,
        "dbh": 5.0,
        "health": "Fair",
        "species": "bald cypress",
        "spc_latin": "Taxodium distichum",
        "borough": "Bronx"
      },
      "geometry": {
        "type": "Point",
        "coordinates": [
          -73.92354,
          40.812643
        ]
      }
    },
    {
      "type": "Feature",
      "properties": {
        "tree_id": 462026,
        "dbh": 4.0,
        "health": "Good",
        "species": "American hornbeam",
        "spc_latin": "Carpinus caroliniana",
        "borough": "Bronx"
      },
      "geometry": {
        "type": "Point",
        "coordinates": [
          -73.917875,
          40.806381
        ]
      }
    },
    {
      "type": "Feature",
      "properties": {
        "tree_id": 439684,
        "dbh": 9.0,
        "health": "Good",
        "species": "paperbark maple",
        "spc_latin": "Acer griseum",
        "borough": "Bronx"
      },
      "geometry": {
        "type": "Point",
        "coordinates": [
          -73.923528,
          40.81031
        ]
      }
    },
    {
      "type": "Feature",
      "properties": {
        "tree_id": 571505,
        "dbh": 6.0,
        "health": "Good",
        "species": "hardy rubber tree",
        "spc_latin": "Eucommia ulmoides",
        "borough": "Bronx"
      },
      "geometry": {
        "type": "Point",
        "coordinates": [
          -73.930075,
          40.812169
        ]
      }
    },
    {
      "type": "Feature",
      "properties": {
        "tree_id": 571503,
        "dbh": 6.0,
        "health": "Good",
        "species": "hardy rubber tree",
        "spc_latin": "Eucommia ulmoides",
        "borough": "Bronx"
      },
      "geometry": {
        "type": "Point",
        "coordinates": [
          -73.929772,
          40.812297
        ]
      }
    },
    {
      "type": "Feature",
      "properties": {
        "tree_id": 571506,
        "dbh": 7.0,
        "health": "Good",
        "species": "hardy rubber tree",
        "spc_latin": "Eucommia ulmoides",
        "borough": "Bronx"
      },
      "geometry": {
        "type": "Point",
        "coordinates": [
          -73.930173,
          40.812128
        ]
      }
    },
    {
      "type": "Feature",
      "properties": {
        "tree_id": 460461,
        "dbh": 4.0,
        "health": "Good",
        "species": "Siberian elm",
        "spc_latin": "Ulmus pumila",
        "borough": "Bronx"
      },
      "geometry": {
        "type": "Point",
        "coordinates": [
          -73.917707,
          40.809986
        ]
      }
    },
    {
      "type": "Feature",
      "properties": {
        "tree_id": 462190,
        "dbh": 12.0,
        "health": "Good",
        "species": "Siberian elm",
        "spc_latin": "Ulmus pumila",
        "borough": "Bronx"
      },
      "geometry": {
        "type": "Point",
        "coordinates": [
          -73.915064,
          40.812667
        ]
      }
    },
    {
      "type": "Feature",
      "properties": {
        "tree_id": 551547,
        "dbh": 5.0,
        "health": "Good",
        "species": "bur oak",
        "spc_latin": "Quercus macrocarpa",
        "borough": "Bronx"
      },
      "geometry": {
        "type": "Point",
        "coordinates": [
          -73.916264,
          40.807242
        ]
      }
    },
    {
      "type": "Feature",
      "properties": {
        "tree_id": 460109,
        "dbh": 6.0,
        "health": "Good",
        "species": "Siberian elm",
        "spc_latin": "Ulmus pumila",
        "borough": "Bronx"
      },
      "geometry": {
        "type": "Point",
        "coordinates": [
          -73.914829,
          40.810273
        ]
      }
    },
    {
      "type": "Feature",
      "properties": {
        "tree_id": 413829,
        "dbh": 7.0,
        "health": "Good",
        "species": "pine",
        "spc_latin": "Pinus",
        "borough": "Bronx"
      },
      "geometry": {
        "type": "Point",
        "coordinates": [
          -73.923484,
          40.812738
        ]
      }
    },
    {
      "type": "Feature",
      "properties": {
        "tree_id": 86135,
        "dbh": 7.0,
        "health": "Good",
        "species": "silver linden",
        "spc_latin": "Tilia tomentosa",
        "borough": "Bronx"
      },
      "geometry": {
        "type": "Point",
        "coordinates": [
          -73.927386,
          40.810741
        ]
      }
    },
    {
      "type": "Feature",
      "properties": {
        "tree_id": 82521,
        "dbh": 2.0,
        "health": "Fair",
        "species": "littleleaf linden",
        "spc_latin": "Tilia cordata",
        "borough": "Bronx"
      },
      "geometry": {
        "type": "Point",
        "coordinates": [
          -73.919619,
          40.814369
        ]
      }
    },
    {
      "type": "Feature",
      "properties": {
        "tree_id": 82524,
        "dbh": 3.0,
        "health": "Fair",
        "species": "littleleaf linden",
        "spc_latin": "Tilia cordata",
        "borough": "Bronx"
      },
      "geometry": {
        "type": "Point",
        "coordinates": [
          -73.919379,
          40.814269
        ]
      }
    },
    {
      "type": "Feature",
      "properties": {
        "tree_id": 82674,
        "dbh": 9.0,
        "health": "Good",
        "species": "Callery pear",
        "spc_latin": "Pyrus calleryana",
        "borough": "Bronx"
      },
      "geometry": {
        "type": "Point",
        "coordinates": [
          -73.915791,
          40.814353
        ]
      }
    },
    {
      "type": "Feature",
      "properties": {
        "tree_id": 86134,
        "dbh": 4.0,
        "health": "Good",
        "species": "red maple",
        "spc_latin": "Acer rubrum",
        "borough": "Bronx"
      },
      "geometry": {
        "type": "Point",
        "coordinates": [
          -73.925037,
          40.809054
        ]
      }
    },
    {
      "type": "Feature",
      "properties": {
        "tree_id": 86132,
        "dbh": 4.0,
        "health": "Good",
        "species": "red maple",
        "spc_latin": "Acer rubrum",
        "borough": "Bronx"
      },
      "geometry": {
        "type": "Point",
        "coordinates": [
          -73.925302,
          40.809166
        ]
      }
    },
    {
      "type": "Feature",
      "properties": {
        "tree_id": 82609,
        "dbh": 5.0,
        "health": "Good",
        "species": "pin oak",
        "spc_latin": "Quercus palustris",
        "borough": "Bronx"
      },
      "geometry": {
        "type": "Point",
        "coordinates": [
          -73.915602,
          40.813973
        ]
      }
    },
    {
      "type": "Feature",
      "properties": {
        "tree_id": 82572,
        "dbh": 7.0,
        "health": "Poor",
        "species": "mulberry",
        "spc_latin": "Morus",
        "borough": "Bronx"
      },
      "geometry": {
        "type": "Point",
        "coordinates": [
          -73.914979,
          40.813421
        ]
      }
    },
    {
      "type": "Feature",
      "properties": {
        "tree_id": 86158,
        "dbh": 11.0,
        "health": "Good",
        "species": "London planetree",
        "spc_latin": "Platanus x acerifolia",
        "borough": "Bronx"
      },
      "geometry": {
        "type": "Point",
        "coordinates": [
          -73.927628,
          40.8106
        ]
      }
    },
    {
      "type": "Feature",
      "properties": {
        "tree_id": 82571,
        "dbh": 11.0,
        "health": "Fair",
        "species": "Chinese elm",
        "spc_latin": "Ulmus parvifolia",
        "borough": "Bronx"
      },
      "geometry": {
        "type": "Point",
        "coordinates": [
          -73.915112,
          40.813465
        ]
      }
    },
    {
      "type": "Feature",
      "properties": {
        "tree_id": 82570,
        "dbh": 11.0,
        "health": "Good",
        "species": "Chinese elm",
        "spc_latin": "Ulmus parvifolia",
        "borough": "Bronx"
      },
      "geometry": {
        "type": "Point",
        "coordinates": [
          -73.915246,
          40.81351
        ]
      }
    },
    {
      "type": "Feature",
      "properties": {
        "tree_id": 92246,
        "dbh": 8.0,
        "health": "Fair",
        "species": "Callery pear",
        "spc_latin": "Pyrus calleryana",
        "borough": "Bronx"
      },
      "geometry": {
        "type": "Point",
        "coordinates": [
          -73.920752,
          40.811584
        ]
      }
    },
    {
      "type": "Feature",
      "properties": {
        "tree_id": 82675,
        "dbh": 8.0,
        "health": "Good",
        "species": "Callery pear",
        "spc_latin": "Pyrus calleryana",
        "borough": "Bronx"
      },
      "geometry": {
        "type": "Point",
        "coordinates": [
          -73.915708,
          40.814325
        ]
      }
    },
    {
      "type": "Feature",
      "properties": {
        "tree_id": 92346,
        "dbh": 2.0,
        "health": "Poor",
        "species": "cherry",
        "spc_latin": "Prunus",
        "borough": "Bronx"
      },
      "geometry": {
        "type": "Point",
        "coordinates": [
          -73.921958,
          40.812731
        ]
      }
    },
    {
      "type": "Feature",
      "properties": {
        "tree_id": 92350,
        "dbh": 3.0,
        "health": "Poor",
        "species": "cherry",
        "spc_latin": "Prunus",
        "borough": "Bronx"
      },
      "geometry": {
        "type": "Point",
        "coordinates": [
          -73.921593,
          40.812576
        ]
      }
    },
    {
      "type": "Feature",
      "properties": {
        "tree_id": 92344,
        "dbh": 2.0,
        "health": "Poor",
        "species": "cherry",
        "spc_latin": "Prunus",
        "borough": "Bronx"
      },
      "geometry": {
        "type": "Point",
        "coordinates": [
          -73.922131,
          40.812804
        ]
      }
    },
    {
      "type": "Feature",
      "properties": {
        "tree_id": 92257,
        "dbh": 7.0,
        "health": "Good",
        "species": "cherry",
        "spc_latin": "Prunus",
        "borough": "Bronx"
      },
      "geometry": {
        "type": "Point",
        "coordinates": [
          -73.919309,
          40.810971
        ]
      }
    },
    {
      "type": "Feature",
      "properties": {
        "tree_id": 82676,
        "dbh": 9.0,
        "health": "Good",
        "species": "Callery pear",
        "spc_latin": "Pyrus calleryana",
        "borough": "Bronx"
      },
      "geometry": {
        "type": "Point",
        "coordinates": [
          -73.915626,
          40.814297
        ]
      }
    },
    {
      "type": "Feature",
      "properties": {
        "tree_id": 86133,
        "dbh": 4.0,
        "health": "Good",
        "species": "red maple",
        "spc_latin": "Acer rubrum",
        "borough": "Bronx"
      },
      "geometry": {
        "type": "Point",
        "coordinates": [
          -73.925116,
          40.809088
        ]
      }
    },
    {
      "type": "Feature",
      "properties": {
        "tree_id": 82523,
        "dbh": 3.0,
        "health": "Good",
        "species": "littleleaf linden",
        "spc_latin": "Tilia cordata",
        "borough": "Bronx"
      },
      "geometry": {
        "type": "Point",
        "coordinates": [
          -73.919491,
          40.814316
        ]
      }
    },
    {
      "type": "Feature",
      "properties": {
        "tree_id": 92248,
        "dbh": 4.0,
        "health": "Fair",
        "species": "Callery pear",
        "spc_latin": "Pyrus calleryana",
        "borough": "Bronx"
      },
      "geometry": {
        "type": "Point",
        "coordinates": [
          -73.920647,
          40.811539
        ]
      }
    },
    {
      "type": "Feature",
      "properties": {
        "tree_id": 92263,
        "dbh": 2.0,
        "health": "Fair",
        "species": "London planetree",
        "spc_latin": "Platanus x acerifolia",
        "borough": "Bronx"
      },
      "geometry": {
        "type": "Point",
        "coordinates": [
          -73.918961,
          40.810846
        ]
      }
    },
    {
      "type": "Feature",
      "properties": {
        "tree_id": 86131,
        "dbh": 4.0,
        "health": "Good",
        "species": "red maple",
        "spc_latin": "Acer rubrum",
        "borough": "Bronx"
      },
      "geometry": {
        "type": "Point",
        "coordinates": [
          -73.925367,
          40.809193
        ]
      }
    },
    {
      "type": "Feature",
      "properties": {
        "tree_id": 92250,
        "dbh": 10.0,
        "health": "Good",
        "species": "northern red oak",
        "spc_latin": "Quercus rubra",
        "borough": "Bronx"
      },
      "geometry": {
        "type": "Point",
        "coordinates": [
          -73.920395,
          40.811431
        ]
      }
    },
    {
      "type": "Feature",
      "properties": {
        "tree_id": 92252,
        "dbh": 10.0,
        "health": "Good",
        "species": "northern red oak",
        "spc_latin": "Quercus rubra",
        "borough": "Bronx"
      },
      "geometry": {
        "type": "Point",
        "coordinates": [
          -73.920141,
          40.811322
        ]
      }
    },
    {
      "type": "Feature",
      "properties": {
        "tree_id": 82610,
        "dbh": 13.0,
        "health": "Good",
        "species": "Callery pear",
        "spc_latin": "Pyrus calleryana",
        "borough": "Bronx"
      },
      "geometry": {
        "type": "Point",
        "coordinates": [
          -73.915555,
          40.814055
        ]
      }
    },
    {
      "type": "Feature",
      "properties": {
        "tree_id": 86130,
        "dbh": 4.0,
        "health": "Fair",
        "species": "red maple",
        "spc_latin": "Acer rubrum",
        "borough": "Bronx"
      },
      "geometry": {
        "type": "Point",
        "coordinates": [
          -73.925464,
          40.809234
        ]
      }
    },
    {
      "type": "Feature",
      "properties": {
        "tree_id": 82522,
        "dbh": 5.0,
        "health": "Good",
        "species": "littleleaf linden",
        "spc_latin": "Tilia cordata",
        "borough": "Bronx"
      },
      "geometry": {
        "type": "Point",
        "coordinates": [
          -73.919555,
          40.814343
        ]
      }
    },
    {
      "type": "Feature",
      "properties": {
        "tree_id": 92253,
        "dbh": 8.0,
        "health": "Good",
        "species": "northern red oak",
        "spc_latin": "Quercus rubra",
        "borough": "Bronx"
      },
      "geometry": {
        "type": "Point",
        "coordinates": [
          -73.919999,
          40.811262
        ]
      }
    },
    {
      "type": "Feature",
      "properties": {
        "tree_id": 92255,
        "dbh": 7.0,
        "health": "Good",
        "species": "northern red oak",
        "spc_latin": "Quercus rubra",
        "borough": "Bronx"
      },
      "geometry": {
        "type": "Point",
        "coordinates": [
          -73.919717,
          40.811143
        ]
      }
    },
    {
      "type": "Feature",
      "properties": {
        "tree_id": 82687,
        "dbh": 8.0,
        "health": "Good",
        "species": "hedge maple",
        "spc_latin": "Acer campestre",
        "borough": "Bronx"
      },
      "geometry": {
        "type": "Point",
        "coordinates": [
          -73.915782,
          40.813327
        ]
      }
    },
    {
      "type": "Feature",
      "properties": {
        "tree_id": 82611,
        "dbh": 4.0,
        "health": "Good",
        "species": "pin oak",
        "spc_latin": "Quercus palustris",
        "borough": "Bronx"
      },
      "geometry": {
        "type": "Point",
        "coordinates": [
          -73.915518,
          40.814119
        ]
      }
    },
    {
      "type": "Feature",
      "properties": {
        "tree_id": 92453,
        "dbh": 15.0,
        "health": "Fair",
        "species": "pin oak",
        "spc_latin": "Quercus palustris",
        "borough": "Bronx"
      },
      "geometry": {
        "type": "Point",
        "coordinates": [
          -73.917337,
          40.810629
        ]
      }
    },
    {
      "type": "Feature",
      "properties": {
        "tree_id": 92343,
        "dbh": 3.0,
        "health": "Poor",
        "species": "cherry",
        "spc_latin": "Prunus",
        "borough": "Bronx"
      },
      "geometry": {
        "type": "Point",
        "coordinates": [
          -73.922211,
          40.812838
        ]
      }
    },
    {
      "type": "Feature",
      "properties": {
        "tree_id": 92262,
        "dbh": 6.0,
        "health": "Good",
        "species": "cherry",
        "spc_latin": "Prunus",
        "borough": "Bronx"
      },
      "geometry": {
        "type": "Point",
        "coordinates": [
          -73.919018,
          40.810865
        ]
      }
    },
    {
      "type": "Feature",
      "properties": {
        "tree_id": 92465,
        "dbh": 20.0,
        "health": "Good",
        "species": "mulberry",
        "spc_latin": "Morus",
        "borough": "Bronx"
      },
      "geometry": {
        "type": "Point",
        "coordinates": [
          -73.916169,
          40.810703
        ]
      }
    },
    {
      "type": "Feature",
      "properties": {
        "tree_id": 92256,
        "dbh": 11.0,
        "health": "Good",
        "species": "northern red oak",
        "spc_latin": "Quercus rubra",
        "borough": "Bronx"
      },
      "geometry": {
        "type": "Point",
        "coordinates": [
          -73.919577,
          40.811083
        ]
      }
    },
    {
      "type": "Feature",
      "properties": {
        "tree_id": 92352,
        "dbh": 3.0,
        "health": "Fair",
        "species": "cherry",
        "spc_latin": "Prunus",
        "borough": "Bronx"
      },
      "geometry": {
        "type": "Point",
        "coordinates": [
          -73.921416,
          40.812501
        ]
      }
    },
    {
      "type": "Feature",
      "properties": {
        "tree_id": 92752,
        "dbh": 7.0,
        "health": "Fair",
        "species": "cherry",
        "spc_latin": "Prunus",
        "borough": "Bronx"
      },
      "geometry": {
        "type": "Point",
        "coordinates": [
          -73.918604,
          40.81219
        ]
      }
    },
    {
      "type": "Feature",
      "properties": {
        "tree_id": 91661,
        "dbh": 9.0,
        "health": "Good",
        "species": "northern red oak",
        "spc_latin": "Quercus rubra",
        "borough": "Bronx"
      },
      "geometry": {
        "type": "Point",
        "coordinates": [
          -73.920116,
          40.812011
        ]
      }
    },
    {
      "type": "Feature",
      "properties": {
        "tree_id": 91648,
        "dbh": 4.0,
        "health": "Good",
        "species": "red maple",
        "spc_latin": "Acer rubrum",
        "borough": "Bronx"
      },
      "geometry": {
        "type": "Point",
        "coordinates": [
          -73.918362,
          40.811318
        ]
      }
    },
    {
      "type": "Feature",
      "properties": {
        "tree_id": 92345,
        "dbh": 3.0,
        "health": "Poor",
        "species": "cherry",
        "spc_latin": "Prunus",
        "borough": "Bronx"
      },
      "geometry": {
        "type": "Point",
        "coordinates": [
          -73.922066,
          40.812776
        ]
      }
    },
    {
      "type": "Feature",
      "properties": {
        "tree_id": 82442,
        "dbh": 13.0,
        "health": "Good",
        "species": "Chinese elm",
        "spc_latin": "Ulmus parvifolia",
        "borough": "Bronx"
      },
      "geometry": {
        "type": "Point",
        "coordinates": [
          -73.915536,
          40.813754
        ]
      }
    },
    {
      "type": "Feature",
      "properties": {
        "tree_id": 91859,
        "dbh": 14.0,
        "health": "Fair",
        "species": "mulberry",
        "spc_latin": "Morus",
        "borough": "Bronx"
      },
      "geometry": {
        "type": "Point",
        "coordinates": [
          -73.915414,
          40.810242
        ]
      }
    },
    {
      "type": "Feature",
      "properties": {
        "tree_id": 92251,
        "dbh": 8.0,
        "health": "Good",
        "species": "northern red oak",
        "spc_latin": "Quercus rubra",
        "borough": "Bronx"
      },
      "geometry": {
        "type": "Point",
        "coordinates": [
          -73.920286,
          40.811384
        ]
      }
    },
    {
      "type": "Feature",
      "properties": {
        "tree_id": 91644,
        "dbh": 4.0,
        "health": "Good",
        "species": "red maple",
        "spc_latin": "Acer rubrum",
        "borough": "Bronx"
      },
      "geometry": {
        "type": "Point",
        "coordinates": [
          -73.917748,
          40.811114
        ]
      }
    },
    {
      "type": "Feature",
      "properties": {
        "tree_id": 92249,
        "dbh": 8.0,
        "health": "Good",
        "species": "northern red oak",
        "spc_latin": "Quercus rubra",
        "borough": "Bronx"
      },
      "geometry": {
        "type": "Point",
        "coordinates": [
          -73.920527,
          40.811488
        ]
      }
    },
    {
      "type": "Feature",
      "properties": {
        "tree_id": 91660,
        "dbh": 11.0,
        "health": "Good",
        "species": "northern red oak",
        "spc_latin": "Quercus rubra",
        "borough": "Bronx"
      },
      "geometry": {
        "type": "Point",
        "coordinates": [
          -73.919974,
          40.811952
        ]
      }
    },
    {
      "type": "Feature",
      "properties": {
        "tree_id": 91645,
        "dbh": 4.0,
        "health": "Fair",
        "species": "red maple",
        "spc_latin": "Acer rubrum",
        "borough": "Bronx"
      },
      "geometry": {
        "type": "Point",
        "coordinates": [
          -73.917909,
          40.811167
        ]
      }
    },
    {
      "type": "Feature",
      "properties": {
        "tree_id": 92351,
        "dbh": 2.0,
        "health": "Poor",
        "species": "cherry",
        "spc_latin": "Prunus",
        "borough": "Bronx"
      },
      "geometry": {
        "type": "Point",
        "coordinates": [
          -73.921512,
          40.812542
        ]
      }
    },
    {
      "type": "Feature",
      "properties": {
        "tree_id": 92871,
        "dbh": 13.0,
        "health": "Fair",
        "species": "pin oak",
        "spc_latin": "Quercus palustris",
        "borough": "Bronx"
      },
      "geometry": {
        "type": "Point",
        "coordinates": [
          -73.914941,
          40.812521
        ]
      }
    },
    {
      "type": "Feature",
      "properties": {
        "tree_id": 92877,
        "dbh": 13.0,
        "health": "Fair",
        "species": "pin oak",
        "spc_latin": "Quercus palustris",
        "borough": "Bronx"
      },
      "geometry": {
        "type": "Point",
        "coordinates": [
          -73.915791,
          40.812805
        ]
      }
    },
    {
      "type": "Feature",
      "properties": {
        "tree_id": 92247,
        "dbh": 5.0,
        "health": "Good",
        "species": "Callery pear",
        "spc_latin": "Pyrus calleryana",
        "borough": "Bronx"
      },
      "geometry": {
        "type": "Point",
        "coordinates": [
          -73.92071,
          40.811566
        ]
      }
    },
    {
      "type": "Feature",
      "properties": {
        "tree_id": 82612,
        "dbh": 12.0,
        "health": "Good",
        "species": "Callery pear",
        "spc_latin": "Pyrus calleryana",
        "borough": "Bronx"
      },
      "geometry": {
        "type": "Point",
        "coordinates": [
          -73.915478,
          40.814187
        ]
      }
    },
    {
      "type": "Feature",
      "properties": {
        "tree_id": 92747,
        "dbh": 12.0,
        "health": "Good",
        "species": "Callery pear",
        "spc_latin": "Pyrus calleryana",
        "borough": "Bronx"
      },
      "geometry": {
        "type": "Point",
        "coordinates": [
          -73.919634,
          40.812622
        ]
      }
    },
    {
      "type": "Feature",
      "properties": {
        "tree_id": 92347,
        "dbh": 2.0,
        "health": "Fair",
        "species": "Callery pear",
        "spc_latin": "Pyrus calleryana",
        "borough": "Bronx"
      },
      "geometry": {
        "type": "Point",
        "coordinates": [
          -73.921877,
          40.812697
        ]
      }
    },
    {
      "type": "Feature",
      "properties": {
        "tree_id": 86140,
        "dbh": 11.0,
        "health": "Fair",
        "species": "London planetree",
        "spc_latin": "Platanus x acerifolia",
        "borough": "Bronx"
      },
      "geometry": {
        "type": "Point",
        "coordinates": [
          -73.927631,
          40.81039
        ]
      }
    },
    {
      "type": "Feature",
      "properties": {
        "tree_id": 92463,
        "dbh": 17.0,
        "health": "Good",
        "species": "mulberry",
        "spc_latin": "Morus",
        "borough": "Bronx"
      },
      "geometry": {
        "type": "Point",
        "coordinates": [
          -73.915585,
          40.810509
        ]
      }
    },
    {
      "type": "Feature",
      "properties": {
        "tree_id": 92462,
        "dbh": 16.0,
        "health": "Good",
        "species": "Callery pear",
        "spc_latin": "Pyrus calleryana",
        "borough": "Bronx"
      },
      "geometry": {
        "type": "Point",
        "coordinates": [
          -73.915358,
          40.810434
        ]
      }
    },
    {
      "type": "Feature",
      "properties": {
        "tree_id": 86094,
        "dbh": 7.0,
        "health": "Good",
        "species": "Amur maple",
        "spc_latin": "Acer ginnala",
        "borough": "Bronx"
      },
      "geometry": {
        "type": "Point",
        "coordinates": [
          -73.925174,
          40.809246
        ]
      }
    },
    {
      "type": "Feature",
      "properties": {
        "tree_id": 92748,
        "dbh": 6.0,
        "health": "Good",
        "species": "Callery pear",
        "spc_latin": "Pyrus calleryana",
        "borough": "Bronx"
      },
      "geometry": {
        "type": "Point",
        "coordinates": [
          -73.919456,
          40.812548
        ]
      }
    },
    {
      "type": "Feature",
      "properties": {
        "tree_id": 92348,
        "dbh": 2.0,
        "health": "Fair",
        "species": "Callery pear",
        "spc_latin": "Pyrus calleryana",
        "borough": "Bronx"
      },
      "geometry": {
        "type": "Point",
        "coordinates": [
          -73.9218,
          40.812664
        ]
      }
    },
    {
      "type": "Feature",
      "properties": {
        "tree_id": 91641,
        "dbh": 5.0,
        "health": "Fair",
        "species": "silver linden",
        "spc_latin": "Tilia tomentosa",
        "borough": "Bronx"
      },
      "geometry": {
        "type": "Point",
        "coordinates": [
          -73.915243,
          40.810524
        ]
      }
    },
    {
      "type": "Feature",
      "properties": {
        "tree_id": 92464,
        "dbh": 23.0,
        "health": "Good",
        "species": "mulberry",
        "spc_latin": "Morus",
        "borough": "Bronx"
      },
      "geometry": {
        "type": "Point",
        "coordinates": [
          -73.915849,
          40.810626
        ]
      }
    },
    {
      "type": "Feature",
      "properties": {
        "tree_id": 92467,
        "dbh": 15.0,
        "health": "Good",
        "species": "mulberry",
        "spc_latin": "Morus",
        "borough": "Bronx"
      },
      "geometry": {
        "type": "Point",
        "coordinates": [
          -73.916317,
          40.810753
        ]
      }
    },
    {
      "type": "Feature",
      "properties": {
        "tree_id": 91640,
        "dbh": 6.0,
        "health": "Good",
        "species": "silver linden",
        "spc_latin": "Tilia tomentosa",
        "borough": "Bronx"
      },
      "geometry": {
        "type": "Point",
        "coordinates": [
          -73.915206,
          40.810588
        ]
      }
    },
    {
      "type": "Feature",
      "properties": {
        "tree_id": 92349,
        "dbh": 5.0,
        "health": "Fair",
        "species": "Callery pear",
        "spc_latin": "Pyrus calleryana",
        "borough": "Bronx"
      },
      "geometry": {
        "type": "Point",
        "coordinates": [
          -73.921671,
          40.812609
        ]
      }
    },
    {
      "type": "Feature",
      "properties": {
        "tree_id": 92750,
        "dbh": 6.0,
        "health": "Fair",
        "species": "cherry",
        "spc_latin": "Prunus",
        "borough": "Bronx"
      },
      "geometry": {
        "type": "Point",
        "coordinates": [
          -73.918927,
          40.812325
        ]
      }
    },
    {
      "type": "Feature",
      "properties": {
        "tree_id": 92746,
        "dbh": 4.0,
        "health": "Good",
        "species": "Callery pear",
        "spc_latin": "Pyrus calleryana",
        "borough": "Bronx"
      },
      "geometry": {
        "type": "Point",
        "coordinates": [
          -73.919839,
          40.812708
        ]
      }
    },
    {
      "type": "Feature",
      "properties": {
        "tree_id": 91656,
        "dbh": 11.0,
        "health": "Good",
        "species": "ginkgo",
        "spc_latin": "Ginkgo biloba",
        "borough": "Bronx"
      },
      "geometry": {
        "type": "Point",
        "coordinates": [
          -73.919467,
          40.811742
        ]
      }
    },
    {
      "type": "Feature",
      "properties": {
        "tree_id": 92872,
        "dbh": 13.0,
        "health": "Fair",
        "species": "pin oak",
        "spc_latin": "Quercus palustris",
        "borough": "Bronx"
      },
      "geometry": {
        "type": "Point",
        "coordinates": [
          -73.915256,
          40.812626
        ]
      }
    },
    {
      "type": "Feature",
      "properties": {
        "tree_id": 91647,
        "dbh": 4.0,
        "health": "Good",
        "species": "red maple",
        "spc_latin": "Acer rubrum",
        "borough": "Bronx"
      },
      "geometry": {
        "type": "Point",
        "coordinates": [
          -73.918233,
          40.811275
        ]
      }
    },
    {
      "type": "Feature",
      "properties": {
        "tree_id": 91646,
        "dbh": 4.0,
        "health": "Good",
        "species": "red maple",
        "spc_latin": "Acer rubrum",
        "borough": "Bronx"
      },
      "geometry": {
        "type": "Point",
        "coordinates": [
          -73.918049,
          40.811214
        ]
      }
    },
    {
      "type": "Feature",
      "properties": {
        "tree_id": 92876,
        "dbh": 15.0,
        "health": "Fair",
        "species": "pin oak",
        "spc_latin": "Quercus palustris",
        "borough": "Bronx"
      },
      "geometry": {
        "type": "Point",
        "coordinates": [
          -73.915657,
          40.81276
        ]
      }
    },
    {
      "type": "Feature",
      "properties": {
        "tree_id": 86137,
        "dbh": 12.0,
        "health": "Good",
        "species": "London planetree",
        "spc_latin": "Platanus x acerifolia",
        "borough": "Bronx"
      },
      "geometry": {
        "type": "Point",
        "coordinates": [
          -73.927475,
          40.810613
        ]
      }
    },
    {
      "type": "Feature",
      "properties": {
        "tree_id": 86139,
        "dbh": 12.0,
        "health": "Good",
        "species": "London planetree",
        "spc_latin": "Platanus x acerifolia",
        "borough": "Bronx"
      },
      "geometry": {
        "type": "Point",
        "coordinates": [
          -73.927574,
          40.810471
        ]
      }
    },
    {
      "type": "Feature",
      "properties": {
        "tree_id": 91657,
        "dbh": 4.0,
        "health": "Good",
        "species": "ginkgo",
        "spc_latin": "Ginkgo biloba",
        "borough": "Bronx"
      },
      "geometry": {
        "type": "Point",
        "coordinates": [
          -73.91953,
          40.811768
        ]
      }
    },
    {
      "type": "Feature",
      "properties": {
        "tree_id": 91658,
        "dbh": 4.0,
        "health": "Good",
        "species": "ginkgo",
        "spc_latin": "Ginkgo biloba",
        "borough": "Bronx"
      },
      "geometry": {
        "type": "Point",
        "coordinates": [
          -73.91961,
          40.811801
        ]
      }
    },
    {
      "type": "Feature",
      "properties": {
        "tree_id": 91655,
        "dbh": 11.0,
        "health": "Good",
        "species": "ginkgo",
        "spc_latin": "Ginkgo biloba",
        "borough": "Bronx"
      },
      "geometry": {
        "type": "Point",
        "coordinates": [
          -73.919376,
          40.811703
        ]
      }
    },
    {
      "type": "Feature",
      "properties": {
        "tree_id": 91638,
        "dbh": 5.0,
        "health": "Good",
        "species": "silver linden",
        "spc_latin": "Tilia tomentosa",
        "borough": "Bronx"
      },
      "geometry": {
        "type": "Point",
        "coordinates": [
          -73.915143,
          40.810697
        ]
      }
    },
    {
      "type": "Feature",
      "properties": {
        "tree_id": 86138,
        "dbh": 3.0,
        "health": "Good",
        "species": "crab apple",
        "spc_latin": "Malus",
        "borough": "Bronx"
      },
      "geometry": {
        "type": "Point",
        "coordinates": [
          -73.927543,
          40.810516
        ]
      }
    },
    {
      "type": "Feature",
      "properties": {
        "tree_id": 91296,
        "dbh": 9.0,
        "health": "Good",
        "species": "cherry",
        "spc_latin": "Prunus",
        "borough": "Bronx"
      },
      "geometry": {
        "type": "Point",
        "coordinates": [
          -73.918995,
          40.81166
        ]
      }
    },
    {
      "type": "Feature",
      "properties": {
        "tree_id": 82422,
        "dbh": 7.0,
        "health": "Fair",
        "species": "purple-leaf plum",
        "spc_latin": "Prunus cerasifera",
        "borough": "Bronx"
      },
      "geometry": {
        "type": "Point",
        "coordinates": [
          -73.91472,
          40.814113
        ]
      }
    },
    {
      "type": "Feature",
      "properties": {
        "tree_id": 91297,
        "dbh": 7.0,
        "health": "Fair",
        "species": "cherry",
        "spc_latin": "Prunus",
        "borough": "Bronx"
      },
      "geometry": {
        "type": "Point",
        "coordinates": [
          -73.919533,
          40.811889
        ]
      }
    },
    {
      "type": "Feature",
      "properties": {
        "tree_id": 92258,
        "dbh": 2.0,
        "health": "Good",
        "species": "Sophora",
        "spc_latin": "Styphnolobium japonicum",
        "borough": "Bronx"
      },
      "geometry": {
        "type": "Point",
        "coordinates": [
          -73.919266,
          40.810952
        ]
      }
    },
    {
      "type": "Feature",
      "properties": {
        "tree_id": 92564,
        "dbh": 4.0,
        "health": "Good",
        "species": "cherry",
        "spc_latin": "Prunus",
        "borough": "Bronx"
      },
      "geometry": {
        "type": "Point",
        "coordinates": [
          -73.916029,
          40.809769
        ]
      }
    },
    {
      "type": "Feature",
      "properties": {
        "tree_id": 82569,
        "dbh": 3.0,
        "health": "Good",
        "species": "littleleaf linden",
        "spc_latin": "Tilia cordata",
        "borough": "Bronx"
      },
      "geometry": {
        "type": "Point",
        "coordinates": [
          -73.919216,
          40.814295
        ]
      }
    },
    {
      "type": "Feature",
      "properties": {
        "tree_id": 92751,
        "dbh": 5.0,
        "health": "Good",
        "species": "mulberry",
        "spc_latin": "Morus",
        "borough": "Bronx"
      },
      "geometry": {
        "type": "Point",
        "coordinates": [
          -73.918755,
          40.812253
        ]
      }
    },
    {
      "type": "Feature",
      "properties": {
        "tree_id": 82688,
        "dbh": 20.0,
        "health": "Good",
        "species": "Sophora",
        "spc_latin": "Styphnolobium japonicum",
        "borough": "Bronx"
      },
      "geometry": {
        "type": "Point",
        "coordinates": [
          -73.915829,
          40.813245
        ]
      }
    },
    {
      "type": "Feature",
      "properties": {
        "tree_id": 91652,
        "dbh": 4.0,
        "health": "Fair",
        "species": "Cornelian cherry",
        "spc_latin": "Cornus mas",
        "borough": "Bronx"
      },
      "geometry": {
        "type": "Point",
        "coordinates": [
          -73.918972,
          40.81153
        ]
      }
    },
    {
      "type": "Feature",
      "properties": {
        "tree_id": 91171,
        "dbh": 14.0,
        "health": "Good",
        "species": "mulberry",
        "spc_latin": "Morus",
        "borough": "Bronx"
      },
      "geometry": {
        "type": "Point",
        "coordinates": [
          -73.916919,
          40.811347
        ]
      }
    },
    {
      "type": "Feature",
      "properties": {
        "tree_id": 91172,
        "dbh": 15.0,
        "health": "Fair",
        "species": "mulberry",
        "spc_latin": "Morus",
        "borough": "Bronx"
      },
      "geometry": {
        "type": "Point",
        "coordinates": [
          -73.916889,
          40.8114
        ]
      }
    },
    {
      "type": "Feature",
      "properties": {
        "tree_id": 86136,
        "dbh": 12.0,
        "health": "Good",
        "species": "London planetree",
        "spc_latin": "Platanus x acerifolia",
        "borough": "Bronx"
      },
      "geometry": {
        "type": "Point",
        "coordinates": [
          -73.927421,
          40.81069
        ]
      }
    },
    {
      "type": "Feature",
      "properties": {
        "tree_id": 91299,
        "dbh": 10.0,
        "health": "Good",
        "species": "green ash",
        "spc_latin": "Fraxinus pennsylvanica",
        "borough": "Bronx"
      },
      "geometry": {
        "type": "Point",
        "coordinates": [
          -73.92034,
          40.812228
        ]
      }
    },
    {
      "type": "Feature",
      "properties": {
        "tree_id": 92869,
        "dbh": 4.0,
        "health": "Good",
        "species": "Chinese elm",
        "spc_latin": "Ulmus parvifolia",
        "borough": "Bronx"
      },
      "geometry": {
        "type": "Point",
        "coordinates": [
          -73.914503,
          40.812374
        ]
      }
    },
    {
      "type": "Feature",
      "properties": {
        "tree_id": 91659,
        "dbh": 17.0,
        "health": "Good",
        "species": "ginkgo",
        "spc_latin": "Ginkgo biloba",
        "borough": "Bronx"
      },
      "geometry": {
        "type": "Point",
        "coordinates": [
          -73.919683,
          40.811832
        ]
      }
    },
    {
      "type": "Feature",
      "properties": {
        "tree_id": 92675,
        "dbh": 11.0,
        "health": "Good",
        "species": "honeylocust",
        "spc_latin": "Gleditsia triacanthos var. inermis",
        "borough": "Bronx"
      },
      "geometry": {
        "type": "Point",
        "coordinates": [
          -73.915913,
          40.809366
        ]
      }
    },
    {
      "type": "Feature",
      "properties": {
        "tree_id": 92676,
        "dbh": 14.0,
        "health": "Good",
        "species": "honeylocust",
        "spc_latin": "Gleditsia triacanthos var. inermis",
        "borough": "Bronx"
      },
      "geometry": {
        "type": "Point",
        "coordinates": [
          -73.915951,
          40.809304
        ]
      }
    },
    {
      "type": "Feature",
      "properties": {
        "tree_id": 92673,
        "dbh": 13.0,
        "health": "Good",
        "species": "honeylocust",
        "spc_latin": "Gleditsia triacanthos var. inermis",
        "borough": "Bronx"
      },
      "geometry": {
        "type": "Point",
        "coordinates": [
          -73.915836,
          40.809491
        ]
      }
    },
    {
      "type": "Feature",
      "properties": {
        "tree_id": 91294,
        "dbh": 5.0,
        "health": "Good",
        "species": "mulberry",
        "spc_latin": "Morus",
        "borough": "Bronx"
      },
      "geometry": {
        "type": "Point",
        "coordinates": [
          -73.918435,
          40.811456
        ]
      }
    },
    {
      "type": "Feature",
      "properties": {
        "tree_id": 91169,
        "dbh": 14.0,
        "health": "Good",
        "species": "mulberry",
        "spc_latin": "Morus",
        "borough": "Bronx"
      },
      "geometry": {
        "type": "Point",
        "coordinates": [
          -73.917062,
          40.811104
        ]
      }
    },
    {
      "type": "Feature",
      "properties": {
        "tree_id": 91170,
        "dbh": 13.0,
        "health": "Fair",
        "species": "mulberry",
        "spc_latin": "Morus",
        "borough": "Bronx"
      },
      "geometry": {
        "type": "Point",
        "coordinates": [
          -73.91695,
          40.811295
        ]
      }
    },
    {
      "type": "Feature",
      "properties": {
        "tree_id": 92674,
        "dbh": 11.0,
        "health": "Good",
        "species": "honeylocust",
        "spc_latin": "Gleditsia triacanthos var. inermis",
        "borough": "Bronx"
      },
      "geometry": {
        "type": "Point",
        "coordinates": [
          -73.915867,
          40.809441
        ]
      }
    },
    {
      "type": "Feature",
      "properties": {
        "tree_id": 92763,
        "dbh": 5.0,
        "health": "Good",
        "species": "Japanese zelkova",
        "spc_latin": "Zelkova serrata",
        "borough": "Bronx"
      },
      "geometry": {
        "type": "Point",
        "coordinates": [
          -73.917203,
          40.81171
        ]
      }
    },
    {
      "type": "Feature",
      "properties": {
        "tree_id": 92561,
        "dbh": 3.0,
        "health": "Fair",
        "species": "cherry",
        "spc_latin": "Prunus",
        "borough": "Bronx"
      },
      "geometry": {
        "type": "Point",
        "coordinates": [
          -73.916389,
          40.809889
        ]
      }
    },
    {
      "type": "Feature",
      "properties": {
        "tree_id": 92266,
        "dbh": 2.0,
        "health": "Good",
        "species": "sweetgum",
        "spc_latin": "Liquidambar styraciflua",
        "borough": "Bronx"
      },
      "geometry": {
        "type": "Point",
        "coordinates": [
          -73.918261,
          40.810618
        ]
      }
    },
    {
      "type": "Feature",
      "properties": {
        "tree_id": 91639,
        "dbh": 4.0,
        "health": "Good",
        "species": "Japanese zelkova",
        "spc_latin": "Zelkova serrata",
        "borough": "Bronx"
      },
      "geometry": {
        "type": "Point",
        "coordinates": [
          -73.915179,
          40.810635
        ]
      }
    },
    {
      "type": "Feature",
      "properties": {
        "tree_id": 82421,
        "dbh": 4.0,
        "health": "Fair",
        "species": "purple-leaf plum",
        "spc_latin": "Prunus cerasifera",
        "borough": "Bronx"
      },
      "geometry": {
        "type": "Point",
        "coordinates": [
          -73.914647,
          40.814089
        ]
      }
    },
    {
      "type": "Feature",
      "properties": {
        "tree_id": 91295,
        "dbh": 7.0,
        "health": "Fair",
        "species": "cherry",
        "spc_latin": "Prunus",
        "borough": "Bronx"
      },
      "geometry": {
        "type": "Point",
        "coordinates": [
          -73.918884,
          40.811615
        ]
      }
    },
    {
      "type": "Feature",
      "properties": {
        "tree_id": 91513,
        "dbh": 10.0,
        "health": "Good",
        "species": "cherry",
        "spc_latin": "Prunus",
        "borough": "Bronx"
      },
      "geometry": {
        "type": "Point",
        "coordinates": [
          -73.920373,
          40.812342
        ]
      }
    },
    {
      "type": "Feature",
      "properties": {
        "tree_id": 91515,
        "dbh": 12.0,
        "health": "Good",
        "species": "cherry",
        "spc_latin": "Prunus",
        "borough": "Bronx"
      },
      "geometry": {
        "type": "Point",
        "coordinates": [
          -73.920251,
          40.812508
        ]
      }
    },
    {
      "type": "Feature",
      "properties": {
        "tree_id": 82172,
        "dbh": 2.0,
        "health": "Fair",
        "species": "northern red oak",
        "spc_latin": "Quercus rubra",
        "borough": "Bronx"
      },
      "geometry": {
        "type": "Point",
        "coordinates": [
          -73.918079,
          40.802902
        ]
      }
    },
    {
      "type": "Feature",
      "properties": {
        "tree_id": 91862,
        "dbh": 5.0,
        "health": "Poor",
        "species": "Sophora",
        "spc_latin": "Styphnolobium japonicum",
        "borough": "Bronx"
      },
      "geometry": {
        "type": "Point",
        "coordinates": [
          -73.915617,
          40.809915
        ]
      }
    },
    {
      "type": "Feature",
      "properties": {
        "tree_id": 82178,
        "dbh": 19.0,
        "health": "Good",
        "species": "London planetree",
        "spc_latin": "Platanus x acerifolia",
        "borough": "Bronx"
      },
      "geometry": {
        "type": "Point",
        "coordinates": [
          -73.918596,
          40.803379
        ]
      }
    },
    {
      "type": "Feature",
      "properties": {
        "tree_id": 91650,
        "dbh": 5.0,
        "health": "Good",
        "species": "white oak",
        "spc_latin": "Quercus alba",
        "borough": "Bronx"
      },
      "geometry": {
        "type": "Point",
        "coordinates": [
          -73.918746,
          40.811446
        ]
      }
    },
    {
      "type": "Feature",
      "properties": {
        "tree_id": 82179,
        "dbh": 28.0,
        "health": "Good",
        "species": "London planetree",
        "spc_latin": "Platanus x acerifolia",
        "borough": "Bronx"
      },
      "geometry": {
        "type": "Point",
        "coordinates": [
          -73.918481,
          40.803368
        ]
      }
    },
    {
      "type": "Feature",
      "properties": {
        "tree_id": 82175,
        "dbh": 2.0,
        "health": "Good",
        "species": "northern red oak",
        "spc_latin": "Quercus rubra",
        "borough": "Bronx"
      },
      "geometry": {
        "type": "Point",
        "coordinates": [
          -73.91784,
          40.802802
        ]
      }
    },
    {
      "type": "Feature",
      "properties": {
        "tree_id": 92565,
        "dbh": 7.0,
        "health": "Good",
        "species": "cherry",
        "spc_latin": "Prunus",
        "borough": "Bronx"
      },
      "geometry": {
        "type": "Point",
        "coordinates": [
          -73.915939,
          40.809739
        ]
      }
    },
    {
      "type": "Feature",
      "properties": {
        "tree_id": 92265,
        "dbh": 2.0,
        "health": "Good",
        "species": "sweetgum",
        "spc_latin": "Liquidambar styraciflua",
        "borough": "Bronx"
      },
      "geometry": {
        "type": "Point",
        "coordinates": [
          -73.918343,
          40.810645
        ]
      }
    },
    {
      "type": "Feature",
      "properties": {
        "tree_id": 82182,
        "dbh": 23.0,
        "health": "Good",
        "species": "London planetree",
        "spc_latin": "Platanus x acerifolia",
        "borough": "Bronx"
      },
      "geometry": {
        "type": "Point",
        "coordinates": [
          -73.918125,
          40.803348
        ]
      }
    },
    {
      "type": "Feature",
      "properties": {
        "tree_id": 91860,
        "dbh": 4.0,
        "health": "Fair",
        "species": "Sophora",
        "spc_latin": "Styphnolobium japonicum",
        "borough": "Bronx"
      },
      "geometry": {
        "type": "Point",
        "coordinates": [
          -73.91545,
          40.810185
        ]
      }
    },
    {
      "type": "Feature",
      "properties": {
        "tree_id": 92764,
        "dbh": 6.0,
        "health": "Fair",
        "species": "Japanese zelkova",
        "spc_latin": "Zelkova serrata",
        "borough": "Bronx"
      },
      "geometry": {
        "type": "Point",
        "coordinates": [
          -73.917083,
          40.81167
        ]
      }
    },
    {
      "type": "Feature",
      "properties": {
        "tree_id": 91514,
        "dbh": 12.0,
        "health": "Good",
        "species": "cherry",
        "spc_latin": "Prunus",
        "borough": "Bronx"
      },
      "geometry": {
        "type": "Point",
        "coordinates": [
          -73.920328,
          40.812403
        ]
      }
    },
    {
      "type": "Feature",
      "properties": {
        "tree_id": 92264,
        "dbh": 2.0,
        "health": "Good",
        "species": "sweetgum",
        "spc_latin": "Liquidambar styraciflua",
        "borough": "Bronx"
      },
      "geometry": {
        "type": "Point",
        "coordinates": [
          -73.918508,
          40.810699
        ]
      }
    },
    {
      "type": "Feature",
      "properties": {
        "tree_id": 92563,
        "dbh": 8.0,
        "health": "Fair",
        "species": "cherry",
        "spc_latin": "Prunus",
        "borough": "Bronx"
      },
      "geometry": {
        "type": "Point",
        "coordinates": [
          -73.91616,
          40.809813
        ]
      }
    },
    {
      "type": "Feature",
      "properties": {
        "tree_id": 92749,
        "dbh": 3.0,
        "health": "Good",
        "species": "cherry",
        "spc_latin": "Prunus",
        "borough": "Bronx"
      },
      "geometry": {
        "type": "Point",
        "coordinates": [
          -73.919253,
          40.812463
        ]
      }
    },
    {
      "type": "Feature",
      "properties": {
        "tree_id": 92562,
        "dbh": 7.0,
        "health": "Fair",
        "species": "cherry",
        "spc_latin": "Prunus",
        "borough": "Bronx"
      },
      "geometry": {
        "type": "Point",
        "coordinates": [
          -73.916289,
          40.809856
        ]
      }
    },
    {
      "type": "Feature",
      "properties": {
        "tree_id": 92566,
        "dbh": 4.0,
        "health": "Fair",
        "species": "cherry",
        "spc_latin": "Prunus",
        "borough": "Bronx"
      },
      "geometry": {
        "type": "Point",
        "coordinates": [
          -73.915856,
          40.809712
        ]
      }
    },
    {
      "type": "Feature",
      "properties": {
        "tree_id": 91649,
        "dbh": 5.0,
        "health": "Good",
        "species": "white oak",
        "spc_latin": "Quercus alba",
        "borough": "Bronx"
      },
      "geometry": {
        "type": "Point",
        "coordinates": [
          -73.918511,
          40.811367
        ]
      }
    },
    {
      "type": "Feature",
      "properties": {
        "tree_id": 82173,
        "dbh": 2.0,
        "health": "Fair",
        "species": "northern red oak",
        "spc_latin": "Quercus rubra",
        "borough": "Bronx"
      },
      "geometry": {
        "type": "Point",
        "coordinates": [
          -73.918,
          40.802869
        ]
      }
    },
    {
      "type": "Feature",
      "properties": {
        "tree_id": 91653,
        "dbh": 17.0,
        "health": "Poor",
        "species": "littleleaf linden",
        "spc_latin": "Tilia cordata",
        "borough": "Bronx"
      },
      "geometry": {
        "type": "Point",
        "coordinates": [
          -73.91909,
          40.81158
        ]
      }
    },
    {
      "type": "Feature",
      "properties": {
        "tree_id": 82180,
        "dbh": 27.0,
        "health": "Good",
        "species": "London planetree",
        "spc_latin": "Platanus x acerifolia",
        "borough": "Bronx"
      },
      "geometry": {
        "type": "Point",
        "coordinates": [
          -73.918362,
          40.803356
        ]
      }
    },
    {
      "type": "Feature",
      "properties": {
        "tree_id": 82174,
        "dbh": 2.0,
        "health": "Fair",
        "species": "northern red oak",
        "spc_latin": "Quercus rubra",
        "borough": "Bronx"
      },
      "geometry": {
        "type": "Point",
        "coordinates": [
          -73.917922,
          40.802837
        ]
      }
    },
    {
      "type": "Feature",
      "properties": {
        "tree_id": 91298,
        "dbh": 9.0,
        "health": "Good",
        "species": "green ash",
        "spc_latin": "Fraxinus pennsylvanica",
        "borough": "Bronx"
      },
      "geometry": {
        "type": "Point",
        "coordinates": [
          -73.920265,
          40.812196
        ]
      }
    },
    {
      "type": "Feature",
      "properties": {
        "tree_id": 82181,
        "dbh": 27.0,
        "health": "Good",
        "species": "London planetree",
        "spc_latin": "Platanus x acerifolia",
        "borough": "Bronx"
      },
      "geometry": {
        "type": "Point",
        "coordinates": [
          -73.91825,
          40.80335
        ]
      }
    },
    {
      "type": "Feature",
      "properties": {
        "tree_id": 92254,
        "dbh": 9.0,
        "health": "Fair",
        "species": "northern red oak",
        "spc_latin": "Quercus rubra",
        "borough": "Bronx"
      },
      "geometry": {
        "type": "Point",
        "coordinates": [
          -73.919884,
          40.811213
        ]
      }
    },
    {
      "type": "Feature",
      "properties": {
        "tree_id": 82176,
        "dbh": 2.0,
        "health": "Fair",
        "species": "northern red oak",
        "spc_latin": "Quercus rubra",
        "borough": "Bronx"
      },
      "geometry": {
        "type": "Point",
        "coordinates": [
          -73.917724,
          40.802754
        ]
      }
    },
    {
      "type": "Feature",
      "properties": {
        "tree_id": 92760,
        "dbh": 4.0,
        "health": "Fair",
        "species": "Callery pear",
        "spc_latin": "Pyrus calleryana",
        "borough": "Bronx"
      },
      "geometry": {
        "type": "Point",
        "coordinates": [
          -73.91745,
          40.811792
        ]
      }
    },
    {
      "type": "Feature",
      "properties": {
        "tree_id": 92758,
        "dbh": 4.0,
        "health": "Fair",
        "species": "mulberry",
        "spc_latin": "Morus",
        "borough": "Bronx"
      },
      "geometry": {
        "type": "Point",
        "coordinates": [
          -73.917645,
          40.811857
        ]
      }
    },
    {
      "type": "Feature",
      "properties": {
        "tree_id": 91654,
        "dbh": 11.0,
        "health": "Good",
        "species": "northern red oak",
        "spc_latin": "Quercus rubra",
        "borough": "Bronx"
      },
      "geometry": {
        "type": "Point",
        "coordinates": [
          -73.919252,
          40.811649
        ]
      }
    },
    {
      "type": "Feature",
      "properties": {
        "tree_id": 91293,
        "dbh": 7.0,
        "health": "Fair",
        "species": "cherry",
        "spc_latin": "Prunus",
        "borough": "Bronx"
      },
      "geometry": {
        "type": "Point",
        "coordinates": [
          -73.918327,
          40.811421
        ]
      }
    },
    {
      "type": "Feature",
      "properties": {
        "tree_id": 82423,
        "dbh": 5.0,
        "health": "Poor",
        "species": "purple-leaf plum",
        "spc_latin": "Prunus cerasifera",
        "borough": "Bronx"
      },
      "geometry": {
        "type": "Point",
        "coordinates": [
          -73.914803,
          40.81414
        ]
      }
    },
    {
      "type": "Feature",
      "properties": {
        "tree_id": 91517,
        "dbh": 7.0,
        "health": "Good",
        "species": "cherry",
        "spc_latin": "Prunus",
        "borough": "Bronx"
      },
      "geometry": {
        "type": "Point",
        "coordinates": [
          -73.92016,
          40.81263
        ]
      }
    },
    {
      "type": "Feature",
      "properties": {
        "tree_id": 92762,
        "dbh": 4.0,
        "health": "Fair",
        "species": "mulberry",
        "spc_latin": "Morus",
        "borough": "Bronx"
      },
      "geometry": {
        "type": "Point",
        "coordinates": [
          -73.917294,
          40.81174
        ]
      }
    },
    {
      "type": "Feature",
      "properties": {
        "tree_id": 119881,
        "dbh": 4.0,
        "health": "Good",
        "species": "American linden",
        "spc_latin": "Tilia americana",
        "borough": "Bronx"
      },
      "geometry": {
        "type": "Point",
        "coordinates": [
          -73.915342,
          40.804914
        ]
      }
    },
    {
      "type": "Feature",
      "properties": {
        "tree_id": 92761,
        "dbh": 4.0,
        "health": "Fair",
        "species": "mulberry",
        "spc_latin": "Morus",
        "borough": "Bronx"
      },
      "geometry": {
        "type": "Point",
        "coordinates": [
          -73.917376,
          40.811768
        ]
      }
    },
    {
      "type": "Feature",
      "properties": {
        "tree_id": 119873,
        "dbh": 3.0,
        "health": "Good",
        "species": "American linden",
        "spc_latin": "Tilia americana",
        "borough": "Bronx"
      },
      "geometry": {
        "type": "Point",
        "coordinates": [
          -73.916836,
          40.805543
        ]
      }
    },
    {
      "type": "Feature",
      "properties": {
        "tree_id": 92469,
        "dbh": 22.0,
        "health": "Fair",
        "species": "mulberry",
        "spc_latin": "Morus",
        "borough": "Bronx"
      },
      "geometry": {
        "type": "Point",
        "coordinates": [
          -73.916558,
          40.810833
        ]
      }
    },
    {
      "type": "Feature",
      "properties": {
        "tree_id": 92454,
        "dbh": 13.0,
        "health": "Fair",
        "species": "northern red oak",
        "spc_latin": "Quercus rubra",
        "borough": "Bronx"
      },
      "geometry": {
        "type": "Point",
        "coordinates": [
          -73.917293,
          40.810706
        ]
      }
    },
    {
      "type": "Feature",
      "properties": {
        "tree_id": 119879,
        "dbh": 4.0,
        "health": "Fair",
        "species": "littleleaf linden",
        "spc_latin": "Tilia cordata",
        "borough": "Bronx"
      },
      "geometry": {
        "type": "Point",
        "coordinates": [
          -73.915801,
          40.805107
        ]
      }
    },
    {
      "type": "Feature",
      "properties": {
        "tree_id": 119874,
        "dbh": 4.0,
        "health": "Good",
        "species": "American linden",
        "spc_latin": "Tilia americana",
        "borough": "Bronx"
      },
      "geometry": {
        "type": "Point",
        "coordinates": [
          -73.916661,
          40.805469
        ]
      }
    },
    {
      "type": "Feature",
      "properties": {
        "tree_id": 119870,
        "dbh": 4.0,
        "health": "Good",
        "species": "littleleaf linden",
        "spc_latin": "Tilia cordata",
        "borough": "Bronx"
      },
      "geometry": {
        "type": "Point",
        "coordinates": [
          -73.917702,
          40.805908
        ]
      }
    },
    {
      "type": "Feature",
      "properties": {
        "tree_id": 119882,
        "dbh": 5.0,
        "health": "Good",
        "species": "American linden",
        "spc_latin": "Tilia americana",
        "borough": "Bronx"
      },
      "geometry": {
        "type": "Point",
        "coordinates": [
          -73.915277,
          40.804886
        ]
      }
    },
    {
      "type": "Feature",
      "properties": {
        "tree_id": 119883,
        "dbh": 6.0,
        "health": "Good",
        "species": "American linden",
        "spc_latin": "Tilia americana",
        "borough": "Bronx"
      },
      "geometry": {
        "type": "Point",
        "coordinates": [
          -73.915197,
          40.804852
        ]
      }
    },
    {
      "type": "Feature",
      "properties": {
        "tree_id": 92470,
        "dbh": 22.0,
        "health": "Good",
        "species": "mulberry",
        "spc_latin": "Morus",
        "borough": "Bronx"
      },
      "geometry": {
        "type": "Point",
        "coordinates": [
          -73.916685,
          40.810875
        ]
      }
    },
    {
      "type": "Feature",
      "properties": {
        "tree_id": 92355,
        "dbh": 4.0,
        "health": "Fair",
        "species": "'Schubert' chokecherry",
        "spc_latin": "Prunus virginiana",
        "borough": "Bronx"
      },
      "geometry": {
        "type": "Point",
        "coordinates": [
          -73.921083,
          40.81236
        ]
      }
    },
    {
      "type": "Feature",
      "properties": {
        "tree_id": 82632,
        "dbh": 6.0,
        "health": "Good",
        "species": "purple-leaf plum",
        "spc_latin": "Prunus cerasifera",
        "borough": "Bronx"
      },
      "geometry": {
        "type": "Point",
        "coordinates": [
          -73.914873,
          40.814047
        ]
      }
    },
    {
      "type": "Feature",
      "properties": {
        "tree_id": 119875,
        "dbh": 5.0,
        "health": "Good",
        "species": "littleleaf linden",
        "spc_latin": "Tilia cordata",
        "borough": "Bronx"
      },
      "geometry": {
        "type": "Point",
        "coordinates": [
          -73.916198,
          40.805274
        ]
      }
    },
    {
      "type": "Feature",
      "properties": {
        "tree_id": 91516,
        "dbh": 6.0,
        "health": "Good",
        "species": "cherry",
        "spc_latin": "Prunus",
        "borough": "Bronx"
      },
      "geometry": {
        "type": "Point",
        "coordinates": [
          -73.920205,
          40.81257
        ]
      }
    },
    {
      "type": "Feature",
      "properties": {
        "tree_id": 119871,
        "dbh": 3.0,
        "health": "Good",
        "species": "littleleaf linden",
        "spc_latin": "Tilia cordata",
        "borough": "Bronx"
      },
      "geometry": {
        "type": "Point",
        "coordinates": [
          -73.917384,
          40.805774
        ]
      }
    },
    {
      "type": "Feature",
      "properties": {
        "tree_id": 92468,
        "dbh": 20.0,
        "health": "Good",
        "species": "mulberry",
        "spc_latin": "Morus",
        "borough": "Bronx"
      },
      "geometry": {
        "type": "Point",
        "coordinates": [
          -73.916384,
          40.810775
        ]
      }
    },
    {
      "type": "Feature",
      "properties": {
        "tree_id": 92759,
        "dbh": 5.0,
        "health": "Fair",
        "species": "cherry",
        "spc_latin": "Prunus",
        "borough": "Bronx"
      },
      "geometry": {
        "type": "Point",
        "coordinates": [
          -73.917559,
          40.811829
        ]
      }
    },
    {
      "type": "Feature",
      "properties": {
        "tree_id": 92754,
        "dbh": 3.0,
        "health": "Fair",
        "species": "purple-leaf plum",
        "spc_latin": "Prunus cerasifera",
        "borough": "Bronx"
      },
      "geometry": {
        "type": "Point",
        "coordinates": [
          -73.918041,
          40.811989
        ]
      }
    },
    {
      "type": "Feature",
      "properties": {
        "tree_id": 82539,
        "dbh": 10.0,
        "health": "Good",
        "species": "red maple",
        "spc_latin": "Acer rubrum",
        "borough": "Bronx"
      },
      "geometry": {
        "type": "Point",
        "coordinates": [
          -73.917738,
          40.814393
        ]
      }
    },
    {
      "type": "Feature",
      "properties": {
        "tree_id": 92775,
        "dbh": 17.0,
        "health": "Good",
        "species": "London planetree",
        "spc_latin": "Platanus x acerifolia",
        "borough": "Bronx"
      },
      "geometry": {
        "type": "Point",
        "coordinates": [
          -73.917131,
          40.811323
        ]
      }
    },
    {
      "type": "Feature",
      "properties": {
        "tree_id": 82723,
        "dbh": 7.0,
        "health": "Good",
        "species": "red maple",
        "spc_latin": "Acer rubrum",
        "borough": "Bronx"
      },
      "geometry": {
        "type": "Point",
        "coordinates": [
          -73.915956,
          40.812192
        ]
      }
    },
    {
      "type": "Feature",
      "properties": {
        "tree_id": 82724,
        "dbh": 8.0,
        "health": "Fair",
        "species": "pin oak",
        "spc_latin": "Quercus palustris",
        "borough": "Bronx"
      },
      "geometry": {
        "type": "Point",
        "coordinates": [
          -73.915822,
          40.812148
        ]
      }
    },
    {
      "type": "Feature",
      "properties": {
        "tree_id": 82721,
        "dbh": 9.0,
        "health": "Good",
        "species": "honeylocust",
        "spc_latin": "Gleditsia triacanthos var. inermis",
        "borough": "Bronx"
      },
      "geometry": {
        "type": "Point",
        "coordinates": [
          -73.916213,
          40.812277
        ]
      }
    },
    {
      "type": "Feature",
      "properties": {
        "tree_id": 82725,
        "dbh": 6.0,
        "health": "Fair",
        "species": "honeylocust",
        "spc_latin": "Gleditsia triacanthos var. inermis",
        "borough": "Bronx"
      },
      "geometry": {
        "type": "Point",
        "coordinates": [
          -73.915674,
          40.812098
        ]
      }
    },
    {
      "type": "Feature",
      "properties": {
        "tree_id": 82728,
        "dbh": 4.0,
        "health": "Poor",
        "species": "honeylocust",
        "spc_latin": "Gleditsia triacanthos var. inermis",
        "borough": "Bronx"
      },
      "geometry": {
        "type": "Point",
        "coordinates": [
          -73.915182,
          40.811935
        ]
      }
    },
    {
      "type": "Feature",
      "properties": {
        "tree_id": 82726,
        "dbh": 6.0,
        "health": "Fair",
        "species": "honeylocust",
        "spc_latin": "Gleditsia triacanthos var. inermis",
        "borough": "Bronx"
      },
      "geometry": {
        "type": "Point",
        "coordinates": [
          -73.915446,
          40.812023
        ]
      }
    },
    {
      "type": "Feature",
      "properties": {
        "tree_id": 119876,
        "dbh": 4.0,
        "health": "Fair",
        "species": "littleleaf linden",
        "spc_latin": "Tilia cordata",
        "borough": "Bronx"
      },
      "geometry": {
        "type": "Point",
        "coordinates": [
          -73.916115,
          40.805239
        ]
      }
    },
    {
      "type": "Feature",
      "properties": {
        "tree_id": 82722,
        "dbh": 11.0,
        "health": "Good",
        "species": "honeylocust",
        "spc_latin": "Gleditsia triacanthos var. inermis",
        "borough": "Bronx"
      },
      "geometry": {
        "type": "Point",
        "coordinates": [
          -73.916089,
          40.812236
        ]
      }
    },
    {
      "type": "Feature",
      "properties": {
        "tree_id": 82727,
        "dbh": 6.0,
        "health": "Good",
        "species": "honeylocust",
        "spc_latin": "Gleditsia triacanthos var. inermis",
        "borough": "Bronx"
      },
      "geometry": {
        "type": "Point",
        "coordinates": [
          -73.915287,
          40.81197
        ]
      }
    },
    {
      "type": "Feature",
      "properties": {
        "tree_id": 119878,
        "dbh": 4.0,
        "health": "Good",
        "species": "littleleaf linden",
        "spc_latin": "Tilia cordata",
        "borough": "Bronx"
      },
      "geometry": {
        "type": "Point",
        "coordinates": [
          -73.915867,
          40.805135
        ]
      }
    },
    {
      "type": "Feature",
      "properties": {
        "tree_id": 92756,
        "dbh": 4.0,
        "health": "Good",
        "species": "purple-leaf plum",
        "spc_latin": "Prunus cerasifera",
        "borough": "Bronx"
      },
      "geometry": {
        "type": "Point",
        "coordinates": [
          -73.91789,
          40.811939
        ]
      }
    },
    {
      "type": "Feature",
      "properties": {
        "tree_id": 119872,
        "dbh": 4.0,
        "health": "Good",
        "species": "littleleaf linden",
        "spc_latin": "Tilia cordata",
        "borough": "Bronx"
      },
      "geometry": {
        "type": "Point",
        "coordinates": [
          -73.917067,
          40.80564
        ]
      }
    },
    {
      "type": "Feature",
      "properties": {
        "tree_id": 92341,
        "dbh": 5.0,
        "health": "Fair",
        "species": "'Schubert' chokecherry",
        "spc_latin": "Prunus virginiana",
        "borough": "Bronx"
      },
      "geometry": {
        "type": "Point",
        "coordinates": [
          -73.922595,
          40.813
        ]
      }
    },
    {
      "type": "Feature",
      "properties": {
        "tree_id": 119877,
        "dbh": 4.0,
        "health": "Good",
        "species": "littleleaf linden",
        "spc_latin": "Tilia cordata",
        "borough": "Bronx"
      },
      "geometry": {
        "type": "Point",
        "coordinates": [
          -73.915959,
          40.805174
        ]
      }
    },
    {
      "type": "Feature",
      "properties": {
        "tree_id": 82707,
        "dbh": 3.0,
        "health": "Poor",
        "species": "Japanese snowbell",
        "spc_latin": "Styrax japonicus",
        "borough": "Bronx"
      },
      "geometry": {
        "type": "Point",
        "coordinates": [
          -73.917226,
          40.814053
        ]
      }
    },
    {
      "type": "Feature",
      "properties": {
        "tree_id": 86287,
        "dbh": 5.0,
        "health": "Good",
        "species": "swamp white oak",
        "spc_latin": "Quercus bicolor",
        "borough": "Bronx"
      },
      "geometry": {
        "type": "Point",
        "coordinates": [
          -73.929776,
          40.807204
        ]
      }
    },
    {
      "type": "Feature",
      "properties": {
        "tree_id": 86288,
        "dbh": 6.0,
        "health": "Good",
        "species": "swamp white oak",
        "spc_latin": "Quercus bicolor",
        "borough": "Bronx"
      },
      "geometry": {
        "type": "Point",
        "coordinates": [
          -73.929846,
          40.80711
        ]
      }
    },
    {
      "type": "Feature",
      "properties": {
        "tree_id": 92357,
        "dbh": 4.0,
        "health": "Fair",
        "species": "'Schubert' chokecherry",
        "spc_latin": "Prunus virginiana",
        "borough": "Bronx"
      },
      "geometry": {
        "type": "Point",
        "coordinates": [
          -73.920831,
          40.812254
        ]
      }
    },
    {
      "type": "Feature",
      "properties": {
        "tree_id": 92342,
        "dbh": 5.0,
        "health": "Poor",
        "species": "'Schubert' chokecherry",
        "spc_latin": "Prunus virginiana",
        "borough": "Bronx"
      },
      "geometry": {
        "type": "Point",
        "coordinates": [
          -73.922481,
          40.812952
        ]
      }
    },
    {
      "type": "Feature",
      "properties": {
        "tree_id": 82711,
        "dbh": 4.0,
        "health": "Poor",
        "species": "sweetgum",
        "spc_latin": "Liquidambar styraciflua",
        "borough": "Bronx"
      },
      "geometry": {
        "type": "Point",
        "coordinates": [
          -73.916533,
          40.813818
        ]
      }
    },
    {
      "type": "Feature",
      "properties": {
        "tree_id": 82710,
        "dbh": 4.0,
        "health": "Good",
        "species": "red maple",
        "spc_latin": "Acer rubrum",
        "borough": "Bronx"
      },
      "geometry": {
        "type": "Point",
        "coordinates": [
          -73.916677,
          40.813865
        ]
      }
    },
    {
      "type": "Feature",
      "properties": {
        "tree_id": 82538,
        "dbh": 4.0,
        "health": "Fair",
        "species": "littleleaf linden",
        "spc_latin": "Tilia cordata",
        "borough": "Bronx"
      },
      "geometry": {
        "type": "Point",
        "coordinates": [
          -73.917868,
          40.814447
        ]
      }
    },
    {
      "type": "Feature",
      "properties": {
        "tree_id": 92354,
        "dbh": 3.0,
        "health": "Good",
        "species": "'Schubert' chokecherry",
        "spc_latin": "Prunus virginiana",
        "borough": "Bronx"
      },
      "geometry": {
        "type": "Point",
        "coordinates": [
          -73.92117,
          40.812397
        ]
      }
    },
    {
      "type": "Feature",
      "properties": {
        "tree_id": 86285,
        "dbh": 5.0,
        "health": "Good",
        "species": "swamp white oak",
        "spc_latin": "Quercus bicolor",
        "borough": "Bronx"
      },
      "geometry": {
        "type": "Point",
        "coordinates": [
          -73.92965,
          40.807372
        ]
      }
    },
    {
      "type": "Feature",
      "properties": {
        "tree_id": 86284,
        "dbh": 6.0,
        "health": "Good",
        "species": "swamp white oak",
        "spc_latin": "Quercus bicolor",
        "borough": "Bronx"
      },
      "geometry": {
        "type": "Point",
        "coordinates": [
          -73.929612,
          40.807423
        ]
      }
    },
    {
      "type": "Feature",
      "properties": {
        "tree_id": 91861,
        "dbh": 19.0,
        "health": "Good",
        "species": "Sophora",
        "spc_latin": "Styphnolobium japonicum",
        "borough": "Bronx"
      },
      "geometry": {
        "type": "Point",
        "coordinates": [
          -73.915554,
          40.810017
        ]
      }
    },
    {
      "type": "Feature",
      "properties": {
        "tree_id": 92755,
        "dbh": 3.0,
        "health": "Fair",
        "species": "purple-leaf plum",
        "spc_latin": "Prunus cerasifera",
        "borough": "Bronx"
      },
      "geometry": {
        "type": "Point",
        "coordinates": [
          -73.917958,
          40.811962
        ]
      }
    },
    {
      "type": "Feature",
      "properties": {
        "tree_id": 92757,
        "dbh": 4.0,
        "health": "Good",
        "species": "purple-leaf plum",
        "spc_latin": "Prunus cerasifera",
        "borough": "Bronx"
      },
      "geometry": {
        "type": "Point",
        "coordinates": [
          -73.917823,
          40.811917
        ]
      }
    },
    {
      "type": "Feature",
      "properties": {
        "tree_id": 92753,
        "dbh": 3.0,
        "health": "Fair",
        "species": "purple-leaf plum",
        "spc_latin": "Prunus cerasifera",
        "borough": "Bronx"
      },
      "geometry": {
        "type": "Point",
        "coordinates": [
          -73.918106,
          40.812011
        ]
      }
    },
    {
      "type": "Feature",
      "properties": {
        "tree_id": 120027,
        "dbh": 2.0,
        "health": "Good",
        "species": "honeylocust",
        "spc_latin": "Gleditsia triacanthos var. inermis",
        "borough": "Bronx"
      },
      "geometry": {
        "type": "Point",
        "coordinates": [
          -73.91454,
          40.804632
        ]
      }
    },
    {
      "type": "Feature",
      "properties": {
        "tree_id": 120025,
        "dbh": 5.0,
        "health": "Good",
        "species": "American linden",
        "spc_latin": "Tilia americana",
        "borough": "Bronx"
      },
      "geometry": {
        "type": "Point",
        "coordinates": [
          -73.914855,
          40.804766
        ]
      }
    },
    {
      "type": "Feature",
      "properties": {
        "tree_id": 120026,
        "dbh": 5.0,
        "health": "Fair",
        "species": "American linden",
        "spc_latin": "Tilia americana",
        "borough": "Bronx"
      },
      "geometry": {
        "type": "Point",
        "coordinates": [
          -73.914729,
          40.804712
        ]
      }
    },
    {
      "type": "Feature",
      "properties": {
        "tree_id": 82708,
        "dbh": 14.0,
        "health": "Poor",
        "species": "green ash",
        "spc_latin": "Fraxinus pennsylvanica",
        "borough": "Bronx"
      },
      "geometry": {
        "type": "Point",
        "coordinates": [
          -73.917179,
          40.814037
        ]
      }
    },
    {
      "type": "Feature",
      "properties": {
        "tree_id": 120099,
        "dbh": 9.0,
        "health": "Good",
        "species": "honeylocust",
        "spc_latin": "Gleditsia triacanthos var. inermis",
        "borough": "Bronx"
      },
      "geometry": {
        "type": "Point",
        "coordinates": [
          -73.915461,
          40.807717
        ]
      }
    },
    {
      "type": "Feature",
      "properties": {
        "tree_id": 120105,
        "dbh": 14.0,
        "health": "Good",
        "species": "honeylocust",
        "spc_latin": "Gleditsia triacanthos var. inermis",
        "borough": "Bronx"
      },
      "geometry": {
        "type": "Point",
        "coordinates": [
          -73.916128,
          40.807998
        ]
      }
    },
    {
      "type": "Feature",
      "properties": {
        "tree_id": 120102,
        "dbh": 17.0,
        "health": "Good",
        "species": "honeylocust",
        "spc_latin": "Gleditsia triacanthos var. inermis",
        "borough": "Bronx"
      },
      "geometry": {
        "type": "Point",
        "coordinates": [
          -73.91575,
          40.807839
        ]
      }
    },
    {
      "type": "Feature",
      "properties": {
        "tree_id": 82729,
        "dbh": 11.0,
        "health": "Good",
        "species": "Chinese elm",
        "spc_latin": "Ulmus parvifolia",
        "borough": "Bronx"
      },
      "geometry": {
        "type": "Point",
        "coordinates": [
          -73.914947,
          40.811858
        ]
      }
    },
    {
      "type": "Feature",
      "properties": {
        "tree_id": 120098,
        "dbh": 12.0,
        "health": "Good",
        "species": "ginkgo",
        "spc_latin": "Ginkgo biloba",
        "borough": "Bronx"
      },
      "geometry": {
        "type": "Point",
        "coordinates": [
          -73.91535,
          40.807671
        ]
      }
    },
    {
      "type": "Feature",
      "properties": {
        "tree_id": 120096,
        "dbh": 5.0,
        "health": "Good",
        "species": "ginkgo",
        "spc_latin": "Ginkgo biloba",
        "borough": "Bronx"
      },
      "geometry": {
        "type": "Point",
        "coordinates": [
          -73.915043,
          40.807542
        ]
      }
    },
    {
      "type": "Feature",
      "properties": {
        "tree_id": 120100,
        "dbh": 12.0,
        "health": "Good",
        "species": "honeylocust",
        "spc_latin": "Gleditsia triacanthos var. inermis",
        "borough": "Bronx"
      },
      "geometry": {
        "type": "Point",
        "coordinates": [
          -73.915557,
          40.807758
        ]
      }
    },
    {
      "type": "Feature",
      "properties": {
        "tree_id": 120103,
        "dbh": 11.0,
        "health": "Good",
        "species": "honeylocust",
        "spc_latin": "Gleditsia triacanthos var. inermis",
        "borough": "Bronx"
      },
      "geometry": {
        "type": "Point",
        "coordinates": [
          -73.915941,
          40.807919
        ]
      }
    },
    {
      "type": "Feature",
      "properties": {
        "tree_id": 82706,
        "dbh": 12.0,
        "health": "Good",
        "species": "green ash",
        "spc_latin": "Fraxinus pennsylvanica",
        "borough": "Bronx"
      },
      "geometry": {
        "type": "Point",
        "coordinates": [
          -73.917305,
          40.814091
        ]
      }
    },
    {
      "type": "Feature",
      "properties": {
        "tree_id": 120097,
        "dbh": 12.0,
        "health": "Good",
        "species": "honeylocust",
        "spc_latin": "Gleditsia triacanthos var. inermis",
        "borough": "Bronx"
      },
      "geometry": {
        "type": "Point",
        "coordinates": [
          -73.915255,
          40.807631
        ]
      }
    },
    {
      "type": "Feature",
      "properties": {
        "tree_id": 120106,
        "dbh": 10.0,
        "health": "Good",
        "species": "honeylocust",
        "spc_latin": "Gleditsia triacanthos var. inermis",
        "borough": "Bronx"
      },
      "geometry": {
        "type": "Point",
        "coordinates": [
          -73.916188,
          40.808023
        ]
      }
    },
    {
      "type": "Feature",
      "properties": {
        "tree_id": 120101,
        "dbh": 15.0,
        "health": "Good",
        "species": "honeylocust",
        "spc_latin": "Gleditsia triacanthos var. inermis",
        "borough": "Bronx"
      },
      "geometry": {
        "type": "Point",
        "coordinates": [
          -73.915658,
          40.8078
        ]
      }
    },
    {
      "type": "Feature",
      "properties": {
        "tree_id": 119728,
        "dbh": 4.0,
        "health": "Fair",
        "species": "American elm",
        "spc_latin": "Ulmus americana",
        "borough": "Bronx"
      },
      "geometry": {
        "type": "Point",
        "coordinates": [
          -73.916954,
          40.806502
        ]
      }
    },
    {
      "type": "Feature",
      "properties": {
        "tree_id": 82730,
        "dbh": 11.0,
        "health": "Good",
        "species": "Chinese elm",
        "spc_latin": "Ulmus parvifolia",
        "borough": "Bronx"
      },
      "geometry": {
        "type": "Point",
        "coordinates": [
          -73.914747,
          40.811792
        ]
      }
    },
    {
      "type": "Feature",
      "properties": {
        "tree_id": 120152,
        "dbh": 10.0,
        "health": "Good",
        "species": "honeylocust",
        "spc_latin": "Gleditsia triacanthos var. inermis",
        "borough": "Bronx"
      },
      "geometry": {
        "type": "Point",
        "coordinates": [
          -73.91626,
          40.808499
        ]
      }
    },
    {
      "type": "Feature",
      "properties": {
        "tree_id": 120150,
        "dbh": 11.0,
        "health": "Good",
        "species": "honeylocust",
        "spc_latin": "Gleditsia triacanthos var. inermis",
        "borough": "Bronx"
      },
      "geometry": {
        "type": "Point",
        "coordinates": [
          -73.916385,
          40.808293
        ]
      }
    },
    {
      "type": "Feature",
      "properties": {
        "tree_id": 120104,
        "dbh": 14.0,
        "health": "Good",
        "species": "honeylocust",
        "spc_latin": "Gleditsia triacanthos var. inermis",
        "borough": "Bronx"
      },
      "geometry": {
        "type": "Point",
        "coordinates": [
          -73.916037,
          40.807959
        ]
      }
    },
    {
      "type": "Feature",
      "properties": {
        "tree_id": 120153,
        "dbh": 9.0,
        "health": "Good",
        "species": "honeylocust",
        "spc_latin": "Gleditsia triacanthos var. inermis",
        "borough": "Bronx"
      },
      "geometry": {
        "type": "Point",
        "coordinates": [
          -73.916205,
          40.808588
        ]
      }
    },
    {
      "type": "Feature",
      "properties": {
        "tree_id": 82705,
        "dbh": 13.0,
        "health": "Fair",
        "species": "green ash",
        "spc_latin": "Fraxinus pennsylvanica",
        "borough": "Bronx"
      },
      "geometry": {
        "type": "Point",
        "coordinates": [
          -73.918121,
          40.814436
        ]
      }
    },
    {
      "type": "Feature",
      "properties": {
        "tree_id": 120151,
        "dbh": 11.0,
        "health": "Good",
        "species": "honeylocust",
        "spc_latin": "Gleditsia triacanthos var. inermis",
        "borough": "Bronx"
      },
      "geometry": {
        "type": "Point",
        "coordinates": [
          -73.916339,
          40.808369
        ]
      }
    },
    {
      "type": "Feature",
      "properties": {
        "tree_id": 82709,
        "dbh": 16.0,
        "health": "Poor",
        "species": "green ash",
        "spc_latin": "Fraxinus pennsylvanica",
        "borough": "Bronx"
      },
      "geometry": {
        "type": "Point",
        "coordinates": [
          -73.91709,
          40.814006
        ]
      }
    },
    {
      "type": "Feature",
      "properties": {
        "tree_id": 82543,
        "dbh": 9.0,
        "health": "Fair",
        "species": "Norway maple",
        "spc_latin": "Acer platanoides",
        "borough": "Bronx"
      },
      "geometry": {
        "type": "Point",
        "coordinates": [
          -73.917082,
          40.814115
        ]
      }
    },
    {
      "type": "Feature",
      "properties": {
        "tree_id": 82542,
        "dbh": 13.0,
        "health": "Good",
        "species": "Norway maple",
        "spc_latin": "Acer platanoides",
        "borough": "Bronx"
      },
      "geometry": {
        "type": "Point",
        "coordinates": [
          -73.917228,
          40.814177
        ]
      }
    },
    {
      "type": "Feature",
      "properties": {
        "tree_id": 92874,
        "dbh": 4.0,
        "health": "Good",
        "species": "arborvitae",
        "spc_latin": "Thuja occidentalis",
        "borough": "Bronx"
      },
      "geometry": {
        "type": "Point",
        "coordinates": [
          -73.915549,
          40.812724
        ]
      }
    },
    {
      "type": "Feature",
      "properties": {
        "tree_id": 86286,
        "dbh": 7.0,
        "health": "Good",
        "species": "swamp white oak",
        "spc_latin": "Quercus bicolor",
        "borough": "Bronx"
      },
      "geometry": {
        "type": "Point",
        "coordinates": [
          -73.929729,
          40.807266
        ]
      }
    },
    {
      "type": "Feature",
      "properties": {
        "tree_id": 82689,
        "dbh": 6.0,
        "health": "Good",
        "species": "pin oak",
        "spc_latin": "Quercus palustris",
        "borough": "Bronx"
      },
      "geometry": {
        "type": "Point",
        "coordinates": [
          -73.915935,
          40.813059
        ]
      }
    },
    {
      "type": "Feature",
      "properties": {
        "tree_id": 82712,
        "dbh": 5.0,
        "health": "Fair",
        "species": "sweetgum",
        "spc_latin": "Liquidambar styraciflua",
        "borough": "Bronx"
      },
      "geometry": {
        "type": "Point",
        "coordinates": [
          -73.9163,
          40.813742
        ]
      }
    },
    {
      "type": "Feature",
      "properties": {
        "tree_id": 82231,
        "dbh": 2.0,
        "health": "Good",
        "species": "northern red oak",
        "spc_latin": "Quercus rubra",
        "borough": "Bronx"
      },
      "geometry": {
        "type": "Point",
        "coordinates": [
          -73.917567,
          40.802992
        ]
      }
    },
    {
      "type": "Feature",
      "properties": {
        "tree_id": 82235,
        "dbh": 2.0,
        "health": "Fair",
        "species": "northern red oak",
        "spc_latin": "Quercus rubra",
        "borough": "Bronx"
      },
      "geometry": {
        "type": "Point",
        "coordinates": [
          -73.91794,
          40.803018
        ]
      }
    },
    {
      "type": "Feature",
      "properties": {
        "tree_id": 82232,
        "dbh": 2.0,
        "health": "Good",
        "species": "northern red oak",
        "spc_latin": "Quercus rubra",
        "borough": "Bronx"
      },
      "geometry": {
        "type": "Point",
        "coordinates": [
          -73.917638,
          40.802997
        ]
      }
    },
    {
      "type": "Feature",
      "properties": {
        "tree_id": 82233,
        "dbh": 2.0,
        "health": "Fair",
        "species": "northern red oak",
        "spc_latin": "Quercus rubra",
        "borough": "Bronx"
      },
      "geometry": {
        "type": "Point",
        "coordinates": [
          -73.917747,
          40.803005
        ]
      }
    },
    {
      "type": "Feature",
      "properties": {
        "tree_id": 119768,
        "dbh": 12.0,
        "health": "Good",
        "species": "honeylocust",
        "spc_latin": "Gleditsia triacanthos var. inermis",
        "borough": "Bronx"
      },
      "geometry": {
        "type": "Point",
        "coordinates": [
          -73.915227,
          40.808298
        ]
      }
    },
    {
      "type": "Feature",
      "properties": {
        "tree_id": 119729,
        "dbh": 5.0,
        "health": "Good",
        "species": "cherry",
        "spc_latin": "Prunus",
        "borough": "Bronx"
      },
      "geometry": {
        "type": "Point",
        "coordinates": [
          -73.916822,
          40.806446
        ]
      }
    },
    {
      "type": "Feature",
      "properties": {
        "tree_id": 120594,
        "dbh": 5.0,
        "health": "Good",
        "species": "Chinese elm",
        "spc_latin": "Ulmus parvifolia",
        "borough": "Bronx"
      },
      "geometry": {
        "type": "Point",
        "coordinates": [
          -73.916852,
          40.807592
        ]
      }
    },
    {
      "type": "Feature",
      "properties": {
        "tree_id": 120596,
        "dbh": 4.0,
        "health": "Good",
        "species": "Chinese elm",
        "spc_latin": "Ulmus parvifolia",
        "borough": "Bronx"
      },
      "geometry": {
        "type": "Point",
        "coordinates": [
          -73.916626,
          40.807924
        ]
      }
    },
    {
      "type": "Feature",
      "properties": {
        "tree_id": 82234,
        "dbh": 2.0,
        "health": "Good",
        "species": "northern red oak",
        "spc_latin": "Quercus rubra",
        "borough": "Bronx"
      },
      "geometry": {
        "type": "Point",
        "coordinates": [
          -73.917837,
          40.803011
        ]
      }
    },
    {
      "type": "Feature",
      "properties": {
        "tree_id": 82573,
        "dbh": 8.0,
        "health": "Fair",
        "species": "golden raintree",
        "spc_latin": "Koelreuteria paniculata",
        "borough": "Bronx"
      },
      "geometry": {
        "type": "Point",
        "coordinates": [
          -73.914573,
          40.813286
        ]
      }
    },
    {
      "type": "Feature",
      "properties": {
        "tree_id": 82541,
        "dbh": 11.0,
        "health": "Fair",
        "species": "Norway maple",
        "spc_latin": "Acer platanoides",
        "borough": "Bronx"
      },
      "geometry": {
        "type": "Point",
        "coordinates": [
          -73.917483,
          40.814285
        ]
      }
    },
    {
      "type": "Feature",
      "properties": {
        "tree_id": 120467,
        "dbh": 12.0,
        "health": "Good",
        "species": "ginkgo",
        "spc_latin": "Ginkgo biloba",
        "borough": "Bronx"
      },
      "geometry": {
        "type": "Point",
        "coordinates": [
          -73.915461,
          40.80761
        ]
      }
    },
    {
      "type": "Feature",
      "properties": {
        "tree_id": 92875,
        "dbh": 3.0,
        "health": "Good",
        "species": "arborvitae",
        "spc_latin": "Thuja occidentalis",
        "borough": "Bronx"
      },
      "geometry": {
        "type": "Point",
        "coordinates": [
          -73.915567,
          40.81273
        ]
      }
    },
    {
      "type": "Feature",
      "properties": {
        "tree_id": 120462,
        "dbh": 12.0,
        "health": "Good",
        "species": "Callery pear",
        "spc_latin": "Pyrus calleryana",
        "borough": "Bronx"
      },
      "geometry": {
        "type": "Point",
        "coordinates": [
          -73.916148,
          40.807899
        ]
      }
    },
    {
      "type": "Feature",
      "properties": {
        "tree_id": 92873,
        "dbh": 2.0,
        "health": "Good",
        "species": "arborvitae",
        "spc_latin": "Thuja occidentalis",
        "borough": "Bronx"
      },
      "geometry": {
        "type": "Point",
        "coordinates": [
          -73.915523,
          40.812715
        ]
      }
    },
    {
      "type": "Feature",
      "properties": {
        "tree_id": 120465,
        "dbh": 3.0,
        "health": "Good",
        "species": "ginkgo",
        "spc_latin": "Ginkgo biloba",
        "borough": "Bronx"
      },
      "geometry": {
        "type": "Point",
        "coordinates": [
          -73.915729,
          40.807723
        ]
      }
    },
    {
      "type": "Feature",
      "properties": {
        "tree_id": 82208,
        "dbh": 20.0,
        "health": "Good",
        "species": "London planetree",
        "spc_latin": "Platanus x acerifolia",
        "borough": "Bronx"
      },
      "geometry": {
        "type": "Point",
        "coordinates": [
          -73.917361,
          40.802839
        ]
      }
    },
    {
      "type": "Feature",
      "properties": {
        "tree_id": 91651,
        "dbh": 7.0,
        "health": "Fair",
        "species": "'Schubert' chokecherry",
        "spc_latin": "Prunus virginiana",
        "borough": "Bronx"
      },
      "geometry": {
        "type": "Point",
        "coordinates": [
          -73.918823,
          40.811472
        ]
      }
    },
    {
      "type": "Feature",
      "properties": {
        "tree_id": 119769,
        "dbh": 6.0,
        "health": "Good",
        "species": "Sophora",
        "spc_latin": "Styphnolobium japonicum",
        "borough": "Bronx"
      },
      "geometry": {
        "type": "Point",
        "coordinates": [
          -73.915016,
          40.808209
        ]
      }
    },
    {
      "type": "Feature",
      "properties": {
        "tree_id": 120469,
        "dbh": 12.0,
        "health": "Good",
        "species": "honeylocust",
        "spc_latin": "Gleditsia triacanthos var. inermis",
        "borough": "Bronx"
      },
      "geometry": {
        "type": "Point",
        "coordinates": [
          -73.915164,
          40.807485
        ]
      }
    },
    {
      "type": "Feature",
      "properties": {
        "tree_id": 82540,
        "dbh": 13.0,
        "health": "Good",
        "species": "silver maple",
        "spc_latin": "Acer saccharinum",
        "borough": "Bronx"
      },
      "geometry": {
        "type": "Point",
        "coordinates": [
          -73.917611,
          40.814339
        ]
      }
    },
    {
      "type": "Feature",
      "properties": {
        "tree_id": 120468,
        "dbh": 4.0,
        "health": "Good",
        "species": "honeylocust",
        "spc_latin": "Gleditsia triacanthos var. inermis",
        "borough": "Bronx"
      },
      "geometry": {
        "type": "Point",
        "coordinates": [
          -73.915232,
          40.807514
        ]
      }
    },
    {
      "type": "Feature",
      "properties": {
        "tree_id": 120466,
        "dbh": 6.0,
        "health": "Good",
        "species": "Callery pear",
        "spc_latin": "Pyrus calleryana",
        "borough": "Bronx"
      },
      "geometry": {
        "type": "Point",
        "coordinates": [
          -73.915585,
          40.807662
        ]
      }
    },
    {
      "type": "Feature",
      "properties": {
        "tree_id": 120464,
        "dbh": 6.0,
        "health": "Good",
        "species": "Japanese zelkova",
        "spc_latin": "Zelkova serrata",
        "borough": "Bronx"
      },
      "geometry": {
        "type": "Point",
        "coordinates": [
          -73.915851,
          40.807774
        ]
      }
    },
    {
      "type": "Feature",
      "properties": {
        "tree_id": 82207,
        "dbh": 19.0,
        "health": "Good",
        "species": "London planetree",
        "spc_latin": "Platanus x acerifolia",
        "borough": "Bronx"
      },
      "geometry": {
        "type": "Point",
        "coordinates": [
          -73.917426,
          40.802753
        ]
      }
    },
    {
      "type": "Feature",
      "properties": {
        "tree_id": 120471,
        "dbh": 3.0,
        "health": "Poor",
        "species": "London planetree",
        "spc_latin": "Platanus x acerifolia",
        "borough": "Bronx"
      },
      "geometry": {
        "type": "Point",
        "coordinates": [
          -73.914592,
          40.807245
        ]
      }
    },
    {
      "type": "Feature",
      "properties": {
        "tree_id": 82158,
        "dbh": 4.0,
        "health": "Fair",
        "species": "cherry",
        "spc_latin": "Prunus",
        "borough": "Bronx"
      },
      "geometry": {
        "type": "Point",
        "coordinates": [
          -73.915172,
          40.814384
        ]
      }
    },
    {
      "type": "Feature",
      "properties": {
        "tree_id": 120463,
        "dbh": 13.0,
        "health": "Good",
        "species": "Callery pear",
        "spc_latin": "Pyrus calleryana",
        "borough": "Bronx"
      },
      "geometry": {
        "type": "Point",
        "coordinates": [
          -73.916044,
          40.807855
        ]
      }
    },
    {
      "type": "Feature",
      "properties": {
        "tree_id": 119841,
        "dbh": 11.0,
        "health": "Good",
        "species": "honeylocust",
        "spc_latin": "Gleditsia triacanthos var. inermis",
        "borough": "Bronx"
      },
      "geometry": {
        "type": "Point",
        "coordinates": [
          -73.914957,
          40.80505
        ]
      }
    },
    {
      "type": "Feature",
      "properties": {
        "tree_id": 119843,
        "dbh": 11.0,
        "health": "Good",
        "species": "honeylocust",
        "spc_latin": "Gleditsia triacanthos var. inermis",
        "borough": "Bronx"
      },
      "geometry": {
        "type": "Point",
        "coordinates": [
          -73.914703,
          40.8054
        ]
      }
    },
    {
      "type": "Feature",
      "properties": {
        "tree_id": 82441,
        "dbh": 9.0,
        "health": "Good",
        "species": "golden raintree",
        "spc_latin": "Koelreuteria paniculata",
        "borough": "Bronx"
      },
      "geometry": {
        "type": "Point",
        "coordinates": [
          -73.915437,
          40.813925
        ]
      }
    },
    {
      "type": "Feature",
      "properties": {
        "tree_id": 88961,
        "dbh": 6.0,
        "health": "Good",
        "species": "Atlas cedar",
        "spc_latin": "Cedrus atlantica",
        "borough": "Bronx"
      },
      "geometry": {
        "type": "Point",
        "coordinates": [
          -73.923569,
          40.812824
        ]
      }
    },
    {
      "type": "Feature",
      "properties": {
        "tree_id": 82686,
        "dbh": 9.0,
        "health": "Good",
        "species": "golden raintree",
        "spc_latin": "Koelreuteria paniculata",
        "borough": "Bronx"
      },
      "geometry": {
        "type": "Point",
        "coordinates": [
          -73.915738,
          40.813404
        ]
      }
    },
    {
      "type": "Feature",
      "properties": {
        "tree_id": 82159,
        "dbh": 6.0,
        "health": "Fair",
        "species": "cherry",
        "spc_latin": "Prunus",
        "borough": "Bronx"
      },
      "geometry": {
        "type": "Point",
        "coordinates": [
          -73.915119,
          40.814475
        ]
      }
    },
    {
      "type": "Feature",
      "properties": {
        "tree_id": 119771,
        "dbh": 8.0,
        "health": "Good",
        "species": "Sophora",
        "spc_latin": "Styphnolobium japonicum",
        "borough": "Bronx"
      },
      "geometry": {
        "type": "Point",
        "coordinates": [
          -73.91467,
          40.808063
        ]
      }
    },
    {
      "type": "Feature",
      "properties": {
        "tree_id": 119842,
        "dbh": 8.0,
        "health": "Good",
        "species": "cherry",
        "spc_latin": "Prunus",
        "borough": "Bronx"
      },
      "geometry": {
        "type": "Point",
        "coordinates": [
          -73.914781,
          40.805292
        ]
      }
    },
    {
      "type": "Feature",
      "properties": {
        "tree_id": 120470,
        "dbh": 2.0,
        "health": "Good",
        "species": "swamp white oak",
        "spc_latin": "Quercus bicolor",
        "borough": "Bronx"
      },
      "geometry": {
        "type": "Point",
        "coordinates": [
          -73.915035,
          40.807431
        ]
      }
    },
    {
      "type": "Feature",
      "properties": {
        "tree_id": 82677,
        "dbh": 5.0,
        "health": "Good",
        "species": "hedge maple",
        "spc_latin": "Acer campestre",
        "borough": "Bronx"
      },
      "geometry": {
        "type": "Point",
        "coordinates": [
          -73.915536,
          40.814268
        ]
      }
    },
    {
      "type": "Feature",
      "properties": {
        "tree_id": 192061,
        "dbh": 4.0,
        "health": "Poor",
        "species": "London planetree",
        "spc_latin": "Platanus x acerifolia",
        "borough": "Bronx"
      },
      "geometry": {
        "type": "Point",
        "coordinates": [
          -73.921186,
          40.804727
        ]
      }
    },
    {
      "type": "Feature",
      "properties": {
        "tree_id": 192082,
        "dbh": 5.0,
        "health": "Good",
        "species": "honeylocust",
        "spc_latin": "Gleditsia triacanthos var. inermis",
        "borough": "Bronx"
      },
      "geometry": {
        "type": "Point",
        "coordinates": [
          -73.919487,
          40.804138
        ]
      }
    },
    {
      "type": "Feature",
      "properties": {
        "tree_id": 192059,
        "dbh": 4.0,
        "health": "Fair",
        "species": "London planetree",
        "spc_latin": "Platanus x acerifolia",
        "borough": "Bronx"
      },
      "geometry": {
        "type": "Point",
        "coordinates": [
          -73.921086,
          40.804862
        ]
      }
    }
  ]
}