date,temp_c,wind_speed_ms,rh,precip_mm,precip_obs_n,wind_sector
2019-01-01,10.671296296296296,7.308766666666666,74.09041666666667,29.466539999999995,24,NW
2019-01-02,3.5416666666666665,4.243799999999999,54.33958333333334,0.0,24,NE
2019-01-03,5.277777777777778,4.8868,63.15,0.00762,24,NW
2019-01-04,5.092592592592593,4.479566666666667,55.20083333333333,0.0,24,SW
2019-01-05,6.828703703703703,5.3369,85.395,11.44524,24,NE
2019-01-06,6.967592592592593,6.9444,58.82375,0.00254,24,NW
2019-01-07,-1.0,5.615533333333333,41.07875000000001,0.0,24,NW
2019-01-08,4.398148148148148,2.7649,75.18583333333333,1.7881599999999997,24,S
2019-01-09,6.643518518518519,8.0375,61.13458333333333,5.336539999999999,24,W
2019-01-10,1.1805555555555556,10.0308,50.50583333333333,0.0,24,NW
2019-01-11,-2.3055555555555554,9.2592,47.69750000000001,0.0,24,NW
2019-01-12,-2.967592592592593,4.158066666666667,41.82416666666666,0.0,24,NW
2019-01-13,-1.2824074074074077,4.243799999999999,44.440000000000005,0.01016,24,NE
2019-01-14,-2.368055555555556,5.851299999999999,54.660000000000004,0.0,24,N
2019-01-15,-0.8935185185185187,3.215,47.77791666666667,0.0,24,N
2019-01-16,1.3310185185185184,4.393833333333332,54.35708333333333,0.0,24,W
2019-01-17,-0.6851851851851855,4.875617391304347,42.67125000000001,0.0,24,NW
2019-01-18,0.9143518518518517,3.129266666666666,74.07083333333333,0.7797799999999999,24,NE
2019-01-19,2.1064814814814814,3.9223,60.95208333333333,0.0,24,NW
2019-01-20,1.222222222222222,7.758866666666666,84.5425,34.04362,24,NE
2019-01-21,-10.986111111111112,12.195566666666664,54.68833333333333,0.0,24,NW
2019-01-22,-6.657407407407407,6.2156666666666665,45.002916666666664,0.0,24,NW
2019-01-23,1.5393518518518519,4.222366666666667,45.64833333333333,0.00254,24,S
2019-01-24,9.837962962962964,6.1728,85.53916666666667,37.6047,24,S
2019-01-25,2.5694444444444446,7.415933333333332,46.61958333333333,0.0,24,W
2019-01-26,-1.2546296296296298,4.8868,32.095416666666665,0.0,24,W
2019-01-27,3.7708333333333335,4.4367,53.36291666666667,0.0,24,S
2019-01-28,0.1944444444444442,4.6296,44.52708333333334,0.0,24,N
2019-01-29,0.5845410628019327,3.8244521739130435,64.32956521739132,1.53162,23,NE
2019-01-30,-1.9652777777777777,7.866033333333332,56.00458333333333,5.34162,24,W
2019-01-31,-12.590277777777779,7.2230333333333325,35.904583333333335,0.0,24,W
2019-02-01,-8.840277777777779,4.6296,33.11833333333333,0.0,24,NW
2019-02-02,-4.340277777777778,4.415266666666667,40.92666666666667,0.0,24,NW
2019-02-03,3.8657407407407405,2.9149333333333334,58.606249999999996,0.0,24,SW
2019-02-04,7.685185185185186,2.400533333333333,59.78000000000001,0.0,24,S
2019-02-05,9.652777777777779,2.0576,68.6825,0.0,24,S
2019-02-06,5.601851851851852,4.5009999999999994,62.557500000000005,0.51308,24,NE
2019-02-07,4.861111111111111,5.0582666666666665,88.50124999999998,13.721079999999999,24,NE
2019-02-08,7.222222222222221,5.0154,73.87833333333333,10.1727,24,W
2019-02-09,-1.0416666666666667,10.373733333333334,39.23166666666667,0.0,24,NW
2019-02-10,-1.6550925925925923,4.736766666666667,43.57166666666666,0.0,24,NW
2019-02-11,1.1527777777777777,3.1506999999999996,47.32791666666666,0.0,24,NE
2019-02-12,-0.5601851851851852,6.0656333333333325,62.20666666666667,12.19454,24,NE
2019-02-13,2.5925925925925926,6.751499999999999,72.92625,7.119619999999999,24,W
2019-02-14,2.8935185185185186,6.344266666666667,46.43833333333333,0.0,24,W
2019-02-15,7.893518518518519,3.7937,66.11916666666667,0.0,24,S
2019-02-16,5.3009259259259265,6.344266666666667,47.653749999999995,0.0,24,NW
2019-02-17,-0.030092592592592653,4.672466666666667,49.20875,0.0,24,N
2019-02-18,1.9675925925925926,5.122566666666667,77.30125,3.5737799999999997,24,NE
2019-02-19,-1.7754629629629628,6.601466666666666,46.52833333333333,0.0,24,NW
2019-02-20,-1.8634259259259263,3.6222333333333334,54.72541666666667,5.59054,24,NE
2019-02-21,3.8587962962962963,4.329533333333333,78.24666666666667,12.959079999999998,24,W
2019-02-22,5.3240740740740735,5.851299999999999,48.95875000000001,0.0,24,NW
2019-02-23,2.199074074074074,3.7508333333333335,57.68958333333333,0.0,24,NE
2019-02-24,4.212962962962963,5.165433333333333,88.93958333333335,18.557239999999997,24,NE
2019-02-25,4.768518518518518,12.302733333333332,36.074999999999996,0.00508,24,W
2019-02-26,-1.1273148148148147,8.7448,39.45708333333334,0.0,24,NW
2019-02-27,-3.4953703703703702,4.843933333333332,45.937083333333334,0.0,24,N
2019-02-28,-0.9629629629629631,4.908233333333333,61.16374999999999,0.76962,24,N
2019-03-01,-0.9583333333333335,4.951099999999999,67.69333333333333,2.5501600000000004,24,NE
2019-03-02,1.284722222222222,4.286666666666667,80.04666666666667,11.435080000000001,24,N
2019-03-03,3.3564814814814814,3.9008666666666665,63.14958333333334,1.52654,24,W
2019-03-04,1.3768115942028984,6.2622608695652175,73.75521739130436,19.81454,23,NW
2019-03-05,-2.6967592592592595,5.7655666666666665,43.34791666666667,0.0,24,NW
2019-03-06,-4.4907407407407405,7.565966666666666,42.35,0.0,24,W
2019-03-07,-4.275462962962963,5.894166666666667,43.128750000000004,0.00254,24,W
2019-03-08,-0.9189814814814813,3.129266666666666,46.326666666666675,0.0,24,N
2019-03-09,3.7962962962962963,2.9363666666666663,50.275,0.0,24,NW
2019-03-10,3.1944444444444446,5.9155999999999995,82.13458333333334,16.769079999999995,24,E
2019-03-11,7.75462962962963,5.937033333333333,56.52125,0.0,24,W
2019-03-12,4.143518518518518,7.930333333333333,42.765833333333326,0.0,24,NW
2019-03-13,3.1944444444444446,4.0508999999999995,47.94625,0.0,24,NE
2019-03-14,7.893518518518519,4.3724,59.59125,0.0,24,S
2019-03-15,12.754629629629628,5.379766666666667,73.17833333333333,0.01016,24,S
2019-03-16,10.162037037037038,7.7802999999999995,46.094166666666666,6.860539999999999,24,W
2019-03-17,3.7962962962962963,6.301399999999999,34.90833333333333,0.0,24,NW
2019-03-18,3.564814814814815,3.8365666666666662,33.54291666666666,0.0,24,NW
2019-03-19,5.324074074074074,3.0864,43.154583333333335,0.0,24,NW
2019-03-20,6.481481481481481,4.393833333333332,48.04458333333334,0.0,24,S
2019-03-21,5.6944444444444455,5.144,79.45666666666666,8.13816,24,NE
2019-03-22,6.388888888888889,10.288,74.78454545454545,19.565620000000003,22,NE
2019-03-23,4.768518518518518,10.523766666666665,47.645,0.00254,24,NW
2019-03-24,8.541666666666666,5.679833333333333,24.600000000000005,0.0,24,W
2019-03-25,11.203703703703702,4.1152,36.70375,0.00254,24,NW
2019-03-26,5.439814814814814,5.508366666666666,23.31625,0.00254,24,N
2019-03-27,4.12037037037037,4.5653,30.929999999999996,0.0,24,NE
2019-03-28,5.601851851851852,4.4367,53.91083333333333,0.0,24,S
2019-03-29,10.833333333333334,3.4722,60.530833333333334,0.01778,24,S
2019-03-30,12.916666666666666,4.736766666666667,63.16625,0.0,24,S
2019-03-31,10.995370370370372,6.344266666666667,70.56083333333333,2.04216,24,S
2019-04-01,4.444444444444444,8.080366666666666,40.87833333333334,0.0,24,NW
2019-04-02,6.342592592592593,4.158066666666667,40.512499999999996,0.0,24,SE
2019-04-03,10.625,7.3945,49.904583333333335,0.0127,24,W
2019-04-04,10.856481481481481,6.965833333333332,25.645833333333332,0.0,24,NW
2019-04-05,5.3240740740740735,5.036833333333333,43.918749999999996,3.5636199999999993,24,NE
2019-04-06,9.050925925925926,3.5364999999999998,73.50041666666667,2.3012400000000004,24,NW
2019-04-07,13.055555555555557,3.2578666666666662,55.61708333333333,0.0,24,S
2019-04-08,16.412037037037038,4.843933333333332,68.43833333333333,6.357619999999999,24,S
2019-04-09,8.125,4.329533333333333,85.95333333333333,0.51054,24,NE
2019-04-10,10.555555555555555,5.615533333333333,54.6875,0.0,24,NW
2019-04-11,7.337962962962963,3.7937,39.25875,0.0,24,N
2019-04-12,10.671296296296296,5.0797,56.45791666666667,0.26415999999999995,24,NE
2019-04-13,17.430555555555554,4.329533333333333,78.64416666666666,19.05508,24,S
2019-04-14,17.199074074074073,3.6222333333333334,80.58791666666667,0.00254,24,S
2019-04-15,13.356481481481481,7.565966666666666,77.79833333333333,19.829779999999996,24,S
2019-04-16,10.601851851851853,9.0663,33.776666666666664,0.0,24,NW
2019-04-17,11.75925925925926,4.1795,45.50208333333333,0.26669999999999994,24,NE
2019-04-18,12.59259259259259,5.144,59.826666666666675,0.01524,24,SE
2019-04-19,16.78240740740741,5.186866666666667,77.24541666666666,0.00508,24,S
2019-04-20,15.509259259259258,7.5230999999999995,90.88958333333333,17.284699999999997,24,S
2019-04-21,13.63425925925926,4.222366666666667,74.7675,0.01016,24,S
2019-04-22,12.777777777777777,3.8365666666666662,78.66958333333334,7.3685399999999985,24,N
2019-04-23,16.34259259259259,3.579366666666666,67.53916666666667,0.0127,24,NW
2019-04-24,17.685185185185187,5.7655666666666665,50.5375,2.8016199999999998,24,NW
2019-04-25,13.03240740740741,3.8579999999999997,54.72791666666666,0.26161999999999996,24,NE
2019-04-26,11.666666666666666,4.672466666666667,85.27041666666666,23.64486,24,NE
2019-04-27,12.523148148148147,7.930333333333333,53.73166666666666,7.122160000000001,24,W
2019-04-28,9.837962962962962,4.329533333333333,58.66291666666667,0.01524,24,N
2019-04-29,9.88425925925926,4.5009999999999994,47.336666666666666,0.0,24,NW
2019-04-30,10.416666666666666,3.579366666666666,82.36708333333333,1.8084799999999999,24,NE
2019-05-01,11.180555555555555,3.4936333333333334,74.11833333333334,0.00762,24,SE
2019-05-02,12.754629629629632,3.129266666666666,86.26416666666665,0.27177999999999997,24,NE
2019-05-03,10.300925925925926,4.1795,88.84541666666667,0.033019999999999994,24,NE
2019-05-04,12.685185185185185,2.1433333333333335,91.83708333333334,4.589779999999999,24,NE
2019-05-05,11.203703703703704,5.229733333333333,96.94000000000001,25.65908,24,NE
2019-05-06,13.00925925925926,4.779633333333333,74.4575,8.38708,24,NE
2019-05-07,13.912037037037038,4.3724,72.3775,0.0,24,S
2019-05-08,15.324074074074076,3.3650333333333333,68.4525,1.52654,24,NE
2019-05-09,13.032407407407407,4.693899999999999,64.29875,0.0,24,NE
2019-05-10,16.859903381642514,4.316486956521739,74.19913043478259,1.02362,23,S
2019-05-11,18.03240740740741,4.3724,57.073333333333345,0.2692399999999999,24,NW
2019-05-12,10.972222222222221,7.008699999999999,80.25166666666667,31.003239999999995,24,E
2019-05-13,8.00925925925926,6.1728,85.89583333333333,14.75232,24,NE
2019-05-14,8.37962962962963,3.4936333333333334,82.14083333333333,1.8008599999999997,24,NE
2019-05-15,12.40740740740741,4.972533333333333,65.11041666666667,3.8125400000000003,24,NW
2019-05-16,17.685185185185187,3.4078999999999997,52.35166666666667,2.5476199999999998,24,NW
2019-05-17,20.833333333333332,4.029466666666666,51.42291666666667,0.00762,24,SW
2019-05-18,18.935185185185187,4.093766666666666,47.87291666666667,0.76454,24,NW
2019-05-19,18.935185185185183,5.036833333333333,66.54625,0.00254,24,S
2019-05-20,24.46759259259259,5.615533333333333,63.43958333333333,0.7619999999999999,24,S
2019-05-21,19.444444444444446,8.294699999999999,39.78916666666667,0.0,24,NW
2019-05-22,18.587962962962962,5.251166666666666,33.76,0.0,24,NW
2019-05-23,19.212962962962962,4.265233333333333,55.829583333333325,12.199620000000001,24,SW
2019-05-24,21.11111111111111,7.6517,58.854166666666664,0.00254,24,NW
2019-05-25,17.61574074074074,5.401199999999999,56.06999999999999,0.0,24,S
2019-05-26,22.199074074074076,4.2009333333333325,61.48666666666667,4.577079999999999,24,W
2019-05-27,23.21759259259259,3.9437333333333333,49.50375,0.0,24,N
2019-05-28,20.02314814814815,4.1795,65.76833333333333,1.27762,24,S
2019-05-29,17.077294685990342,3.5113391304347825,83.17565217391305,23.875999999999998,23,NE
2019-05-30,15.856481481481481,3.0435333333333334,85.91458333333333,16.515079999999998,24,NE
2019-05-31,21.27314814814815,3.3221666666666665,69.4375,4.07416,24,NW
2019-06-01,21.435185185185187,3.1506999999999996,61.10333333333333,0.0,24,NE
2019-06-02,21.85185185185185,3.4936333333333334,68.72916666666667,2.03454,24,S
2019-06-03,19.28240740740741,5.851299999999999,44.98,7.874,24,NW
2019-06-04,18.055555555555554,3.9437333333333333,37.60541666666666,0.0,24,NW
2019-06-05,22.291666666666668,4.586733333333333,51.190416666666664,0.01016,24,SW
2019-06-06,24.675925925925927,4.5653,67.14541666666666,1.27508,24,SW
2019-06-07,22.222222222222225,3.7508333333333335,64.02333333333333,0.0,24,NE
2019-06-08,21.736111111111114,3.9437333333333333,57.43833333333333,0.0,24,NE
2019-06-09,19.953703703703706,4.929666666666667,52.66375,0.0,24,NE
2019-06-10,17.26851851851852,5.508366666666666,76.6375,19.565620000000003,24,NE
2019-06-11,20.97222222222222,5.9799,70.13541666666667,9.664699999999998,24,NW
2019-06-12,19.97685185185185,4.736766666666667,43.69,0.0,24,S
2019-06-13,17.24537037037037,5.744133333333333,70.45541666666666,11.94816,24,NE
2019-06-14,18.680555555555554,5.7227,62.55458333333333,4.57454,24,W
2019-06-15,23.055555555555554,4.929666666666667,37.29958333333334,0.0,24,SW
2019-06-16,24.050925925925927,4.458133333333333,58.87625,0.78486,24,S
2019-06-17,23.148148148148152,2.8720666666666665,72.07375,0.01524,24,NE
2019-06-18,21.712962962962962,2.9149333333333334,84.58333333333333,15.75562,24,S
2019-06-19,19.768518518518515,3.1078333333333332,90.07249999999999,1.5367,24,E
2019-06-20,19.699074074074076,3.557933333333333,95.46041666666667,22.88286,24,NE
2019-06-21,21.712962962962962,5.229733333333333,75.24458333333332,14.241780000000002,24,N
2019-06-22,22.083333333333332,6.794366666666667,45.29125,0.0,24,NW
2019-06-23,24.166666666666668,4.801066666666666,41.40375,0.0,24,NW
2019-06-24,25.902777777777782,3.6651,42.55833333333334,0.0,24,NW
2019-06-25,24.930555555555554,3.041669565217391,74.78541666666666,10.673079999999999,24,S
2019-06-26,26.34259259259259,2.8077666666666663,60.78916666666667,0.0,24,NE
2019-06-27,27.777777777777782,2.8291999999999997,48.49875,0.0,24,NW
2019-06-28,28.055555555555554,2.271933333333333,41.79541666666667,0.0,24,NE
2019-06-29,28.449074074074076,3.6436666666666664,51.69875,1.01854,24,SW
2019-06-30,25.513888888888886,6.022766666666667,57.17291666666667,0.508,24,NW
2019-07-01,24.60648148148148,4.5009999999999994,47.65,0.0,24,NW
2019-07-02,27.291666666666668,3.3864666666666663,46.4075,0.0,24,W
2019-07-03,27.314814814814813,2.850633333333333,58.81333333333333,0.25654,24,NE
2019-07-04,27.453703703703706,3.6436666666666664,58.251250000000006,0.0,24,S
2019-07-05,25.740740740740737,3.220591304347826,71.67666666666666,0.0,24,S
2019-07-06,28.26388888888889,4.243799999999999,70.14750000000001,0.00254,24,S
2019-07-07,26.203703703703706,4.072333333333333,64.7075,0.00254,24,NE
2019-07-08,23.541666666666668,2.572,64.54208333333334,0.5232399999999999,24,NE
2019-07-09,26.574074074074076,2.3790999999999998,52.33583333333333,0.0,24,NW
2019-07-10,28.21759259259259,2.1218999999999997,53.57833333333334,0.0,24,S
2019-07-11,27.013888888888886,4.5009999999999994,61.92499999999999,5.08762,24,S
2019-07-12,26.412037037037038,4.415266666666667,67.5525,13.21054,24,NW
2019-07-13,26.34259259259259,4.479566666666667,55.392500000000005,0.0,24,NW
2019-07-14,29.28240740740741,4.6296,44.30375,0.0,24,W
2019-07-15,26.828703703703706,3.9651666666666663,42.75958333333333,0.0,24,NW
2019-07-16,28.402777777777782,3.7937,45.48374999999999,0.0,24,SW
2019-07-17,30.763888888888886,4.3724,56.54625000000001,0.0,24,S
2019-07-18,24.143518518518515,3.9437333333333333,87.185,75.95616,24,NE
2019-07-19,26.527777777777775,4.072333333333333,73.2925,0.00508,24,NE
2019-07-20,32.870370370370374,4.522433333333333,52.58416666666667,0.0,24,W
2019-07-21,33.263888888888886,4.350966666666666,51.54375000000001,0.254,24,W
2019-07-22,28.425925925925924,3.707966666666666,63.24041666666667,28.958540000000003,24,NW
2019-07-23,22.824074074074076,3.7937,79.09208333333333,15.76578,24,N
2019-07-24,24.14351851851852,2.9363666666666663,65.01791666666666,0.51816,24,NE
2019-07-25,25.71759259259259,2.6791666666666663,52.4175,0.0,24,NE
2019-07-26,26.458333333333332,2.8291999999999997,51.836666666666666,0.0,24,NE
2019-07-27,26.712962962962962,3.6007999999999996,54.954583333333325,0.0,24,S
2019-07-28,28.333333333333332,4.265233333333333,52.28916666666667,0.0,24,SW
2019-07-29,29.652777777777782,3.4936333333333334,49.18333333333333,0.00508,24,S
2019-07-30,30.76388888888889,4.072333333333333,51.85541666666668,0.00254,24,S
2019-07-31,27.59259259259259,3.0221,60.910000000000004,14.73708,24,S
2019-08-01,26.087962962962962,2.7220333333333335,58.89666666666667,0.0,24,NE
2019-08-02,26.134259259259256,3.7722666666666664,53.25958333333333,0.0,24,NE
2019-08-03,26.597222222222218,3.9008666666666665,63.65291666666667,0.0,24,S
2019-08-04,25.81018518518518,3.4936333333333334,65.535,3.048,24,NE
2019-08-05,24.930555555555554,3.9008666666666665,53.20083333333334,0.0,24,NE
2019-08-06,24.490740740740744,3.6007999999999996,75.20416666666667,0.0,24,NE
2019-08-07,25.486111111111114,4.1795,74.11083333333333,13.21308,24,S
2019-08-08,25.53240740740741,4.286666666666667,66.40666666666665,2.54508,24,SW
2019-08-09,25.21739130434783,3.6007999999999996,57.44521739130435,2.54762,23,NW
2019-08-10,24.861111111111114,5.2726,43.38083333333333,0.0,24,NW
2019-08-11,23.888888888888886,3.6222333333333334,42.832916666666655,0.0,24,NW
2019-08-12,26.550925925925924,3.1506999999999996,41.560833333333335,0.0,24,W
2019-08-13,25.64814814814815,3.879433333333333,66.28208333333333,0.5206999999999999,24,SW
2019-08-14,24.675925925925927,3.450766666666666,77.01708333333333,0.0,24,NE
2019-08-15,24.699074074074076,3.6436666666666664,67.86416666666666,0.0,24,NE
2019-08-16,23.634259259259256,3.5150666666666663,71.98416666666667,0.0,24,NE
2019-08-17,25.300925925925924,3.9651666666666663,77.59833333333334,0.00762,24,NE
2019-08-18,26.85185185185185,3.300733333333333,77.89541666666666,14.991079999999998,24,NE
2019-08-19,27.430555555555554,3.3436,62.83041666666667,0.0,24,S
2019-08-20,27.708333333333332,3.2364333333333333,58.06999999999999,0.0,24,NE
2019-08-21,27.800925925925924,3.9008666666666665,67.69500000000001,8.889999999999999,24,S
2019-08-22,28.333333333333332,3.3221666666666665,62.44333333333333,0.0,24,S
2019-08-23,22.546296296296294,3.4722,70.67791666666666,31.508699999999997,24,N
2019-08-24,21.62037037037037,3.6436666666666664,51.584583333333335,0.0,24,N
2019-08-25,21.597222222222225,6.794366666666667,57.610833333333325,0.0,24,NE
2019-08-26,19.537037037037038,5.5298,63.061249999999994,0.0,24,NE
2019-08-27,20.833333333333332,3.2578666666666662,61.507083333333334,0.0,24,SE
2019-08-28,21.38888888888889,3.6651,80.31708333333334,1.03632,24,NE
2019-08-29,24.12037037037037,5.0154,58.73875,0.25908,24,NW
2019-08-30,25.810185185185187,4.008033333333334,45.79124999999999,0.0,24,SW
2019-08-31,25.231481481481485,3.7937,47.0675,0.0,24,N
2019-09-01,22.175925925925924,4.3081,55.5225,0.0,24,NE
2019-09-02,22.800925925925924,4.243799999999999,73.55874999999999,12.961619999999998,24,SE
2019-09-03,23.865740740740744,3.6436666666666664,64.76125,0.00254,24,NE
2019-09-04,25.138888888888886,4.158066666666667,66.53416666666666,0.0,24,S
2019-09-05,21.990740740740744,4.1795,58.02291666666667,0.0,24,NE
2019-09-06,19.09722222222222,6.279966666666667,72.11500000000001,0.7747,24,NE
2019-09-07,19.074074074074073,6.0656333333333325,63.4375,0.01016,24,NW
2019-09-08,22.175925925925924,3.450766666666666,53.16958333333333,0.0,24,NW
2019-09-09,21.712962962962962,4.6296,63.036249999999995,0.0,24,NE
2019-09-10,22.175925925925924,3.6651,74.84125,0.00508,24,S
2019-09-11,25.48611111111111,4.543866666666666,67.04958333333333,0.0,24,SW
2019-09-12,25.671296296296294,4.4367,69.69916666666667,1.28016,24,NE
2019-09-13,18.564814814814813,5.551233333333332,63.43833333333333,0.51054,24,NE
2019-09-14,20.671296296296294,4.350966666666666,64.53,0.0,24,S
2019-09-15,24.560185185185187,2.8291999999999997,61.79208333333333,0.0,24,NW
2019-09-16,23.518518518518515,2.5291333333333332,58.73208333333333,0.00762,24,NE
2019-09-17,21.43518518518518,4.029466666666666,46.512499999999996,0.0,24,NE
2019-09-18,18.695652173913043,4.78615652173913,56.58913043478262,0.0,23,NE
2019-09-19,16.458333333333332,3.686533333333333,46.484166666666674,0.0,24,NE
2019-09-20,20.074074074074076,3.5364999999999998,45.00458333333333,0.0,24,W
2019-09-21,23.319444444444443,2.1004666666666663,48.72708333333333,0.0,24,W
2019-09-22,24.652777777777775,2.979233333333333,56.27458333333333,0.0,24,S
2019-09-23,26.73611111111111,4.6296,58.543749999999996,0.0,24,SW
2019-09-24,23.65740740740741,6.087066666666667,51.53208333333333,0.7645399999999999,24,NW
2019-09-25,21.15740740740741,3.8579999999999997,48.07208333333333,0.0,24,NW
2019-09-26,22.222222222222225,4.393833333333332,62.415416666666665,0.01016,24,S
2019-09-27,20.347222222222225,3.2364333333333333,54.59166666666666,0.0,24,NE
2019-09-28,22.337962962962962,4.222366666666667,65.68166666666666,0.0,24,S
2019-09-29,24.00462962962963,3.9223,60.12083333333334,0.0,24,N
2019-09-30,18.86574074074074,5.294033333333333,55.19875,0.0,24,NE
2019-10-01,21.62037037037037,4.5009999999999994,62.01791666666666,0.00508,24,SW
2019-10-02,26.828703703703706,4.3724,62.51791666666667,5.34162,24,SW
2019-10-03,15.74074074074074,6.258533333333332,83.34208333333333,4.08432,24,E
2019-10-04,16.15740740740741,5.486933333333333,70.00625000000001,1.7830799999999998,24,NW
2019-10-05,11.736111111111109,4.843933333333332,52.312083333333334,0.0,24,N
2019-10-06,17.77777777777778,4.5009999999999994,64.90958333333334,0.25654,24,S
2019-10-07,22.40740740740741,5.2082999999999995,67.77958333333333,0.01016,24,S
2019-10-08,16.666666666666668,4.993966666666666,68.88666666666667,1.54432,24,NE
2019-10-09,14.375,7.373066666666666,68.2975,13.469619999999999,24,NE
2019-10-10,15.416666666666666,6.644333333333333,56.09708333333333,0.26669999999999994,24,N
2019-10-11,15.787037037037038,7.415933333333332,44.622083333333336,0.0,24,N
2019-10-12,15.879629629629632,3.7937,60.28,0.0,24,N
2019-10-13,16.319444444444446,3.7293999999999996,56.754999999999995,0.0,24,NW
2019-10-14,18.078703703703706,3.1935666666666664,61.98083333333333,0.00254,24,S
2019-10-15,15.833333333333334,3.215,46.689166666666665,0.0,24,NW
2019-10-16,15.925925925925926,5.5298,70.10083333333334,35.306,24,SE
2019-10-17,13.611111111111109,10.502333333333333,59.62291666666666,8.13816,24,W
2019-10-18,12.59259259259259,9.2592,55.89875,0.0,24,NW
2019-10-19,11.481481481481481,3.2364333333333333,53.53541666666666,0.0,24,NW
2019-10-20,13.125,2.850633333333333,71.825,8.892539999999999,24,NE
2019-10-21,14.323671497584543,4.473043478260869,68.20521739130434,0.51562,23,NE
2019-10-22,14.652777777777777,3.9865999999999997,76.92416666666666,1.28778,24,E
2019-10-23,16.458333333333332,6.0442,63.35125,11.684,24,W
2019-10-24,15.162037037037038,3.879433333333333,37.803333333333335,0.0,24,W
2019-10-25,15.046296296296296,2.5077,61.60125,0.0,24,S
2019-10-26,15.555555555555557,3.450766666666666,57.042083333333345,0.00254,24,NE
2019-10-27,15.949074074074076,5.379766666666667,78.42625,35.836859999999994,24,SE
2019-10-28,15.046296296296296,4.1152,72.55416666666666,0.0,24,NE
2019-10-29,13.032407407407407,4.136633333333333,89.49375000000002,1.7907000000000002,24,NE
2019-10-30,14.606481481481483,3.6436666666666664,98.13999999999999,1.03632,24,NE
2019-10-31,17.060185185185187,5.251166666666666,97.34791666666668,10.429239999999998,24,S
2019-11-01,11.898148148148147,8.916266666666665,59.744166666666665,2.03962,24,W
2019-11-02,7.222222222222221,3.4936333333333334,56.22,0.0,24,N
2019-11-03,8.842592592592593,5.122566666666667,50.49125,0.0,24,NW
2019-11-04,9.49074074074074,4.0508999999999995,45.356249999999996,0.0,24,S
2019-11-05,13.287037037037038,2.9149333333333334,65.4975,0.0,24,S
2019-11-06,11.319444444444445,4.972533333333333,44.446666666666665,0.0,24,NW
2019-11-07,11.481481481481481,3.9865999999999997,48.45333333333334,1.016,24,SW
2019-11-08,4.166666666666667,8.080366666666666,55.64374999999999,1.02108,24,NW
2019-11-09,1.5023148148148149,3.9865999999999997,48.25333333333333,0.0,24,S
2019-11-10,7.12962962962963,3.9865999999999997,42.24208333333333,0.0,24,SW
2019-11-11,11.967592592592593,2.2290666666666663,56.33041666666667,0.0,24,S
2019-11-12,8.564814814814815,6.751499999999999,66.12875000000001,0.51308,24,NW
2019-11-13,-1.4791666666666667,7.908899999999999,44.00625,0.0,24,NW
2019-11-14,2.0231481481481484,2.979233333333333,42.41041666666666,0.0,24,E
2019-11-15,7.152777777777779,3.5364999999999998,39.145833333333336,0.0,24,SW
2019-11-16,4.722222222222222,6.965833333333332,35.95666666666667,0.0,24,N
2019-11-17,2.7268518518518516,8.316133333333333,49.96958333333333,0.0,24,NE
2019-11-18,4.62962962962963,5.894166666666667,80.085,2.0548599999999997,24,N
2019-11-19,6.8055555555555545,3.3650333333333333,76.87958333333334,13.97,24,N
2019-11-20,6.7149758454106285,5.725495652173913,61.09260869565217,0.0,23,NW
2019-11-21,7.5694444444444455,3.6222333333333334,53.9125,0.0,24,NW
2019-11-22,9.953703703703704,6.0656333333333325,55.953333333333326,1.7856200000000002,24,SW
2019-11-23,4.907407407407407,5.422633333333333,44.42583333333332,0.0,24,NW
2019-11-24,6.5509259259259265,7.201599999999999,77.045,18.8087,24,NE
2019-11-25,7.8009259259259265,4.350966666666666,59.20583333333334,0.0,24,W
2019-11-26,10.48611111111111,3.1506999999999996,61.90375,0.0,24,S
2019-11-27,11.527777777777779,3.300733333333333,73.90958333333333,0.25654,24,S
2019-11-28,9.953703703703704,10.180833333333334,52.40250000000001,0.25654,24,NW
2019-11-29,2.9629629629629632,6.858666666666666,57.022083333333335,0.0,24,N
2019-11-30,3.0092592592592595,4.586733333333333,47.028333333333336,0.0,24,N
2019-12-01,1.0338164251207727,5.725495652173913,58.81173913043477,9.15162,23,NE
2019-12-02,2.7083333333333335,7.887466666666667,86.56916666666666,11.19632,24,N
2019-12-03,1.1574074074074074,8.6162,70.96666666666667,0.7848599999999999,24,NW
2019-12-04,2.7546296296296298,4.715333333333333,64.74291666666666,0.0,24,W
2019-12-05,4.467592592592593,6.837233333333333,61.376250000000006,0.00762,24,W
2019-12-06,5.3009259259259265,5.958466666666666,48.07333333333333,0.00254,24,SW
2019-12-07,3.1944444444444446,6.965833333333332,48.61833333333334,0.0,24,NW
2019-12-08,1.5362318840579707,4.025739130434783,51.55391304347826,0.0,23,S
2019-12-09,8.49537037037037,3.215,83.21,35.31616,24,S
2019-12-10,13.611111111111112,5.744133333333333,81.17708333333333,13.721079999999999,24,SW
2019-12-11,3.5185185185185186,5.0797,71.34208333333333,8.38962,24,W
2019-12-12,0.17592592592592582,5.3369,40.293749999999996,0.0,24,N
2019-12-13,3.657407407407407,3.9437333333333333,71.985,5.59054,24,NE
2019-12-14,9.907407407407407,5.5298,91.95375000000001,48.7807,24,NE
2019-12-15,7.638888888888888,9.237766666666666,52.08541666666667,0.0,24,W
2019-12-16,2.5,4.393833333333332,45.570833333333326,0.0,24,NW
2019-12-17,1.388888888888889,5.872733333333333,79.32083333333333,24.89708,24,NE
2019-12-18,1.388888888888889,7.265899999999999,66.60083333333334,0.01016,24,W
2019-12-19,-5.111111111111112,9.2592,55.61375,0.01778,24,NW
2019-12-20,-2.685185185185185,5.7655666666666665,52.79375000000001,0.0,24,NW
2019-12-21,-2.0324074074074074,2.8720666666666665,58.215833333333336,0.0,24,N
2019-12-22,2.9583333333333335,2.2290666666666663,57.78958333333333,0.0,24,SW
2019-12-23,8.101851851851853,3.2578666666666662,47.56208333333333,0.0,24,SW
2019-12-24,7.24537037037037,4.0508999999999995,47.08124999999999,0.0,24,N
2019-12-25,3.032407407407407,2.6577333333333333,55.94875,0.0,24,NE
2019-12-26,3.6342592592592595,3.7508333333333335,83.91583333333334,0.0,24,NE
2019-12-27,9.305555555555555,3.7937,72.48916666666666,0.00254,24,SW
2019-12-28,9.074074074074074,3.707966666666666,65.49624999999999,0.0,24,NW
2019-12-29,5.532407407407407,3.4078999999999997,64.49083333333333,2.0396199999999998,24,NE
2019-12-30,4.930555555555556,7.3945,87.38041666666668,17.528539999999996,24,NE
2020-01-01,4.212962962962963,7.2230333333333325,51.91416666666667,0.25908,24,W
2020-01-02,4.513888888888889,4.243799999999999,48.925000000000004,0.0,24,SW
2020-01-03,8.171296296296296,2.3576666666666664,72.70166666666667,2.80162,24,SW
2020-01-04,8.449074074074074,2.2290666666666663,90.48458333333333,6.6293999999999995,24,NE
2020-01-05,4.375,9.859333333333334,57.808749999999996,0.26924,24,NW
2020-01-06,3.0092592592592595,5.101133333333332,61.29333333333333,0.51562,24,W
2020-01-07,5.046296296296297,4.586733333333333,42.65833333333333,0.0,24,SW
2020-01-08,2.3611111111111107,6.730066666666667,63.51916666666667,0.01524,24,W
2020-01-09,-1.7962962962962965,6.279966666666667,40.21541666666666,0.0,24,NW
2020-01-10,4.907407407407407,4.0508999999999995,62.698333333333345,0.0,24,SW
2020-01-11,12.685185185185185,4.586733333333333,72.78750000000001,0.0,24,S
2020-01-12,15.74074074074074,7.287333333333333,64.47208333333333,1.53162,24,S
2020-01-13,5.810185185185186,4.329533333333333,69.49041666666666,0.00254,24,NE
2020-01-14,5.069444444444445,3.1935666666666664,83.67291666666667,1.7907000000000004,24,NE
2020-01-15,7.083333333333333,3.429333333333333,70.89708333333333,0.01016,24,NW
2020-01-16,7.083333333333333,7.715999999999999,68.08333333333333,3.0581599999999995,24,NW
2020-01-17,-1.7638888888888886,9.795033333333333,42.15083333333333,0.0,24,NW
2020-01-18,-4.513888888888888,3.879433333333333,51.085,4.5770800000000005,24,N
2020-01-19,3.7037037037037037,6.601466666666666,67.99208333333333,0.01016,24,W
2020-01-20,-2.719907407407407,8.251833333333334,45.01791666666666,0.0,24,NW
2020-01-21,-3.4027777777777772,4.865366666666667,44.546666666666674,0.0,24,NW
2020-01-22,-0.4027777777777779,1.9289999999999998,46.982499999999995,0.0,24,NW
2020-01-23,3.4467592592592595,1.8003999999999998,46.23916666666667,0.0,24,S
2020-01-24,4.722222222222222,2.8291999999999997,60.44916666666668,0.0,24,NE
2020-01-25,5.3009259259259265,6.258533333333332,83.53291666666667,19.82216,24,NE
2020-01-26,5.87962962962963,5.379766666666667,66.59625,0.0,24,W
2020-01-27,4.6759259259259265,6.284626086956521,57.80083333333332,0.0,24,W
2020-01-28,4.143518518518519,6.965833333333332,57.04583333333334,0.0,24,NW
2020-01-29,2.2685185185185186,5.851299999999999,48.72624999999999,0.0,24,N
2020-01-30,-0.7638888888888888,4.136633333333333,51.151250000000005,0.0,24,N
2020-01-31,2.1064814814814814,2.7649,69.93083333333334,0.0,24,NE
2020-02-01,3.743961352657004,2.325982608695652,85.8295652173913,0.25654,23,NE
2020-02-02,3.888888888888889,3.9982909090909087,72.165,0.78994,22,NW
2020-02-03,7.12962962962963,3.8691826086956516,64.7325,1.0286999999999997,24,SW
2020-02-04,8.078703703703704,2.8077666666666663,72.97791666666667,0.01524,24,NE
2020-02-05,6.527777777777778,3.9865999999999997,64.66291666666666,0.2794,24,N
2020-02-06,3.449074074074074,5.036833333333333,81.68666666666667,13.738859999999997,24,NE
2020-02-07,4.675925925925926,7.094433333333333,84.695,7.388860000000001,24,NE
2020-02-08,1.4282407407407407,7.373066666666666,45.92916666666667,0.0,24,W
2020-02-09,1.638888888888889,4.393833333333332,70.96041666666666,0.0,24,NE
2020-02-10,6.342592592592593,4.7581999999999995,69.065,8.905240000000001,24,SW
2020-02-11,6.597222222222222,2.8720666666666665,90.0425,6.37032,24,NE
2020-02-12,5.717592592592593,5.9799,50.8975,0.00254,24,NW
2020-02-13,4.12037037037037,3.129266666666666,84.82791666666667,13.22832,24,S
2020-02-14,1.2407407407407407,8.058933333333332,49.42083333333333,0.0,24,NW
2020-02-15,-5.7592592592592595,4.415266666666667,44.754999999999995,0.0,24,N
2020-02-16,1.4675925925925923,4.008033333333334,56.5925,0.0,24,SW
2020-02-17,6.412037037037038,2.400533333333333,47.7475,0.0,24,NW
2020-02-18,4.6759259259259265,4.951099999999999,67.06625,0.00508,24,NE
2020-02-19,6.342592592592593,5.872733333333333,55.931666666666665,0.0,24,NW
2020-02-20,0.523148148148148,5.379766666666667,40.944583333333334,0.0,24,NW
2020-02-21,-2.0185185185185186,5.144,37.21875,0.0,24,N
2020-02-22,3.680555555555556,4.801066666666666,25.18375,0.0,24,W
2020-02-23,8.032407407407407,3.4078999999999997,24.5575,0.0,24,W
2020-02-24,9.444444444444445,3.3436,38.08541666666667,0.0,24,S
2020-02-25,9.421296296296296,2.9577999999999998,69.24166666666667,2.79908,24,S
2020-02-26,7.060185185185186,3.4078999999999997,90.3575,0.79502,24,NE
2020-02-27,5.648148148148148,9.409233333333333,64.18625,11.69416,24,W
2020-02-28,1.4513888888888886,8.9377,34.319583333333334,0.0,24,W
2020-02-29,0.6412037037037036,7.287333333333333,34.525,0.00254,24,W
2020-03-01,0.3287037037037037,6.901533333333332,42.77333333333333,0.0,24,NW
2020-03-02,7.592592592592593,4.1795,47.49583333333334,0.0,24,S
2020-03-03,11.759259259259258,4.0508999999999995,66.40083333333332,3.0607000000000006,24,S
2020-03-04,10.833333333333334,8.016066666666667,47.79125,4.320539999999999,24,W
2020-03-05,7.8009259259259265,6.2156666666666665,46.31583333333333,0.00508,24,NW
2020-03-06,5.717592592592593,5.2726,73.38041666666668,3.05308,24,NE
2020-03-07,4.8842592592592595,6.730066666666667,50.5425,0.5206999999999999,24,N
2020-03-08,7.3842592592592595,4.5009999999999994,28.85291666666667,0.0,24,NW
2020-03-09,14.328703703703704,4.972533333333333,25.592916666666667,0.0,24,SW
2020-03-10,16.15740740740741,5.551233333333332,40.854166666666664,0.00508,24,SW
2020-03-11,11.435185185185183,4.779633333333333,48.10625000000001,0.00254,24,NW
2020-03-12,7.5,3.5150666666666663,63.902499999999996,0.00254,24,NE
2020-03-13,12.129629629629628,6.387133333333333,72.58999999999999,7.38124,24,NE
2020-03-14,10.185185185185185,6.9229666666666665,31.838749999999994,0.0,24,NW
2020-03-15,8.449074074074074,4.458133333333333,36.35333333333333,0.0,24,N
2020-03-16,4.398148148148148,5.894166666666667,40.854166666666664,0.0,24,NE
2020-03-17,7.638888888888888,4.1152,71.60041666666666,3.8150799999999996,24,SE
2020-03-18,9.189814814814815,4.4367,45.306666666666665,0.0,24,NW
2020-03-19,7.870370370370371,4.672466666666667,74.30333333333334,25.915619999999997,24,NE
2020-03-20,13.171296296296296,3.7722666666666664,75.46041666666666,0.0127,24,S
2020-03-21,11.689814814814815,6.580033333333333,39.76416666666666,0.01016,24,N
2020-03-22,4.097222222222222,5.679833333333333,34.877916666666664,0.0,24,NE
2020-03-23,3.599033816425121,6.508278260869565,70.96565217391303,29.47416,23,E
2020-03-24,6.481481481481481,4.801066666666666,65.77416666666666,0.00254,24,N
2020-03-25,6.226851851851852,7.0729999999999995,68.97833333333334,0.26415999999999995,24,NE
2020-03-26,7.662037037037037,3.9223,57.90125,0.0,24,N
2020-03-27,13.634259259259258,3.300733333333333,51.740416666666654,0.00762,24,SW
2020-03-28,9.12037037037037,3.7293999999999996,63.302083333333336,9.146539999999998,24,NE
2020-03-29,7.361111111111111,8.594766666666665,91.78166666666668,1.8262599999999998,24,NE
2020-03-30,7.685185185185186,4.136633333333333,82.07583333333334,0.0127,24,NE
2020-03-31,6.967592592592593,3.879433333333333,73.4375,3.5661599999999996,24,NE
2020-04-01,7.476851851851851,5.101133333333332,54.92666666666667,0.0,24,NE
2020-04-02,8.63888888888889,7.22732,45.721,0.0,20,NW
2020-04-03,9.782608695652172,8.923721739130436,61.08217391304347,2.06502,23,NW
2020-04-04,10.856481481481481,4.543866666666666,66.16958333333332,0.01016,24,N
2020-04-05,11.180555555555557,3.129266666666666,71.29083333333334,0.0,24,S
2020-04-06,12.685185185185185,3.5364999999999998,54.99583333333334,1.52908,24,NW
2020-04-07,14.189814814814815,4.329533333333333,31.555416666666662,0.0,24,NW
2020-04-08,12.962962962962964,2.8720666666666665,70.02,5.847079999999999,24,NE
2020-04-09,11.08695652173913,6.150434782608696,69.48478260869565,6.60654,23,S
2020-04-10,7.314814814814816,9.7736,46.82166666666666,0.27177999999999997,24,W
2020-04-11,8.194444444444445,6.901533333333332,35.206250000000004,0.0,24,W
2020-04-12,11.435185185185185,4.4367,43.904583333333335,0.0,24,S
2020-04-13,14.212962962962962,7.715999999999999,81.95791666666666,43.69562,24,S
2020-04-14,12.731481481481481,6.3656999999999995,42.175000000000004,0.0,24,NW
2020-04-15,9.143518518518519,5.658399999999999,41.04791666666667,0.00762,24,NW
2020-04-16,8.381642512077297,7.581808695652174,32.38999999999999,0.0,23,NW
2020-04-17,6.342592592592593,5.894166666666667,40.26416666666667,0.01016,24,W
2020-04-18,6.851851851851852,4.329533333333333,76.82708333333333,6.61924,24,N
2020-04-19,10.324074074074074,5.5298,40.16708333333333,0.0,24,SW
2020-04-20,12.083333333333334,3.557933333333333,42.45333333333333,0.0,24,N
2020-04-21,10.810185185185185,5.7655666666666665,58.317499999999995,8.38454,24,S
2020-04-22,6.527777777777779,8.7448,36.21333333333333,0.0,24,NW
2020-04-23,7.407407407407407,3.7722666666666664,35.28958333333333,0.00508,24,NW
2020-04-24,8.194444444444445,5.744133333333333,79.4175,15.51686,24,NE
2020-04-25,11.435185185185185,2.1004666666666663,62.706250000000004,0.00254,24,S
2020-04-26,9.375,6.6872,72.24083333333333,1.55448,24,NE
2020-04-27,7.1759259259259265,6.301399999999999,73.13416666666666,0.27177999999999997,24,N
2020-04-28,10.625,4.8225,53.447916666666664,0.0,24,N
2020-04-29,10.50925925925926,4.715333333333333,74.01708333333333,0.26415999999999995,24,NE
2020-04-30,12.800925925925926,7.908899999999999,79.14416666666666,15.262859999999998,24,SE
2020-05-01,14.675925925925926,4.736766666666667,81.83625,12.456159999999999,24,SE
2020-05-02,16.73611111111111,5.3369,43.43375,0.0,24,NW
2020-05-03,19.884259259259263,4.5653,47.19958333333333,0.77216,24,SW
2020-05-04,18.98148148148148,5.787,40.6475,0.00254,24,NW
2020-05-05,12.294685990338165,6.038608695652174,35.61,0.0,23,NW
2020-05-06,10.625,4.801066666666666,61.56208333333333,0.7797799999999999,24,NE
2020-05-07,12.962962962962962,3.7937,44.004999999999995,0.0,24,NW
2020-05-08,11.319444444444443,4.0508999999999995,45.91416666666667,2.2986999999999997,24,NW
2020-05-09,5.578703703703703,9.409233333333333,53.03166666666666,8.133080000000001,24,NW
2020-05-10,10.601851851851853,7.1373,33.58166666666667,0.0,24,W
2020-05-11,12.824074074074076,5.165433333333333,53.498333333333335,2.5476199999999998,24,SW
2020-05-12,10.694444444444445,8.2304,41.5125,0.0,24,NW
2020-05-13,11.25,5.444066666666667,35.67250000000001,0.0,24,NW
2020-05-14,13.958333333333334,3.4078999999999997,47.123333333333335,0.0,24,S
2020-05-15,21.689814814814813,4.779633333333333,56.494166666666665,0.25908,24,SW
2020-05-16,21.851851851851848,5.0154,53.129999999999995,0.7772399999999999,24,W
2020-05-17,16.11111111111111,4.6510333333333325,54.74333333333333,0.0,24,S
2020-05-18,15.208333333333334,4.0508999999999995,61.32041666666667,0.00254,24,NE
2020-05-19,15.787037037037038,7.544533333333333,48.312083333333334,0.0,24,NE
2020-05-20,13.888888888888888,5.872733333333333,44.05166666666668,0.0,24,NE
2020-05-21,13.125,3.429333333333333,57.77375,0.0,24,E
2020-05-22,17.84722222222222,3.0221,68.26625,0.25908,24,S
2020-05-23,17.12962962962963,3.9008666666666665,87.64208333333335,8.40232,24,NE
2020-05-24,14.976851851851853,6.0442,60.85375,0.00254,24,NE
2020-05-25,15.763888888888891,4.350966666666666,78.18833333333333,0.26669999999999994,24,NE
2020-05-26,18.333333333333332,2.9149333333333334,76.79875,0.0,24,NE
2020-05-27,19.189814814814813,3.6007999999999996,77.23916666666668,0.0,24,S
2020-05-28,20.185185185185187,4.5653,82.72291666666666,0.01016,24,S
2020-05-29,22.152777777777782,4.8225,78.6975,0.00762,24,S
2020-05-30,22.800925925925924,4.8225,59.1475,0.25908,24,NW
2020-05-31,19.328703703703706,6.8801,37.51875,0.0,24,NW
2020-06-01,16.78240740740741,5.486933333333333,35.717499999999994,0.0,24,NW
2020-06-02,20.300925925925927,3.300733333333333,35.73416666666667,0.00254,24,SW
2020-06-03,22.708333333333332,4.479566666666667,58.32375,4.06908,24,SW
2020-06-04,24.97685185185186,2.7863333333333333,58.95208333333333,0.7619999999999999,24,S
2020-06-05,23.865740740740744,3.8365666666666662,72.46625,8.145779999999998,24,S
2020-06-06,25.439814814814813,3.557933333333333,67.47708333333334,5.0927,24,NW
2020-06-07,22.476851851851848,5.551233333333332,38.869166666666665,0.0,24,N
2020-06-08,21.89814814814815,3.215,38.500416666666666,0.0,24,N
2020-06-09,26.180555555555554,3.3864666666666663,37.76416666666667,0.0,24,W
2020-06-10,25.046296296296294,5.186866666666667,57.63041666666666,0.0,24,NE
2020-06-11,23.240740740740737,5.3369,75.56666666666666,1.2877800000000001,24,S
2020-06-12,25.694444444444446,3.557933333333333,51.65833333333333,0.0,24,NW
2020-06-13,21.458333333333332,4.458133333333333,39.67958333333333,0.0,24,N
2020-06-14,18.21759259259259,4.350966666666666,42.219166666666666,0.0,24,NE
2020-06-15,20.0,4.008033333333334,50.14374999999999,0.0,24,NE
2020-06-16,21.111111111111114,3.557933333333333,49.895,0.0,24,NE
2020-06-17,21.087962962962962,4.415266666666667,59.850833333333334,0.0,24,NE
2020-06-18,21.25,3.6436666666666664,77.70375,0.0,24,NE
2020-06-19,23.564814814814813,3.5364999999999998,68.15041666666667,0.0,24,S
2020-06-20,25.787037037037038,3.3650333333333333,60.34458333333333,0.0,24,S
2020-06-21,26.412037037037038,3.0221,59.22708333333333,0.0,24,S
2020-06-22,27.916666666666668,3.4078999999999997,55.65708333333333,0.0,24,S
2020-06-23,27.337962962962962,4.993966666666666,58.12291666666666,0.0,24,S
2020-06-24,27.060185185185187,4.715333333333333,56.107916666666675,0.00508,24,S
2020-06-25,27.175925925925927,4.243799999999999,36.692499999999995,0.0,24,NW
2020-06-26,26.759259259259256,3.707966666666666,45.13666666666666,0.0,24,NW
2020-06-27,26.78240740740741,3.557933333333333,50.44833333333333,6.36016,24,SW
2020-06-28,27.662037037037038,2.271933333333333,62.04625000000001,0.508,24,E
2020-06-29,26.15740740740741,3.686533333333333,60.46625,1.7805400000000002,24,NW
2020-06-30,23.287037037037038,3.3650333333333333,66.93625,0.00762,24,N
2020-07-01,23.587962962962962,2.6148666666666665,69.11291666666666,0.00508,24,NE
2020-07-02,26.875,2.7005999999999997,55.282916666666665,0.00762,24,NW
2020-07-03,28.65740740740741,3.2792999999999997,53.08916666666667,4.574539999999999,24,NW
2020-07-04,24.39814814814815,3.7937,69.44125,4.574539999999999,24,NE
2020-07-05,27.52314814814815,3.8151333333333333,58.071666666666665,0.0,24,S
2020-07-06,28.541666666666668,2.974573913043478,54.89875,1.27254,24,S
2020-07-07,24.166666666666668,4.715333333333333,74.61125,0.0,24,NE
2020-07-08,27.199074074074076,3.9865999999999997,69.51958333333333,0.25654,24,S
2020-07-09,28.37962962962963,3.6436666666666664,62.557500000000005,0.0,24,S
2020-07-10,24.90740740740741,6.322833333333333,82.72791666666667,56.64454,24,NE
2020-07-11,26.48148148148148,5.958466666666666,75.37958333333334,7.11708,24,S
2020-07-12,28.21759259259259,4.6296,52.92291666666667,0.00508,24,W
2020-07-13,28.287037037037038,3.8365666666666662,50.47125,1.27762,24,W
2020-07-14,27.222222222222218,4.6081666666666665,47.02375,0.0,24,NW
2020-07-15,24.953703703703706,4.072333333333333,63.514166666666675,0.0,24,NE
2020-07-16,23.935185185185187,4.6510333333333325,58.78458333333334,0.0,24,SE
2020-07-17,24.583333333333332,4.072333333333333,67.76958333333333,1.02362,24,S
2020-07-18,28.14814814814815,2.7220333333333335,60.184999999999995,0.0,24,NE
2020-07-19,30.60185185185185,4.350966666666666,51.819583333333334,0.0,24,S
2020-07-20,31.689814814814813,4.136633333333333,53.84083333333333,0.0,24,NW
2020-07-21,30.462962962962962,3.6436666666666664,44.076666666666675,0.0,24,NE
2020-07-22,28.912037037037038,3.3864666666666663,64.12583333333333,19.56054,24,S
2020-07-23,27.546296296296294,4.243799999999999,68.25875,2.5476199999999998,24,SW
2020-07-24,26.180555555555554,3.215,71.43458333333332,7.119619999999999,24,NE
2020-07-25,27.962962962962962,2.3148,63.98416666666666,0.0,24,S
2020-07-26,30.671296296296294,4.415266666666667,52.559583333333336,0.0,24,W
2020-07-27,32.245370370370374,4.6510333333333325,38.57791666666667,0.0,24,W
2020-07-28,31.96759259259259,5.2082999999999995,48.416666666666664,0.00254,24,SW
2020-07-29,29.12037037037037,3.579366666666666,55.3725,0.0,24,S
2020-07-30,30.671296296296294,3.1721333333333335,44.78625,0.0,24,W
2020-07-31,25.507246376811597,2.5943652173913043,69.14086956521739,12.7127,23,E
2020-08-01,27.384259259259263,3.0221,58.354166666666664,0.0,24,S
2020-08-02,28.10185185185186,5.872733333333333,70.29375,0.0,24,S
2020-08-03,30.046296296296294,5.036833333333333,50.54583333333334,0.0,24,S
2020-08-04,25.740740740740737,6.837233333333333,73.08416666666666,20.3327,24,E
2020-08-05,28.101851851851848,3.9651666666666663,54.46625,0.00254,24,W
2020-08-06,25.833333333333332,3.129266666666666,55.149166666666666,0.00508,24,NE
2020-08-07,24.23611111111111,3.2792999999999997,64.69625,7.87654,24,NE
2020-08-08,24.861111111111114,2.8291999999999997,72.21499999999999,3.302,24,NE
2020-08-09,26.643518518518515,3.6651,67.54041666666666,0.0,24,S
2020-08-10,29.375,3.7293999999999996,61.03208333333333,0.0,24,S
2020-08-11,29.166666666666668,4.415266666666667,65.47875,0.00254,24,S
2020-08-12,28.21759259259259,3.1721333333333335,72.22458333333334,37.851079999999996,24,S
2020-08-13,26.041666666666668,2.7220333333333335,72.53708333333333,2.80416,24,NE
2020-08-14,26.388888888888886,3.707966666666666,67.66291666666667,0.0,24,NE
2020-08-15,25.694444444444443,4.6510333333333325,55.35833333333333,0.0,24,NE
2020-08-16,22.01388888888889,6.772933333333333,74.54666666666667,3.32232,24,NE
2020-08-17,23.009259259259256,3.9437333333333333,64.53541666666666,0.00254,24,N
2020-08-18,24.12037037037037,3.2578666666666662,62.3775,24.640539999999998,24,NW
2020-08-19,23.21759259259259,2.400533333333333,66.10583333333334,3.5661599999999996,24,NE
2020-08-20,23.449074074074076,2.7863333333333333,52.61333333333332,0.0,24,NE
2020-08-21,25.578703703703706,4.6081666666666665,55.840833333333336,0.0,24,SW
2020-08-22,28.03240740740741,3.7937,58.791666666666664,0.00254,24,SW
2020-08-23,27.63888888888889,3.3650333333333333,61.98708333333334,0.0,24,S
2020-08-24,29.12037037037037,3.429333333333333,58.84791666666666,0.0,24,SW
2020-08-25,29.212962962962962,4.415266666666667,52.4975,9.143999999999998,24,W
2020-08-26,24.12037037037037,6.258533333333332,46.083333333333336,0.0,24,NW
2020-08-27,27.12962962962963,4.2009333333333325,51.12625,1.2750800000000002,24,SW
2020-08-28,26.666666666666668,3.9008666666666665,59.645833333333336,9.657079999999999,24,NW
2020-08-29,25.416666666666668,4.2009333333333325,75.59208333333333,0.7721599999999998,24,SW
2020-08-30,24.62962962962963,6.901533333333332,51.52,0.0,24,NW
2020-08-31,22.199074074074073,3.4722,53.76500000000001,0.0,24,NE
2020-09-01,23.125,3.9651666666666663,68.24208333333333,4.57962,24,SE
2020-09-02,23.84259259259259,4.029466666666666,79.65125,2.5476199999999998,24,E
2020-09-03,26.597222222222225,3.1721333333333335,61.04333333333333,1.0185399999999998,24,S
2020-09-04,26.064814814814813,3.879433333333333,63.93958333333334,29.21,24,NW
2020-09-05,24.050925925925924,3.000666666666666,40.77041666666667,0.0,24,N
2020-09-06,24.305555555555554,3.9651666666666663,48.897916666666674,0.0,24,SW
2020-09-07,24.050925925925927,4.136633333333333,59.08375,0.0,24,S
2020-09-08,24.490740740740737,3.1506999999999996,65.00333333333334,0.0,24,S
2020-09-09,24.082125603864736,2.8851130434782606,73.61782608695653,0.0,23,NE
2020-09-10,25.71759259259259,3.0221,78.89958333333334,24.907239999999998,24,E
2020-09-11,24.18981481481481,3.7293999999999996,68.39583333333333,12.956539999999999,24,N
2020-09-12,20.069444444444443,4.929666666666667,60.423750000000005,0.0,24,NE
2020-09-13,21.11111111111111,4.072333333333333,67.14916666666666,0.0,24,E
2020-09-14,23.425925925925927,5.829866666666667,57.23666666666667,0.0,24,NW
2020-09-15,16.62037037037037,4.6510333333333325,49.095,0.0,24,N
2020-09-16,18.842592592592595,3.450766666666666,56.717083333333335,0.0,24,S
2020-09-17,21.828703703703706,3.5150666666666663,64.76458333333333,0.0,24,SW
2020-09-18,20.300925925925927,5.294033333333333,62.69875,0.0,24,N
2020-09-19,14.976851851851853,5.872733333333333,36.29458333333333,0.0,24,N
2020-09-20,14.745370370370372,5.615533333333333,35.94208333333333,0.0,24,NE
2020-09-21,15.162037037037036,4.029466666666666,40.37708333333333,0.0,24,NE
2020-09-22,17.004830917874393,4.540139130434782,39.255217391304356,0.0,23,N
2020-09-23,21.171296296296298,5.3369,42.12166666666667,0.0,24,NW
2020-09-24,22.597222222222218,2.6363,48.57541666666666,0.0,24,SW
2020-09-25,21.689814814814813,2.191791304347826,63.07208333333333,0.0,24,S
2020-09-26,21.666666666666668,3.3221666666666665,71.53666666666668,0.0,24,S
2020-09-27,22.662037037037038,2.8720666666666665,76.49875,0.0,24,NE
2020-09-28,23.009259259259263,5.2082999999999995,78.50375000000001,1.0286999999999997,24,S
2020-09-29,21.990740740740744,4.286666666666667,82.51666666666667,2.5527,24,S
2020-09-30,20.39351851851852,6.987266666666667,66.82458333333334,27.69362,24,W
2020-10-01,19.583333333333332,4.5009999999999994,52.05916666666667,0.0,24,SW
2020-10-02,17.47685185185185,3.707966666666666,53.51874999999999,0.7797799999999999,24,W
2020-10-03,16.435185185185183,3.879433333333333,49.374583333333334,0.0,24,NW
2020-10-04,15.925925925925926,3.579366666666666,56.02916666666667,0.0,24,NE
2020-10-05,16.89814814814815,3.1935666666666664,60.328333333333326,0.0,24,NE
2020-10-06,17.98611111111111,3.1506999999999996,60.55166666666667,0.0,24,S
2020-10-07,19.791666666666668,5.851299999999999,55.803333333333335,0.508,24,SW
2020-10-08,16.435185185185187,7.180166666666667,46.870416666666664,0.0,24,NW
2020-10-09,16.319444444444446,2.8077666666666663,44.89791666666667,0.0,24,NW
2020-10-10,18.935185185185187,5.294033333333333,58.73583333333334,0.0,24,SW
2020-10-11,19.39814814814815,4.672466666666667,63.44708333333333,0.0,24,NE
2020-10-12,13.03240740740741,7.887466666666667,78.04791666666667,22.10054,24,E
2020-10-13,14.004629629629628,7.351633333333333,89.15875,8.907779999999999,24,NE
2020-10-14,16.34259259259259,4.158066666666667,56.338750000000005,0.0,24,W
2020-10-15,18.26388888888889,5.144,60.9925,0.0,24,S
2020-10-16,15.833333333333334,4.136633333333333,79.85416666666667,33.286699999999996,24,S
2020-10-17,12.175925925925926,4.479566666666667,56.03541666666667,3.8150799999999996,24,N
2020-10-18,13.819444444444443,2.3790999999999998,54.93166666666667,0.0,24,SE
2020-10-19,15.300925925925926,2.5077,68.36916666666666,0.0,24,E
2020-10-20,17.98611111111111,2.4648333333333334,80.12041666666667,0.25908,24,S
2020-10-21,18.310185185185187,2.8935,86.33833333333335,0.0127,24,S
2020-10-22,19.375,1.2431333333333332,85.91375000000001,0.0,24,NE
2020-10-23,18.98148148148148,2.8077666666666663,83.64833333333333,0.0,24,S
2020-10-24,18.425925925925927,4.0508999999999995,73.17958333333333,0.00254,24,S
2020-10-25,10.555555555555555,5.186866666666667,53.7825,0.00254,24,N
2020-10-26,12.731481481481481,4.3724,83.49791666666668,1.30556,24,NE
2020-10-27,14.305555555555557,2.7434666666666665,77.53499999999998,0.00508,24,N
2020-10-28,13.24074074074074,2.550566666666666,74.76208333333334,3.31978,24,E
2020-10-29,12.430555555555555,5.3583333333333325,77.07958333333333,37.592,24,NE
2020-10-30,6.25,7.094433333333333,83.48958333333333,19.311619999999998,24,N
2020-10-31,4.814814814814815,2.8935,63.080000000000005,0.0,24,N
2020-11-01,10.439814814814815,4.715333333333333,62.78208333333333,10.41654,24,S
2020-11-02,7.12962962962963,10.0308,45.862500000000004,0.51308,24,W
2020-11-03,8.657407407407407,7.994633333333333,41.02333333333333,0.0,24,SW
2020-11-04,10.74074074074074,3.5150666666666663,51.905833333333334,0.0,24,E
2020-11-05,14.953703703703704,4.008033333333334,67.32583333333334,0.0,24,SW
2020-11-06,16.875,2.9149333333333334,63.18708333333333,0.0,24,SW
2020-11-07,18.84259259259259,1.9289999999999998,45.07041666666667,0.0,24,SW
2020-11-08,18.912037037037038,1.3074333333333332,44.10999999999999,0.0,24,S
2020-11-09,17.175925925925927,1.3717333333333332,58.55916666666667,0.0,24,S
2020-11-10,18.680555555555557,3.3436,69.73833333333333,0.0,24,SW
2020-11-11,18.88888888888889,3.1506999999999996,82.77666666666666,5.8521600000000005,24,S
2020-11-12,15.694444444444443,4.136633333333333,81.39833333333333,17.289779999999997,24,N
2020-11-13,9.837962962962964,4.458133333333333,80.42291666666667,4.06908,24,NE
2020-11-14,10.277777777777777,5.551233333333332,51.86625,0.0,24,NW
2020-11-15,10.324074074074074,5.5298,57.062083333333334,0.0,24,S
2020-11-16,12.106481481481481,8.144666666666666,40.46208333333333,3.30962,24,W
2020-11-17,9.027777777777777,5.551233333333332,41.519999999999996,0.00254,24,W
2020-11-18,2.8703703703703702,8.959133333333334,46.597500000000004,0.0,24,NW
2020-11-19,3.935185185185185,4.3081,43.05083333333332,0.0,24,SW
2020-11-20,11.388888888888891,4.672466666666667,44.872083333333336,0.0,24,SW
2020-11-21,15.069444444444445,3.879433333333333,41.47875,0.0,24,NW
2020-11-22,10.069444444444445,5.7227,58.60375,0.0,24,NE
2020-11-23,12.800925925925926,7.0729999999999995,69.41583333333334,17.282159999999998,24,NW
2020-11-24,8.078703703703704,6.001333333333332,46.77,0.0,24,NW
2020-11-25,9.907407407407408,3.1935666666666664,50.61625,0.0,24,SW
2020-11-26,15.162037037037038,3.579366666666666,71.76541666666667,22.36216,24,S
2020-11-27,14.814814814814815,2.2504999999999997,58.576249999999995,0.0,24,W
2020-11-28,11.921296296296296,3.7508333333333335,51.727083333333326,0.00508,24,NW
2020-11-29,9.49074074074074,3.0221,43.03875,0.0,24,SW
2020-11-30,13.587962962962962,6.322833333333333,68.10708333333334,30.485080000000004,24,S
2020-12-01,12.685185185185185,5.7655666666666665,68.555,0.25908,24,S
2020-12-02,5.439814814814814,7.437366666666667,51.297083333333326,0.0,24,SW
2020-12-03,6.425120772946861,5.099269565217391,44.44869565217391,0.0,23,W
2020-12-04,9.907407407407407,4.586733333333333,48.432500000000005,0.77216,24,SW
2020-12-05,7.916666666666667,6.129933333333333,74.37916666666666,28.19908,24,NW
2020-12-06,4.6990740740740735,9.645,49.62291666666666,0.0,24,NW
2020-12-07,3.0092592592592595,4.779633333333333,48.95041666666666,0.0,24,NW
2020-12-08,1.521739130434783,6.463547826086956,57.22608695652175,0.0,23,NW
2020-12-09,2.4074074074074074,5.636966666666667,56.31875,0.51308,24,SW
2020-12-10,6.643518518518518,5.5941,58.915,0.0,24,NW
2020-12-11,8.333333333333334,2.7863333333333333,60.46583333333333,0.0,24,S
2020-12-12,9.861111111111112,2.5934333333333335,81.27291666666666,0.00254,24,S
2020-12-13,13.202898550724639,4.316486956521739,67.53521739130437,0.0,23,S
2020-12-14,6.527777777777778,4.136633333333333,64.32375,5.847079999999999,24,N
2020-12-15,3.550925925925926,7.0729999999999995,46.46875,0.0,24,NW
2020-12-16,-0.5208333333333335,7.501666666666667,50.89291666666667,2.03708,24,NE
2020-12-17,-0.9120370370370372,10.0308,80.36708333333334,15.50162,24,N
2020-12-18,-1.0625000000000002,4.843933333333332,57.43416666666667,0.0,24,N
2020-12-19,-1.6180555555555554,2.572,54.8125,0.0,24,N
2020-12-20,1.7361111111111114,1.9075666666666666,60.935833333333335,0.25908,24,S
2020-12-21,5.092592592592593,1.9504333333333332,73.9575,0.0,24,NE
2020-12-22,6.157407407407407,5.3369,62.467499999999994,0.00508,24,NW
2020-12-23,5.717592592592593,4.586733333333333,45.59291666666667,0.0,24,NW
2020-12-24,10.439814814814815,6.322833333333333,71.23916666666666,0.26161999999999996,24,S
2020-12-25,13.03240740740741,10.052233333333334,78.01833333333333,22.872700000000002,24,S
2020-12-26,-0.650462962962963,7.565966666666666,47.600833333333334,0.0,24,W
2020-12-27,-0.12037037037037045,3.8365666666666662,48.44708333333333,0.0,24,W
2020-12-28,6.3194444444444455,2.7649,56.2275,0.00254,24,SW
2020-12-29,5.3240740740740735,7.201599999999999,42.35375,0.0,24,NW
2020-12-30,1.909722222222222,4.3724,44.07583333333333,0.0,24,NW
2021-01-01,3.4027777777777772,3.429333333333333,59.26666666666667,0.7645399999999999,24,NE
2021-01-02,6.388888888888888,6.022766666666667,72.73083333333334,17.53362,24,NW
2021-01-03,3.7037037037037037,6.322833333333333,71.8875,3.3121600000000004,24,NE
2021-01-04,4.212962962962963,4.329533333333333,74.33541666666666,1.02616,24,N
2021-01-05,4.513888888888888,3.3221666666666665,65.14208333333333,0.0,24,N
2021-01-06,4.12037037037037,6.0442,61.83375000000001,0.0,24,NW
2021-01-07,3.194444444444444,6.6872,53.18125,0.0,24,NW
2021-01-08,1.2407407407407407,4.5653,56.69916666666666,0.0,24,N
2021-01-09,0.35416666666666635,6.794366666666667,50.265416666666674,0.0,24,N
2021-01-10,2.4768518518518516,4.715333333333333,48.0925,0.0,24,N
2021-01-11,1.1666666666666663,1.7361,58.464166666666664,0.0,24,N
2021-01-12,3.842592592592593,2.6363,55.08833333333333,0.0,24,NW
2021-01-13,4.560185185185185,2.6148666666666665,51.21875,0.0,24,W
2021-01-14,6.458333333333333,1.8861333333333332,57.05333333333334,0.0,24,S
2021-01-15,5.671296296296295,4.3081,74.78833333333334,0.0,24,NE
2021-01-16,7.222222222222221,6.558599999999999,75.30291666666666,29.21762,24,W
2021-01-17,5.37037037037037,7.115866666666666,49.19833333333333,0.0,24,W
2021-01-18,6.458333333333333,5.636966666666667,47.80416666666667,0.0,24,W
2021-01-19,4.560185185185186,6.772933333333333,49.598749999999995,0.0,24,W
2021-01-20,3.842592592592593,5.7655666666666665,47.21208333333333,0.51308,24,NW
2021-01-21,1.2615740740740737,4.265233333333333,42.92875,0.0,24,SW
2021-01-22,6.25,6.022766666666667,41.51,0.0,24,W
2021-01-23,1.0740740740740737,8.637633333333333,40.503750000000004,0.0,24,NW
2021-01-24,-1.9166666666666667,8.4233,41.26625,0.0,24,NW
2021-01-25,-0.3703703703703704,4.586733333333333,41.839166666666664,0.0,24,NW
2021-01-26,1.4009661835748795,4.651965217391304,56.70739130434782,1.02616,23,NE
2021-01-27,2.430555555555556,4.929666666666667,70.85708333333334,0.7772399999999999,24,NW
2021-01-28,0.31249999999999983,7.6302666666666665,48.833333333333336,0.0,24,NW
2021-01-29,-4.995370370370371,11.166766666666666,43.93166666666667,0.00254,24,NW
2021-01-30,-4.243055555555556,6.772933333333333,44.84625,0.0,24,NW
2021-01-31,-3.819444444444444,3.9865999999999997,51.37416666666667,0.00508,24,NE
2021-02-01,-1.789351851851852,11.338233333333333,85.86333333333334,19.56054,24,NE
2021-02-02,0.41203703703703703,7.908899999999999,83.805,4.8641,24,N
2021-02-03,0.8680555555555554,6.5157333333333325,65.3525,0.02794,24,NW
2021-02-04,2.5231481481481484,5.872733333333333,51.492916666666666,0.0,24,NW
2021-02-05,5.023148148148148,3.2578666666666662,61.27791666666666,1.52908,24,SW
2021-02-06,4.814814814814814,6.708633333333332,38.19583333333333,0.0,24,W
2021-02-07,2.060185185185185,3.9223,67.77750000000002,9.90854,24,N
2021-02-08,-3.363425925925926,6.242945454545454,49.54833333333334,0.0,24,NW
2021-02-09,-1.2592592592592595,3.707966666666666,68.44625,0.26161999999999996,24,NE
2021-02-10,-0.7754629629629631,3.6436666666666664,58.48833333333334,0.0,24,N
2021-02-11,-1.2291666666666667,3.6436666666666664,65.96249999999999,2.5526999999999997,24,NE
2021-02-12,-2.8587962962962963,3.6222333333333334,40.815,0.0,24,N
2021-02-13,-2.1087962962962963,4.1152,38.446666666666665,0.00508,24,N
2021-02-14,0.09490740740740715,3.879433333333333,66.94125,0.0127,24,NE
2021-02-15,1.0416666666666667,3.3650333333333333,67.83666666666667,0.01016,24,N
2021-02-16,4.734299516908213,4.6296,80.24826086956521,21.8567,23,NE
2021-02-17,-0.539351851851852,6.4728666666666665,41.46875,0.0,24,NW
2021-02-18,-2.027777777777778,4.993966666666666,60.81041666666666,8.13562,24,NE
2021-02-19,-0.8726851851851855,5.5298,83.51416666666665,2.32918,24,NE
2021-02-20,0.3634259259259259,5.9155999999999995,60.30375000000001,0.25654,24,NW
2021-02-21,-0.5324074074074073,5.508366666666666,49.409166666666664,0.0,24,NW
2021-02-22,1.4583333333333333,3.9008666666666665,62.24583333333334,14.22654,24,S
2021-02-23,4.560185185185186,6.001333333333332,63.33708333333334,0.26161999999999996,24,W
2021-02-24,7.962962962962962,5.379766666666667,49.260416666666664,0.0,24,W
2021-02-25,8.125,7.866033333333332,42.25833333333333,0.0,24,NW
2021-02-26,4.814814814814814,3.879433333333333,36.95041666666666,0.0,24,NW
2021-02-27,6.342592592592593,3.9651666666666663,74.57833333333333,11.9507,24,S
2021-02-28,5.972222222222222,3.300733333333333,73.0125,3.5636199999999993,24,E
2021-03-01,5.9259259259259265,5.444066666666667,77.61208333333333,7.6352400000000005,24,NE
2021-03-02,-0.8310185185185186,10.759533333333334,34.45875,0.0,24,NW
2021-03-03,4.62962962962963,4.972533333333333,32.942083333333336,0.0,24,W
2021-03-04,5.625,6.901533333333332,46.09708333333333,0.0,24,NW
2021-03-05,-0.5601851851851852,10.759533333333334,34.905833333333334,0.0,24,NW
2021-03-06,0.8796296296296297,7.544533333333333,40.70791666666667,0.0,24,NW
2021-03-07,0.8379629629629628,5.036833333333333,40.897083333333335,0.0,24,NW
2021-03-08,1.6550925925925926,4.2009333333333325,35.03916666666667,0.0,24,NW
2021-03-09,9.930555555555555,4.929666666666667,27.34875,0.0,24,SW
2021-03-10,8.148148148148147,3.3650333333333333,52.67625,0.0,24,NE
2021-03-11,12.013888888888891,3.0864,65.02083333333333,0.00254,24,S
2021-03-12,16.22685185185185,6.001333333333332,38.15708333333333,0.00254,24,W
2021-03-13,7.523148148148148,7.801733333333333,25.486666666666668,0.0,24,NW
2021-03-14,8.032407407407407,8.144666666666666,26.758750000000003,0.0,24,W
2021-03-15,-0.0023148148148147973,9.194899999999999,29.267500000000002,0.0,24,NW
2021-03-16,0.4027777777777777,3.8151333333333333,33.336666666666666,0.00762,24,NE
2021-03-17,3.8657407407407405,3.450766666666666,68.58041666666666,0.0,24,NE
2021-03-18,6.736111111111112,3.300733333333333,81.44833333333334,13.21562,24,S
2021-03-19,3.7037037037037037,8.187533333333333,45.03208333333333,3.30962,24,N
2021-03-20,6.763285024154589,2.974573913043478,30.715652173913046,0.0,23,N
2021-03-21,9.351851851851853,2.1004666666666663,44.185833333333335,0.0,24,S
2021-03-22,8.611111111111112,2.9363666666666663,57.583333333333336,0.0,24,NE
2021-03-23,8.958333333333334,3.3436,73.33458333333333,0.0,24,NE
2021-03-24,8.657407407407407,3.879433333333333,81.14333333333333,19.30654,24,NE
2021-03-25,12.037037037037038,2.8720666666666665,84.75208333333333,14.239239999999999,24,NE
2021-03-26,16.435185185185187,5.829866666666667,69.35291666666666,0.7670799999999999,24,S
2021-03-27,14.212962962962962,5.937033333333333,47.9075,0.0,24,NW
2021-03-28,11.412037037037038,3.879433333333333,80.3225,11.945619999999998,24,S
2021-03-29,10.578703703703702,9.237766666666666,42.370416666666664,3.3070799999999996,24,NW
2021-03-30,10.092592592592592,4.8868,44.65083333333334,0.0,24,S
2021-03-31,12.731481481481481,5.0797,75.73666666666666,1.02616,24,S
2021-04-01,9.328703703703704,6.644333333333333,68.68249999999999,8.910319999999999,24,NW
2021-04-02,2.261574074074074,7.951766666666667,42.70208333333334,0.0,24,NW
2021-04-03,5.092592592592593,5.036833333333333,28.8875,0.0,24,NW
2021-04-04,11.041666666666666,2.6148666666666665,36.74208333333333,0.00508,24,NE
2021-04-05,13.981481481481481,7.694566666666667,30.655833333333334,0.0,24,NW
2021-04-06,14.143518518518519,5.679833333333333,25.38416666666667,0.0,24,NW
2021-04-07,14.768518518518519,2.3148,36.82208333333333,0.0,24,NE
2021-04-08,14.120370370370372,2.2933666666666666,51.99375,0.0,24,S
2021-04-09,11.134259259259258,3.2364333333333333,71.62083333333334,0.00254,24,S
2021-04-10,13.356481481481481,3.0864,73.97083333333335,0.00508,24,S
2021-04-11,11.805555555555557,4.286666666666667,91.10166666666669,9.143999999999998,24,NE
2021-04-12,8.842592592592593,5.0582666666666665,77.65958333333333,7.127239999999999,24,NE
2021-04-13,11.25,2.979233333333333,64.6875,7.87654,24,N
2021-04-14,14.791666666666666,3.0649666666666664,55.86833333333333,0.0,24,S
2021-04-15,11.967592592592593,4.1152,81.0775,23.119079999999997,24,NE
2021-04-16,8.37962962962963,5.551233333333332,66.03166666666667,1.2852399999999997,24,N
2021-04-17,9.328703703703704,4.5009999999999994,59.50875,0.00508,24,NW
2021-04-18,12.569444444444443,3.6436666666666664,50.066250000000004,0.0,24,NW
2021-04-19,14.537037037037038,2.9363666666666663,49.17458333333334,0.00254,24,S
2021-04-20,16.875,3.5364999999999998,47.05916666666667,0.0,24,SW
2021-04-21,13.912037037037036,5.851299999999999,57.69333333333333,6.860539999999999,24,S
2021-04-22,5.787037037037037,9.709299999999999,38.96125,0.0,24,NW
2021-04-23,10.370370370370368,7.201599999999999,30.003749999999997,0.0,24,W
2021-04-24,16.15740740740741,5.0154,28.287499999999998,0.0,24,NW
2021-04-25,13.425925925925926,3.9865999999999997,61.17416666666667,12.705079999999999,24,NW
2021-04-26,11.342592592592593,8.2304,39.24916666666667,0.0,24,NW
2021-04-27,12.569444444444443,3.6436666666666664,27.298750000000002,0.00508,24,S
2021-04-28,15.810185185185185,3.000666666666666,57.278749999999995,0.0,24,NE
2021-04-29,18.26388888888889,2.9149333333333334,69.13125000000001,0.78486,24,S
2021-04-30,18.77314814814815,8.980566666666666,50.35208333333333,0.51562,24,W
2021-05-01,11.527777777777779,9.237766666666666,39.610416666666666,0.0,24,NW
2021-05-02,19.699074074074073,4.929666666666667,28.510833333333334,0.00762,24,SW
2021-05-03,15.370370370370372,3.3864666666666663,66.23666666666666,0.7797799999999998,24,NE
2021-05-04,14.444444444444445,3.9223,79.63291666666667,15.247620000000001,24,NE
2021-05-05,12.5,3.9223,85.22333333333333,7.132319999999999,24,NE
2021-05-06,14.375,6.815799999999999,48.05833333333334,0.254,24,NW
2021-05-07,14.120370370370372,4.415266666666667,41.32541666666667,0.0,24,N
2021-05-08,11.388888888888891,3.4936333333333334,58.90541666666667,1.0286999999999997,24,E
2021-05-09,11.967592592592595,4.5009999999999994,59.61875,4.831079999999999,24,NW
2021-05-10,11.689814814814815,4.929666666666667,70.9325,7.122160000000001,24,NW
2021-05-11,14.722222222222221,4.993966666666666,42.69916666666666,0.0,24,NW
2021-05-12,14.143518518518519,6.708633333333332,37.916666666666664,0.0,24,NW
2021-05-13,16.666666666666668,2.8935,32.57791666666666,0.0,24,N
2021-05-14,18.796296296296294,3.4936333333333334,29.495833333333334,0.0,24,S
2021-05-15,19.97685185185185,3.0221,28.10291666666667,0.0,24,SW
2021-05-16,20.578703703703702,3.3864666666666663,31.005416666666665,0.00508,24,SW
2021-05-17,19.837962962962962,2.6148666666666665,41.16083333333333,0.0,24,S
2021-05-18,22.63888888888889,3.5150666666666663,33.04333333333333,0.0,24,W
2021-05-19,24.76851851851852,3.7508333333333335,32.74333333333333,0.0,24,NW
2021-05-20,20.09259259259259,4.243799999999999,37.66791666666667,0.0,24,S
2021-05-21,19.74537037037037,3.707966666666666,43.51833333333334,0.0,24,S
2021-05-22,23.310185185185187,3.3436,51.60374999999999,0.0,24,NW
2021-05-23,26.435185185185187,6.0442,47.963750000000005,0.0,24,NW
2021-05-24,18.819444444444446,5.894166666666667,45.23041666666666,0.00254,24,S
2021-05-25,17.89351851851852,5.315466666666667,51.665,0.0,24,S
2021-05-26,23.125,4.6296,64.7675,0.508,24,S
2021-05-27,23.65740740740741,5.229733333333333,55.59958333333333,1.5367,24,NW
2021-05-28,17.12962962962963,6.6229,48.02458333333334,10.924539999999999,24,NE
2021-05-29,10.37037037037037,9.4521,80.375,29.984699999999997,24,NE
2021-05-30,10.092592592592593,6.344266666666667,81.37,20.58416,24,NE
2021-05-31,13.888888888888888,4.415266666666667,69.65583333333335,0.27177999999999997,24,NW
2021-06-01,18.98148148148148,2.2933666666666666,59.057500000000005,0.0,24,S
2021-06-02,20.208333333333332,3.8151333333333333,55.91416666666667,0.0,24,S
2021-06-03,18.564814814814813,3.000666666666666,79.66833333333334,3.3146999999999998,24,S
2021-06-04,21.944444444444446,2.9577999999999998,78.84916666666668,21.59508,24,S
2021-06-05,25.787037037037038,3.1721333333333335,59.165416666666665,0.0,24,SW
2021-06-06,30.162037037037038,4.1795,41.530833333333334,0.0,24,S
2021-06-07,28.634259259259256,3.9651666666666663,56.06833333333333,0.00254,24,S
2021-06-08,26.666666666666668,3.2578666666666662,67.80625,11.938,24,S
2021-06-09,26.921296296296294,1.9932999999999998,66.70041666666667,0.0,24,NW
2021-06-10,25.162037037037038,3.8365666666666662,53.42250000000001,0.0,24,NE
2021-06-11,18.425925925925927,4.393833333333332,58.23208333333334,0.00254,24,NE
2021-06-12,18.84259259259259,3.6222333333333334,72.23458333333333,0.00762,24,NE
2021-06-13,20.069444444444446,3.215,62.24333333333333,0.00254,24,S
2021-06-14,20.37037037037037,4.4367,73.31333333333333,1.5367,24,S
2021-06-15,22.893518518518523,3.8365666666666662,64.71541666666667,1.0286999999999997,24,NW
2021-06-16,21.34259259259259,5.8084333333333324,46.96958333333333,0.0,24,NW
2021-06-17,21.388888888888886,3.557933333333333,30.942499999999995,0.0,24,NW
2021-06-18,24.490740740740737,3.879433333333333,36.0325,0.0,24,SW
2021-06-19,26.041666666666668,4.843933333333332,52.423750000000005,2.79908,24,SW
2021-06-20,25.09259259259259,3.4078999999999997,57.58416666666667,0.00508,24,W
2021-06-21,26.759259259259256,4.972533333333333,67.65125,0.0,24,S
2021-06-22,23.078703703703706,4.693899999999999,70.43083333333334,4.32816,24,NW
2021-06-23,19.166666666666668,5.251166666666666,47.705833333333324,0.0,24,NW
2021-06-24,21.041666666666668,3.7722666666666664,50.22833333333333,0.0,24,S
2021-06-25,21.22685185185185,4.093766666666666,63.25833333333333,0.0,24,NE
2021-06-26,24.537037037037038,5.122566666666667,73.42166666666667,0.00762,24,S
2021-06-27,26.990740740740744,5.3369,67.55,0.0,24,S
2021-06-28,29.328703703703706,5.144,59.09499999999999,0.0,24,SW
2021-06-29,31.550925925925924,4.693899999999999,52.42916666666667,0.0,24,SW
2021-06-30,33.03240740740741,5.315466666666667,46.504999999999995,0.0,24,SW
2021-07-01,26.087962962962962,2.9577999999999998,69.33583333333333,26.675079999999994,24,NW
2021-07-02,23.48148148148148,2.979233333333333,77.92375,13.484859999999998,24,SW
2021-07-03,17.73148148148148,5.851299999999999,80.88708333333334,19.32178,24,NE
2021-07-04,20.37037037037037,2.9577999999999998,66.365,0.00508,24,NE
2021-07-05,23.240740740740744,3.9865999999999997,70.70375,0.0,24,NE
2021-07-06,28.449074074074076,5.744133333333333,55.335,0.7645399999999999,24,SW
2021-07-07,28.240740740740737,3.3650333333333333,63.14624999999999,4.571999999999999,24,SW
2021-07-08,25.810185185185187,4.693899999999999,72.18083333333333,24.13508,24,NE
2021-07-09,25.069444444444446,5.379766666666667,75.89166666666667,35.826699999999995,24,NE
2021-07-10,24.583333333333332,2.8291999999999997,71.08916666666666,10.16508,24,NE
2021-07-11,24.134259259259256,3.5150666666666663,74.22375,1.53162,24,SE
2021-07-12,25.115740740740737,3.686533333333333,80.55250000000001,14.993619999999998,24,NE
2021-07-13,21.944444444444443,4.6081666666666665,85.28875,0.51562,24,NE
2021-07-14,24.60648148148148,3.557933333333333,77.99541666666666,0.00254,24,NE
2021-07-15,27.777777777777782,2.9363666666666663,61.13041666666666,0.0,24,NE
2021-07-16,30.555555555555554,3.6651,56.25083333333333,0.0,24,SW
2021-07-17,28.912037037037038,2.8077666666666663,62.168749999999996,0.7645399999999999,24,S
2021-07-18,26.15740740740741,4.158066666666667,70.29166666666667,14.73708,24,SW
2021-07-19,24.46759259259259,3.6007999999999996,65.90125,0.26161999999999996,24,N
2021-07-20,27.31481481481482,2.6791666666666663,57.79083333333333,0.0,24,NW
2021-07-21,26.087962962962962,2.979233333333333,60.94416666666667,4.064,24,N
2021-07-22,24.28240740740741,4.265233333333333,52.495000000000005,0.0,24,NW
2021-07-23,24.60648148148148,4.136633333333333,45.12291666666667,0.0,24,NW
2021-07-24,24.652777777777775,3.429333333333333,52.85916666666666,0.0,24,NE
2021-07-25,24.953703703703706,4.908233333333333,65.42708333333333,11.18362,24,S
2021-07-26,27.708333333333332,2.7220333333333335,60.40916666666667,35.052,24,NW
2021-07-27,28.402777777777782,3.429333333333333,46.50416666666666,0.0,24,S
2021-07-28,24.86111111111111,3.4078999999999997,60.05625,5.08,24,N
2021-07-29,24.212962962962962,6.129933333333333,70.89833333333333,6.604,24,S
2021-07-30,24.930555555555554,6.129933333333333,59.691250000000004,0.00508,24,NW
2021-07-31,21.828703703703706,4.715333333333333,43.790416666666665,0.0,24,NW
2021-08-01,23.171296296296294,3.7722666666666664,57.03125,0.0,24,S
2021-08-02,22.384259259259256,4.801066666666666,61.06041666666666,2.2859999999999996,24,NW
2021-08-03,23.171296296296294,2.5934333333333335,47.38291666666667,0.0,24,NE
2021-08-04,22.939814814814813,2.5934333333333335,60.08833333333333,0.0,24,NE
2021-08-05,22.824074074074076,3.9865999999999997,66.94833333333332,0.0,24,NE
2021-08-06,26.203703703703706,3.557933333333333,58.51916666666667,0.0,24,S
2021-08-07,27.06018518518519,4.329533333333333,51.522083333333335,0.0,24,S
2021-08-08,23.125,4.222366666666667,69.11375,6.87578,24,NE
2021-08-09,23.26388888888889,4.458133333333333,77.70083333333334,1.78816,24,NE
2021-08-10,25.300925925925924,3.0221,73.80375,5.334,24,S
2021-08-11,27.384259259259263,3.7937,71.1925,4.831079999999999,24,S
2021-08-12,29.18981481481482,3.6651,59.187916666666666,1.78562,24,SW
2021-08-13,31.25,2.8077666666666663,50.115,0.0,24,NW
2021-08-14,30.416666666666668,3.9437333333333333,52.01666666666666,0.0,24,NW
2021-08-15,25.115740740740744,4.265233333333333,45.35375,0.0,24,N
2021-08-16,24.328703703703706,3.300733333333333,53.59416666666667,0.0,24,NE
2021-08-17,25.231481481481485,4.693899999999999,61.10041666666666,0.00254,24,S
2021-08-18,25.902777777777782,4.029466666666666,73.66291666666667,0.0,24,S
2021-08-19,27.916666666666668,6.344266666666667,69.00041666666667,7.37108,24,SW
2021-08-20,26.574074074074076,3.8579999999999997,63.99291666666667,2.29108,24,NW
2021-08-21,26.319444444444443,2.5934333333333335,71.23416666666667,0.00254,24,NE
2021-08-22,23.865740740740744,5.2726,86.29291666666666,87.64016,24,W
2021-08-23,24.953703703703706,5.401199999999999,77.94041666666666,21.35124,24,S
2021-08-24,28.055555555555554,3.8365666666666662,58.25208333333333,0.0,24,NW
2021-08-25,29.097222222222218,1.6997565217391304,52.632083333333334,0.0,24,NW
2021-08-26,30.48611111111111,2.6148666666666665,54.41791666666666,0.0,24,S
2021-08-27,29.652777777777775,2.1862,63.24166666666667,34.03854,24,N
2021-08-28,24.583333333333332,4.972533333333333,73.18083333333334,0.00508,24,E
2021-08-29,21.64351851851852,3.5364999999999998,78.50208333333333,0.00254,24,E
2021-08-30,25.925925925925924,3.2792999999999997,73.13541666666667,0.00254,24,S
2021-08-31,27.5,3.429333333333333,62.37708333333333,0.0,24,NW
2021-09-01,23.888888888888886,5.508366666666666,75.57291666666667,22.6187,24,NE
2021-09-02,20.893719806763286,7.335791304347826,60.13260869565216,95.25254,23,N
2021-09-03,20.34722222222222,3.8579999999999997,58.689166666666665,0.0,24,N
2021-09-04,22.083333333333332,3.2792999999999997,57.94083333333333,0.0,24,NW
2021-09-05,22.615740740740737,4.3081,72.85208333333334,1.2827,24,S
2021-09-06,24.768518518518515,4.522433333333333,65.69666666666666,0.0,24,SW
2021-09-07,23.816425120772948,3.7797217391304345,54.21869565217391,0.0,23,NW
2021-09-08,25.046296296296294,6.108499999999999,70.26916666666666,0.0,24,S
2021-09-09,22.291666666666668,2.7649,77.85416666666667,7.37108,24,S
2021-09-10,21.574074074074076,6.258533333333332,58.20874999999999,0.0,24,NW
2021-09-11,22.10648148148148,3.6651,44.923750000000005,0.0,24,NW
2021-09-12,24.23611111111111,5.636966666666667,55.635,0.0,24,SW
2021-09-13,27.01388888888889,5.3583333333333325,55.076666666666675,0.0,24,NW
2021-09-14,23.819444444444443,3.707966666666666,63.83625,0.7670799999999999,24,NE
2021-09-15,25.949074074074073,3.6436666666666664,71.81958333333334,0.0,24,S
2021-09-16,23.912037037037038,5.122566666666667,67.78750000000001,0.0,24,NE
2021-09-17,22.59259259259259,5.8084333333333324,80.43791666666668,0.0,24,NE
2021-09-18,24.74537037037037,3.0435333333333334,69.42291666666667,0.0,24,NE
2021-09-19,23.125,4.008033333333334,52.84958333333333,0.0,24,N
2021-09-20,21.319444444444443,2.8291999999999997,58.8525,0.0,24,NE
2021-09-21,20.99537037037037,3.7508333333333335,64.86208333333333,0.0,24,SE
2021-09-22,23.587962962962962,5.0154,80.43458333333332,0.25908,24,S
2021-09-23,25.676328502415455,7.35815652173913,70.57826086956521,0.0,23,SE
2021-09-24,19.930555555555557,3.7937,62.85750000000001,30.734,24,W
2021-09-25,20.810185185185187,2.1246956521739127,52.168749999999996,0.0,24,N
2021-09-26,20.74074074074074,5.229733333333333,48.940416666666664,0.0,24,NW
2021-09-27,22.337962962962962,5.5298,38.48208333333333,0.0,24,SW
2021-09-28,21.96759259259259,4.5009999999999994,59.464166666666664,2.5425400000000002,24,SW
2021-09-29,17.847222222222225,5.144,49.573333333333345,0.0,24,N
2021-09-30,17.430555555555554,3.9865999999999997,50.145,0.0,24,NW
2021-10-01,16.34259259259259,3.579366666666666,51.33375,0.0,24,W
2021-10-02,19.699074074074073,3.1935666666666664,48.347500000000004,0.0,24,W
2021-10-03,22.083333333333332,2.572,57.211666666666666,0.0,24,SW
2021-10-04,21.22685185185185,4.222366666666667,81.67875,2.8066999999999998,24,NE
2021-10-05,17.199074074074073,4.029466666666666,79.53083333333333,0.00508,24,NE
2021-10-06,18.65740740740741,2.2933666666666666,70.24791666666667,0.0,24,NE
2021-10-07,20.694444444444443,1.3717333333333332,69.82125,0.0,24,NE
2021-10-08,20.71759259259259,2.850633333333333,72.23875,0.0,24,NE
2021-10-09,18.77314814814815,6.022766666666667,70.36458333333333,0.0,24,NE
2021-10-10,18.35648148148148,7.437366666666667,78.33333333333333,2.80162,24,NE
2021-10-11,19.444444444444446,6.580033333333333,71.66458333333333,0.0,24,NE
2021-10-12,19.14351851851852,3.0435333333333334,73.42958333333333,0.0,24,NE
2021-10-13,19.791666666666668,1.6932333333333331,74.03166666666667,0.0,24,SW
2021-10-14,21.782407407407405,3.2578666666666662,66.0075,0.0,24,NW
2021-10-15,22.523148148148152,1.7892173913043476,62.29208333333332,0.0,24,S
2021-10-16,22.106481481481485,5.3369,65.92208333333333,0.00762,24,S
2021-10-17,15.601851851851853,6.815799999999999,60.82333333333333,4.3281600000000005,24,W
2021-10-18,13.356481481481481,6.794366666666667,54.35166666666667,0.00762,24,W
2021-10-19,14.236111111111112,5.958466666666666,47.86375,0.0,24,W
2021-10-20,20.185185185185187,4.8868,41.58208333333334,0.0,24,W
2021-10-21,20.925925925925924,4.008033333333334,48.432916666666664,0.00254,24,SW
2021-10-22,19.62962962962963,4.522433333333333,56.33083333333334,0.0,24,W
2021-10-23,14.050925925925924,3.5364999999999998,56.692499999999995,0.0127,24,N
2021-10-24,13.078703703703704,3.557933333333333,57.585416666666674,0.00508,24,NW
2021-10-25,18.72685185185185,3.1935666666666664,73.53,1.27254,24,S
2021-10-26,16.666666666666668,6.451433333333332,83.62291666666667,59.18453999999999,24,NE
2021-10-27,14.930555555555557,7.6517,69.58166666666666,17.020539999999997,24,N
2021-10-28,12.939814814814815,4.415266666666667,59.92583333333334,0.0,24,N
2021-10-29,12.407407407407407,6.580033333333333,64.05125,0.0,24,E
2021-10-30,15.439814814814815,6.2371,76.58541666666666,12.197080000000001,24,E
2021-10-31,16.11111111111111,4.136633333333333,73.41791666666667,2.04216,24,W
2021-11-01,15.04830917874396,5.837321739130434,50.189130434782605,0.0,23,W
2021-11-02,12.083333333333334,3.1506999999999996,42.17666666666666,0.01016,24,W
2021-11-03,9.49074074074074,4.908233333333333,50.8125,0.0,24,NW
2021-11-04,8.495370370370368,3.4722,43.90208333333334,0.0,24,N
2021-11-05,8.888888888888888,3.8151333333333333,42.54125,0.0,24,N
2021-11-06,9.375,2.5077,46.71125000000001,0.0,24,NE
2021-11-07,9.814814814814815,1.7575333333333332,51.713750000000005,0.0,24,N
2021-11-08,13.171296296296296,3.2578666666666662,45.23166666666666,0.0,24,N
2021-11-09,15.578703703703704,1.3074333333333332,54.53833333333333,0.0,24,NW
2021-11-10,16.319444444444446,3.429333333333333,51.535833333333336,0.0,24,NW
2021-11-11,12.40740740740741,3.3436,52.152499999999996,0.0,24,NE
2021-11-12,17.36111111111111,6.644333333333333,73.04958333333333,8.892539999999999,24,SE
2021-11-13,12.38425925925926,5.0797,54.83833333333333,5.84708,24,W
2021-11-14,7.222222222222222,5.101133333333332,53.05083333333334,0.0,24,W
2021-11-15,7.662037037037037,5.658399999999999,59.810833333333335,0.5232399999999999,24,W
2021-11-16,7.106481481481481,5.872733333333333,49.16708333333333,0.0,24,W
2021-11-17,9.49074074074074,3.5150666666666663,50.364166666666655,0.0,24,S
2021-11-18,15.370370370370372,3.3221666666666665,67.86958333333332,0.0,24,S
2021-11-19,9.421296296296296,7.501666666666667,50.367916666666666,2.03454,24,NW
2021-11-20,6.3194444444444455,3.6651,46.60583333333333,0.0,24,NW
2021-11-21,10.0,3.7293999999999996,55.020833333333336,0.0,24,SW
2021-11-22,10.949074074074074,5.3583333333333325,66.58749999999999,1.02108,24,W
2021-11-23,3.8657407407407405,7.415933333333332,45.4425,0.0,24,NW
2021-11-24,3.6805555555555554,6.1728,44.28125,0.0,24,NW
2021-11-25,8.842592592592593,2.9577999999999998,37.06791666666667,0.0,24,W
2021-11-26,8.611111111111112,5.744133333333333,57.654583333333335,2.0472399999999995,24,S
2021-11-27,3.9120370370370368,8.9377,48.102083333333326,0.0,24,NW
2021-11-28,3.055555555555556,2.8077666666666663,59.90708333333333,0.02286,24,W
2021-11-29,5.185185185185184,5.186866666666667,57.89291666666666,0.25654,24,NW
2021-11-30,3.1481481481481484,4.136633333333333,53.07458333333333,0.00508,24,SW
2021-12-01,7.476851851851851,5.0797,44.86375,0.0,24,W
2021-12-02,11.550925925925926,4.0508999999999995,60.83791666666667,1.02108,24,S
2021-12-03,8.958333333333334,8.401866666666665,43.81458333333334,0.00254,24,NW
2021-12-04,6.018518518518519,3.215,46.74875,0.0,24,NW
2021-12-05,7.407407407407407,3.429333333333333,40.5325,0.0,24,NW
2021-12-06,11.087962962962962,4.972533333333333,75.65208333333334,8.382,24,S
2021-12-07,6.5740740740740735,6.5157333333333325,42.873333333333335,2.79654,24,W
2021-12-08,4.467592592592593,3.4722,56.93000000000001,0.0,24,NE
2021-12-09,2.7083333333333335,5.572666666666667,54.72416666666666,1.016,24,NW
2021-12-10,6.921296296296297,3.1506999999999996,48.54791666666667,0.0,24,S
2021-12-11,11.157407407407407,3.5150666666666663,79.96124999999999,2.55016,24,S
2021-12-12,10.300925925925926,7.694566666666667,41.99208333333333,1.0210800000000002,24,NW
2021-12-13,8.449074074074074,5.486933333333333,30.884583333333335,0.0,24,SW
2021-12-14,10.046296296296296,4.865366666666667,30.602083333333336,0.0,24,NW
2021-12-15,8.287037037037036,3.6222333333333334,50.92625,0.00508,24,NE
2021-12-16,13.888888888888891,4.393833333333332,61.822916666666664,0.00254,24,SW
2021-12-17,15.046296296296296,5.787,36.91708333333333,0.0,24,SW
2021-12-18,7.361111111111111,3.579366666666666,58.229166666666664,1.5367,24,NE
2021-12-19,5.555555555555556,6.279966666666667,67.82041666666667,1.03632,24,NW
2021-12-20,0.034722222222222064,4.3081,49.35666666666666,0.0,24,N
2021-12-21,3.0787037037037037,3.0435333333333334,49.7175,0.0,24,SW
2021-12-22,6.087962962962963,5.9799,62.1275,4.0767,24,NW
2021-12-23,1.712962962962963,7.201599999999999,44.99,0.0,24,NW
2021-12-24,1.6643518518518519,3.557933333333333,67.21208333333334,0.51054,24,NE
2021-12-25,4.976851851851852,2.550566666666666,80.79541666666667,4.07162,24,E
2021-12-26,8.587962962962964,7.308766666666666,60.787499999999994,0.0,24,NW
2021-12-27,3.564814814814815,4.7581999999999995,53.23166666666666,0.0,24,NW
2021-12-28,5.532407407407407,3.000666666666666,70.73500000000001,2.0396199999999998,24,W
2021-12-29,6.226851851851852,3.5364999999999998,77.80000000000001,5.34162,24,NE
2021-12-30,7.314814814814814,2.3576666666666664,85.52166666666666,1.27254,24,NE
2022-01-01,11.594202898550725,2.5943652173913043,86.82217391304349,3.82524,23,S
2022-01-02,11.226851851851853,3.8151333333333333,85.56333333333332,16.51762,24,NE
2022-01-03,0.9374999999999999,6.43,52.10916666666666,0.0,24,N
2022-01-04,-2.592592592592592,4.479566666666667,48.15083333333333,0.0,24,NW
2022-01-05,3.5416666666666665,3.3436,69.28416666666666,6.09854,24,S
2022-01-06,4.722222222222222,5.144,52.84333333333333,0.0,24,W
2022-01-07,0.5925925925925924,7.008699999999999,61.17583333333334,8.38962,24,NW
2022-01-08,-2.5439814814814814,6.001333333333332,43.96083333333333,0.0,24,NW
2022-01-09,1.6875,4.5653,56.310833333333335,1.02108,24,SW
2022-01-10,1.2777777777777777,7.115866666666666,51.69541666666667,1.7779999999999998,24,NW
2022-01-11,-5.6134259259259265,7.458799999999999,42.49,0.00254,24,NW
2022-01-12,-1.4236111111111114,4.329533333333333,41.06375,0.0,24,SW
2022-01-13,4.00462962962963,2.3790999999999998,57.12916666666666,0.0,24,NE
2022-01-14,4.583333333333333,6.5157333333333325,67.44333333333334,0.0,24,N
2022-01-15,-7.0625,6.3656999999999995,49.991666666666674,0.0,24,N
2022-01-16,-7.638888888888888,4.951099999999999,57.43125,0.00254,24,N
2022-01-17,4.00462962962963,8.466166666666666,75.59708333333333,36.08324,24,SW
2022-01-18,1.6666666666666667,9.687866666666665,46.68791666666666,0.00762,24,NW
2022-01-19,3.4907407407407405,4.222366666666667,46.90625,0.0,24,SW
2022-01-20,4.606481481481481,4.929666666666667,58.140833333333326,6.35508,24,N
2022-01-21,-6.280092592592593,6.601466666666666,43.51166666666666,0.0,24,N
2022-01-22,-5.793981481481481,3.7937,45.45416666666667,0.0,24,N
2022-01-23,-0.5578703703703703,4.5653,36.89291666666667,0.00254,24,SW
2022-01-24,-0.2847222222222223,3.000666666666666,64.21541666666667,0.2667,24,N
2022-01-25,3.657407407407407,4.586733333333333,56.4775,0.00508,24,NW
2022-01-26,-2.5370370370370368,5.851299999999999,39.46125,0.0,24,NW
2022-01-27,-4.011574074074074,3.707966666666666,42.873749999999994,0.0,24,S
2022-01-28,0.03472222222222206,3.215,57.04375000000001,0.5308599999999999,24,SW
2022-01-29,-5.118055555555556,9.0663,75.20458333333335,8.900160000000001,24,N
2022-01-30,-6.9467592592592595,7.5230999999999995,44.61375,0.0,24,NW
2022-01-31,-3.3912037037037037,3.1078333333333332,45.04083333333333,0.0,24,NE
2022-02-01,-1.5023148148148149,3.5364999999999998,53.3025,0.0,24,NE
2022-02-02,2.4305555555555554,2.3790999999999998,74.41208333333333,0.0,24,NE
2022-02-03,6.388888888888888,2.271933333333333,86.90374999999999,8.641079999999999,24,S
2022-02-04,5.483796296296297,4.7581999999999995,83.96208333333334,20.83308,24,N
2022-02-05,-2.884259259259259,7.866033333333332,61.5375,0.01524,24,NW
2022-02-06,-4.664351851851852,3.9008666666666665,48.607499999999995,0.0,24,N
2022-02-07,0.6620370370370369,3.215,78.65708333333333,2.3088599999999997,24,NE
2022-02-08,4.097222222222222,5.0797,70.7375,3.56362,24,NW
2022-02-09,2.847222222222222,4.393833333333332,48.31541666666667,0.0,24,S
2022-02-10,6.458333333333333,4.008033333333334,60.10958333333334,0.0,24,W
2022-02-11,8.495370370370372,4.8225,41.2075,0.0,24,S
2022-02-12,11.898148148148147,5.8084333333333324,40.0,0.0,24,W
2022-02-13,2.3333333333333335,4.543866666666666,64.66583333333334,4.848859999999999,24,N
2022-02-14,-4.483796296296297,7.908899999999999,43.92791666666667,0.01016,24,NW
2022-02-15,-4.618055555555556,5.3583333333333325,36.224583333333335,0.0,24,NW
2022-02-16,1.909722222222222,4.158066666666667,50.79458333333333,0.0,24,S
2022-02-17,11.759259259259258,5.379766666666667,61.90291666666666,0.0,24,S
2022-02-18,9.467592592592593,9.1306,60.85916666666666,13.97508,24,NW
2022-02-19,-0.009259259259259375,6.129933333333333,41.288333333333334,0.00762,24,SW
2022-02-20,-2.5439814814814814,7.201599999999999,39.05583333333333,0.0,24,NW
2022-02-21,4.305555555555555,4.1795,46.126250000000006,0.0,24,SW
2022-02-22,5.787037037037037,3.9008666666666665,81.53833333333334,4.83616,24,NE
2022-02-23,14.375,5.894166666666667,68.83416666666666,1.0236200000000002,24,S
2022-02-24,0.7129629629629628,5.551233333333332,43.73041666666666,0.00508,24,N
2022-02-25,1.034722222222222,5.636966666666667,69.75,20.83816,24,E
2022-02-26,-1.1481481481481481,5.7227,47.03916666666667,0.0,24,NW
2022-02-27,2.6736111111111107,6.301399999999999,39.71958333333333,0.0,24,W
2022-02-28,0.5185185185185184,6.558599999999999,35.78458333333334,0.0,24,NW
2022-03-01,2.842592592592593,4.0508999999999995,44.151250000000005,0.0,24,S
2022-03-02,7.685185185185186,4.458133333333333,51.71791666666667,0.0,24,NW
2022-03-03,5.3240740740740735,7.308766666666666,48.910833333333336,0.7696199999999999,24,NW
2022-03-04,-1.8518518518518519,5.101133333333332,34.835,0.0,24,NW
2022-03-05,3.2152777777777772,3.215,41.63333333333333,0.0,24,S
2022-03-06,10.162037037037036,4.136633333333333,71.80375,1.27508,24,SW
2022-03-07,18.14814814814815,5.101133333333332,59.59916666666666,0.7619999999999999,24,SW
2022-03-08,8.24074074074074,9.945066666666666,41.93708333333334,0.51054,24,NW
2022-03-09,3.0092592592592595,4.093766666666666,65.28458333333333,14.73454,24,E
2022-03-10,4.166666666666667,2.7863333333333333,69.86291666666666,0.00254,24,N
2022-03-11,7.1990740740740735,2.7220333333333335,49.89541666666667,0.0,24,S
2022-03-12,4.5625,6.794366666666667,79.84708333333333,11.958319999999999,24,NW
2022-03-13,-2.236111111111111,8.916266666666665,40.79416666666666,0.01016,24,W
2022-03-14,5.6944444444444455,4.286666666666667,42.709583333333335,0.00254,24,SW
2022-03-15,11.712962962962962,3.9223,41.775416666666665,0.0,24,SW
2022-03-16,13.518518518518519,3.9865999999999997,47.97666666666667,0.00762,24,W
2022-03-17,8.171296296296296,4.415266666666667,84.11083333333333,2.80924,24,NE
2022-03-18,14.027777777777777,2.7863333333333333,78.00500000000001,0.00762,24,NW
2022-03-19,13.310185185185185,3.579366666666666,78.71916666666667,0.00254,24,SE
2022-03-20,13.981481481481481,5.9155999999999995,55.79916666666666,1.7830800000000002,24,W
2022-03-21,10.532407407407407,7.544533333333333,40.642916666666665,0.0,24,NW
2022-03-22,10.671296296296296,7.180166666666667,27.527500000000003,0.0,24,NW
2022-03-23,6.898148148148148,4.951099999999999,35.01958333333334,0.01016,24,NE
2022-03-24,5.833333333333333,7.6302666666666665,83.245,9.436100000000001,24,NE
2022-03-25,9.837962962962964,4.5653,67.91,20.07362,24,W
2022-03-26,10.231481481481481,5.5298,47.85375000000001,1.02362,24,W
2022-03-27,5.717592592592593,7.437366666666667,49.07666666666666,0.00508,24,W
2022-03-28,-1.6944444444444446,10.052233333333334,36.98291666666667,0.0,24,NW
2022-03-29,-1.0462962962962958,9.001999999999999,42.670416666666675,0.0,24,NW
2022-03-30,2.743055555555556,4.458133333333333,33.522083333333335,0.0,24,NW
2022-03-31,10.25462962962963,4.6081666666666665,74.73833333333333,0.01524,24,S
2022-04-01,12.754629629629628,6.708633333333332,63.529583333333335,7.894319999999999,24,W
2022-04-02,7.1759259259259265,7.308766666666666,39.867916666666666,0.0,24,NW
2022-04-03,6.921296296296297,3.0221,69.67375,2.2986999999999997,24,S
2022-04-04,7.708333333333333,6.408566666666666,50.415416666666665,0.0,24,NW
2022-04-05,9.675925925925926,3.2792999999999997,45.945833333333326,0.0,24,S
2022-04-06,8.518518518518519,7.244466666666667,83.97583333333334,10.67562,24,NE
2022-04-07,9.189814814814815,6.3656999999999995,82.79375,10.16,24,E
2022-04-08,12.986111111111109,5.744133333333333,62.729166666666664,15.493999999999998,24,W
2022-04-09,11.273148148148147,4.158066666666667,55.29083333333333,0.26924,24,W
2022-04-10,8.518518518518519,7.008699999999999,50.39208333333334,0.26161999999999996,24,NW
2022-04-11,8.819444444444445,5.379766666666667,43.01125,0.0,24,NW
2022-04-12,13.86574074074074,4.029466666666666,53.932500000000005,1.02362,24,S
2022-04-13,15.231481481481481,3.0649666666666664,60.74791666666667,0.0,24,NE
2022-04-14,16.25,4.1152,68.50708333333334,2.80162,24,NE
2022-04-15,15.50925925925926,5.444066666666667,30.737083333333334,0.00254,24,NW
2022-04-16,15.601851851851853,5.851299999999999,37.51916666666667,0.0,24,S
2022-04-17,8.101851851851853,7.094433333333333,51.185833333333335,3.5610799999999996,24,NW
2022-04-18,7.847222222222221,4.908233333333333,41.26375,0.00254,24,NW
2022-04-19,7.5694444444444455,8.916266666666665,64.305,52.33416,24,W
2022-04-20,9.560185185185185,6.644333333333333,38.317083333333336,0.0,24,W
2022-04-21,10.555555555555555,5.036833333333333,58.71791666666667,0.0,24,S
2022-04-22,14.814814814814815,4.843933333333332,45.39374999999999,0.0,24,NW
2022-04-23,13.101851851851853,3.4936333333333334,40.797083333333326,0.0,24,NE
2022-04-24,12.694444444444445,4.008033333333334,50.75041666666666,0.0,24,NE
2022-04-25,10.50925925925926,4.072333333333333,51.30583333333333,0.0,24,SE
2022-04-26,11.527777777777777,4.2009333333333325,72.44791666666667,1.0312400000000002,24,NE
2022-04-27,11.36574074074074,8.016066666666667,51.83291666666667,0.26161999999999996,24,NW
2022-04-28,8.356481481481481,9.752166666666666,35.41875,0.0,24,NW
2022-04-29,10.50925925925926,7.908899999999999,21.265833333333333,0.0,24,NW
2022-04-30,12.893518518518519,4.286666666666667,24.31125,0.0,24,NW
2022-05-01,13.634259259259261,3.557933333333333,40.68833333333333,0.0,24,S
2022-05-02,11.921296296296296,4.6296,77.23666666666666,8.92048,24,NE
2022-05-03,12.476851851851853,4.093766666666666,75.05208333333333,0.00254,24,NE
2022-05-04,12.222222222222223,3.1721333333333335,80.81291666666668,3.0632399999999995,24,NE
2022-05-05,17.106481481481485,3.9223,55.7725,0.0,24,N
2022-05-06,14.513888888888891,3.579366666666666,68.835,9.403080000000001,24,S
2022-05-07,9.86111111111111,7.887466666666667,82.40083333333332,36.07562,24,NE
2022-05-08,10.648148148148147,8.380433333333334,48.28833333333333,0.78994,24,NE
2022-05-09,13.587962962962962,7.094433333333333,28.396666666666665,0.0,24,NE
2022-05-10,15.486111111111112,6.9229666666666665,27.421666666666667,0.0,24,NE
2022-05-11,16.203703703703706,4.522433333333333,38.34375,0.0,24,NE
2022-05-12,17.060185185185187,3.707966666666666,69.94375000000001,0.0,24,NE
2022-05-13,15.879629629629632,4.2009333333333325,86.59916666666668,0.01524,24,NE
2022-05-14,17.962962962962962,2.550566666666666,86.09125,3.5661599999999996,24,S
2022-05-15,18.819444444444446,3.429333333333333,81.39166666666667,4.06908,24,S
2022-05-16,20.462962962962962,3.7937,74.61749999999999,11.17854,24,S
2022-05-17,19.76851851851852,6.9444,48.11833333333333,0.7619999999999999,24,NW
2022-05-18,17.63888888888889,5.508366666666666,39.83166666666667,0.0,24,NW
2022-05-19,15.555555555555555,3.2364333333333333,73.97541666666666,18.295619999999996,24,S
2022-05-20,15.416666666666666,3.557933333333333,83.79,11.18108,24,NE
2022-05-21,21.736111111111114,2.5077,75.83125,0.0,24,NE
2022-05-22,27.73148148148148,3.7937,55.10833333333333,0.0,24,S
2022-05-23,20.671296296296294,5.2082999999999995,48.4275,0.0,24,N
2022-05-24,17.22222222222222,4.8868,56.189166666666665,0.01016,24,NE
2022-05-25,16.180555555555557,3.7937,55.95041666666666,0.0,24,S
2022-05-26,16.52777777777778,4.222366666666667,61.47958333333333,0.0,24,S
2022-05-27,20.208333333333332,4.415266666666667,80.55125,3.8150799999999996,24,S
2022-05-28,20.509259259259256,3.579366666666666,77.63125000000001,6.365239999999999,24,S
2022-05-29,20.578703703703706,2.7434666666666665,59.72416666666667,0.7645399999999999,24,NW
2022-05-30,23.449074074074076,3.429333333333333,56.779583333333335,0.0,24,S
2022-05-31,28.634259259259263,4.5009999999999994,48.01083333333333,0.0,24,NW
2022-06-01,17.152777777777775,5.636966666666667,75.23,0.51562,24,NE
2022-06-02,20.33816425120773,3.3100521739130433,79.63347826086955,27.43454,23,NE
2022-06-03,19.444444444444443,3.8579999999999997,81.09,0.00762,24,NE
2022-06-04,21.944444444444443,3.0649666666666664,50.91291666666666,0.00254,24,S
2022-06-05,19.953703703703706,3.0649666666666664,39.75833333333333,0.0,24,NE
2022-06-06,22.291666666666668,2.6577333333333333,34.4175,0.0,24,S
2022-06-07,21.689814814814813,6.2156666666666665,51.73333333333333,0.00254,24,S
2022-06-08,23.912037037037038,5.165433333333333,61.70208333333333,1.2852399999999997,24,W
2022-06-09,24.305555555555554,5.7655666666666665,64.50666666666666,17.782539999999997,24,SE
2022-06-10,21.828703703703706,5.508366666666666,45.1875,0.0,24,NW
2022-06-11,21.712962962962962,2.979233333333333,51.72125,5.842,24,NE
2022-06-12,20.462962962962962,4.265233333333333,68.03291666666667,2.0370799999999996,24,S
2022-06-13,24.375,2.5291333333333332,70.03208333333333,0.01016,24,S
2022-06-14,23.84259259259259,3.0864,42.709583333333335,0.0,24,NE
2022-06-15,23.14814814814815,3.8151333333333333,53.8225,0.0,24,NE
2022-06-16,20.25462962962963,5.3369,69.52958333333333,7.11454,24,S
2022-06-17,25.439814814814813,5.701266666666666,60.46,0.0,24,SW
2022-06-18,21.180555555555554,8.316133333333333,45.720416666666665,0.0,24,NW
2022-06-19,17.546296296296294,6.9444,41.971250000000005,0.0,24,NW
2022-06-20,20.64814814814815,4.908233333333333,36.62416666666667,0.0,24,NW
2022-06-21,21.898148148148152,2.7649,47.07749999999999,0.51308,24,NE
2022-06-22,18.958333333333332,4.286666666666667,78.39458333333334,2.8092400000000004,24,SE
2022-06-23,19.39814814814815,4.072333333333333,73.52291666666666,1.52654,24,E
2022-06-24,21.944444444444446,2.5077,68.69083333333333,0.0,24,SE
2022-06-25,26.018518518518515,2.979233333333333,55.72083333333333,0.00254,24,NW
2022-06-26,26.990740740740744,3.5364999999999998,52.88166666666667,0.0,24,S
2022-06-27,24.18981481481481,4.586733333333333,67.03083333333332,12.207239999999999,24,SW
2022-06-28,22.40740740740741,3.450766666666666,49.737916666666656,0.0,24,NW
2022-06-29,23.912037037037038,3.1935666666666664,49.61333333333332,0.0,24,S
2022-06-30,25.578703703703706,3.1935666666666664,48.59166666666666,0.0,24,S
2022-07-01,28.14814814814815,4.3081,54.41291666666667,0.0,24,SW
2022-07-02,28.680555555555557,4.779633333333333,56.354583333333345,0.0,24,SW
2022-07-03,26.89814814814815,3.129266666666666,48.69083333333333,0.0,24,NE
2022-07-04,25.555555555555557,3.0864,33.678333333333335,0.0,24,NW
2022-07-05,25.71759259259259,5.186866666666667,47.11416666666667,1.27,24,S
2022-07-06,26.180555555555557,4.993966666666666,62.11416666666668,0.7645399999999999,24,NW
2022-07-07,23.98148148148148,4.693899999999999,63.37916666666666,0.0,24,NE
2022-07-08,23.425925925925927,2.9969391304347823,69.70416666666667,7.36854,24,S
2022-07-09,24.814814814814813,3.1721333333333335,57.751666666666665,0.00254,24,NE
2022-07-10,23.356481481481485,4.286666666666667,46.68458333333333,0.0,24,NE
2022-07-11,24.00462962962963,4.908233333333333,51.75833333333333,0.0,24,SW
2022-07-12,26.134259259259256,5.636966666666667,57.14833333333333,0.0,24,S
2022-07-13,28.773148148148152,3.707966666666666,47.65041666666667,0.0,24,NW
2022-07-14,26.68981481481482,3.5364999999999998,56.37833333333333,0.0,24,NE
2022-07-15,25.902777777777782,3.9651666666666663,46.25,0.0,24,NE
2022-07-16,24.347826086956523,3.488973913043478,69.28826086956522,0.25908,23,NE
2022-07-17,25.740740740740744,3.3436,66.30291666666666,0.0127,24,S
2022-07-18,26.11111111111111,3.9008666666666665,75.34541666666667,8.6487,24,S
2022-07-19,28.37962962962963,5.7655666666666665,55.410000000000004,0.00762,24,W
2022-07-20,31.25,3.7937,45.198333333333345,0.0,24,W
2022-07-21,30.21739130434782,4.719060869565218,57.01,8.128,23,SW
2022-07-22,30.000000000000007,4.03804,46.961999999999996,0.00508,20,W
2022-07-23,30.37037037037037,3.557933333333333,45.09625,0.0,24,NW
2022-07-24,31.180555555555554,4.329533333333333,46.550000000000004,0.0,24,S
2022-07-25,29.699074074074076,4.6081666666666665,60.8375,19.30654,24,SW
2022-07-26,25.740740740740744,3.7508333333333335,52.29375000000001,0.0,24,NE
2022-07-27,25.462962962962962,3.3650333333333333,50.66625,0.0,24,NE
2022-07-28,26.85185185185185,4.093766666666666,70.22791666666666,2.03454,24,S
2022-07-29,28.194444444444443,4.093766666666666,53.909166666666664,0.00508,24,W
2022-07-30,26.759259259259263,4.415266666666667,51.34125,0.51054,24,NW
2022-07-31,26.203703703703706,3.3864666666666663,47.40083333333333,0.0,24,NE
2022-08-01,23.055555555555557,3.0864,75.20458333333333,10.426699999999999,24,NE
2022-08-02,26.689814814814813,3.7937,64.43791666666667,0.0,24,S
2022-08-03,27.52314814814815,3.579366666666666,52.51333333333334,0.0,24,NE
2022-08-04,29.097222222222225,4.415266666666667,55.73708333333334,0.0,24,S
2022-08-05,29.35185185185185,3.5150666666666663,53.5225,0.0,24,S
2022-08-06,29.722222222222225,3.9437333333333333,52.831250000000004,0.0,24,SW
2022-08-07,29.583333333333332,4.7581999999999995,62.37833333333333,15.494000000000002,24,SW
2022-08-08,30.185185185185187,5.5298,58.72833333333333,0.0,24,SW
2022-08-09,31.319444444444446,4.522433333333333,56.775,1.27254,24,SW
2022-08-10,27.199074074074073,3.4936333333333334,57.92416666666667,0.0,24,NE
2022-08-11,26.574074074074076,3.1935666666666664,62.971666666666664,3.302,24,S
2022-08-12,25.555555555555554,4.929666666666667,44.009166666666665,0.0,24,N
2022-08-13,22.962962962962962,4.1795,39.111250000000005,0.0,24,N
2022-08-14,23.981481481481485,3.7722666666666664,41.95791666666667,0.0,24,S
2022-08-15,24.375,3.2364333333333333,47.889166666666675,0.0,24,S
2022-08-16,23.611111111111114,3.9865999999999997,53.64791666666667,0.0,24,NE
2022-08-17,23.634259259259256,2.7220333333333335,51.48374999999999,0.00508,24,N
2022-08-18,24.00462962962963,3.6222333333333334,52.88791666666666,7.874,24,NW
2022-08-19,26.319444444444443,3.2578666666666662,47.06875,0.0,24,S
2022-08-20,27.87037037037037,3.1935666666666664,50.5525,0.0,24,S
2022-08-21,25.277777777777782,3.7722666666666664,65.50708333333333,0.0,24,S
2022-08-22,24.444444444444443,3.879433333333333,76.48833333333333,6.10616,24,E
2022-08-23,26.207729468599037,3.3995130434782608,68.69869565217391,0.01016,23,NE
2022-08-24,27.06018518518519,4.093766666666666,51.29416666666666,0.0,24,NW
2022-08-25,27.916666666666668,3.300733333333333,45.079583333333325,0.0,24,NW
2022-08-26,27.5,4.158066666666667,58.285833333333336,7.112,24,S
2022-08-27,27.75462962962963,3.0221,52.69750000000001,0.0,24,E
2022-08-28,24.46759259259259,4.5653,71.36874999999999,0.0,24,NE
2022-08-29,26.134259259259256,4.3081,69.79291666666667,0.00508,24,S
2022-08-30,26.875,5.0582666666666665,68.59916666666668,0.0,24,S
2022-08-31,25.486111111111114,5.3369,58.775416666666665,1.0261600000000002,24,NW
2022-09-01,25.949074074074076,5.7655666666666665,35.73041666666666,0.0,24,W
2022-09-02,21.574074074074076,4.908233333333333,48.326249999999995,0.0,24,NE
2022-09-03,22.777777777777782,2.9149333333333334,61.16583333333333,0.0,24,S
2022-09-04,25.486111111111114,3.2578666666666662,62.07749999999999,0.00254,24,SW
2022-09-05,25.833333333333332,3.557933333333333,68.90708333333333,0.00508,24,NE
2022-09-06,23.078703703703706,3.300733333333333,80.32166666666667,29.73832,24,S
2022-09-07,20.925925925925927,6.708633333333332,75.35041666666666,0.00762,24,NE
2022-09-08,21.736111111111114,3.9865999999999997,61.01541666666666,0.0,24,NE
2022-09-09,21.944444444444446,3.7293999999999996,56.690416666666664,0.0,24,NE
2022-09-10,23.72685185185185,2.550566666666666,52.96875,0.0,24,S
2022-09-11,23.009259259259256,2.572,66.90416666666665,2.0497799999999997,24,SW
2022-09-12,22.615740740740744,3.0864,80.49374999999999,13.718539999999999,24,NE
2022-09-13,24.722222222222218,3.686533333333333,74.10708333333334,57.66816000000001,24,S
2022-09-14,22.847222222222225,5.5298,49.663333333333334,0.0,24,NW
2022-09-15,21.712962962962962,5.0582666666666665,46.651666666666664,0.0,24,NW
2022-09-16,19.62962962962963,2.7220333333333335,39.94375,0.0,24,N
2022-09-17,20.717592592592595,3.9865999999999997,55.15708333333333,0.0,24,NE
2022-09-18,23.703703703703706,4.8225,59.80250000000001,0.0,24,SW
2022-09-19,25.39351851851852,4.286666666666667,53.33083333333334,1.7805399999999998,24,SW
2022-09-20,23.21759259259259,5.2726,61.01500000000001,0.0,24,NW
2022-09-21,21.990740740740744,3.4442434782608697,59.21083333333333,0.0,24,NW
2022-09-22,21.62037037037037,5.486933333333333,66.47333333333333,4.32562,24,S
2022-09-23,14.930555555555557,8.6162,49.39666666666667,0.0,24,NW
2022-09-24,14.745370370370372,5.3583333333333325,46.90541666666667,0.0,24,NW
2022-09-25,19.12037037037037,4.029466666666666,53.47416666666667,0.0127,24,S
2022-09-26,19.49074074074074,4.929666666666667,60.49208333333333,19.81454,24,SW
2022-09-27,19.560185185185187,4.479566666666667,41.96958333333333,0.0,24,W
2022-09-28,17.314814814814813,4.415266666666667,51.541666666666664,0.0,24,W
2022-09-29,16.435185185185187,5.101133333333332,53.711666666666666,0.00254,24,N
2022-09-30,14.490740740740742,5.3369,57.187083333333334,0.0,24,NE
2022-10-01,14.745370370370372,7.737433333333333,76.9875,16.7767,24,NE
2022-10-02,15.046296296296296,9.730733333333333,62.905,1.7957799999999995,24,NE
2022-10-03,11.36574074074074,8.723366666666665,57.52375000000001,7.65048,24,NE
2022-10-04,10.462962962962964,7.1373,82.49,42.17416,24,NE
2022-10-05,13.842592592592593,5.379766666666667,86.11083333333333,17.2974,24,N
2022-10-06,17.87037037037037,2.3148,58.55166666666667,0.00254,24,NW
2022-10-07,20.277777777777775,2.7005999999999997,52.370000000000005,0.00254,24,W
2022-10-08,13.564814814814815,5.829866666666667,51.881249999999994,0.51562,24,NW
2022-10-09,12.5,3.429333333333333,46.527499999999996,0.0,24,W
2022-10-10,15.949074074074074,3.1078333333333332,40.54624999999999,0.0,24,SW
2022-10-11,16.921296296296294,2.6363,49.38666666666666,0.0,24,NW
2022-10-12,17.916666666666668,3.3864666666666663,49.47874999999999,0.0,24,SW
2022-10-13,18.77314814814815,4.693899999999999,76.825,7.876539999999999,24,S
2022-10-14,15.555555555555557,4.8868,67.57000000000001,17.018,24,NW
2022-10-15,16.22685185185185,3.1935666666666664,54.5825,0.0,24,S
2022-10-16,16.087962962962962,2.3576666666666664,56.470416666666665,0.0,24,NW
2022-10-17,16.550925925925927,3.0435333333333334,62.48458333333334,1.02108,24,S
2022-10-18,12.569444444444443,4.3081,47.82333333333333,2.2910800000000004,24,W
2022-10-19,9.976851851851853,4.972533333333333,44.830000000000005,0.0,24,W
2022-10-20,11.226851851851853,5.851299999999999,42.435,0.0,24,SW
2022-10-21,13.356481481481481,2.4862666666666664,43.13458333333333,0.0,24,S
2022-10-22,14.49074074074074,2.2290666666666663,51.379583333333336,0.0,24,S
2022-10-23,14.680555555555557,4.5653,67.79625,0.01778,24,NE
2022-10-24,14.143518518518519,6.558599999999999,83.185,2.57302,24,NE
2022-10-25,17.01388888888889,3.6436666666666664,91.95375,9.15416,24,NE
2022-10-26,18.333333333333332,2.4434,87.76625000000001,0.26415999999999995,24,NE
2022-10-27,16.805555555555554,5.894166666666667,52.845,0.0,24,N
2022-10-28,11.157407407407407,5.444066666666667,47.621249999999996,0.0,24,NE
2022-10-29,10.833333333333334,3.129266666666666,56.57791666666666,0.0,24,NE
2022-10-30,12.5,1.3288666666666666,54.229583333333345,0.0,24,NE
2022-10-31,14.606481481481481,2.4648333333333334,68.42291666666667,0.00254,24,S
2022-11-01,16.96759259259259,3.5364999999999998,78.59416666666667,5.847079999999999,24,S
2022-11-02,17.569444444444443,3.3650333333333333,58.660833333333336,0.0,24,N
2022-11-03,15.532407407407405,2.014733333333333,61.714999999999996,0.0,24,S
2022-11-04,15.277777777777779,2.4434,78.86375,0.0,24,NE
2022-11-05,19.51388888888889,4.243799999999999,74.75916666666667,0.0,24,S
2022-11-06,19.88888888888889,3.9651666666666663,77.97958333333334,0.25654,24,S
2022-11-07,21.458333333333332,5.036833333333333,59.45458333333334,0.508,24,S
2022-11-08,12.754629629629632,6.408566666666666,34.03958333333333,0.0,24,N
2022-11-09,8.587962962962962,4.222366666666667,42.848333333333336,0.0,24,N
2022-11-10,12.870370370370368,2.4648333333333334,64.65416666666665,0.0,24,SW
2022-11-11,16.550925925925927,3.3436,83.31041666666665,29.21508,24,NE
2022-11-12,19.76851851851852,6.258533333333332,71.50041666666665,4.320539999999999,24,S
2022-11-13,12.523148148148147,5.872733333333333,62.870416666666664,0.5333999999999999,24,NW
2022-11-14,6.1342592592592595,6.6229,49.19833333333333,0.0,24,NW
2022-11-15,5.046296296296297,4.843933333333332,53.59,0.25654,24,NE
2022-11-16,7.245370370370371,7.694566666666667,74.19541666666667,17.277079999999998,24,NW
2022-11-17,5.578703703703705,7.501666666666667,48.660000000000004,0.0,24,W
2022-11-18,4.513888888888888,6.558599999999999,42.468333333333334,0.0,24,W
2022-11-19,2.777777777777778,5.958466666666666,43.433749999999996,0.0,24,W
2022-11-20,2.5694444444444446,7.351633333333333,36.44541666666667,0.0,24,W
2022-11-21,1.2199074074074072,5.379766666666667,34.95041666666666,0.0,24,SW
2022-11-22,6.689814814814814,4.5009999999999994,40.44833333333333,0.0,24,SW
2022-11-23,9.537037037037038,3.3864666666666663,34.66166666666667,0.0,24,SW
2022-11-24,8.055555555555555,2.7863333333333333,56.07375,0.0,24,NE
2022-11-25,10.023148148148147,4.843933333333332,67.72625000000001,0.0127,24,SW
2022-11-26,9.490740740740742,6.987266666666667,41.26583333333334,0.0,24,NW
2022-11-27,10.763888888888891,3.8365666666666662,53.45875,12.705079999999999,24,SW
2022-11-28,11.875,7.715999999999999,63.18833333333333,1.0210800000000002,24,NW
2022-11-29,5.324074074074074,3.450766666666666,57.05958333333333,0.0,24,NW
2022-11-30,8.796296296296296,5.036833333333333,72.5825,10.92962,24,S
2022-12-01,5.393518518518518,8.337566666666666,41.33416666666667,0.0,24,W
2022-12-02,3.449074074074074,3.686533333333333,48.12833333333333,0.0,24,S
2022-12-03,10.925925925925924,4.7581999999999995,72.665,10.421619999999999,24,S
2022-12-04,6.689814814814814,5.4655,43.04916666666667,0.0,24,NW
2022-12-05,5.37037037037037,2.550566666666666,44.08375,0.0,24,S
2022-12-06,9.583333333333334,3.5150666666666663,77.35666666666667,2.5527,24,NE
2022-12-07,13.842592592592593,4.072333333333333,89.15083333333332,26.433780000000002,24,S
2022-12-08,11.342592592592593,5.186866666666667,65.47333333333333,0.0,24,NW
2022-12-09,5.115740740740741,5.2726,54.26666666666667,0.0,24,N
2022-12-10,2.1041666666666665,4.5653,50.96041666666667,0.0,24,N
2022-12-11,3.472222222222222,5.7227,72.47041666666667,3.3146999999999998,24,NE
2022-12-12,1.4351851851851851,5.2726,75.63958333333333,3.05562,24,N
2022-12-13,0.38194444444444425,4.843933333333332,56.25833333333333,0.0,24,N
2022-12-14,1.6203703703703702,6.194233333333333,50.08708333333333,0.0,24,NW
2022-12-15,2.8703703703703702,5.551233333333332,66.74166666666667,5.08,24,N
2022-12-16,6.1342592592592595,9.559266666666666,84.25375,23.11654,24,NE
2022-12-17,5.023148148148148,6.815799999999999,63.752916666666664,0.51816,24,W
2022-12-18,2.9629629629629632,5.9799,49.437083333333334,0.00254,24,W
2022-12-19,1.6203703703703702,7.244466666666667,51.39333333333334,0.0,24,W
2022-12-20,1.9212962962962965,5.872733333333333,51.51833333333334,0.0,24,NW
2022-12-21,1.0532407407407405,2.5934333333333335,55.08458333333334,0.0,24,N
2022-12-22,3.981481481481481,4.350966666666666,70.455,1.7830799999999998,24,NE
2022-12-23,6.733796296296297,10.438033333333333,78.66291666666666,27.706319999999998,24,S
2022-12-24,-11.689814814814815,9.087733333333333,42.68416666666667,0.0,24,W
2022-12-25,-6.689814814814816,7.501666666666667,44.41791666666666,0.0,24,W
2022-12-26,-4.597222222222222,5.787,45.699999999999996,0.0,24,W
2022-12-27,-0.6226851851851855,4.8868,41.990833333333335,0.0,24,W
2022-12-28,3.680555555555556,3.450766666666666,47.55125,0.0,24,SW
2022-12-29,6.504629629629629,3.5150666666666663,46.0725,0.0,24,SW
2022-12-30,9.375,2.572,49.870000000000005,0.0,24,S
2023-01-01,10.810185185185185,3.9437333333333333,70.31583333333333,6.61924,24,NW
2023-01-02,10.902777777777777,2.5077,56.270833333333336,0.00254,24,W
2023-01-03,9.467592592592593,2.5291333333333332,83.55041666666666,10.93724,24,NE
2023-01-04,13.773148148148147,3.1078333333333332,79.39583333333333,0.25908,24,S
2023-01-05,7.731481481481481,3.4722,90.43916666666667,0.76708,24,NE
2023-01-06,6.689814814814814,3.3650333333333333,82.6275,6.12394,24,NE
2023-01-07,5.25462962962963,5.294033333333333,58.717083333333335,0.0,24,NW
2023-01-08,3.3564814814814814,4.093766666666666,52.11625,0.0,24,NW
2023-01-09,4.421296296296297,4.136633333333333,61.855,0.01016,24,NW
2023-01-10,4.4907407407407405,4.0508999999999995,52.79083333333333,0.0,24,NW
2023-01-11,3.1481481481481484,4.458133333333333,52.60333333333333,0.0,24,NE
2023-01-12,5.25462962962963,4.586733333333333,73.71916666666667,5.595619999999999,24,NE
2023-01-13,10.324074074074074,5.958466666666666,79.55541666666666,4.574539999999999,24,S
2023-01-14,1.7592592592592593,7.608833333333332,62.76291666666666,0.02794,24,N
2023-01-15,0.8356481481481479,9.752166666666666,55.49458333333333,0.01016,24,N
2023-01-16,2.2800925925925926,7.094433333333333,38.10666666666666,0.0,24,N
2023-01-17,5.138888888888889,3.2578666666666662,32.04625,0.00508,24,NW
2023-01-18,8.63425925925926,5.615533333333333,54.92458333333334,1.01854,24,NW
2023-01-19,6.087962962962963,4.1152,69.34625,13.46454,24,NW
2023-01-20,6.666666666666667,5.486933333333333,71.88625,13.46708,24,W
2023-01-21,4.537037037037037,5.4655,55.20416666666667,0.00508,24,NW
2023-01-22,3.7037037037037037,3.0864,55.191250000000004,1.01854,24,S
2023-01-23,3.449074074074074,5.937033333333333,82.72500000000001,22.11324,24,NW
2023-01-24,3.9814814814814814,7.265899999999999,51.55291666666667,0.0,24,W
2023-01-25,3.888888888888889,4.543866666666666,58.5925,5.59054,24,E
2023-01-26,8.819444444444445,8.294699999999999,65.60041666666666,31.75,24,W
2023-01-27,4.6759259259259265,4.908233333333333,48.800000000000004,0.0,24,W
2023-01-28,6.111111111111112,4.7581999999999995,41.227916666666665,0.0,24,SW
2023-01-29,8.472222222222223,3.9008666666666665,53.14208333333334,0.0,24,S
2023-01-30,9.050925925925926,3.0649666666666664,57.772916666666674,0.0,24,S
2023-01-31,4.814814814814816,3.6436666666666664,63.04458333333334,1.2826999999999997,24,N
2023-02-01,0.20370370370370364,4.1152,50.1025,0.51308,24,NE
2023-02-02,1.097222222222222,4.136633333333333,34.50666666666667,0.0,24,SW
2023-02-03,-2.034722222222222,9.9665,40.85,0.0,24,NW
2023-02-04,-10.476851851851853,8.0375,39.13458333333333,0.0,24,NW
2023-02-05,1.2731481481481481,4.286666666666667,47.50958333333333,0.0,24,SW
2023-02-06,6.1342592592592595,4.029466666666666,58.24041666666667,0.0,24,N
2023-02-07,2.076388888888889,4.158066666666667,54.29374999999999,0.0,24,N
2023-02-08,7.037037037037037,4.543866666666666,56.69541666666667,0.26161999999999996,24,NW
2023-02-09,7.1990740740740735,2.979233333333333,60.29708333333334,0.0,24,NE
2023-02-10,12.291666666666666,6.0656333333333325,58.0625,0.0,24,W
2023-02-11,5.972222222222221,6.858666666666666,41.48875,0.0,24,NW
2023-02-12,5.648148148148148,1.8432666666666666,43.03333333333333,0.0,24,S
2023-02-13,8.055555555555555,4.972533333333333,36.16625,0.51054,24,N
2023-02-14,9.143518518518519,5.958466666666666,32.454166666666666,0.0,24,NW
2023-02-15,10.763888888888891,5.251166666666666,50.54958333333334,0.00254,24,S
2023-02-16,16.11111111111111,3.8365666666666662,46.60874999999999,1.2750800000000002,24,SW
2023-02-17,11.967592592592593,5.379766666666667,76.21249999999999,4.5872399999999995,24,S
2023-02-18,1.537037037037037,7.265899999999999,42.91416666666667,0.0,24,NW
2023-02-19,5.439814814814814,4.843933333333332,46.87625,0.0,24,S
2023-02-20,10.300925925925926,3.8579999999999997,63.92208333333334,0.0,24,W
2023-02-21,6.3657407407407405,3.7937,67.87791666666668,6.60908,24,NE
2023-02-22,5.185185185185185,3.879433333333333,53.65083333333334,4.831079999999999,24,NW
2023-02-23,3.8194444444444446,5.0154,83.13875,0.7772399999999999,24,NE
2023-02-24,5.486111111111111,7.287333333333333,61.00791666666667,0.01778,24,NW
2023-02-25,-2.571759259259259,4.5653,47.69875,0.00508,24,N
2023-02-26,2.2337962962962963,3.4722,63.21333333333334,0.0,24,SW
2023-02-27,3.842592592592593,4.7581999999999995,47.107499999999995,0.0,24,NE
2023-02-28,1.5740740740740742,5.829866666666667,82.88791666666667,15.006319999999999,24,NE
2023-03-01,3.9814814814814814,3.8151333333333333,65.41416666666667,0.00254,24,NE
2023-03-02,6.481481481481481,4.715333333333333,77.8075,0.28447999999999996,24,NE
2023-03-03,5.3009259259259265,4.951099999999999,49.583333333333336,0.00254,24,NW
2023-03-04,5.462962962962963,7.8446,76.16041666666666,32.52724,24,NW
2023-03-05,6.527777777777778,6.1728,55.59125,0.00762,24,NW
2023-03-06,7.8009259259259265,6.6229,42.5575,0.0,24,NW
2023-03-07,5.25462962962963,7.608833333333332,44.096666666666664,1.2776199999999998,24,NW
2023-03-08,3.3333333333333335,8.187533333333333,47.629583333333336,0.0,24,N
2023-03-09,4.976851851851852,6.558599999999999,51.354583333333345,0.0,24,NW
2023-03-10,4.537037037037037,4.029466666666666,56.522916666666674,0.00508,24,N
2023-03-11,4.8842592592592595,6.387133333333333,75.40916666666668,16.512539999999998,24,N
2023-03-12,4.4907407407407405,4.415266666666667,55.0725,0.0,24,N
2023-03-13,5.37037037037037,5.3583333333333325,76.425,3.8227,24,NE
2023-03-14,3.0386473429951697,8.7448,76.30695652173915,13.497559999999996,23,W
2023-03-15,3.6342592592592595,12.238433333333333,50.800000000000004,0.00762,24,NW
2023-03-16,6.62037037037037,5.551233333333332,29.824166666666667,0.0,24,NW
2023-03-17,10.972222222222223,3.1935666666666664,39.062083333333334,0.0,24,S
2023-03-18,10.115740740740742,5.787,43.46291666666667,0.25908,24,NW
2023-03-19,3.094907407407408,7.994633333333333,29.962083333333336,0.0,24,W
2023-03-20,4.351851851851852,4.222366666666667,33.39625,0.0,24,W
2023-03-21,10.25462962962963,4.1152,27.107916666666668,0.0,24,SW
2023-03-22,11.435185185185185,4.693899999999999,35.194583333333334,0.0,24,S
2023-03-23,11.319444444444445,3.7937,78.11458333333333,1.7805400000000002,24,S
2023-03-24,10.555555555555555,4.736766666666667,51.11916666666667,0.0,24,NW
2023-03-25,7.083333333333333,5.872733333333333,63.4975,4.330699999999999,24,E
2023-03-26,10.532407407407408,5.3583333333333325,54.843333333333334,0.02032,24,W
2023-03-27,10.648148148148147,4.072333333333333,39.07208333333333,4.57454,24,NE
2023-03-28,7.754629629629631,3.9437333333333333,63.38916666666666,0.51054,24,NE
2023-03-29,8.171296296296296,3.429333333333333,36.69583333333333,0.0,24,N
2023-03-30,4.351851851851852,7.801733333333333,43.18208333333333,0.76454,24,NW
2023-03-31,7.268518518518519,3.8365666666666662,44.42875,0.0,24,S
2023-04-01,14.745370370370372,4.779633333333333,68.55916666666667,5.35686,24,S
2023-04-02,9.143518518518519,8.444733333333334,39.41125,3.8125400000000003,24,NW
2023-04-03,8.24074074074074,4.993966666666666,36.21625,0.0,24,S
2023-04-04,13.63425925925926,3.3221666666666665,67.07458333333334,0.0,24,S
2023-04-05,10.486111111111112,5.401199999999999,82.96958333333333,0.27432,24,NE
2023-04-06,12.847222222222223,3.557933333333333,78.77583333333332,0.022860000000000002,24,NE
2023-04-07,12.939814814814815,6.6229,33.11541666666667,0.00254,24,NW
2023-04-08,7.291666666666667,4.6081666666666665,32.3225,0.0,24,N
2023-04-09,8.125,4.286666666666667,41.107916666666675,0.0,24,NE
2023-04-10,10.717592592592593,3.8151333333333333,44.616666666666674,0.0,24,S
2023-04-11,16.50462962962963,3.9865999999999997,27.988333333333333,0.0,24,SW
2023-04-12,22.06018518518519,6.301399999999999,22.435416666666665,0.0,24,W
2023-04-13,25.462962962962962,3.5364999999999998,26.977500000000003,0.0,24,W
2023-04-14,25.949074074074076,3.450766666666666,27.5525,0.0,24,S
2023-04-15,19.421296296296294,4.158066666666667,63.138749999999995,0.0,24,NE
2023-04-16,14.861111111111109,3.1506999999999996,83.25708333333334,0.00508,24,NE
2023-04-17,13.495370370370372,4.715333333333333,75.77083333333333,0.26669999999999994,24,NE
2023-04-18,12.59259259259259,7.373066666666666,36.92875,0.0,24,W
2023-04-19,11.018518518518519,5.9799,39.66166666666667,0.0,24,NW
2023-04-20,11.435185185185185,3.7508333333333335,52.28333333333334,0.0,24,NE
2023-04-21,13.86574074074074,4.243799999999999,65.77499999999999,0.0,24,NE
2023-04-22,12.870370370370372,6.601466666666666,83.15041666666666,0.0,24,NE
2023-04-23,14.375,3.9437333333333333,81.31208333333333,49.275999999999996,24,NE
2023-04-24,12.129629629629632,4.479566666666667,49.586666666666666,0.0,24,NW
2023-04-25,12.013888888888891,2.8720666666666665,43.78875,0.0,24,N
2023-04-26,11.666666666666666,3.5364999999999998,52.5,0.0,24,NE
2023-04-27,11.782407407407407,3.4936333333333334,72.60166666666667,0.00762,24,S
2023-04-28,11.273148148148147,5.0154,68.06458333333333,0.25654,24,E
2023-04-29,10.324074074074074,6.43,90.71500000000002,70.866,24,E
2023-04-30,11.759259259259258,6.279966666666667,96.46791666666667,72.67448,24,NE
2023-05-01,14.49074074074074,6.537166666666667,59.42166666666666,7.62762,24,SW
2023-05-02,11.666666666666666,4.965078260869565,57.45608695652175,1.28016,23,SW
2023-05-03,11.180555555555555,3.9651666666666663,53.69166666666666,0.00254,24,W
2023-05-04,10.879629629629628,4.029466666666666,71.45,0.27686,24,NE
2023-05-05,12.870370370370372,3.1506999999999996,65.4875,0.00762,24,NE
2023-05-06,15.787037037037036,2.6791666666666663,55.04583333333333,0.0,24,NW
2023-05-07,18.72685185185185,3.3436,43.98166666666666,0.0,24,NW
2023-05-08,19.583333333333332,4.779633333333333,54.20333333333334,0.0127,24,NW
2023-05-09,16.805555555555554,4.158066666666667,35.322916666666664,0.0,24,NE
2023-05-10,15.833333333333334,2.8291999999999997,49.193333333333335,0.0,24,S
2023-05-11,20.90277777777778,3.3221666666666665,35.0675,0.0,24,W
2023-05-12,24.930555555555557,2.9577999999999998,32.31125,0.0,24,W
2023-05-13,25.185185185185187,3.5150666666666663,36.7925,0.0,24,NW
2023-05-14,19.537037037037038,4.008033333333334,30.106666666666666,0.0,24,N
2023-05-15,18.472222222222225,4.415266666666667,30.997916666666665,0.0,24,W
2023-05-16,21.898148148148152,4.951099999999999,29.37166666666667,0.0,24,SW
2023-05-17,17.77777777777778,6.001333333333332,37.60958333333334,0.0,24,N
2023-05-18,11.85185185185185,5.101133333333332,37.52583333333334,0.0,24,S
2023-05-19,15.625,5.8084333333333324,59.30583333333334,0.0,24,S
2023-05-20,15.555555555555555,4.2009333333333325,88.45125,32.00908,24,NE
2023-05-21,17.77777777777778,5.3583333333333325,65.56333333333333,0.00508,24,NW
2023-05-22,18.796296296296298,3.300733333333333,57.335416666666674,0.0,24,NE
2023-05-23,15.972222222222221,4.1795,65.37791666666666,0.0,24,NE
2023-05-24,17.15277777777778,3.0221,47.26416666666666,0.254,24,NE
2023-05-25,14.953703703703704,6.858666666666666,50.875416666666666,0.51308,24,N
2023-05-26,17.800925925925927,3.1506999999999996,35.98166666666666,0.0,24,NE
2023-05-27,19.51388888888889,3.4078999999999997,38.04541666666666,0.0,24,NE
2023-05-28,20.02314814814815,3.8151333333333333,34.581250000000004,0.0,24,S
2023-05-29,20.810185185185187,4.6296,47.52541666666667,0.0,24,NE
2023-05-30,16.50462962962963,5.679833333333333,57.06041666666666,0.0,24,NE
2023-05-31,16.78240740740741,3.1935666666666664,63.98,0.0,24,NE
2023-06-01,21.62037037037037,2.1862,60.08625000000001,0.0,24,NE
2023-06-02,24.189814814814813,2.3790999999999998,54.08583333333333,1.27,24,S
2023-06-03,19.328703703703706,4.4367,68.45166666666667,0.00254,24,NE
2023-06-04,15.0,5.036833333333333,56.54833333333334,0.0,24,N
2023-06-05,18.49537037037037,4.2009333333333325,48.444583333333334,0.0,24,N
2023-06-06,20.671296296296294,4.6510333333333325,41.232499999999995,1.02108,24,NW
2023-06-07,18.21759259259259,6.2156666666666665,45.96083333333333,0.0,24,NW
2023-06-08,17.847222222222225,3.215,48.00125,0.0,24,NW
2023-06-09,18.796296296296294,3.300733333333333,51.45708333333334,0.00254,24,NW
2023-06-10,19.814814814814813,4.801066666666666,51.670416666666675,0.0,24,NW
2023-06-11,22.662037037037038,3.2578666666666662,60.51166666666666,0.51308,24,S
2023-06-12,22.24537037037037,5.315466666666667,72.80666666666667,0.00508,24,S
2023-06-13,21.759259259259263,5.3369,63.00291666666667,3.55854,24,NW
2023-06-14,21.689814814814813,4.458133333333333,56.71083333333333,9.913619999999998,24,S
2023-06-15,20.87962962962963,5.937033333333333,54.884166666666665,0.0,24,W
2023-06-16,21.990740740740744,2.8291999999999997,56.095,4.06654,24,E
2023-06-17,20.162037037037038,5.2726,63.24458333333334,0.00508,24,NW
2023-06-18,21.96759259259259,5.5298,50.74041666666667,0.0,24,NW
2023-06-19,22.175925925925927,3.9651666666666663,59.24125,0.0,24,NE
2023-06-20,20.162037037037038,4.6081666666666665,70.16625,0.0,24,NE
2023-06-21,18.935185185185187,7.0729999999999995,66.74625,0.0,24,NE
2023-06-22,18.472222222222225,6.815799999999999,68.065,0.26415999999999995,24,NE
2023-06-23,19.74537037037037,3.1506999999999996,83.97958333333334,2.04216,24,E
2023-06-24,22.546296296296294,3.4722,84.24208333333333,0.78232,24,S
2023-06-25,23.518518518518515,3.429333333333333,81.35333333333334,0.508,24,S
2023-06-26,23.10185185185185,3.7293999999999996,81.90166666666666,1.02108,24,S
2023-06-27,22.731481481481485,3.6651,79.50083333333333,1.28778,24,S
2023-06-28,23.75,2.979233333333333,70.0175,0.01016,24,NW
2023-06-29,23.51851851851852,4.158066666666667,59.64666666666667,0.0,24,NW
2023-06-30,24.421296296296294,3.3650333333333333,68.70666666666666,0.0,24,S
2023-07-01,24.46759259259259,4.1152,56.65416666666666,0.0,24,S
2023-07-02,25.162037037037038,4.715333333333333,73.58166666666666,12.707619999999999,24,S
2023-07-03,27.083333333333332,3.5150666666666663,69.77958333333333,2.54762,24,S
2023-07-04,25.85648148148148,2.2504999999999997,78.00333333333333,16.51508,24,S
2023-07-05,26.9212962962963,2.6363,66.62958333333334,0.0,24,NE
2023-07-06,28.726851851851848,3.4078999999999997,61.272916666666674,0.0,24,S
2023-07-07,26.689814814814813,3.3436,72.415,0.0,24,S
2023-07-08,26.412037037037035,3.557933333333333,76.00458333333334,0.00254,24,S
2023-07-09,25.99537037037037,3.9865999999999997,77.72916666666667,21.092159999999996,24,S
2023-07-10,25.41666666666666,4.1152,73.90875,8.641079999999999,24,NW
2023-07-11,26.96759259259259,3.4722,45.38583333333333,0.0,24,NW
2023-07-12,29.583333333333332,3.1935666666666664,42.60541666666666,0.0,24,W
2023-07-13,28.842592592592595,4.972533333333333,58.92625,0.0,24,S
2023-07-14,25.87962962962963,4.522433333333333,75.45375,2.8066999999999993,24,NE
2023-07-15,26.22685185185185,2.8720666666666665,78.43791666666667,3.3121599999999995,24,NE
2023-07-16,25.972222222222225,4.5009999999999994,86.85583333333334,35.570159999999994,24,S
2023-07-17,27.26851851851852,2.8291999999999997,72.24416666666667,0.0,24,S
2023-07-18,26.574074074074076,3.300733333333333,72.34541666666667,0.7696199999999999,24,S
2023-07-19,25.208333333333332,2.7649,69.255,5.842,24,S
2023-07-20,25.578703703703706,3.215,66.285,0.0,24,NE
2023-07-21,26.48148148148148,4.0508999999999995,66.76375,7.11454,24,S
2023-07-22,25.462962962962962,4.2009333333333325,52.585,0.0,24,NW
2023-07-23,26.22685185185185,2.6577333333333333,49.25833333333333,0.0,24,NE
2023-07-24,26.96759259259259,4.3081,51.74416666666667,0.0,24,S
2023-07-25,25.60185185185185,3.7937,67.59333333333333,8.384539999999998,24,S
2023-07-26,25.486111111111114,2.6363,65.8375,0.0,24,S
2023-07-27,29.23611111111111,5.872733333333333,61.32083333333333,0.0,24,SW
2023-07-28,28.88888888888889,3.000666666666666,65.12333333333333,10.419079999999997,24,NW
2023-07-29,29.421296296296294,4.5653,59.407500000000006,1.27,24,SW
2023-07-30,23.125,5.744133333333333,56.67499999999999,0.00508,24,NW
2023-07-31,24.74537037037037,3.3436,42.35166666666667,0.0,24,NW
2023-08-01,23.51851851851852,3.707966666666666,46.30041666666667,0.01016,24,N
2023-08-02,22.453703703703706,3.332417391304348,43.26500000000001,0.0,24,NE
2023-08-03,23.310185185185187,5.294033333333333,48.98166666666666,0.0,24,S
2023-08-04,23.472222222222218,5.165433333333333,64.43916666666667,0.00762,24,S
2023-08-05,25.069444444444446,3.0649666666666664,64.59583333333333,0.0,24,SW
2023-08-06,25.648148148148152,3.450766666666666,48.376666666666665,0.0,24,N
2023-08-07,24.60648148148148,5.8084333333333324,78.93958333333335,22.8727,24,S
2023-08-08,24.189814814814813,5.701266666666666,72.37583333333333,4.32816,24,W
2023-08-09,25.462962962962962,7.030133333333333,49.88750000000001,0.0,24,NW
2023-08-10,24.699074074074076,2.9363666666666663,63.04125,12.45108,24,S
2023-08-11,24.583333333333332,4.1795,64.66833333333334,0.0,24,NW
2023-08-12,25.138888888888886,3.2792999999999997,65.77333333333333,2.2859999999999996,24,NE
2023-08-13,26.018518518518523,3.9651666666666663,67.60666666666667,18.798540000000003,24,W
2023-08-14,26.990740740740744,3.000666666666666,52.72624999999999,0.0,24,NW
2023-08-15,23.703703703703706,4.693899999999999,80.81083333333333,39.126160000000006,24,NE
2023-08-16,23.587962962962962,4.093766666666666,79.65249999999999,20.319999999999997,24,NE
2023-08-17,23.865740740740744,4.329533333333333,79.285,0.00254,24,SE
2023-08-18,24.837962962962962,5.036833333333333,68.15833333333333,39.880539999999996,24,W
2023-08-19,22.638888888888886,5.486933333333333,46.30833333333334,0.0,24,W
2023-08-20,25.439814814814813,3.450766666666666,43.38458333333333,0.0,24,W
2023-08-21,27.40740740740741,3.5150666666666663,53.47,0.0,24,NW
2023-08-22,23.935185185185187,5.401199999999999,53.08291666666667,0.0,24,N
2023-08-23,22.314814814814813,4.286666666666667,47.279583333333335,0.0,24,NE
2023-08-24,22.175925925925927,4.5653,67.92041666666667,0.7696199999999999,24,S
2023-08-25,23.194444444444446,4.543866666666666,85.33458333333334,8.6487,24,S
2023-08-26,25.300925925925924,2.0576,77.8575,25.65908,24,NE
2023-08-27,24.791666666666668,3.0649666666666664,61.66791666666666,0.0,24,N
2023-08-28,23.148148148148152,3.579366666666666,73.69250000000001,0.0,24,SE
2023-08-29,22.5462962962963,3.8579999999999997,78.33375,0.00254,24,E
2023-08-30,24.930555555555557,4.0508999999999995,72.33708333333334,5.33654,24,NW
2023-08-31,21.78240740740741,5.829866666666667,52.62291666666667,0.0,24,N
2023-09-01,20.439814814814813,4.6510333333333325,45.80583333333334,0.0,24,NE
2023-09-02,21.435185185185187,3.5364999999999998,55.75916666666666,0.0,24,S
2023-09-03,25.53240740740741,3.4936333333333334,57.94625,0.0,24,SW
2023-09-04,27.63888888888889,2.4862666666666664,61.9625,0.00762,24,NW
2023-09-05,28.49537037037037,2.2290666666666663,63.77791666666667,0.0,24,N
2023-09-06,29.444444444444446,2.2076333333333333,61.416666666666664,0.0,24,NE
2023-09-07,30.671296296296294,2.6148666666666665,53.9925,0.0,24,S
2023-09-08,26.27314814814814,2.850633333333333,70.62916666666666,1.7805399999999998,24,NE
2023-09-09,25.972222222222218,2.6791666666666663,80.51291666666667,0.00762,24,NE
2023-09-10,24.212962962962962,2.8935,81.50291666666666,33.025079999999996,24,S
2023-09-11,23.634259259259256,3.4722,86.47083333333335,66.55054,24,NE
2023-09-12,23.518518518518515,2.8935,77.71541666666667,0.0,24,NE
2023-09-13,24.722222222222218,3.5364999999999998,73.76375,3.05562,24,S
2023-09-14,22.708333333333332,4.350966666666666,57.257083333333334,0.0,24,N
2023-09-15,18.00925925925926,6.0656333333333325,58.13125,0.0,24,N
2023-09-16,20.162037037037038,5.829866666666667,49.04999999999999,0.0,24,NW
2023-09-17,21.041666666666668,3.5364999999999998,49.543749999999996,0.00254,24,NW
2023-09-18,19.837962962962962,3.215,86.77875,35.06978,24,NE
2023-09-19,19.583333333333332,6.580033333333333,62.26624999999999,0.0,24,NW
2023-09-20,20.185185185185187,3.9651666666666663,48.992916666666666,0.0,24,NW
2023-09-21,19.46759259259259,3.0435333333333334,52.98708333333334,0.0,24,N
2023-09-22,18.680555555555557,4.779633333333333,68.01291666666667,0.0,24,NE
2023-09-23,16.574074074074073,9.494966666666665,78.87666666666667,22.36216,24,NE
2023-09-24,17.662037037037035,10.416599999999999,90.92416666666666,14.9987,24,NE
2023-09-25,16.666666666666668,8.916266666666665,89.28875000000001,14.74724,24,NE
2023-09-26,16.018518518518515,7.3945,78.08375,6.62686,24,NE
2023-09-27,15.601851851851853,5.572666666666667,60.111250000000005,0.0,24,NE
2023-09-28,15.810185185185185,5.5298,74.13791666666667,1.27762,24,NE
2023-09-29,16.22685185185185,7.565966666666666,88.08041666666668,122.43561999999999,24,NE
2023-09-30,16.157407407407405,4.136633333333333,84.03333333333333,2.2986999999999997,24,N
2023-10-01,19.74537037037037,3.4722,71.07166666666667,0.0,24,N
2023-10-02,21.64351851851852,2.6148666666666665,64.07083333333333,0.0,24,NE
2023-10-03,21.527777777777782,1.9932999999999998,65.09166666666665,0.0,24,S
2023-10-04,22.89351851851852,1.9932999999999998,69.62958333333334,0.0,24,S
2023-10-05,21.157407407407405,3.0864,68.92666666666666,0.0,24,S
2023-10-06,20.11574074074074,3.4078999999999997,90.91416666666669,3.30708,24,E
2023-10-07,19.189814814814817,4.6296,85.63124999999998,20.3327,24,E
2023-10-08,13.842592592592593,7.2230333333333325,56.68666666666667,0.0,24,W
2023-10-09,13.402777777777779,5.486933333333333,47.484583333333326,0.0,24,SW
2023-10-10,15.185185185185185,3.0649666666666664,58.08791666666667,0.25908,24,SW
2023-10-11,17.314814814814813,3.0435333333333334,54.26291666666666,0.0,24,S
2023-10-12,17.52314814814815,1.5432,63.129999999999995,0.0,24,N
2023-10-13,15.486111111111112,3.8365666666666662,52.209583333333335,0.0,24,N
2023-10-14,12.962962962962962,3.2792999999999997,65.24083333333333,17.78762,24,NE
2023-10-15,12.986111111111109,6.5157333333333325,65.46958333333333,0.5206999999999999,24,N
2023-10-16,13.194444444444445,5.422633333333333,61.907916666666665,0.00508,24,NW
2023-10-17,14.560185185185185,3.6436666666666664,62.08833333333333,0.0,24,N
2023-10-18,15.11574074074074,1.9932999999999998,66.69041666666666,0.0,24,N
2023-10-19,15.138888888888891,3.0435333333333334,64.24208333333333,0.0,24,S
2023-10-20,16.712962962962962,4.7581999999999995,82.82916666666667,17.2847,24,S
2023-10-21,16.22685185185185,4.993966666666666,80.4025,21.851619999999997,24,NW
2023-10-22,13.472222222222221,7.608833333333332,53.876250000000006,0.0,24,W
2023-10-23,11.967592592592593,6.301399999999999,55.66291666666666,0.0,24,NW
2023-10-24,13.703703703703704,2.8077666666666663,58.43666666666667,0.0,24,S
2023-10-25,16.78240740740741,4.0508999999999995,55.06166666666667,0.0,24,SW
2023-10-26,20.324074074074076,2.271933333333333,48.92833333333334,0.0,24,SW
2023-10-27,20.53240740740741,2.3148,54.71916666666667,0.0,24,SW
2023-10-28,22.824074074074076,3.9651666666666663,57.61875,0.0,24,W
2023-10-29,14.722222222222223,4.801066666666666,70.21625,9.916159999999998,24,NE
2023-10-30,13.24074074074074,4.1152,86.67583333333334,14.99616,24,NE
2023-10-31,9.953703703703702,4.693899999999999,54.255,0.00254,24,NW
2023-11-01,8.310185185185185,5.401199999999999,54.90291666666667,0.01524,24,N
2023-11-02,6.504629629629629,4.265233333333333,49.50916666666668,0.0,24,NW
2023-11-03,9.212962962962964,3.9865999999999997,48.24583333333334,0.0,24,S
2023-11-04,11.967592592592593,2.9577999999999998,49.94916666666666,0.0,24,S
2023-11-05,14.375,2.014733333333333,48.89666666666667,0.0,24,N
2023-11-06,10.439814814814815,3.7508333333333335,55.01458333333333,0.0,24,N
2023-11-07,14.976851851851853,4.350966666666666,68.04583333333333,1.27762,24,SW
2023-11-08,10.231481481481483,5.894166666666667,45.1325,0.0,24,NW
2023-11-09,9.930555555555555,2.6148666666666665,55.482916666666675,0.0,24,NE
2023-11-10,11.481481481481481,3.879433333333333,49.213750000000005,0.0,24,W
2023-11-11,9.814814814814815,5.0797,54.57416666666668,0.0,24,NW
2023-11-12,5.6944444444444455,3.9223,51.734166666666674,0.0,24,N
2023-11-13,5.810185185185186,2.979233333333333,51.29791666666666,0.00254,24,N
2023-11-14,9.453703703703704,5.829866666666667,50.80791666666667,0.0,24,NW
2023-11-15,8.263888888888888,2.8720666666666665,54.45875,0.0,24,N
2023-11-16,12.199074074074076,3.3436,53.635416666666664,0.0,24,SW
2023-11-17,14.25925925925926,3.9437333333333333,64.68291666666666,0.0,24,S
2023-11-18,13.171296296296296,5.036833333333333,65.96249999999999,0.00762,24,NW
2023-11-19,8.88888888888889,4.5653,44.121249999999996,0.0,24,W
2023-11-20,6.25,5.101133333333332,42.11625,0.0,24,NW
2023-11-21,4.930555555555555,5.894166666666667,54.752916666666664,1.52908,24,E
2023-11-22,10.509259259259258,6.451433333333332,82.11166666666666,59.18453999999999,24,NW
2023-11-23,9.768518518518519,5.7655666666666665,60.73500000000001,0.0,24,NW
2023-11-24,8.912037037037038,5.5941,47.69666666666666,0.0,24,NW
2023-11-25,2.199074074074074,3.707966666666666,46.07041666666667,0.0,24,N
2023-11-26,5.532407407407407,3.4078999999999997,62.19041666666667,0.7696199999999999,24,NE
2023-11-27,9.722222222222221,6.644333333333333,68.28791666666666,7.622540000000001,24,W
2023-11-28,2.939814814814815,8.2304,42.53958333333333,0.00762,24,W
2023-11-29,0.6481481481481481,5.829866666666667,42.6625,0.0,24,W
2023-11-30,5.462962962962963,4.6296,38.069583333333334,0.0,24,SW
2023-12-01,7.592592592592593,3.4078999999999997,60.96583333333333,5.842,24,S
2023-12-02,10.0,2.8077666666666663,82.16958333333334,5.847079999999999,24,S
2023-12-03,9.606481481481481,4.843933333333332,90.42166666666667,15.50416,24,NE
2023-12-04,9.51388888888889,5.486933333333333,66.18916666666667,0.51308,24,W
2023-12-05,5.9259259259259265,5.0797,53.610833333333325,0.0,24,NW
2023-12-06,3.888888888888889,4.693899999999999,54.42333333333334,0.0,24,N
2023-12-07,2.175925925925926,5.0154,54.23791666666667,0.0127,24,W
2023-12-08,6.527777777777778,2.7220333333333335,60.0,0.0,24,S
2023-12-09,8.773148148148147,2.2933666666666666,76.66833333333334,0.0,24,NE
2023-12-10,11.805555555555557,3.0649666666666664,86.32625,13.97508,24,S
2023-12-11,7.87037037037037,8.637633333333333,73.36166666666666,33.025079999999996,24,NW
2023-12-12,4.791666666666667,5.679833333333333,46.074999999999996,0.0,24,NW
2023-12-13,6.157407407407407,5.294033333333333,45.13166666666667,0.0,24,SW
2023-12-14,3.217592592592592,5.101133333333332,43.29833333333334,0.0,24,NW
2023-12-15,7.5694444444444455,4.6081666666666665,40.72291666666667,0.0,24,SW
2023-12-16,10.185185185185185,3.707966666666666,47.53166666666667,0.0,24,NE
2023-12-17,9.25925925925926,4.929666666666667,80.84375,0.51816,24,NE
2023-12-18,13.217592592592593,9.4521,82.02416666666666,59.44107999999999,24,SE
2023-12-19,5.25462962962963,7.115866666666666,52.92541666666667,0.0,24,W
2023-12-20,2.4768518518518516,5.4655,50.80708333333333,0.0,24,NW
2023-12-21,3.4722222222222228,5.572666666666667,53.22666666666667,0.0,24,N
2023-12-22,-0.023148148148148168,2.9577999999999998,41.108333333333334,0.0,24,N
2023-12-23,2.7083333333333335,2.4862666666666664,49.58833333333334,0.00254,24,NE
2023-12-24,6.1805555555555545,2.1433333333333335,78.85583333333334,0.26416,24,NE
2023-12-25,6.805555555555556,2.421966666666666,89.62916666666668,0.0,24,NE
2023-12-26,7.060185185185186,1.9289999999999998,89.60041666666666,0.0,24,NE
2023-12-27,6.7592592592592595,3.129266666666666,90.45208333333335,0.5283199999999999,24,NE
2023-12-28,9.629629629629632,6.4943,91.4975,33.55086,24,NE
2023-12-29,9.791666666666666,3.4722,81.485,1.54178,24,NE
2023-12-30,7.013888888888889,5.572666666666667,61.807500000000005,0.00762,24,W
2024-01-01,6.1342592592592595,2.850633333333333,58.25875,0.26161999999999996,24,W
2024-01-02,2.592592592592592,4.136633333333333,56.37291666666667,0.0,24,N
2024-01-03,4.027777777777778,4.243799999999999,54.475833333333334,0.0,24,NW
2024-01-04,4.722222222222222,5.551233333333332,53.650416666666665,0.0,24,NW
2024-01-05,0.06944444444444443,6.387133333333333,47.08833333333333,0.0,24,NW
2024-01-06,1.527777777777778,3.8579999999999997,57.88666666666668,3.0505400000000003,24,E
2024-01-07,2.7083333333333335,7.758866666666666,84.57333333333332,9.91616,24,NE
2024-01-08,4.189814814814815,6.279966666666667,55.03333333333334,0.0,24,NW
2024-01-09,5.096618357487923,4.719060869565218,67.10565217391306,11.684000000000001,23,SE
2024-01-10,10.879629629629628,8.637633333333333,64.06041666666667,45.97653999999999,24,W
2024-01-11,6.967592592592593,6.344266666666667,45.19166666666666,0.0,24,W
2024-01-12,7.1759259259259265,4.6296,51.555416666666666,0.0,24,SW
2024-01-13,10.300925925925926,8.916266666666665,70.31666666666666,27.69362,24,E
2024-01-14,2.731481481481481,9.344933333333334,41.32083333333333,0.00508,24,W
2024-01-15,-2.5694444444444446,4.5653,36.15333333333333,0.0,24,W
2024-01-16,-2.1296296296296293,4.479566666666667,77.06625000000001,9.410699999999999,24,NE
2024-01-17,-5.092592592592593,7.6517,48.41416666666667,0.0,24,W
2024-01-18,-2.777777777777778,5.5298,38.035,0.00762,24,SW
2024-01-19,-0.6944444444444445,4.2009333333333325,58.24708333333333,0.78232,24,NE
2024-01-20,-4.837962962962963,8.1661,53.915416666666665,0.0,24,NW
2024-01-21,-4.097222222222222,9.3235,49.992916666666666,0.0,24,NW
2024-01-22,-1.0416666666666665,5.186866666666667,46.278333333333336,0.0,24,NW
2024-01-23,2.9629629629629632,3.686533333333333,50.795416666666675,0.7670799999999999,24,SW
2024-01-24,3.7962962962962963,2.9149333333333334,81.49458333333332,1.29286,24,NE
2024-01-25,9.930555555555555,2.3362333333333334,88.58958333333334,6.11124,24,NE
2024-01-26,5.9259259259259265,4.522433333333333,89.9225,5.35432,24,NE
2024-01-27,6.203703703703702,2.3790999999999998,84.04625,0.0,24,NE
2024-01-28,4.6990740740740735,5.4655,82.73208333333334,23.3807,24,NE
2024-01-29,3.0555555555555554,5.401199999999999,76.05958333333334,2.0497799999999997,24,N
2024-01-30,2.476851851851852,3.9008666666666665,59.06791666666667,0.0,24,N
2024-01-31,2.476851851851852,3.7293999999999996,70.02125,0.0254,24,SE
2024-02-01,4.953703703703703,3.0864,65.95916666666666,0.0,24,SW
2024-02-02,6.064814814814814,3.3864666666666663,72.11833333333334,5.85216,24,N
2024-02-03,3.0787037037037037,5.787,53.868750000000006,0.0,24,N
2024-02-04,3.055555555555556,3.6436666666666664,48.16375,0.0,24,N
2024-02-05,3.1944444444444446,4.7581999999999995,42.959583333333335,0.0,24,N
2024-02-06,1.7592592592592593,4.843933333333332,40.8975,0.0,24,N
2024-02-07,3.9351851851851847,2.8077666666666663,47.14791666666667,0.0,24,N
2024-02-08,5.763888888888889,2.2933666666666666,52.27041666666667,0.0,24,NE
2024-02-09,7.337962962962962,4.243799999999999,66.72,0.0,24,S
2024-02-10,9.2512077294686,2.661460869565217,70.47695652173914,0.0,23,SW
2024-02-11,9.212962962962964,3.7508333333333335,57.906666666666666,0.0,24,NW
2024-02-12,5.671296296296297,3.0435333333333334,56.96791666666667,0.0,24,NW
2024-02-13,2.7777777777777772,6.258533333333332,71.67041666666667,16.263620000000003,24,NE
2024-02-14,1.6203703703703702,8.9377,44.336666666666666,0.0,24,NW
2024-02-15,0.23148148148148148,5.701266666666666,45.19083333333333,0.0,24,NW
2024-02-16,3.9583333333333335,7.715999999999999,42.370416666666664,0.0,24,W
2024-02-17,0.9490740740740741,4.265233333333333,61.13666666666668,5.60578,24,NW
2024-02-18,0.09259259259259262,6.344266666666667,41.65833333333333,0.0,24,SW
2024-02-19,3.125,5.5298,36.68958333333333,0.0,24,NW
2024-02-20,0.16203703703703706,4.243799999999999,35.96041666666667,0.0,24,N
2024-02-21,1.111111111111111,3.4078999999999997,57.39541666666667,0.0,24,NE
2024-02-22,3.3796296296296298,4.0508999999999995,61.34791666666666,0.25654,24,S
2024-02-23,5.972222222222221,3.215,80.00875,2.0523200000000004,24,N
2024-02-24,5.5555555555555545,4.7581999999999995,54.16583333333333,0.0,24,NW
2024-02-25,-0.6712962962962963,4.158066666666667,37.88583333333333,0.0,24,N
2024-02-26,4.907407407407407,4.093766666666666,55.62958333333333,0.25654,24,S
2024-02-27,6.597222222222221,3.9437333333333333,76.56541666666666,2.54,24,NE
2024-02-28,10.48611111111111,4.929666666666667,86.68791666666668,14.000479999999998,24,S
2024-02-29,4.212962962962963,9.216333333333333,41.60166666666666,0.7645399999999999,24,NW
2024-03-01,2.6851851851851847,4.865366666666667,39.44875,0.0,24,NW
2024-03-02,6.50462962962963,4.865366666666667,79.4225,34.80308,24,NE
2024-03-03,11.990740740740742,2.9149333333333334,73.63958333333333,0.76962,24,NW
2024-03-04,10.763888888888888,3.9223,70.265,0.0,24,NE
2024-03-05,6.388888888888888,6.152224,86.46124999999999,15.00124,25,NE
2024-03-06,8.958333333333334,3.0435333333333334,83.73583333333333,28.70454,24,S
2024-03-07,9.375,6.580033333333333,78.37125,14.7447,24,N
2024-03-08,7.893518518518518,4.715333333333333,53.449999999999996,0.0,24,N
2024-03-09,6.041666666666667,6.087066666666667,70.28125,7.11708,24,SE
2024-03-10,7.523148148148149,8.4233,70.15875,36.075619999999994,24,W
2024-03-11,5.810185185185184,11.509699999999999,41.6975,0.01016,24,NW
2024-03-12,11.203703703703704,7.437366666666667,30.081249999999997,0.0,24,W
2024-03-13,12.060185185185185,2.6577333333333333,42.31125,0.0,24,SE
2024-03-14,11.967592592592593,2.9363666666666663,60.11041666666666,0.0,24,NE
2024-03-15,15.254629629629632,4.908233333333333,53.12083333333334,0.00508,24,S
2024-03-16,11.157407407407405,4.350966666666666,55.59291666666667,0.0,24,N
2024-03-17,12.638888888888891,5.508366666666666,45.69,0.00254,24,S
2024-03-18,8.449074074074074,5.894166666666667,38.08958333333333,0.0,24,NW
2024-03-19,4.791666666666667,7.480233333333333,39.65291666666666,0.0,24,NW
2024-03-20,7.4305555555555545,4.779633333333333,51.4975,0.7746999999999998,24,SW
2024-03-21,2.121212121212121,8.86170909090909,35.81999999999999,0.0,22,W
2024-03-22,1.7592592592592593,4.843933333333332,39.27458333333333,0.0,24,NW
2024-03-23,5.7407407407407405,6.322833333333333,79.65208333333334,88.14053999999999,24,NE
2024-03-24,3.425925925925926,7.244466666666667,43.75,0.0,24,N
2024-03-25,5.208333333333333,5.444066666666667,44.19125,0.0,24,NE
2024-03-26,6.828703703703703,4.4367,51.815,0.0,24,NE
2024-03-27,7.1990740740740735,2.6148666666666665,73.58,0.25908,24,NE
2024-03-28,8.935185185185185,2.9149333333333334,82.79958333333333,19.314159999999998,24,N
2024-03-29,8.217592592592593,8.0375,44.68541666666667,0.7670799999999999,24,NW
2024-03-30,9.189814814814815,7.866033333333332,37.83625,0.0,24,NW
2024-03-31,11.805555555555555,5.0582666666666665,52.032916666666665,1.0286999999999997,24,NW
2024-04-01,10.208333333333334,3.0864,53.565,0.01016,24,NE
2024-04-02,8.402777777777777,3.4936333333333334,75.85416666666667,22.10816,24,NE
2024-04-03,5.99537037037037,7.3302,85.10416666666667,44.965619999999994,24,NE
2024-04-04,5.810185185185186,8.058933333333332,70.7,4.83616,24,N
2024-04-05,6.643518518518519,5.958466666666666,53.612500000000004,0.00762,24,NW
2024-04-06,7.87037037037037,6.9229666666666665,50.43541666666667,0.00508,24,NW
2024-04-07,9.467592592592593,5.787,44.7875,0.0,24,N
2024-04-08,11.736111111111112,2.572,42.27458333333333,0.0,24,NW
2024-04-09,16.27314814814815,1.8861333333333332,45.56,0.0,24,S
2024-04-10,12.337962962962962,4.3724,63.05791666666667,0.0,24,NE
2024-04-11,11.018518518518519,4.779633333333333,86.28208333333333,1.28524,24,NE
2024-04-12,15.185185185185185,8.809099999999999,79.45791666666666,12.966699999999998,24,S
2024-04-13,11.666666666666666,9.001999999999999,51.13375,0.02032,24,W
2024-04-14,13.84259259259259,5.8084333333333324,41.16375,0.00254,24,W
2024-04-15,19.537037037037038,4.136633333333333,52.43083333333334,1.524,24,W
2024-04-16,16.11111111111111,4.801066666666666,38.11833333333333,0.0,24,NW
2024-04-17,12.175925925925926,4.286666666666667,60.713750000000005,0.7696199999999999,24,NE
2024-04-18,8.37962962962963,7.823166666666666,83.03666666666668,1.0464799999999999,24,NE
2024-04-19,9.444444444444445,3.8365666666666662,67.89083333333333,0.0,24,NE
2024-04-20,12.800925925925924,3.7937,66.49666666666667,1.7856200000000002,24,S
2024-04-21,9.12037037037037,5.122566666666667,39.930416666666666,0.0,24,NW
2024-04-22,10.393518518518519,4.6081666666666665,35.06166666666667,0.0,24,NW
2024-04-23,11.296296296296296,4.243799999999999,43.49166666666667,0.0,24,S
2024-04-24,13.495370370370372,4.522433333333333,49.83583333333333,0.0127,24,S
2024-04-25,9.421296296296296,5.4655,41.70458333333333,0.0,24,NE
2024-04-26,9.421296296296296,3.6007999999999996,53.975833333333334,0.0,24,S
2024-04-27,10.50925925925926,4.715333333333333,45.73166666666666,0.00508,24,S
2024-04-28,14.675925925925924,3.3221666666666665,65.07625,0.26415999999999995,24,S
2024-04-29,21.25,3.3650333333333333,64.71041666666667,0.00762,24,E
2024-04-30,13.75,6.837233333333333,80.23875,0.0,24,NE
2024-05-01,14.907407407407407,3.6222333333333334,73.63041666666668,0.0127,24,E
2024-05-02,15.277777777777779,3.879433333333333,76.04625,0.00508,24,S
2024-05-03,14.351851851851853,4.5653,66.32875,0.0,24,NE
2024-05-04,12.337962962962962,3.7508333333333335,64.94041666666666,0.00254,24,SE
2024-05-05,10.50925925925926,5.0154,78.1875,7.129780000000001,24,SE
2024-05-06,15.300925925925926,2.6363,81.67958333333333,2.29616,24,NE
2024-05-07,20.277777777777775,3.3650333333333333,53.942083333333336,0.0,24,N
2024-05-08,21.990740740740744,4.693899999999999,60.73499999999999,5.33654,24,S
2024-05-09,19.675925925925924,4.6296,45.26833333333334,0.0,24,NW
2024-05-10,12.083333333333334,5.787,69.53958333333333,5.10794,24,E
2024-05-11,11.828703703703704,3.9008666666666665,62.90416666666666,0.25908,24,S
2024-05-12,10.787037037037038,4.008033333333334,68.25583333333333,2.5552399999999995,24,S
2024-05-13,13.125,3.6436666666666664,67.54833333333333,0.0,24,SW
2024-05-14,16.944444444444443,3.5364999999999998,68.45083333333334,0.508,24,S
2024-05-15,15.833333333333334,4.393833333333332,85.43166666666667,4.85648,24,NE
2024-05-16,16.01851851851852,7.437366666666667,83.74333333333334,4.091939999999999,24,N
2024-05-17,17.800925925925927,4.286666666666667,66.24749999999999,0.26161999999999996,24,NE
2024-05-18,17.199074074074073,2.8291999999999997,66.24166666666666,0.26415999999999995,24,NE
2024-05-19,17.916666666666668,3.7722666666666664,71.82708333333333,0.25908,24,NE
2024-05-20,16.712962962962962,3.0649666666666664,70.79583333333333,0.0,24,S
2024-05-21,19.74537037037037,3.7293999999999996,69.04583333333333,0.0,24,S
2024-05-22,23.333333333333332,4.5653,57.88625,0.0,24,S
2024-05-23,23.055555555555554,3.4078999999999997,63.949999999999996,10.419079999999997,24,S
2024-05-24,24.90740740740741,3.1935666666666664,48.08375,0.0,24,NW
2024-05-25,22.384259259259256,3.1935666666666664,45.34958333333333,0.0,24,NE
2024-05-26,21.805555555555554,3.300733333333333,70.10416666666667,0.00508,24,S
2024-05-27,21.01851851851852,5.186866666666667,85.6125,18.80362,24,S
2024-05-28,22.384259259259256,4.865366666666667,63.82125,0.00254,24,W
2024-05-29,20.48611111111111,3.879433333333333,54.73541666666667,0.0,24,NW
2024-05-30,17.75462962962963,4.350966666666666,64.0675,10.416539999999998,24,N
2024-05-31,19.86111111111111,4.736766666666667,39.17666666666667,0.0,24,N
2024-06-01,22.68518518518518,3.8579999999999997,32.07041666666667,0.0,24,NW
2024-06-02,24.675925925925924,3.300733333333333,34.604166666666664,0.0,24,SW
2024-06-03,25.509259259259256,2.6791666666666663,47.53875,0.00508,24,NE
2024-06-04,22.430555555555554,4.008033333333334,63.48708333333334,0.0,24,NE
2024-06-05,21.736111111111114,4.072333333333333,73.55666666666666,0.0,24,S
2024-06-06,23.425925925925927,3.579366666666666,81.01375,14.98854,24,S
2024-06-07,23.958333333333332,3.1078333333333332,57.85291666666668,0.7645399999999999,24,NW
2024-06-08,22.037037037037038,6.0442,44.30708333333333,0.0,24,W
2024-06-09,22.73148148148148,5.101133333333332,45.47125,0.00508,24,SW
2024-06-10,20.694444444444443,4.736766666666667,46.01333333333333,0.0,24,NW
2024-06-11,19.699074074074073,3.1078333333333332,53.66958333333333,0.0,24,NE
2024-06-12,21.064814814814813,2.8291999999999997,51.44541666666666,0.0,24,NE
2024-06-13,23.518518518518515,3.557933333333333,55.18333333333334,0.0,24,S
2024-06-14,24.652777777777775,4.329533333333333,58.73875,6.35,24,S
2024-06-15,22.638888888888886,4.5009999999999994,55.481249999999996,0.00508,24,N
2024-06-16,21.11111111111111,4.265233333333333,45.376666666666665,0.0,24,NE
2024-06-17,23.287037037037038,4.6296,62.16375,0.0,24,S
2024-06-18,25.902777777777782,5.165433333333333,57.26125,0.0,24,S
2024-06-19,25.99537037037037,4.543866666666666,55.598333333333336,0.0,24,S
2024-06-20,27.430555555555554,4.243799999999999,52.71333333333333,0.0,24,SW
2024-06-21,29.490740740740744,3.579366666666666,50.0975,0.0,24,S
2024-06-22,27.337962962962962,3.4078999999999997,64.82375,4.828539999999999,24,NE
2024-06-23,28.055555555555557,4.3081,63.15833333333333,0.0127,24,S
2024-06-24,25.787037037037038,8.530466666666666,52.92083333333334,0.00508,24,NW
2024-06-25,26.134259259259256,6.279966666666667,39.89208333333334,0.0,24,NW
2024-06-26,28.472222222222218,5.379766666666667,44.72208333333333,0.0,24,SW
2024-06-27,24.166666666666668,4.547295999999999,61.89875,11.686539999999999,25,NW
2024-06-28,21.574074074074076,4.779633333333333,39.08166666666667,0.0,24,NE
2024-06-29,22.476851851851848,6.151366666666666,63.90583333333333,0.00508,24,S
2024-06-30,25.99537037037037,4.393833333333332,78.43083333333334,4.32816,24,S
2024-07-01,22.546296296296294,6.751499999999999,56.53166666666667,0.0,24,NW
2024-07-02,23.958333333333332,3.9437333333333333,40.068333333333335,0.0,24,N
2024-07-03,24.39814814814815,4.1152,44.37083333333334,0.0,24,S
2024-07-04,25.04830917874396,4.83088695652174,56.69086956521738,0.0,23,S
2024-07-05,26.689814814814813,3.1721333333333335,72.77041666666666,1.7805399999999998,24,S
2024-07-06,26.89814814814815,3.557933333333333,75.15416666666667,4.826,24,S
2024-07-07,28.356481481481477,2.7220333333333335,60.55708333333333,0.00254,24,NE
2024-07-08,28.240740740740737,3.0864,65.75666666666666,0.0,24,NE
2024-07-09,26.759259259259256,3.8579999999999997,75.0175,0.00254,24,S
2024-07-10,28.51851851851852,5.851299999999999,67.92625,0.0,24,S
2024-07-11,27.314814814814813,5.2726,64.01083333333334,0.7670799999999999,24,S
2024-07-12,26.85185185185185,3.3100521739130433,62.39791666666667,1.53162,24,S
2024-07-13,25.99537037037037,3.0864,74.50041666666668,35.565079999999995,24,S
2024-07-14,27.63888888888889,3.1078333333333332,62.907916666666665,0.00254,24,S
2024-07-15,28.634259259259256,4.3081,64.74541666666667,4.574539999999999,24,S
2024-07-16,31.087962962962962,4.715333333333333,51.31166666666667,0.0,24,S
2024-07-17,28.75,4.672466666666667,58.845,0.00762,24,SW
2024-07-18,25.763888888888886,3.879433333333333,68.10458333333334,34.803079999999994,24,NW
2024-07-19,25.0,3.9008666666666665,45.84125,0.0,24,N
2024-07-20,25.71759259259259,3.557933333333333,53.357499999999995,0.0,24,S
2024-07-21,26.712962962962962,3.7722666666666664,56.98666666666666,0.00508,24,SW
2024-07-22,26.15740740740741,3.9437333333333333,66.8325,0.0,24,S
2024-07-23,23.055555555555557,3.8365666666666662,83.90791666666667,8.65124,24,NE
2024-07-24,22.93981481481481,4.393833333333332,87.30541666666666,0.00762,24,NE
2024-07-25,25.76388888888889,3.6436666666666664,67.43291666666666,0.0,24,NW
2024-07-26,24.305555555555557,5.551233333333332,45.49916666666667,0.0,24,NW
2024-07-27,25.5787037037037,2.4862666666666664,46.471666666666664,0.0,24,NE
2024-07-28,26.087962962962962,3.2364333333333333,46.07916666666667,0.0,24,NE
2024-07-29,24.421296296296294,4.158066666666667,69.98208333333334,2.29108,24,S
2024-07-30,26.34259259259259,5.144,70.7175,0.0,24,S
2024-07-31,27.453703703703706,5.8084333333333324,69.105,0.00508,24,S
2024-08-01,29.027777777777782,3.129266666666666,58.95083333333333,2.5399999999999996,24,NW
2024-08-02,29.722222222222218,3.7293999999999996,61.328333333333326,18.03654,24,S
2024-08-03,27.662037037037038,3.3650333333333333,69.74416666666667,18.034,24,SW
2024-08-04,24.86111111111111,3.879433333333333,79.33,13.484859999999998,24,SW
2024-08-05,27.361111111111114,3.0435333333333334,64.07458333333334,0.0,24,S
2024-08-06,27.916666666666668,4.350966666666666,68.73416666666667,11.940539999999999,24,SW
2024-08-07,20.555555555555554,5.3369,88.25541666666668,43.202859999999994,24,NE
2024-08-08,19.930555555555557,4.908233333333333,84.12833333333333,6.123939999999999,24,NE
2024-08-09,25.0,8.1661,84.98041666666667,1.2750799999999998,24,S
2024-08-10,26.574074074074073,4.801066666666666,61.77833333333333,0.51308,24,NW
2024-08-11,25.25462962962963,3.7293999999999996,46.71583333333333,0.00254,24,W
2024-08-12,23.88888888888889,3.129266666666666,48.02333333333333,0.25908,24,W
2024-08-13,23.055555555555554,4.543866666666666,52.065416666666664,0.0,24,NW
2024-08-14,25.18518518518518,3.1935666666666664,52.51958333333334,0.0,24,N
2024-08-15,26.180555555555557,2.4434,50.01833333333334,0.0,24,NW
2024-08-16,26.157407407407405,3.2364333333333333,57.70083333333333,0.0,24,NE
2024-08-17,23.935185185185187,4.5653,73.22666666666667,1.2776200000000002,24,SE
2024-08-18,24.189814814814813,5.229733333333333,77.73166666666667,37.34815999999999,24,SE
2024-08-19,24.35185185185186,2.9149333333333334,75.31458333333332,40.64254,24,NW
2024-08-20,20.462962962962962,6.708633333333332,55.24875000000001,0.00254,24,NW
2024-08-21,18.935185185185187,5.9155999999999995,52.30291666666667,0.0,24,NW
2024-08-22,20.300925925925924,5.165433333333333,50.53166666666666,0.0,24,NW
2024-08-23,23.10185185185185,3.1721333333333335,45.753750000000004,0.00254,24,NW
2024-08-24,24.537037037037038,2.3790999999999998,47.839166666666664,0.0,24,NW
2024-08-25,25.25462962962963,3.1078333333333332,50.790416666666665,0.0,24,S
2024-08-26,25.277777777777782,2.979233333333333,56.625,0.0,24,S
2024-08-27,24.62962962962963,3.1506999999999996,62.51208333333333,0.00254,24,NE
2024-08-28,27.73148148148148,4.029466666666666,56.764166666666675,0.0,24,SW
2024-08-29,24.814814814814813,5.3369,62.899166666666666,0.00508,24,NE
2024-08-30,21.38888888888889,5.0582666666666665,64.54333333333334,6.60908,24,E
2024-08-31,22.5,3.106976,69.495,0.0,24,E
2024-09-01,24.814814814814813,3.6007999999999996,73.51166666666667,0.00508,24,S
2024-09-02,23.634259259259256,5.486933333333333,53.527499999999996,0.0,24,NW
2024-09-03,19.421296296296294,4.158066666666667,41.67375,0.0,24,N
2024-09-04,20.810185185185187,2.7863333333333333,45.50625,0.0,24,S
2024-09-05,20.902777777777775,3.7508333333333335,56.90375,0.0,24,NE
2024-09-06,20.60185185185185,3.8365666666666662,70.25166666666667,0.0,24,NE
2024-09-07,21.15740740740741,4.5009999999999994,72.595,8.13562,24,SE
2024-09-08,17.47685185185185,5.401199999999999,55.10458333333333,0.00508,24,NW
2024-09-09,20.0,4.972533333333333,39.635416666666664,0.0,24,W
2024-09-10,22.152777777777782,3.9008666666666665,43.88708333333333,0.0,24,NW
2024-09-11,21.15740740740741,3.4722,43.81041666666667,0.0,24,NE
2024-09-12,21.435185185185187,2.572,64.38250000000001,0.0,24,NE
2024-09-13,22.12962962962963,2.1862,62.4075,0.0,24,NE
2024-09-14,23.055555555555554,2.9149333333333334,66.39416666666666,0.0,24,NE
2024-09-15,22.337962962962962,4.1152,66.65625,0.0,24,NE
2024-09-16,20.11574074074074,4.093766666666666,60.10541666666666,0.0,24,NE
2024-09-17,21.064814814814813,3.579366666666666,69.89708333333334,0.0,24,NE
2024-09-18,21.180555555555554,4.865366666666667,71.95375,0.0,24,NE
2024-09-19,23.65740740740741,3.707966666666666,56.517500000000005,0.0,24,N
2024-09-20,23.287037037037038,5.186866666666667,61.20875,0.0,24,NE
2024-09-21,21.018518518518515,4.993966666666666,61.03208333333333,0.0,24,NE
2024-09-22,19.305555555555557,4.779633333333333,60.6475,0.0,24,NE
2024-09-23,18.06763285024155,5.479478260869565,60.44304347826087,0.25908,23,NE
2024-09-24,17.63888888888889,4.693899999999999,62.53666666666667,0.00254,24,NE
2024-09-25,17.962962962962962,5.2082999999999995,64.8025,0.00762,24,E
2024-09-26,20.324074074074073,3.1078333333333332,81.95708333333333,1.2827,24,S
2024-09-27,20.972222222222225,3.5364999999999998,76.70083333333334,0.76962,24,NE
2024-09-28,18.819444444444443,5.444066666666667,79.67291666666667,4.58978,24,NE
2024-09-29,16.712962962962962,5.0582666666666665,83.51416666666667,18.5547,24,E
2024-09-30,18.240740740740744,4.0508999999999995,72.04625,0.0,24,NE
2024-10-01,18.125,4.951099999999999,68.38416666666667,0.0,24,NE
2024-10-02,17.01388888888889,4.5009999999999994,68.27125,0.0,24,NE
2024-10-03,18.680555555555557,1.8003999999999998,62.20916666666667,0.0,24,N
2024-10-04,19.074074074074073,2.7005999999999997,68.36958333333332,0.0,24,S
2024-10-05,20.23148148148148,3.6436666666666664,58.58375,0.0,24,N
2024-10-06,17.87037037037037,3.2578666666666662,54.89624999999999,0.0,24,NE
2024-10-07,19.930555555555554,5.315466666666667,58.5025,0.25654,24,S
2024-10-08,16.712962962962962,4.3081,48.82749999999999,0.0,24,NW
2024-10-09,17.268518518518515,4.243799999999999,40.82375,0.0,24,NW
2024-10-10,13.842592592592593,6.580033333333333,47.445,0.0,24,NW
2024-10-11,14.351851851851853,4.540139130434782,46.445833333333326,0.0,24,W
2024-10-12,19.490740740740744,5.444066666666667,36.21375,0.0,24,NW
2024-10-13,17.083333333333332,4.458133333333333,50.638749999999995,0.0,24,NE
2024-10-14,14.837962962962962,5.937033333333333,66.43958333333335,0.0,24,NE
2024-10-15,10.833333333333334,6.580033333333333,52.062916666666666,0.0,24,NW
2024-10-16,11.064814814814817,5.851299999999999,48.58083333333334,0.0,24,NW
2024-10-17,10.995370370370372,4.522433333333333,47.307916666666664,0.0,24,N
2024-10-18,14.375,4.4367,39.944583333333334,0.0,24,N
2024-10-19,16.180555555555554,1.7146666666666666,40.35208333333333,0.0,24,N
2024-10-20,16.921296296296294,2.2933666666666666,46.79291666666668,0.0,24,SW
2024-10-21,19.49074074074074,1.6932333333333331,39.711666666666666,0.0,24,S
2024-10-22,21.736111111111114,1.6932333333333331,44.39416666666667,0.0,24,S
2024-10-23,19.23611111111111,3.8151333333333333,61.124583333333334,0.0,24,S
2024-10-24,18.51851851851852,5.0154,53.37916666666666,0.00254,24,N
2024-10-25,13.194444444444443,4.0508999999999995,49.33208333333334,0.0,24,N
2024-10-26,15.949074074074076,5.4655,37.75666666666667,0.0,24,NW
2024-10-27,11.967592592592593,4.908233333333333,38.58,0.0,24,NW
2024-10-28,12.361111111111112,2.4862666666666664,42.68833333333333,0.0,24,NE
2024-10-29,14.097222222222221,4.1795,66.70625,0.00508,24,SE
2024-10-30,18.449074074074076,2.9363666666666663,65.72583333333334,0.00508,24,S
2024-10-31,21.48148148148148,3.5364999999999998,55.00375,0.0,24,S
2024-11-01,22.847222222222225,5.636966666666667,47.31041666666667,0.00508,24,SW
2024-11-02,14.444444444444443,5.229733333333333,43.10916666666666,0.0,24,NW
2024-11-03,9.143518518518517,3.707966666666666,43.85999999999999,0.0,24,N
2024-11-04,10.949074074074074,3.6436666666666664,50.31,0.0,24,NE
2024-11-05,16.064814814814813,3.0649666666666664,70.60291666666667,0.0,24,SW
2024-11-06,21.597222222222225,5.315466666666667,59.68333333333334,0.0,24,SW
2024-11-07,21.574074074074076,4.779633333333333,51.418749999999996,0.0,24,W
2024-11-08,15.625,4.672466666666667,41.23499999999999,0.0,24,W
2024-11-09,11.157407407407407,6.601466666666666,35.00333333333334,0.0,24,NW
2024-11-10,11.064814814814815,2.8935,39.71625,0.00254,24,SW
2024-11-11,16.550925925925924,6.129933333333333,64.83416666666666,4.071619999999999,24,W
2024-11-12,12.5,8.123233333333333,44.98375000000001,0.0,24,NW
2024-11-13,6.412037037037035,5.101133333333332,39.435833333333335,0.0,24,N
2024-11-14,6.319444444444444,4.265233333333333,46.16875000000001,0.0,24,NE
2024-11-15,9.421296296296296,4.008033333333334,38.06166666666667,0.0,24,NW
2024-11-16,12.152777777777779,6.987266666666667,38.337916666666665,0.0,24,NW
2024-11-17,12.361111111111112,4.1152,36.65833333333333,0.0,24,NW
2024-11-18,14.444444444444443,4.801066666666666,40.446666666666665,0.0,24,NW
2024-11-19,12.569444444444443,3.6222333333333334,44.25749999999999,0.0,24,N
2024-11-20,12.685185185185185,2.6791666666666663,54.40666666666667,0.00508,24,NE
2024-11-21,10.231481481481483,5.186866666666667,76.63333333333333,22.10562,24,NE
2024-11-22,4.513888888888888,7.265899999999999,75.02791666666666,20.843239999999998,24,SW
2024-11-23,6.5740740740740735,6.815799999999999,68.18125,2.80416,24,NW
2024-11-24,9.953703703703704,8.080366666666666,48.51916666666667,0.00508,24,W
2024-11-25,9.166666666666666,4.329533333333333,46.415,0.0,24,NW
2024-11-26,12.638888888888891,3.9008666666666665,60.99166666666667,6.355079999999999,24,SW
2024-11-27,9.421296296296296,4.393833333333332,43.62583333333333,0.0,24,W
2024-11-28,8.611111111111112,4.008033333333334,66.06916666666666,20.07108,24,E
2024-11-29,6.3657407407407405,5.9799,54.07125,0.00762,24,W
2024-11-30,2.3379629629629632,6.151366666666666,44.492916666666666,0.0,24,W
2024-12-01,0.7175925925925926,6.194233333333333,39.11166666666667,0.0,24,W
2024-12-02,1.8055555555555554,5.658399999999999,44.29999999999999,0.0,24,NW
2024-12-03,3.078703703703704,5.294033333333333,51.135,0.00254,24,NW
2024-12-04,2.384259259259259,5.101133333333332,44.76541666666666,0.0,24,S
2024-12-05,3.657407407407407,7.7802999999999995,58.86833333333334,3.31978,24,W
2024-12-06,0.9027777777777777,9.216333333333333,42.654583333333335,0.0,24,NW
2024-12-07,2.0833333333333335,6.108499999999999,40.43833333333333,0.0,24,W
2024-12-08,7.152777777777779,5.379766666666667,37.18416666666666,0.0,24,SW
2024-12-09,8.032407407407407,2.8291999999999997,67.85333333333334,4.06654,24,NE
2024-12-10,8.055555555555555,4.158066666666667,84.50666666666666,0.26669999999999994,24,NE
2024-12-11,12.615740740740742,5.101133333333332,87.56541666666665,30.73654,24,S
2024-12-12,4.606481481481482,8.637633333333333,47.220416666666665,4.323079999999999,24,W
2024-12-13,-0.5324074074074074,5.615533333333333,34.060833333333335,0.0,24,W
2024-12-14,-0.9259259259259259,3.3436,42.86000000000001,0.0,24,N
2024-12-15,1.0416666666666667,3.6436666666666664,55.25749999999999,0.0,24,NE
2024-12-16,6.203703703703702,4.0508999999999995,78.29625,26.42108,24,E
2024-12-17,12.245370370370372,4.908233333333333,72.99458333333332,3.5686999999999993,24,SW
2024-12-18,9.583333333333334,3.707966666666666,50.63500000000001,3.8125399999999994,24,S
2024-12-19,6.25,5.551233333333332,61.83875,5.84454,24,NW
2024-12-20,2.615740740740741,5.744133333333333,63.93083333333333,1.03378,24,NE
2024-12-21,-0.34722222222222227,7.2230333333333325,66.53500000000001,2.56286,24,NW
2024-12-22,-6.412037037037037,7.6302666666666665,48.84166666666667,0.0,24,NW
2024-12-23,-7.407407407407407,3.3436,49.642083333333325,0.0,24,N
2024-12-24,0.6712962962962962,4.243799999999999,57.36916666666667,1.52654,24,SW
2024-12-25,1.412037037037037,3.5364999999999998,59.19208333333333,0.0,24,N
2024-12-26,-0.8101851851851851,2.8935,52.970416666666665,0.0,24,N
2024-12-27,1.0648148148148147,1.9075666666666666,56.291666666666664,0.0,24,N
2024-12-28,5.99537037037037,1.5432,80.28291666666667,12.453619999999999,24,S
2024-12-29,10.185185185185185,3.0864,83.10041666666666,7.37616,24,S
2024-12-30,12.893518518518519,7.1373,66.2525,10.67054,24,S
2025-01-01,8.055555555555557,6.387133333333333,72.76416666666667,10.426699999999999,24,W
2025-01-02,4.722222222222222,9.473533333333334,43.98708333333334,0.00254,24,W
2025-01-03,2.1064814814814814,7.051566666666666,42.79916666666667,0.0,24,W
2025-01-04,0.16203703703703706,9.173466666666666,41.87166666666666,0.0,24,W
2025-01-05,-0.8796296296296297,8.144666666666666,40.72708333333333,0.0,24,W
2025-01-06,-0.9722222222222223,3.9223,57.7425,1.0236199999999998,24,NW
2025-01-07,-3.125,10.395166666666665,51.86708333333333,0.0,24,NW
2025-01-08,-2.523148148148148,10.652366666666666,43.18000000000001,0.0,24,NW
2025-01-09,-2.5694444444444446,11.231066666666665,46.34166666666667,0.0,24,NW
2025-01-10,0.34722222222222227,7.480233333333333,48.098749999999995,0.0,24,NW
2025-01-11,0.8333333333333334,4.008033333333334,56.28041666666667,0.51816,24,NW
2025-01-12,2.013888888888889,5.122566666666667,50.74083333333334,0.0,24,NW
2025-01-13,3.8657407407407405,3.879433333333333,44.123333333333335,0.0,24,SW
2025-01-14,0.5787037037037037,7.5230999999999995,38.877500000000005,0.0,24,W
2025-01-15,-2.2916666666666665,8.659066666666666,43.404583333333335,0.0,24,NW
2025-01-16,-2.199074074074074,4.8225,45.040416666666665,0.00254,24,SW
2025-01-17,0.6944444444444443,4.8225,54.32708333333333,0.00762,24,NW
2025-01-18,4.675925925925926,4.3081,62.55041666666667,2.7990800000000005,24,S
2025-01-19,3.5879629629629632,4.0508999999999995,73.98958333333333,2.79654,24,N
2025-01-20,-4.0740740740740735,7.287333333333333,55.437916666666666,1.7907000000000002,24,NW
2025-01-21,-8.055555555555555,4.951099999999999,38.7175,0.0,24,W
2025-01-22,-8.194444444444445,4.393833333333332,39.25833333333333,0.0,24,N
2025-01-23,-5.138888888888888,2.9363666666666663,39.125,0.0,24,SW
2025-01-24,-1.8055555555555554,5.679833333333333,39.85458333333333,0.0,24,W
2025-01-25,-2.0833333333333335,3.6222333333333334,39.12708333333333,0.0,24,NW
2025-01-26,2.592592592592593,5.0154,40.249583333333334,0.0,24,W
2025-01-27,2.893518518518519,5.229733333333333,32.57458333333333,0.0,24,W
2025-01-28,3.7268518518518516,7.8446,33.817499999999995,0.0,24,W
2025-01-29,6.041666666666667,6.730066666666667,38.07125,0.0,24,SW
2025-01-30,0.2546296296296296,7.8446,36.07666666666667,0.0,24,NW
2025-01-31,5.393518518518519,2.9577999999999998,68.96625,2.8066999999999998,24,S
2025-02-01,4.282407407407407,5.701266666666666,62.28041666666667,1.2776199999999998,24,N
2025-02-02,-4.814814814814814,4.5653,52.401250000000005,0.00254,24,NE
2025-02-03,3.0092592592592595,2.3576666666666664,69.15499999999999,2.54254,24,SW
2025-02-04,6.736111111111111,6.794366666666667,52.245416666666664,0.0,24,NW
2025-02-05,-0.11574074074074074,5.486933333333333,39.524166666666666,0.0,24,NW
2025-02-06,1.0416666666666667,3.7508333333333335,65.34458333333333,8.13308,24,E
2025-02-07,4.0509259259259265,7.030133333333333,55.1575,0.0,24,SW
2025-02-08,-0.6018518518518519,3.7937,37.88625,0.0,24,NW
2025-02-09,0.4398148148148148,4.350966666666666,71.54583333333333,16.009619999999998,24,NW
2025-02-10,1.7592592592592593,5.036833333333333,44.74791666666666,0.0,24,NW
2025-02-11,0.0462962962962963,2.421966666666666,40.98374999999999,0.0,24,N
2025-02-12,0.5787037037037037,4.6296,71.49166666666667,4.32816,24,NE
2025-02-13,3.472222222222222,4.951099999999999,78.79666666666667,5.85724,24,NE
2025-02-14,1.5046296296296298,8.787666666666665,38.005,0.0,24,NW
2025-02-15,-0.25462962962962965,4.158066666666667,45.57375,3.30708,24,SE
2025-02-16,2.5462962962962963,5.894166666666667,84.60791666666667,26.16962,24,NE
2025-02-17,1.6435185185185184,11.895499999999998,38.181666666666665,0.0,24,W
2025-02-18,-3.75,8.723366666666665,34.05833333333333,0.0,24,NW
2025-02-19,-4.537037037037037,7.094433333333333,38.60041666666667,0.0,24,NW
2025-02-20,-4.351851851851852,5.3369,50.986250000000005,0.01016,24,NW
2025-02-21,-2.6620370370370368,9.2592,49.19166666666667,0.01016,24,NW
2025-02-22,-1.3194444444444444,5.894166666666667,43.89875000000001,0.0,24,NW
2025-02-23,4.282407407407407,5.0154,35.93541666666667,0.0,24,W
2025-02-24,5.347222222222222,4.072333333333333,45.77541666666667,0.0,24,S
2025-02-25,9.050925925925926,3.6222333333333334,40.48833333333334,0.0,24,S
2025-02-26,9.62962962962963,5.508366666666666,47.0375,0.0,24,NW
2025-02-27,8.564814814814815,3.4722,59.465833333333336,0.02794,24,NE
2025-02-28,8.564814814814815,6.451433333333332,41.544999999999995,0.00254,24,W
2025-03-01,9.12037037037037,6.151366666666666,43.5075,0.0,24,S
2025-03-02,-2.0833333333333335,8.444733333333334,34.425000000000004,0.0,24,NW
2025-03-03,-1.527777777777778,5.379766666666667,36.987500000000004,0.0,24,NW
2025-03-04,4.791666666666667,4.393833333333332,46.83958333333334,0.0,24,S
2025-03-05,8.842592592592593,6.0442,70.63541666666667,18.544539999999998,24,S
2025-03-06,10.162037037037038,7.265899999999999,69.40583333333335,20.573999999999998,24,S
2025-03-07,5.0,11.123899999999999,34.194583333333334,0.0,24,NW
2025-03-08,6.319444444444444,7.758866666666666,29.88166666666667,0.0,24,W
2025-03-09,5.486111111111111,6.6229,30.31916666666667,0.0,24,W
2025-03-10,12.222222222222221,4.651965217391304,29.81478260869565,0.0,23,SW
2025-03-11,11.412037037037038,4.136633333333333,43.464999999999996,0.0,24,S
2025-03-12,9.930555555555555,4.393833333333332,34.46458333333334,0.0,24,N
2025-03-13,5.787037037037037,5.7227,59.79999999999999,0.0,24,NE
2025-03-14,7.1759259259259265,3.9651666666666663,60.44416666666666,0.0,24,NE
2025-03-15,6.782407407407407,3.5364999999999998,79.32249999999999,0.0381,24,S
2025-03-16,10.601851851851853,5.401199999999999,84.19458333333334,0.03048,24,S
2025-03-17,12.222222222222223,4.415266666666667,78.98875,24.1427,24,N
2025-03-18,7.5,5.7655666666666665,42.12916666666667,0.0,24,N
2025-03-19,10.046296296296296,2.773286956521739,43.76583333333334,0.0,24,NE
2025-03-20,8.101851851851853,4.543866666666666,79.28166666666668,0.28193999999999997,24,SE
2025-03-21,7.8240740740740735,8.509033333333333,55.04125000000001,32.768539999999994,24,NW
2025-03-22,10.856481481481481,5.422633333333333,30.269166666666667,0.00254,24,S
2025-03-23,4.861111111111111,6.751499999999999,38.02666666666667,0.00254,24,NW
2025-03-24,6.643518518518519,4.3724,73.29416666666667,13.21562,24,S
2025-03-25,11.412037037037038,6.1728,44.26541666666666,0.0,24,W
2025-03-26,8.472222222222221,4.715333333333333,38.025416666666665,0.01016,24,NW
2025-03-27,5.833333333333333,6.4943,36.33625,0.0,24,NW
2025-03-28,11.666666666666666,4.543866666666666,30.448333333333334,0.0,24,SW
2025-03-29,16.041666666666668,5.186866666666667,54.05458333333333,0.7772399999999999,24,SW
2025-03-30,6.9907407407407405,5.251166666666666,76.5175,0.00254,24,NE
2025-03-31,12.013888888888888,3.4078999999999997,79.94166666666666,2.29616,24,NE
2025-04-01,10.462962962962964,6.3656999999999995,57.678333333333335,19.81708,24,NW
2025-04-02,5.99537037037037,5.3583333333333325,39.58625,0.00254,24,NE
2025-04-03,12.222222222222221,3.9223,77.11375,1.7906999999999997,24,S
2025-04-04,19.305555555555557,4.6081666666666665,50.80708333333333,2.54508,24,NW
2025-04-05,11.087962962962962,5.315466666666667,53.937916666666666,1.7907000000000002,24,E
2025-04-06,8.86574074074074,4.0508999999999995,77.19458333333333,17.546319999999998,24,NE
2025-04-07,7.222222222222221,4.801066666666666,66.76875,4.08178,24,NE
2025-04-08,5.833333333333333,7.501666666666667,56.20083333333334,0.00762,24,W
2025-04-09,4.097222222222222,6.451433333333332,33.17958333333333,0.0,24,NW
2025-04-10,6.828703703703705,4.286666666666667,52.089166666666664,0.25908,24,S
2025-04-11,6.527777777777778,5.787,68.25791666666667,2.04724,24,NE
2025-04-12,4.398148148148148,6.6229,80.87875000000001,22.11578,24,N
2025-04-13,8.078703703703704,5.486933333333333,64.005,0.2793999999999999,24,N
2025-04-14,12.754629629629628,3.000666666666666,43.147083333333335,0.00254,24,W
2025-04-15,13.726851851851853,4.008033333333334,60.20458333333334,2.79908,24,S
2025-04-16,9.398148148148147,8.487599999999999,40.01083333333333,0.0,24,W
2025-04-17,10.532407407407407,6.794366666666667,37.80625,0.0,24,NW
2025-04-18,13.287037037037036,4.2009333333333325,38.51166666666666,0.0,24,S
2025-04-19,19.537037037037038,4.6081666666666665,53.38958333333333,0.0,24,SW
2025-04-20,18.912037037037038,6.644333333333333,37.14875,0.0,24,NW
2025-04-21,12.38425925925926,4.029466666666666,36.89208333333333,0.0,24,SE
2025-04-22,17.73148148148148,3.7722666666666664,57.48708333333334,0.254,24,S
2025-04-23,17.939814814814813,3.734991304347826,34.15708333333333,0.0,24,NW
2025-04-24,16.85185185185185,3.129266666666666,43.48083333333333,0.0,24,S
2025-04-25,19.88425925925926,5.2082999999999995,41.88166666666667,0.0,24,S
2025-04-26,18.194444444444443,5.122566666666667,78.19916666666667,14.757399999999999,24,S
2025-04-27,12.939814814814815,9.430666666666665,45.035000000000004,0.00254,24,NW
2025-04-28,17.40740740740741,4.715333333333333,29.042083333333334,0.0,24,NW
2025-04-29,18.703703703703702,5.315466666666667,35.38833333333333,0.0,24,S
2025-04-30,20.810185185185187,6.151366666666666,39.43083333333333,0.00254,24,NW
2025-05-01,16.22685185185185,4.1152,34.560833333333335,0.0,24,E
2025-05-02,19.305555555555557,3.7293999999999996,61.998333333333335,0.00254,24,S
2025-05-03,22.615740740740744,3.686533333333333,56.3125,0.0,24,S
2025-05-04,18.796296296296294,4.1152,72.235,2.55016,24,S
2025-05-05,15.162037037037038,4.693899999999999,87.11416666666666,24.389079999999996,24,NE
2025-05-06,16.13425925925926,4.3724,85.36291666666666,15.008859999999999,24,SE
2025-05-07,18.472222222222225,3.2578666666666662,58.59625,0.00508,24,S
2025-05-08,20.046296296296294,2.8720666666666665,55.30041666666667,0.00254,24,NE
2025-05-09,15.185185185185185,5.251166666666666,80.05333333333333,12.97178,24,NE
2025-05-10,15.995370370370372,7.715999999999999,53.71833333333334,0.00508,24,NW
2025-05-11,20.833333333333332,3.129266666666666,32.04125,0.0,24,NW
2025-05-12,18.541666666666668,3.579366666666666,40.33833333333333,0.0,24,S
2025-05-13,17.916666666666668,3.879433333333333,73.07541666666667,0.01778,24,NE
2025-05-14,15.185185185185185,6.022766666666667,85.74000000000001,24.15032,24,NE
2025-05-15,16.64351851851852,4.072333333333333,85.46750000000002,1.8033999999999997,24,NE
2025-05-16,18.47222222222222,2.550566666666666,82.86999999999999,1.2750800000000002,24,S
2025-05-17,21.34259259259259,3.6436666666666664,71.35416666666667,0.00508,24,S
2025-05-18,20.64814814814815,7.6302666666666665,44.58166666666667,0.0,24,W
2025-05-19,17.52314814814815,9.902199999999999,46.24125,0.0,24,NW
2025-05-20,14.236111111111109,5.5298,46.35791666666666,0.0,24,N
2025-05-21,12.916666666666666,6.322833333333333,64.15083333333332,1.03124,24,E
2025-05-22,10.162037037037036,6.8801,79.98458333333333,19.065239999999996,24,E
2025-05-23,11.458333333333334,3.1506999999999996,71.08833333333332,1.03124,24,N
2025-05-24,13.888888888888891,6.1728,56.92166666666666,5.08762,24,W
2025-05-25,15.370370370370368,6.194233333333333,51.92791666666667,0.0,24,NW
2025-05-26,17.24537037037037,3.686533333333333,49.46958333333333,0.0,24,NW
2025-05-27,18.819444444444446,2.8935,49.133333333333326,0.0,24,S
2025-05-28,16.64351851851852,3.300733333333333,52.977916666666665,3.3121599999999995,24,S
2025-05-29,15.244444444444447,5.144,81.39760000000001,7.37616,25,NE
2025-05-30,18.84259259259259,3.9223,75.51541666666667,0.0,24,S
2025-05-31,17.59259259259259,7.1373,69.63583333333332,11.696699999999998,24,W
2025-06-01,14.861111111111112,6.258533333333332,46.35916666666666,0.0,24,W
2025-06-02,17.430555555555557,3.215,44.661249999999995,0.0,24,NW
2025-06-03,19.837962962962962,2.8291999999999997,48.342499999999994,0.0,24,S
2025-06-04,22.10648148148148,3.6222333333333334,45.467083333333335,0.0,24,S
2025-06-05,25.902777777777782,3.9008666666666665,53.5425,0.0,24,SW
2025-06-06,26.25,3.9223,56.48583333333334,0.00254,24,SW
2025-06-07,23.425925925925924,2.979233333333333,72.09541666666667,7.635239999999999,24,S
2025-06-08,20.14492753623188,4.249391304347825,72.14304347826086,0.00762,23,NE
2025-06-09,17.24537037037037,4.865366666666667,79.575,1.28524,24,NE
2025-06-10,18.333333333333332,3.5150666666666663,83.78625,14.9987,24,NE
2025-06-11,23.541666666666668,3.1935666666666664,54.88708333333333,0.00508,24,W
2025-06-12,26.875,4.222366666666667,42.1875,0.0,24,SW
2025-06-13,23.37962962962963,4.286666666666667,42.385416666666664,0.0,24,NE
2025-06-14,17.98611111111111,5.851299999999999,71.53791666666666,3.3146999999999998,24,NE
2025-06-15,15.925925925925926,4.586733333333333,75.305,0.2794,24,NE
2025-06-16,17.060185185185187,4.543866666666666,79.39083333333333,0.51054,24,NE
2025-06-17,17.75462962962963,3.3436,89.05499999999999,1.29286,24,NE
2025-06-18,21.736111111111114,2.850633333333333,81.08166666666666,1.2827,24,S
2025-06-19,25.578703703703706,3.0221,72.30208333333333,27.437079999999998,24,SW
2025-06-20,24.51388888888889,6.751499999999999,53.89416666666667,1.01854,24,W
2025-06-21,26.712962962962962,3.6651,46.15958333333333,0.0,24,W
2025-06-22,27.430555555555554,4.801066666666666,58.59583333333333,2.03962,24,SW
2025-06-23,30.046296296296294,3.000666666666666,64.02208333333333,0.0,24,NE
2025-06-24,31.597222222222218,3.579366666666666,51.3675,0.0,24,NW
2025-06-25,31.89814814814815,3.6007999999999996,44.64625,0.0,24,NW
2025-06-26,24.35185185185185,6.322833333333333,61.16708333333333,0.00254,24,NE
2025-06-27,20.23148148148148,5.9155999999999995,54.357499999999995,2.032,24,E
2025-06-28,21.527777777777782,3.300733333333333,72.68416666666667,1.53416,24,E
2025-06-29,28.472222222222225,3.7508333333333335,57.16833333333333,0.0,24,NW
2025-06-30,26.782407407407405,3.4722,60.364583333333336,0.0,24,NE
2025-07-01,27.175925925925924,4.265233333333333,72.29416666666667,5.349239999999999,24,S
2025-07-02,24.837962962962962,2.400533333333333,75.30041666666666,2.3139399999999997,24,SE
2025-07-03,26.828703703703706,2.9577999999999998,55.25041666666667,0.25908,24,NW
2025-07-04,24.23611111111111,4.222366666666667,49.31791666666667,0.0,24,NW
2025-07-05,25.578703703703706,2.8720666666666665,41.54833333333333,0.0,24,NE
2025-07-06,27.152777777777782,5.036833333333333,49.36708333333333,0.0,24,SW
2025-07-07,26.990740740740737,4.843933333333332,71.53833333333334,0.00508,24,S
2025-07-08,29.35185185185185,2.8935,63.808749999999996,0.00762,24,W
2025-07-09,27.708333333333332,3.557933333333333,64.49333333333333,2.794,24,SW
2025-07-10,25.509259259259256,2.5291333333333332,67.9175,2.5527,24,NE
2025-07-11,25.416666666666668,3.579366666666666,69.96,0.0,24,SE
2025-07-12,25.902777777777775,3.7722666666666664,67.79833333333333,0.0,24,SE
2025-07-13,24.606481481481485,4.029466666666666,72.99875,0.00508,24,NE
2025-07-14,26.68981481481482,4.4367,73.025,33.5407,24,S
2025-07-15,25.71759259259259,2.6577333333333333,76.97375,8.641079999999999,24,NE
2025-07-16,28.33333333333334,3.3221666666666665,69.00791666666667,0.0,24,S
2025-07-17,29.444444444444446,5.0154,60.55125,0.00254,24,SW
2025-07-18,26.85185185185185,5.5298,47.42291666666666,0.0,24,NW
2025-07-19,24.768518518518515,3.9223,57.0875,0.00508,24,NE
2025-07-20,26.990740740740744,3.8151333333333333,67.11166666666666,0.0,24,S
2025-07-21,26.62037037037037,4.393833333333332,50.49333333333334,0.0,24,NW
2025-07-22,23.240740740740744,5.186866666666667,47.18166666666667,0.0,24,NE
2025-07-23,24.00462962962963,3.8151333333333333,56.07416666666666,0.0,24,S
2025-07-24,25.71759259259259,5.101133333333332,52.067083333333336,0.0,24,SW
2025-07-25,29.050925925925924,4.1795,56.11958333333333,0.51054,24,SW
2025-07-26,26.805555555555554,4.5009999999999994,54.81458333333333,0.0,24,NE
2025-07-27,25.486111111111114,3.9008666666666665,63.032916666666665,0.25654,24,S
2025-07-28,29.56018518518518,3.0649666666666664,55.923333333333325,0.0,24,NW
2025-07-29,31.25,2.2076333333333333,54.05666666666667,0.0,24,S
2025-07-30,31.48148148148148,3.5150666666666663,48.251666666666665,11.686539999999999,24,NE
2025-07-31,26.25,4.3081,72.57041666666667,7.36854,24,NE
2025-08-01,19.930555555555557,5.551233333333332,73.38041666666668,2.30378,24,NE
2025-08-02,22.199074074074076,2.5077,55.272916666666674,0.0,24,NE
2025-08-03,23.842592592592595,2.7005999999999997,46.54124999999999,0.0,24,NE
2025-08-04,25.555555555555557,2.6148666666666665,43.00583333333333,0.0,24,S
2025-08-05,25.138888888888886,3.429333333333333,59.7475,0.0,24,NE
2025-08-06,23.287037037037038,4.158066666666667,65.18708333333333,0.00508,24,NE
2025-08-07,22.546296296296294,3.7293999999999996,59.068749999999994,0.7746999999999999,24,NE
2025-08-08,22.40740740740741,3.2792999999999997,51.725833333333334,0.0,24,NE
2025-08-09,23.240740740740737,2.6577333333333333,49.25833333333333,0.0,24,NE
2025-08-10,25.856481481481485,2.271933333333333,38.897083333333335,0.0,24,S
2025-08-11,27.26851851851852,3.3864666666666663,42.00541666666667,0.0,24,S
2025-08-12,26.527777777777775,3.686533333333333,55.419999999999995,0.0,24,S
2025-08-13,27.291666666666668,4.3724,66.84708333333333,11.940539999999999,24,S
2025-08-14,26.574074074074076,1.8861333333333332,69.98083333333334,0.25908,24,NE
2025-08-15,27.24537037037037,4.1795,51.711666666666666,0.0,24,NE
2025-08-16,25.48611111111111,3.557933333333333,66.03791666666667,0.0,24,S
2025-08-17,26.527777777777782,4.522433333333333,66.01375,16.002,24,SW
2025-08-18,22.013888888888886,4.5653,64.64458333333333,0.0,24,NE
2025-08-19,20.87962962962963,4.5009999999999994,50.63708333333333,0.0,24,SE
2025-08-20,19.60648148148148,5.572666666666667,71.32666666666667,4.8387,24,E
2025-08-21,18.171296296296294,8.894833333333333,75.24249999999999,8.65124,24,NE
2025-08-22,22.384259259259256,3.8151333333333333,42.28,0.0,24,N
2025-08-23,23.865740740740744,5.186866666666667,41.47875,0.0,24,SW
2025-08-24,23.194444444444446,5.186866666666667,62.70666666666667,0.0,24,S
2025-08-25,25.069444444444443,4.2009333333333325,56.87916666666666,0.0,24,S
2025-08-26,22.89351851851852,4.5653,41.25791666666667,0.0,24,NW
2025-08-27,20.87962962962963,5.636966666666667,46.10208333333333,0.0,24,NW
2025-08-28,21.48148148148148,3.9008666666666665,43.77833333333333,0.0,24,S
2025-08-29,22.24537037037037,3.9437333333333333,48.87125,0.0,24,SW
2025-08-30,20.0,4.929666666666667,41.76541666666667,0.0,24,NW
2025-08-31,21.22685185185185,3.1078333333333332,41.25,0.0,24,N
2025-09-01,21.296296296296294,3.7722666666666664,53.63333333333333,0.0,24,NE
2025-09-02,20.972222222222225,3.9651666666666663,56.589999999999996,0.00254,24,NE
2025-09-03,20.85648148148148,2.8077666666666663,60.16625,0.0,24,NE
2025-09-04,21.78240740740741,5.144,61.94791666666668,0.00254,24,S
2025-09-05,23.634259259259263,4.415266666666667,66.78,8.897619999999998,24,S
2025-09-06,24.907407407407405,4.222366666666667,69.12,19.81962,24,S
2025-09-07,18.333333333333332,2.572,75.61041666666667,19.824699999999996,24,NE
2025-09-08,19.074074074074073,3.0864,49.86041666666667,0.0,24,N
2025-09-09,19.189814814814813,4.3724,56.78333333333333,0.0,24,NE
2025-09-10,19.28240740740741,5.122566666666667,62.74708333333333,4.83108,24,NE
2025-09-11,21.805555555555554,3.2792999999999997,48.20250000000001,0.0,24,N
2025-09-12,21.805555555555557,2.9577999999999998,50.92416666666666,0.0,24,NE
2025-09-13,21.134259259259256,3.4722,64.80833333333332,0.0,24,S
2025-09-14,22.453703703703706,3.2364333333333333,58.720000000000006,0.0,24,S
2025-09-15,22.26851851851852,3.8579999999999997,65.91875,0.0,24,NE
2025-09-16,20.74074074074074,5.5941,57.64791666666667,0.0,24,NE
2025-09-17,19.375,6.387133333333333,66.7725,0.01016,24,NE
2025-09-18,22.5,2.8720666666666665,64.56125,0.25908,24,NE
2025-09-19,24.490740740740744,3.450766666666666,49.245416666666664,0.0,24,NW
2025-09-20,20.11574074074074,5.658399999999999,45.04375000000001,0.0,24,NE
2025-09-21,18.14814814814815,4.329533333333333,55.38166666666667,0.0,24,E
2025-09-22,17.98611111111111,2.5077,62.044166666666676,0.0,24,E
2025-09-23,22.59259259259259,4.350966666666666,64.90916666666668,0.0,24,S
2025-09-24,23.45410628019324,3.1534956521739126,74.0321739130435,0.0,23,NE
2025-09-25,22.800925925925924,4.350966666666666,85.81208333333332,8.404860000000001,24,S
2025-09-26,24.236111111111114,3.879433333333333,61.09291666666667,0.00254,24,W
2025-09-27,22.962962962962962,2.572,58.19625,0.0,24,NE
2025-09-28,22.870370370370367,2.0790333333333333,64.535,2.5527,24,S
2025-09-29,22.12962962962963,3.429333333333333,57.935,0.0,24,NE
2025-09-30,22.546296296296294,2.7863333333333333,48.80375,0.0,24,NE
2025-10-01,18.37962962962963,6.2371,41.54833333333334,0.0,24,N
2025-10-02,15.787037037037038,4.5009999999999994,45.04624999999999,0.0,24,NE
2025-10-03,17.175925925925927,2.7863333333333333,50.03416666666667,0.0,24,S
2025-10-04,20.578703703703706,2.5077,51.767083333333325,0.0,24,SW
2025-10-05,22.800925925925924,1.8003999999999998,62.18833333333333,0.0,24,NE
2025-10-06,22.037037037037038,3.4722,57.29458333333334,0.0,24,S
2025-10-07,21.782407407407405,5.0797,67.37791666666666,0.0,24,SW
2025-10-08,20.34722222222222,5.636966666666667,63.46208333333332,4.07416,24,N
2025-10-09,13.935185185185185,5.679833333333333,42.70458333333334,0.0,24,N
2025-10-10,12.9951690821256,3.5113391304347825,45.16565217391305,0.0,23,NE
2025-10-11,16.134259259259256,3.3436,66.21291666666667,1.27508,24,NE
2025-10-12,15.902777777777779,9.216333333333333,68.87083333333334,6.35508,24,NE
2025-10-13,13.816425120772951,10.534017391304348,83.75565217391305,32.2707,23,NE
2025-10-14,13.56060606060606,6.149418181818182,79.48499999999999,0.00762,22,N
2025-10-15,16.34259259259259,4.458133333333333,67.81708333333334,0.00254,24,N
2025-10-16,12.453703703703704,6.279966666666667,42.45791666666667,0.0,24,N
2025-10-17,12.939814814814815,4.929666666666667,36.42166666666667,0.0,24,N
2025-10-18,14.606481481481481,2.3362333333333334,39.218333333333334,0.0,24,N
2025-10-19,17.152777777777775,5.0154,65.93458333333332,0.0,24,S
2025-10-20,16.921296296296294,7.823166666666666,65.41375,0.00762,24,W
2025-10-21,15.208333333333334,5.9799,45.882083333333334,0.0,24,W
2025-10-22,15.625,5.165433333333333,57.95916666666667,6.860539999999999,24,W
2025-10-23,13.356481481481481,5.5298,41.73666666666667,0.0,24,W
2025-10-24,12.175925925925926,4.8868,48.298750000000005,0.0,24,W
2025-10-25,12.268518518518519,4.243799999999999,47.870000000000005,0.0,24,NW
2025-10-26,12.523148148148147,2.7649,43.85666666666666,0.0,24,N
2025-10-27,10.347222222222221,3.7293999999999996,43.80833333333333,0.0,24,N
2025-10-28,10.046296296296296,6.129933333333333,56.951249999999995,0.0,24,NE
2025-10-29,11.203703703703704,6.8801,58.25083333333333,0.0,24,NE
2025-10-30,13.611111111111109,8.101799999999999,81.3525,53.09615999999999,24,E
2025-10-31,13.75,7.415933333333332,60.76666666666667,0.508,24,W
2025-11-01,12.270531400966183,7.604173913043478,36.14304347826087,0.0,23,W
2025-11-02,11.342592592592593,3.0864,48.34041666666667,0.0,24,NW
2025-11-03,12.754629629629632,2.5934333333333335,60.764166666666675,0.0,24,S
2025-11-04,12.384259259259258,7.887466666666667,40.174583333333324,0.508,24,W
2025-11-05,13.981481481481481,4.1795,31.005416666666665,0.0,24,S
2025-11-06,11.527777777777779,8.637633333333333,41.78875,0.00508,24,NW
2025-11-07,10.162037037037038,4.6081666666666665,41.406666666666666,0.0,24,S
2025-11-08,15.277777777777779,3.7722666666666664,57.68958333333333,2.2986999999999997,24,S
2025-11-09,14.745370370370372,2.8935,71.1475,8.641079999999999,24,E
2025-11-10,12.152777777777779,4.3724,79.0525,6.36016,24,NW
2025-11-11,3.2407407407407405,8.766233333333334,48.245000000000005,0.01524,24,W
2025-11-12,6.304347826086955,5.613669565217391,40.23391304347825,0.0,23,SW
2025-11-13,9.49074074074074,6.9229666666666665,45.90541666666667,0.7670799999999999,24,W
2025-11-14,7.986111111111111,5.701266666666666,46.86291666666667,0.0,24,NW
2025-11-15,7.754629629629631,3.5150666666666663,44.36333333333334,0.0,24,W
2025-11-16,10.949074074074076,8.058933333333332,53.20875000000001,2.56032,24,W
2025-11-17,5.277777777777778,9.302066666666665,37.09875,0.0,24,W
2025-11-18,5.787037037037037,6.0656333333333325,37.92458333333334,0.0,24,NW
2025-11-19,6.273148148148148,2.8077666666666663,55.67541666666667,3.8150799999999996,24,NE
2025-11-20,5.87962962962963,2.7005999999999997,45.40166666666667,0.0,24,NE
2025-11-21,8.63425925925926,2.9363666666666663,58.67916666666667,0.0,24,SW
2025-11-22,9.62962962962963,3.1935666666666664,68.75875,4.5847,24,NW
2025-11-23,6.875,3.7722666666666664,45.763749999999995,0.0,24,S
2025-11-24,9.189814814814815,5.572666666666667,42.467499999999994,0.0,24,W
2025-11-25,9.953703703703702,3.1935666666666664,55.555416666666666,3.05308,24,S
2025-11-26,14.097222222222223,3.9008666666666665,81.66916666666667,11.686539999999999,24,SW
2025-11-27,7.962962962962962,7.287333333333333,41.13583333333334,2.2859999999999996,24,W
2025-11-28,3.680555555555556,8.123233333333333,38.10874999999999,0.0,24,W
2025-11-29,3.3564814814814814,6.1728,38.43958333333334,0.0,24,W
2025-11-30,4.6759259259259265,3.4078999999999997,56.55875,2.03708,24,SW
2025-12-01,4.930555555555556,5.9155999999999995,48.44333333333333,0.0,24,W
2025-12-02,3.2870370370370368,3.7508333333333335,64.44166666666666,20.83308,24,NE
2025-12-03,2.800925925925926,5.294033333333333,59.290416666666665,0.00508,24,NW
2025-12-04,3.0092592592592595,5.658399999999999,46.88791666666666,0.0,24,SW
2025-12-05,-3.3333333333333335,4.5653,43.595,0.0,24,NE
2025-12-06,1.9675925925925926,2.8720666666666665,65.565,0.51562,24,N
2025-12-07,3.7962962962962963,3.9865999999999997,49.51541666666666,0.0,24,NW
2025-12-08,0.3703703703703703,7.244466666666667,36.087916666666665,0.0,24,N
2025-12-09,-3.4490740740740744,3.429333333333333,33.47041666666667,0.0,24,N
2025-12-10,3.2638888888888893,5.294033333333333,56.31458333333334,1.52908,24,SW
2025-12-11,2.5231481481481484,8.444733333333334,51.955000000000005,0.7645399999999999,24,W
2025-12-12,-1.0185185185185184,7.373066666666666,41.52916666666667,0.0,24,W
2025-12-13,1.0185185185185184,3.7937,46.645833333333336,0.00254,24,W
2025-12-14,-0.39351851851851843,4.4367,71.33791666666667,14.241779999999999,24,NW
2025-12-15,-4.189814814814815,7.608833333333332,49.68,0.0,24,NW
2025-12-16,-2.149758454106281,3.690260869565217,46.73260869565217,0.0,23,SW
2025-12-17,2.1739130434782608,3.9810086956521737,47.00478260869565,0.0,23,SW
2025-12-18,6.3657407407407405,3.0435333333333334,59.65708333333333,0.0,24,NE
2025-12-19,10.13888888888889,7.6731333333333325,76.86291666666666,33.792159999999996,24,W
2025-12-20,1.2037037037037035,6.580033333333333,41.67625,0.0,24,W
2025-12-21,3.9814814814814814,6.5157333333333325,47.88083333333333,0.0,24,SW
2025-12-22,0.4398148148148148,5.7227,41.255,0.0,24,NW
2025-12-23,3.1481481481481484,3.9223,62.290416666666665,4.8361600000000005,24,SW
2025-12-24,5.185185185185185,6.022766666666667,57.940000000000005,0.0,24,NW
2025-12-25,4.009661835748792,5.0321739130434775,46.44782608695653,0.0,23,SW
2025-12-26,-3.125,4.908233333333333,39.975833333333334,0.25654,24,N
2025-12-27,-2.592592592592592,5.101133333333332,77.72833333333334,10.43432,24,N
2025-12-28,-2.3379629629629632,3.1506999999999996,70.93791666666667,0.00254,24,N
2025-12-29,5.254629629629629,3.7937,78.55458333333333,2.8194,24,S
2025-12-30,0.04629629629629628,10.438033333333333,34.46541666666667,0.0,24,W
2026-01-01,-1.412037037037037,7.715999999999999,43.60375,0.01778,24,NW
2026-01-02,-3.935185185185185,5.851299999999999,45.879583333333336,0.01524,24,W
2026-01-03,-2.638888888888889,5.615533333333333,40.10708333333333,0.0,24,NW
2026-01-04,-1.1574074074074074,3.9223,50.122083333333336,0.0127,24,NW
2026-01-05,0.2546296296296296,4.3724,47.25625,0.00762,24,S
2026-01-06,3.0787037037037037,3.2792999999999997,64.54708333333333,0.0,24,NE
2026-01-07,4.976851851851852,5.144,75.58875,0.5206999999999999,24,NE
2026-01-08,7.037037037037037,4.458133333333333,57.61958333333333,0.0,24,NW
2026-01-09,5.7407407407407405,3.879433333333333,74.79625,0.00508,24,S
2026-01-10,7.12962962962963,4.072333333333333,73.5625,7.11708,24,NE
2026-01-11,5.5092592592592595,5.551233333333332,69.67166666666667,5.0927,24,W
2026-01-12,2.2453703703703702,6.8801,40.464166666666664,0.0,24,W
2026-01-13,4.6759259259259265,5.3583333333333325,40.06541666666667,0.0,24,W
2026-01-14,7.708333333333333,3.5364999999999998,47.82791666666666,0.00508,24,S
2026-01-15,4.861111111111112,5.851299999999999,53.330000000000005,0.00762,24,W
2026-01-16,-2.7314814814814814,7.6302666666666665,35.912083333333335,0.0,24,W
2026-01-17,1.5972222222222223,3.4078999999999997,49.7475,4.323079999999999,24,SW
2026-01-18,0.7407407407407408,1.8646999999999998,80.88625,4.841239999999999,24,NE
2026-01-19,-1.1342592592592593,5.251166666666666,63.32458333333333,1.78816,24,W
2026-01-20,-5.254629629629629,7.544533333333333,35.84583333333333,0.0,24,W
2026-01-21,-4.351851851851852,5.486933333333333,36.41375,0.0,24,W
2026-01-22,5.671296296296297,6.022766666666667,36.31375,0.0,24,SW
2026-01-23,2.199074074074074,8.5519,23.042083333333334,0.0,24,W
2026-01-24,-9.375,7.437366666666667,34.98625,0.0,24,NW
2026-01-25,-9.398148148148149,6.665766666666666,56.863333333333344,25.910539999999997,24,NE
2026-01-26,-5.3009259259259265,6.022766666666667,71.09666666666666,6.624320000000001,24,NW
2026-01-27,-7.013888888888888,7.351633333333333,41.98916666666667,0.00254,24,W
2026-01-28,-6.908212560386473,5.434747826086956,40.19913043478261,0.0,23,W
2026-01-29,-7.685185185185186,6.258533333333332,40.99208333333333,0.0,24,NW
2026-01-30,-8.86574074074074,8.6162,39.649166666666666,0.0,24,NW
2026-01-31,-8.402777777777779,4.6081666666666665,44.395,0.0,24,NW
2026-02-01,-8.356481481481481,8.6805,45.581250000000004,33.019999999999996,24,N
2026-02-02,-4.583333333333333,6.6229,39.180416666666666,0.0,24,NW
2026-02-03,-1.8055555555555556,4.243799999999999,39.90416666666666,0.0,24,NW
2026-02-04,-0.4398148148148148,4.479566666666667,37.65541666666667,0.0,24,NW
2026-02-05,-2.638888888888889,3.3864666666666663,42.44041666666667,0.0,24,N
2026-02-06,-2.3379629629629632,2.5934333333333335,42.63208333333333,0.0,24,NE
2026-02-07,-6.435185185185186,9.087733333333333,49.70291666666666,0.02794,24,NW
2026-02-08,-12.083333333333334,9.4521,40.1175,0.0,24,NW
2026-02-09,-7.476851851851852,6.0442,38.58875,0.0,24,NW
2026-02-10,-1.527777777777778,3.3436,39.714166666666664,0.0,24,NW
2026-02-11,2.6620370370370368,4.865366666666667,61.916666666666664,0.7619999999999999,24,NW
2026-02-12,1.0648148148148149,8.273266666666666,48.27041666666667,0.0,24,NW
2026-02-13,-1.0416666666666667,4.672466666666667,48.53375,0.0,24,NW
2026-02-14,2.5,3.129266666666666,47.640833333333326,0.00254,24,W
2026-02-15,1.5740740740740742,2.4862666666666664,67.63416666666667,0.0,24,NE
2026-02-16,0.8796296296296297,5.572666666666667,72.98041666666667,1.7881599999999997,24,NE
2026-02-17,3.8194444444444446,3.7508333333333335,73.33916666666666,0.0,24,SW
2026-02-18,3.1481481481481484,2.5934333333333335,87.69791666666667,1.53416,24,NE
2026-02-19,2.3379629629629632,3.4078999999999997,79.05416666666667,0.77978,24,NE
2026-02-20,1.1111111111111112,6.344266666666667,89.93166666666666,9.1567,24,NE
2026-02-21,4.375,3.5364999999999998,72.585,0.01016,24,NW
2026-02-22,1.2453703703703702,6.0656333333333325,87.53000000000002,5.09016,24,NE
2026-02-23,-0.27777777777777785,10.1594,88.02416666666666,12.199619999999998,24,N
2026-02-24,-1.0648148148148147,7.544533333333333,51.96625,0.0,24,NW
2026-02-25,1.0185185185185184,3.557933333333333,65.58166666666666,2.29362,24,S
2026-02-26,5.3009259259259265,3.4722,53.285833333333336,0.0,24,W
2026-02-27,2.314814814814815,3.1078333333333332,58.99875,0.0,24,NE
2026-02-28,4.606481481481482,2.6577333333333333,75.34416666666667,0.0,24,S
2026-03-01,3.888888888888889,3.6222333333333334,63.756249999999994,0.00762,24,N
2026-03-02,-1.9675925925925928,4.543866666666666,34.77041666666667,0.0,24,NE
2026-03-03,-0.300925925925926,3.6436666666666664,74.35291666666667,5.08,24,NE
2026-03-04,4.791666666666667,2.014733333333333,82.75791666666667,3.30708,24,NE
2026-03-05,5.046296296296297,3.129266666666666,86.40708333333333,12.710159999999998,24,NE
2026-03-06,3.5185185185185186,4.736766666666667,86.36083333333333,26.174699999999998,24,NE
2026-03-07,4.537037037037037,3.0221,88.04625,0.0254,24,S
2026-03-08,12.800925925925926,3.5364999999999998,81.45291666666667,0.017779999999999997,24,S
2026-03-09,15.50925925925926,4.008033333333334,42.788333333333334,0.0,24,S
2026-03-10,15.648148148148147,2.7863333333333333,58.012499999999996,0.0,24,S
2026-03-11,15.138888888888888,3.6651,58.59166666666666,0.0,24,S
2026-03-12,8.217592592592593,5.251166666666666,81.94958333333334,9.42848,24,NW
2026-03-13,3.125,6.665766666666666,47.54291666666666,0.0,24,S
2026-03-14,7.731481481481481,7.180166666666667,48.63625,0.0,24,S
2026-03-15,4.652777777777778,5.3583333333333325,46.280833333333334,0.0,24,N
2026-03-16,10.046296296296296,7.201599999999999,90.72666666666667,11.689079999999999,24,S
2026-03-17,5.25462962962963,9.666433333333334,52.5925,0.5206999999999999,24,W
2026-03-18,-0.4166666666666666,5.5298,39.178333333333335,0.0,24,NW
2026-03-19,2.2222222222222223,3.707966666666666,49.40625,0.0,24,S
2026-03-20,6.898148148148148,4.3724,60.04291666666668,0.00508,24,S
2026-03-21,10.717592592592593,4.1152,70.25750000000001,0.7721599999999998,24,NW
2026-03-22,8.86574074074074,3.9437333333333333,70.68333333333334,0.00508,24,NE
2026-03-23,6.342592592592593,4.715333333333333,87.49125,13.477239999999998,24,N
2026-03-24,3.773148148148149,5.7227,46.05291666666667,0.0,24,NW
2026-03-25,6.712962962962963,4.415266666666667,46.149166666666666,0.0,24,S
2026-03-26,12.754629629629628,4.5653,60.492916666666666,0.0,24,S
2026-03-27,13.287037037037038,6.087066666666667,57.58041666666666,0.5206999999999999,24,NW
2026-03-28,3.7731481481481484,5.8084333333333324,37.35125,0.0,24,N
2026-03-29,5.902777777777778,4.093766666666666,39.3275,0.0,24,S
2026-03-30,13.333333333333334,5.315466666666667,54.93333333333334,0.00508,24,SW
2026-03-31,20.76388888888889,5.615533333333333,53.05166666666667,0.00508,24,SW
2026-04-01,20.50925925925926,4.779633333333333,58.79958333333334,0.00508,24,S
2026-04-02,8.24074074074074,6.387133333333333,81.21291666666666,4.58216,24,NE
2026-04-03,9.88888888888889,3.709094736842105,84.8095,0.53594,20,NE
2026-04-04,15.787037037037038,3.7722666666666664,72.07041666666667,0.00508,24,NE
2026-04-05,8.796296296296298,4.393833333333332,89.57666666666667,6.12902,24,NE
2026-04-06,9.027777777777777,7.0729999999999995,44.81999999999999,0.00254,24,NW
2026-04-07,9.375,5.894166666666667,41.79708333333333,0.00762,24,NW
2026-04-08,3.032407407407407,5.958466666666666,42.70916666666667,0.0,24,N
2026-04-09,5.810185185185186,3.879433333333333,63.889166666666675,0.0,24,S
2026-04-10,8.842592592592593,4.029466666666666,69.82416666666667,0.0,24,S
2026-04-11,13.194444444444445,5.636966666666667,49.76708333333334,0.0,24,NW
2026-04-12,9.837962962962964,5.0582666666666665,43.69375,0.0,24,NE
2026-04-13,15.74074074074074,4.265233333333333,66.86458333333333,0.00508,24,S
2026-04-14,23.84259259259259,4.0508999999999995,51.517083333333325,0.0,24,SW
2026-04-15,25.57971014492754,4.249391304347825,51.35347826086957,0.00762,23,SW
2026-04-16,25.740740740740744,4.479566666666667,49.937083333333334,0.0,24,S
2026-04-17,21.828703703703706,3.707966666666666,59.26874999999999,0.01016,24,NW
2026-04-18,13.657407407407407,4.458133333333333,82.85458333333334,0.0,24,NE
2026-04-19,9.467592592592593,4.993966666666666,81.48041666666667,1.2954,24,NW
2026-04-20,7.939814814814814,4.329533333333333,49.790416666666665,0.00254,24,NW
2026-04-21,6.388888888888888,4.415266666666667,35.660000000000004,0.0,24,N
2026-04-22,9.25925925925926,5.315466666666667,67.73083333333334,0.77978,24,S
2026-04-23,13.912037037037038,3.3864666666666663,62.749583333333334,1.016,24,NW
2026-04-24,14.745370370370372,4.5653,45.76541666666666,0.0,24,NE
2026-04-25,8.541666666666666,5.144,72.02916666666665,21.60016,24,E
2026-04-26,8.703703703703704,5.4655,74.08624999999999,15.25524,24,NE
2026-04-27,12.986111111111109,3.4936333333333334,56.24083333333334,0.0,24,NE
2026-04-28,13.912037037037036,2.6577333333333333,48.1275,0.0,24,S
2026-04-29,12.893518518518519,3.9437333333333333,57.373333333333335,0.00254,24,S
2026-04-30,11.388888888888891,2.7005999999999997,80.86375,9.66724,24,S
2026-05-01,12.800925925925924,5.658399999999999,48.04916666666667,0.0,24,NW
2026-05-02,13.078703703703704,3.6436666666666664,56.79791666666666,0.7645399999999999,24,NW
2026-05-03,11.574074074074074,6.601466666666666,37.2425,0.0,24,NW
2026-05-04,16.041666666666668,5.486933333333333,37.09791666666666,0.0,24,SW
2026-05-05,18.98148148148148,4.993966666666666,56.26833333333334,0.0,24,S
2026-05-06,17.10648148148148,4.5009999999999994,74.41291666666666,1.7830799999999998,24,S
2026-05-07,14.282407407407407,4.8868,58.6475,9.14908,24,NW
2026-05-08,13.680555555555555,4.329533333333333,47.15166666666667,0.0127,24,N
2026-05-09,14.328703703703704,2.8851130434782606,71.6125,8.65124,24,NE
2026-05-10,15.046296296296296,2.550566666666666,83.26458333333333,0.00508,24,NE
2026-05-11,14.953703703703704,4.008033333333334,38.629583333333336,0.01524,24,N
2026-05-12,13.587962962962964,4.736766666666667,38.32333333333333,0.0,24,N
2026-05-13,15.694444444444445,5.7655666666666665,57.09958333333333,0.00762,24,S
2026-05-14,15.393518518518519,3.7937,68.34791666666666,0.02286,24,S
2026-05-15,14.606481481481481,5.4655,58.66166666666666,0.0,24,NW
2026-05-16,19.074074074074073,3.3864666666666663,53.90583333333333,0.0,24,S
2026-05-17,24.513888888888886,4.158066666666667,47.73875,0.0,24,S
2026-05-18,25.0,4.4659272727272725,58.915909090909075,0.0,22,S
2026-05-19,28.564814814814813,4.543866666666666,53.195,0.0,24,S
2026-05-20,29.97685185185185,5.229733333333333,47.759166666666665,0.508,24,W
2026-05-21,17.453703703703706,3.5364999999999998,70.30916666666667,5.097780000000001,24,N
2026-05-22,16.11111111111111,5.5298,52.42374999999999,0.0,24,NE
2026-05-23,12.939814814814815,4.6081666666666665,66.92958333333334,16.53032,24,E
2026-05-24,11.921296296296296,5.551233333333332,92.76999999999998,27.18816,24,NE
2026-05-25,16.412037037037038,2.5934333333333335,87.78041666666667,6.11886,24,NE
2026-05-26,21.27314814814815,2.7649,64.40958333333333,0.0,24,S
2026-05-27,23.935185185185187,3.7937,58.73499999999999,0.00254,24,SW
2026-05-28,22.31481481481482,5.508366666666666,48.51833333333334,0.01016,24,N
2026-05-29,19.444444444444443,4.6510333333333325,48.0675,0.0,24,NW
2026-05-30,16.597222222222225,7.7802999999999995,49.27708333333334,0.00508,24,N
2026-05-31,17.314814814814813,3.2792999999999997,45.90625,0.0,24,W
2026-06-01,18.703703703703706,4.1152,53.66916666666666,0.00762,24,NE
2026-06-02,18.125,3.579366666666666,51.66458333333333,0.0,24,N
2026-06-03,23.310185185185187,3.4078999999999997,31.519583333333333,0.0,24,N
2026-06-04,23.865740740740744,2.6577333333333333,34.03625,0.0,24,S
2026-06-05,25.35648148148148,2.8720666666666665,45.475,0.0,24,S
2026-06-06,28.03864734299517,4.83088695652174,43.86913043478261,0.00254,23,SW
2026-06-07,23.75,5.937033333333333,63.67499999999999,6.858,24,W
2026-06-08,20.64814814814815,5.787,52.447916666666664,0.0,24,NE
2026-06-09,21.48148148148148,4.951099999999999,39.64124999999999,0.0,24,SW
2026-06-10,24.14351851851852,3.7722666666666664,61.926666666666655,0.00508,24,S
2026-06-11,28.680555555555554,3.1506999999999996,64.1275,0.00254,24,W
2026-06-12,28.240740740740744,4.3724,66.84041666666667,20.58162,24,W
2026-06-13,26.134259259259256,4.136633333333333,56.053333333333335,0.0,24,NW
2026-06-14,27.893518518518515,3.2578666666666662,43.76208333333333,0.0,24,S
2026-06-15,22.40740740740741,7.1373,63.18291666666667,8.384540000000001,24,NW
2026-06-16,20.046296296296294,5.2726,47.425000000000004,0.0,24,NW
2026-06-17,21.412037037037038,4.265233333333333,62.736250000000005,0.00508,24,S
2026-06-18,24.675925925925924,6.558599999999999,70.41333333333334,0.00508,24,S
2026-06-19,25.37037037037037,6.815799999999999,42.705000000000005,0.0,24,W
2026-06-20,23.865740740740744,7.715999999999999,40.98291666666667,0.0,24,W
2026-06-21,24.14351851851852,3.300733333333333,45.75791666666666,0.0,24,NW
2026-06-22,21.15740740740741,3.3864666666666663,77.23458333333333,16.0147,24,NE
2026-06-23,21.319444444444446,3.9865999999999997,87.17583333333334,18.57502,24,N
2026-06-24,22.777777777777775,4.672466666666667,58.66041666666666,0.0,24,NW
2026-06-25,24.328703703703706,3.8579999999999997,50.065416666666664,0.0,24,S
2026-06-26,23.541666666666668,3.557933333333333,72.03958333333334,4.5847,24,S
2026-06-27,23.819444444444443,2.1218999999999997,69.44916666666667,2.04724,24,NE
2026-06-28,23.61111111111111,2.572,75.32416666666667,0.00254,24,NE
2026-06-29,25.416666666666668,2.5934333333333335,60.725833333333334,0.0,24,S
2026-06-30,27.87037037037037,3.6651,52.23583333333334,0.0,24,SW
2026-07-01,28.912037037037038,4.586733333333333,55.8725,0.00508,24,S
2026-07-02,33.05555555555555,3.7937,53.649166666666666,0.0,24,S
2026-07-03,33.68055555555555,5.101133333333332,47.52458333333334,0.0,24,W
2026-07-04,30.115740740740744,3.4722,56.16291666666667,0.00762,24,W
2026-07-05,24.837962962962962,4.136633333333333,78.765,2.8067,24,NE
2026-07-06,20.74074074074074,6.322833333333333,92.37291666666665,26.677619999999997,24,NE
2026-07-07,19.39814814814815,4.929666666666667,88.36874999999999,0.79248,24,NE
2026-07-08,23.333333333333332,3.300733333333333,69.05291666666666,0.00254,24,N
2026-07-09,25.416666666666668,4.136633333333333,74.69500000000001,0.7696199999999999,24,SW
2026-07-10,26.96759259259259,3.6007999999999996,69.79291666666666,0.00508,24,NW
2026-07-11,25.763888888888886,3.879433333333333,66.33083333333333,0.00762,24,NE
2026-07-12,24.791666666666668,3.5150666666666663,55.66041666666666,0.0,24,NE
2026-07-13,25.671296296296294,4.458133333333333,52.5025,0.0,24,S
2026-07-14,27.962962962962962,4.7581999999999995,51.21291666666667,0.0,24,SW
2026-07-15,30.972222222222225,5.3583333333333325,52.80500000000001,4.571999999999999,24,W
2026-07-16,27.708333333333332,4.158066666666667,47.69375,0.00254,24,NW
2026-07-17,27.10648148148148,3.4936333333333334,41.375416666666666,0.0,24,NW
2026-07-18,24.583333333333332,4.1152,73.6025,35.30854,24,S
2026-07-19,24.884259259259256,6.151366666666666,62.60958333333334,2.2859999999999996,24,NW
2026-07-20,23.449074074074073,3.686533333333333,45.38333333333333,0.0,24,NE
2026-07-21,24.513888888888886,5.3369,77.56625000000001,17.025619999999996,24,S
2026-07-22,26.574074074074073,5.658399999999999,66.42833333333333,0.0,24,SW
2026-07-23,23.333333333333332,3.9651666666666663,47.899166666666666,0.0,24,N
2026-07-24,23.796296296296294,2.8935,51.744166666666665,0.0,24,NE
2026-07-25,23.03240740740741,3.9437333333333333,57.951249999999995,0.0,24,NE
2026-07-26,23.472222222222225,2.3148,52.749583333333334,0.0,24,NE
2026-07-27,25.1207729468599,3.354782608695652,62.60304347826087,2.28854,23,S
2026-07-28,24.351851851851848,4.5653,80.31083333333333,3.8176200000000002,24,S
2026-07-29,23.819444444444446,4.222366666666667,79.16000000000001,15.51178,24,NW
2026-07-30,22.453703703703706,4.093766666666666,79.79791666666667,4.602479999999999,24,NE
2026-07-31,24.74537037037037,2.3148,71.47833333333334,0.00762,24,NW
2026-08-01,26.597222222222218,3.7937,66.85875,0.0,24,S
2026-08-02,26.365740740740744,5.186866666666667,76.73208333333334,0.0,24,S
2026-08-03,25.694444444444446,5.508366666666666,83.84958333333334,50.05577999999999,24,S
2026-08-04,24.768518518518515,3.7722666666666664,58.29791666666667,0.0,24,NE
2026-08-05,25.347222222222218,2.850633333333333,66.01875,0.00508,24,NE
2026-08-06,28.217592592592595,3.9651666666666663,79.175,0.5232399999999999,24,S
2026-08-07,29.444444444444446,2.9577999999999998,68.51791666666666,19.049999999999997,24,S
2026-08-08,26.944444444444443,3.7937,73.54166666666667,0.254,24,SW
2026-08-09,28.680555555555554,3.9008666666666665,61.427083333333336,0.0,24,SW
2026-08-10,27.476851851851848,3.1506999999999996,55.092499999999994,2.03708,24,N
2026-08-11,26.597222222222218,4.158066666666667,69.96375,0.0,24,W
2026-08-12,26.689814814814813,3.3436,53.64000000000001,0.0,24,NW
2026-08-13,27.01388888888889,4.6081666666666665,58.687916666666666,1.778,24,NW
2026-08-14,26.712962962962962,3.6007999999999996,53.88041666666667,0.0,24,NW
2026-08-15,24.513888888888896,3.3650333333333333,58.24541666666667,0.0,24,NE
2026-08-16,24.51388888888889,4.2009333333333325,65.19333333333333,0.00762,24,S
2026-08-17,22.777777777777782,4.222366666666667,86.78166666666668,9.40054,24,NE
2026-08-18,25.625,2.0790333333333333,75.85958333333333,2.29108,24,NE
2026-08-19,26.921296296296294,2.6148666666666665,51.755,0.0,24,W
2026-08-20,26.11111111111111,3.4078999999999997,63.11625,57.15761999999999,24,S
2026-08-21,21.435185185185187,4.7581999999999995,75.10083333333333,15.501619999999997,24,NE
2026-08-22,22.59259259259259,3.2578666666666662,72.39583333333333,0.00254,24,NE
2026-08-23,24.166666666666668,3.8579999999999997,72.18416666666667,36.57854,24,W
2026-08-24,24.652777777777782,4.286666666666667,49.18625,0.0,24,W
2026-08-25,22.777777777777775,4.5653,55.45375000000001,0.0,24,NW
2026-08-26,23.49537037037037,3.879433333333333,60.366666666666674,0.0,24,NW
2026-08-27,23.958333333333332,4.5009999999999994,78.60583333333334,4.584700000000001,24,S
2026-08-28,24.861111111111114,1.9932999999999998,74.04458333333334,0.0,24,N
2026-08-29,22.777777777777775,4.1152,49.17875,0.0,24,N
2026-08-30,24.12037037037037,3.557933333333333,58.6575,0.0,24,SW
2026-08-31,23.65740740740741,3.6007999999999996,72.13958333333333,0.26416,24,NE
2026-09-01,23.796296296296294,2.7005999999999997,86.92333333333333,9.921240000000001,24,S
2026-09-02,20.671296296296294,4.993966666666666,84.83791666666667,6.362699999999999,24,NE
2026-09-03,24.56018518518518,2.8935,77.97958333333334,3.05816,24,SW
2026-09-04,27.314814814814813,4.779633333333333,63.282916666666665,2.032,24,NW
2026-09-05,24.513888888888886,4.522433333333333,55.11833333333334,0.0,24,NW
2026-09-06,21.52173913043478,3.4666086956521736,69.24782608695651,0.00508,23,NE
